t,wrist_pitch_servo,wrist_roll_servo,THUMB_servo,INDEX_servo,MIDDLE_servo,RING_servo,PINKY_servo
1771502073.8716502,75.0,105.0,0.0,0.0,0.0,0.0,0.0
1771502073.9016562,76.0,107.0,0.0,0.0,0.0,0.0,0.0
1771502073.9336627,78.0,109.0,0.0,0.0,0.0,0.0,0.0
1771502073.9623013,79.0,110.0,0.0,0.0,0.0,0.0,1.0
1771502073.9932988,80.0,111.0,0.0,0.0,0.0,0.0,1.0
1771502074.0233219,81.0,112.0,0.0,0.0,0.0,0.0,2.0
1771502074.0538442,82.0,113.0,0.0,0.0,0.0,1.0,2.0
1771502074.0861516,83.0,114.0,0.0,0.0,1.0,2.0,3.0
1771502074.117152,84.0,115.0,0.0,0.0,2.0,3.0,2.0
1771502074.1492562,85.0,115.0,0.0,0.0,4.0,4.0,3.0
1771502074.1664073,85.0,116.0,0.0,1.0,5.0,6.0,3.0
1771502074.1959887,86.0,117.0,0.0,2.0,6.0,7.0,4.0
1771502074.2271895,87.0,118.0,0.0,3.0,7.0,8.0,4.0
1771502074.2588184,87.0,118.0,0.0,4.0,8.0,10.0,5.0
1771502074.2918658,89.0,119.0,0.0,6.0,10.0,12.0,6.0
1771502074.321842,89.0,120.0,0.0,7.0,11.0,13.0,7.0
1771502074.3528824,89.0,120.0,0.0,7.0,11.0,14.0,7.0
1771502074.3966687,91.0,121.0,0.0,9.0,13.0,16.0,9.0
1771502074.4286706,91.0,120.0,0.0,9.0,13.0,17.0,10.0
1771502074.4817095,92.0,120.0,0.0,9.0,14.0,18.0,11.0
1771502074.5147095,92.0,120.0,0.0,10.0,14.0,19.0,11.0
1771502074.5407135,92.0,119.0,0.0,10.0,14.0,19.0,12.0
1771502074.5722287,92.0,119.0,0.0,10.0,15.0,20.0,13.0
1771502074.6032388,92.0,119.0,0.0,10.0,15.0,20.0,13.0
1771502074.634433,92.0,119.0,0.0,11.0,15.0,20.0,13.0
1771502074.6655564,92.0,119.0,0.0,11.0,15.0,20.0,13.0
1771502074.6951854,92.0,118.0,0.0,11.0,15.0,20.0,14.0
1771502074.7271864,92.0,118.0,0.0,11.0,15.0,20.0,14.0
1771502074.7723997,92.0,119.0,0.0,12.0,16.0,20.0,14.0
1771502074.8044086,92.0,119.0,0.0,12.0,15.0,20.0,14.0
1771502074.8364084,93.0,119.0,0.0,12.0,16.0,21.0,14.0
1771502074.8679593,93.0,119.0,0.0,13.0,16.0,21.0,14.0
1771502074.90896,93.0,119.0,0.0,13.0,16.0,21.0,14.0
1771502074.942964,93.0,119.0,0.0,13.0,16.0,21.0,14.0
1771502074.9775097,93.0,119.0,0.0,13.0,16.0,21.0,14.0
1771502075.0095105,93.0,119.0,0.0,14.0,16.0,21.0,14.0
1771502075.039577,93.0,119.0,0.0,13.0,15.0,20.0,14.0
1771502075.0708213,93.0,119.0,0.0,14.0,15.0,20.0,14.0
1771502075.1017804,93.0,119.0,0.0,14.0,15.0,21.0,15.0
1771502075.1347904,93.0,119.0,0.0,15.0,15.0,21.0,15.0
1771502075.167043,93.0,118.0,0.0,15.0,15.0,21.0,15.0
1771502075.1965637,93.0,118.0,0.0,15.0,14.0,20.0,15.0
1771502075.2285566,93.0,119.0,0.0,16.0,14.0,21.0,15.0
1771502075.2605858,93.0,119.0,0.0,15.0,14.0,20.0,14.0
1771502075.293205,93.0,119.0,0.0,15.0,14.0,20.0,14.0
1771502075.3417342,93.0,119.0,0.0,15.0,13.0,19.0,13.0
1771502075.3682404,93.0,119.0,0.0,14.0,13.0,18.0,12.0
1771502075.3992386,93.0,119.0,0.0,14.0,13.0,18.0,12.0
1771502075.429237,93.0,118.0,0.0,14.0,13.0,18.0,12.0
1771502075.462542,93.0,118.0,0.0,14.0,13.0,18.0,12.0
1771502075.4916103,92.0,118.0,0.0,14.0,13.0,18.0,12.0
1771502075.5236125,92.0,118.0,0.0,14.0,13.0,18.0,12.0
1771502075.5536268,92.0,118.0,0.0,14.0,13.0,19.0,12.0
1771502075.5989094,92.0,118.0,0.0,14.0,13.0,19.0,12.0
1771502075.6339028,93.0,118.0,0.0,14.0,13.0,19.0,11.0
1771502075.6654139,93.0,118.0,0.0,14.0,14.0,19.0,11.0
1771502075.6974154,93.0,118.0,0.0,14.0,13.0,19.0,11.0
1771502075.742151,93.0,118.0,0.0,14.0,14.0,19.0,11.0
1771502075.7744465,93.0,118.0,0.0,14.0,14.0,19.0,11.0
1771502075.8104465,93.0,118.0,0.0,14.0,14.0,19.0,11.0
1771502075.8385217,93.0,118.0,0.0,15.0,14.0,20.0,12.0
1771502075.8679972,93.0,117.0,0.0,14.0,14.0,20.0,12.0
1771502075.9000254,93.0,117.0,0.0,14.0,14.0,20.0,12.0
1771502075.9312527,93.0,117.0,0.0,14.0,14.0,20.0,12.0
1771502075.9628274,93.0,117.0,0.0,14.0,14.0,19.0,12.0
1771502075.9929526,93.0,117.0,0.0,14.0,14.0,19.0,11.0
1771502076.032976,92.0,117.0,0.0,13.0,13.0,19.0,11.0
1771502076.0614858,92.0,116.0,0.0,13.0,13.0,18.0,11.0
1771502076.0924866,92.0,116.0,0.0,13.0,13.0,18.0,11.0
1771502076.149702,92.0,116.0,0.0,12.0,13.0,17.0,10.0
1771502076.1812274,91.0,116.0,0.0,12.0,13.0,17.0,10.0
1771502076.2132246,91.0,116.0,0.0,12.0,13.0,17.0,10.0
1771502076.2452393,91.0,116.0,0.0,12.0,13.0,17.0,10.0
1771502076.2758453,92.0,116.0,0.0,13.0,13.0,17.0,10.0
1771502076.3068364,92.0,117.0,0.0,13.0,13.0,18.0,11.0
1771502076.3375018,92.0,117.0,0.0,13.0,14.0,18.0,11.0
1771502076.368534,92.0,117.0,0.0,13.0,14.0,18.0,11.0
1771502076.4011438,92.0,117.0,0.0,13.0,14.0,18.0,11.0
1771502076.4317148,92.0,117.0,0.0,13.0,14.0,18.0,11.0
1771502076.463847,91.0,117.0,0.0,13.0,14.0,17.0,10.0
1771502076.4966905,91.0,117.0,0.0,13.0,14.0,17.0,10.0
1771502076.5286894,91.0,117.0,0.0,13.0,14.0,17.0,10.0
1771502076.5582004,92.0,117.0,0.0,13.0,14.0,17.0,11.0
1771502076.6052065,92.0,118.0,0.0,14.0,14.0,18.0,11.0
1771502076.6382058,92.0,118.0,0.0,14.0,15.0,18.0,11.0
1771502076.6718714,92.0,118.0,0.0,14.0,15.0,18.0,11.0
1771502076.7008722,92.0,118.0,0.0,14.0,15.0,19.0,11.0
1771502076.7328715,92.0,117.0,0.0,14.0,15.0,19.0,12.0
1771502076.7634156,92.0,117.0,0.0,14.0,15.0,19.0,11.0
1771502076.797417,92.0,117.0,0.0,14.0,15.0,18.0,11.0
1771502076.831416,92.0,117.0,0.0,14.0,14.0,18.0,11.0
1771502076.863011,92.0,117.0,0.0,14.0,14.0,18.0,11.0
1771502076.8940132,91.0,117.0,0.0,13.0,14.0,17.0,11.0
1771502076.9250126,91.0,117.0,0.0,13.0,14.0,17.0,11.0
1771502076.957016,91.0,117.0,0.0,13.0,14.0,17.0,11.0
1771502076.9875708,91.0,117.0,0.0,13.0,14.0,17.0,11.0
1771502077.037733,91.0,117.0,0.0,13.0,14.0,17.0,10.0
1771502077.0743265,91.0,117.0,0.0,13.0,14.0,17.0,11.0
1771502077.0953128,91.0,117.0,0.0,13.0,14.0,17.0,11.0
1771502077.1255317,92.0,117.0,0.0,13.0,14.0,17.0,11.0
1771502077.156555,91.0,117.0,0.0,13.0,14.0,17.0,11.0
1771502077.189048,91.0,117.0,0.0,13.0,14.0,17.0,11.0
1771502077.2290473,92.0,117.0,0.0,13.0,14.0,17.0,11.0
1771502077.2616012,92.0,117.0,0.0,13.0,14.0,17.0,11.0
1771502077.2955968,92.0,117.0,0.0,13.0,14.0,17.0,11.0
1771502077.325598,92.0,117.0,0.0,13.0,14.0,17.0,11.0
1771502077.3556056,92.0,117.0,0.0,13.0,14.0,17.0,11.0
1771502077.388135,92.0,117.0,0.0,14.0,14.0,18.0,11.0
1771502077.4211304,92.0,117.0,0.0,14.0,14.0,18.0,12.0
1771502077.4795332,92.0,117.0,0.0,14.0,14.0,18.0,12.0
1771502077.5020537,92.0,118.0,0.0,14.0,14.0,19.0,12.0
1771502077.5345824,93.0,118.0,0.0,14.0,15.0,19.0,12.0
1771502077.5641453,93.0,118.0,0.0,14.0,15.0,19.0,12.0
1771502077.5971465,93.0,118.0,0.0,15.0,15.0,20.0,12.0
1771502077.630155,93.0,118.0,0.0,15.0,15.0,19.0,12.0
1771502077.6601403,93.0,118.0,0.0,15.0,14.0,19.0,12.0
1771502077.6929648,93.0,118.0,0.0,14.0,14.0,19.0,12.0
1771502077.7280905,93.0,118.0,0.0,13.0,13.0,19.0,11.0
1771502077.760395,93.0,118.0,0.0,13.0,13.0,18.0,11.0
1771502077.7904077,93.0,118.0,0.0,13.0,13.0,18.0,11.0
1771502077.821809,93.0,118.0,0.0,13.0,12.0,18.0,10.0
1771502077.8532822,92.0,118.0,0.0,12.0,11.0,17.0,10.0
1771502077.9044478,92.0,118.0,0.0,12.0,11.0,16.0,9.0
1771502077.9390109,92.0,118.0,0.0,11.0,11.0,16.0,9.0
1771502077.9714823,92.0,118.0,0.0,11.0,10.0,15.0,8.0
1771502078.001237,91.0,118.0,0.0,11.0,10.0,15.0,8.0
1771502078.0328286,91.0,117.0,0.0,10.0,9.0,14.0,8.0
1771502078.0669103,91.0,117.0,0.0,9.0,8.0,14.0,7.0
1771502078.0943656,90.0,116.0,0.0,9.0,8.0,13.0,7.0
1771502078.126108,90.0,116.0,0.0,9.0,8.0,13.0,7.0
1771502078.1588342,90.0,116.0,0.0,9.0,8.0,13.0,7.0
1771502078.1921978,90.0,116.0,0.0,9.0,8.0,13.0,7.0
1771502078.2210763,91.0,117.0,0.0,10.0,9.0,14.0,8.0
1771502078.2547252,91.0,117.0,0.0,11.0,9.0,15.0,8.0
1771502078.290443,91.0,117.0,0.0,12.0,10.0,16.0,10.0
1771502078.3335176,92.0,117.0,0.0,12.0,11.0,17.0,10.0
1771502078.3661134,92.0,117.0,0.0,13.0,11.0,18.0,11.0
1771502078.3981142,92.0,117.0,0.0,13.0,12.0,19.0,12.0
1771502078.430112,92.0,117.0,0.0,14.0,12.0,19.0,13.0
1771502078.4635386,93.0,117.0,0.0,14.0,13.0,20.0,13.0
1771502078.4932394,93.0,118.0,0.0,14.0,13.0,20.0,13.0
1771502078.526241,93.0,118.0,0.0,14.0,13.0,20.0,13.0
1771502078.5577662,93.0,118.0,0.0,14.0,14.0,21.0,14.0
1771502078.5908654,93.0,118.0,0.0,14.0,14.0,21.0,14.0
1771502078.6253836,93.0,118.0,0.0,15.0,14.0,21.0,14.0
1771502078.6564007,93.0,118.0,0.0,15.0,14.0,22.0,14.0
1771502078.6873386,93.0,118.0,0.0,15.0,14.0,22.0,14.0
1771502078.7203329,93.0,118.0,0.0,15.0,14.0,22.0,14.0
1771502078.7658653,94.0,118.0,0.0,15.0,14.0,22.0,14.0
1771502078.7998562,94.0,119.0,0.0,15.0,15.0,22.0,14.0
1771502078.8339598,93.0,118.0,0.0,15.0,14.0,22.0,14.0
1771502078.8737648,93.0,118.0,0.0,14.0,14.0,21.0,14.0
1771502078.9062226,93.0,118.0,0.0,14.0,14.0,22.0,14.0
1771502078.9373083,93.0,118.0,0.0,14.0,14.0,21.0,14.0
1771502078.967962,93.0,118.0,0.0,13.0,13.0,21.0,14.0
1771502078.9989686,93.0,119.0,0.0,13.0,13.0,21.0,14.0
1771502079.030962,92.0,119.0,0.0,13.0,13.0,21.0,14.0
1771502079.0623379,93.0,120.0,0.0,14.0,14.0,22.0,15.0
1771502079.092464,93.0,120.0,0.0,14.0,14.0,22.0,15.0
1771502079.1244292,93.0,120.0,0.0,14.0,14.0,23.0,15.0
1771502079.156434,93.0,120.0,0.0,14.0,14.0,23.0,16.0
1771502079.1971405,94.0,121.0,0.0,15.0,15.0,24.0,16.0
1771502079.2326727,94.0,121.0,0.0,15.0,15.0,24.0,17.0
1771502079.267224,94.0,122.0,0.0,16.0,15.0,24.0,17.0
1771502079.2992258,94.0,122.0,0.0,16.0,16.0,25.0,17.0
1771502079.3280308,94.0,122.0,0.0,16.0,16.0,25.0,17.0
1771502079.3625062,95.0,122.0,0.0,17.0,17.0,25.0,17.0
1771502079.390506,95.0,122.0,0.0,18.0,17.0,25.0,17.0
1771502079.420552,95.0,122.0,0.0,18.0,17.0,25.0,17.0
1771502079.4537423,95.0,121.0,0.0,18.0,17.0,25.0,16.0
1771502079.4892542,95.0,121.0,0.0,17.0,17.0,24.0,16.0
1771502079.521252,95.0,120.0,0.0,16.0,16.0,24.0,16.0
1771502079.5492594,94.0,120.0,0.0,16.0,16.0,23.0,15.0
1771502079.582046,94.0,119.0,0.0,16.0,16.0,23.0,15.0
1771502079.6313121,94.0,119.0,0.0,15.0,15.0,23.0,15.0
1771502079.6650145,93.0,119.0,0.0,15.0,15.0,22.0,14.0
1771502079.6940143,93.0,118.0,0.0,15.0,14.0,22.0,14.0
1771502079.7260156,92.0,119.0,0.0,14.0,14.0,21.0,13.0
1771502079.7578657,92.0,119.0,0.0,14.0,13.0,20.0,13.0
1771502079.7893734,92.0,119.0,0.0,13.0,13.0,19.0,12.0
1771502079.8214087,91.0,119.0,0.0,11.0,12.0,17.0,12.0
1771502079.8524988,90.0,118.0,0.0,9.0,11.0,16.0,11.0
1771502079.8860576,89.0,118.0,0.0,7.0,9.0,14.0,11.0
1771502079.9191358,89.0,118.0,0.0,6.0,8.0,13.0,10.0
1771502079.951136,88.0,117.0,0.0,5.0,7.0,12.0,10.0
1771502079.98218,87.0,117.0,0.0,4.0,7.0,11.0,9.0
1771502080.012779,87.0,117.0,0.0,4.0,6.0,11.0,9.0
1771502080.0608904,87.0,117.0,0.0,4.0,6.0,11.0,10.0
1771502080.0945156,87.0,116.0,0.0,4.0,7.0,11.0,10.0
1771502080.1284933,88.0,117.0,0.0,6.0,7.0,12.0,11.0
1771502080.1564927,88.0,116.0,0.0,6.0,8.0,12.0,11.0
1771502080.1887348,88.0,116.0,0.0,7.0,9.0,13.0,12.0
1771502080.2281752,89.0,116.0,0.0,8.0,10.0,14.0,12.0
1771502080.253209,89.0,116.0,0.0,9.0,10.0,15.0,12.0
1771502080.2847598,90.0,117.0,0.0,9.0,11.0,16.0,12.0
1771502080.3181422,90.0,117.0,0.0,9.0,11.0,16.0,12.0
1771502080.3521564,90.0,117.0,0.0,10.0,12.0,17.0,13.0
1771502080.3850207,91.0,118.0,0.0,10.0,12.0,17.0,13.0
1771502080.4156086,91.0,118.0,0.0,10.0,12.0,18.0,13.0
1771502080.4474044,91.0,118.0,0.0,10.0,13.0,18.0,13.0
1771502080.4940507,92.0,118.0,0.0,10.0,13.0,19.0,13.0
1771502080.5259857,92.0,119.0,0.0,10.0,13.0,19.0,13.0
1771502080.5599952,92.0,119.0,0.0,10.0,14.0,19.0,14.0
1771502080.590592,93.0,120.0,0.0,10.0,13.0,19.0,13.0
1771502080.6213148,93.0,121.0,0.0,10.0,13.0,20.0,13.0
1771502080.6533463,93.0,122.0,0.0,11.0,13.0,20.0,14.0
1771502080.6844723,92.0,121.0,0.0,10.0,12.0,19.0,14.0
1771502080.7164662,92.0,122.0,0.0,10.0,12.0,19.0,14.0
1771502080.749529,92.0,122.0,0.0,10.0,11.0,18.0,13.0
1771502080.7840855,90.0,120.0,0.0,7.0,9.0,16.0,12.0
1771502080.8140535,89.0,119.0,0.0,5.0,8.0,14.0,12.0
1771502080.8451433,88.0,117.0,0.0,2.0,6.0,12.0,11.0
1771502080.8774648,87.0,115.0,0.0,0.0,5.0,9.0,9.0
1771502080.926466,87.0,115.0,0.0,0.0,4.0,7.0,8.0
1771502080.95648,86.0,114.0,0.0,0.0,2.0,5.0,6.0
1771502080.9900043,85.0,114.0,0.0,0.0,0.0,3.0,4.0
1771502081.0211043,85.0,114.0,0.0,0.0,0.0,2.0,3.0
1771502081.0525615,84.0,114.0,0.0,0.0,0.0,1.0,2.0
1771502081.0860739,84.0,114.0,0.0,0.0,0.0,0.0,2.0
1771502081.1170661,84.0,114.0,0.0,0.0,0.0,1.0,2.0
1771502081.1501915,84.0,115.0,0.0,0.0,0.0,2.0,3.0
1771502081.1807425,84.0,115.0,0.0,0.0,0.0,4.0,4.0
1771502081.2157466,85.0,115.0,0.0,0.0,0.0,6.0,6.0
1771502081.2453449,84.0,114.0,0.0,0.0,0.0,7.0,7.0
1771502081.2778957,84.0,114.0,0.0,0.0,0.0,7.0,7.0
1771502081.3087313,84.0,114.0,0.0,0.0,0.0,8.0,7.0
1771502081.3567343,84.0,114.0,0.0,0.0,1.0,9.0,7.0
1771502081.3892605,85.0,114.0,0.0,0.0,1.0,10.0,8.0
1771502081.423257,85.0,115.0,0.0,0.0,2.0,10.0,8.0
1771502081.452262,85.0,115.0,0.0,0.0,2.0,11.0,8.0
1771502081.485681,85.0,115.0,0.0,0.0,2.0,11.0,8.0
1771502081.5166836,86.0,115.0,0.0,1.0,3.0,12.0,8.0
1771502081.5486813,86.0,116.0,0.0,2.0,3.0,12.0,8.0
1771502081.5799918,86.0,116.0,0.0,2.0,3.0,12.0,8.0
1771502081.6159909,86.0,117.0,0.0,2.0,3.0,12.0,8.0
1771502081.6479926,86.0,117.0,0.0,2.0,3.0,12.0,9.0
1771502081.6785166,86.0,117.0,0.0,2.0,3.0,12.0,9.0
1771502081.7110796,86.0,117.0,0.0,2.0,3.0,12.0,9.0
1771502081.7571373,86.0,117.0,0.0,2.0,3.0,12.0,9.0
1771502081.7911751,86.0,118.0,0.0,2.0,4.0,11.0,9.0
1771502081.8231654,86.0,118.0,0.0,2.0,3.0,11.0,9.0
1771502081.8561687,86.0,118.0,0.0,2.0,3.0,11.0,8.0
1771502081.885695,86.0,117.0,0.0,2.0,3.0,11.0,8.0
1771502081.9166763,86.0,117.0,0.0,2.0,3.0,11.0,8.0
1771502081.9496782,86.0,117.0,0.0,2.0,3.0,11.0,8.0
1771502081.9818323,86.0,117.0,0.0,1.0,3.0,10.0,8.0
1771502082.0141678,85.0,117.0,0.0,1.0,3.0,10.0,7.0
1771502082.045168,85.0,117.0,0.0,1.0,2.0,10.0,7.0
1771502082.0805461,85.0,117.0,0.0,1.0,2.0,10.0,7.0
1771502082.109167,85.0,117.0,0.0,1.0,3.0,10.0,7.0
1771502082.1411762,85.0,117.0,0.0,1.0,3.0,10.0,7.0
1771502082.1894686,86.0,118.0,0.0,2.0,3.0,10.0,7.0
1771502082.2215059,85.0,118.0,0.0,2.0,3.0,10.0,7.0
1771502082.2524855,85.0,118.0,0.0,2.0,3.0,10.0,7.0
1771502082.2900672,86.0,117.0,0.0,2.0,3.0,10.0,7.0
1771502082.317046,86.0,117.0,0.0,2.0,3.0,10.0,7.0
1771502082.350046,85.0,117.0,0.0,2.0,3.0,10.0,7.0
1771502082.3806045,85.0,117.0,0.0,1.0,3.0,10.0,7.0
1771502082.4130235,85.0,117.0,0.0,1.0,3.0,10.0,7.0
1771502082.446034,85.0,117.0,0.0,1.0,3.0,10.0,7.0
1771502082.4775527,85.0,117.0,0.0,1.0,3.0,10.0,7.0
1771502082.5135536,85.0,117.0,0.0,1.0,3.0,10.0,7.0
1771502082.5445526,85.0,117.0,0.0,1.0,3.0,10.0,7.0
1771502082.5761023,85.0,117.0,0.0,1.0,2.0,10.0,7.0
1771502082.6259806,84.0,117.0,0.0,0.0,2.0,10.0,7.0
1771502082.6549823,84.0,116.0,0.0,1.0,3.0,10.0,7.0
1771502082.6840892,84.0,116.0,0.0,1.0,3.0,10.0,7.0
1771502082.7190845,84.0,116.0,0.0,1.0,3.0,10.0,7.0
1771502082.749084,84.0,116.0,0.0,1.0,3.0,10.0,7.0
1771502082.7826507,85.0,116.0,0.0,1.0,3.0,10.0,7.0
1771502082.8133395,84.0,116.0,0.0,1.0,3.0,10.0,7.0
1771502082.8465228,84.0,116.0,0.0,0.0,2.0,10.0,7.0
1771502082.8795464,84.0,116.0,0.0,1.0,3.0,9.0,6.0
1771502082.908545,84.0,116.0,0.0,1.0,3.0,10.0,7.0
1771502082.9662712,84.0,116.0,0.0,1.0,3.0,10.0,6.0
1771502082.9992757,84.0,116.0,0.0,1.0,3.0,9.0,6.0
1771502083.0302763,84.0,116.0,0.0,1.0,3.0,10.0,6.0
1771502083.0612805,84.0,116.0,0.0,1.0,3.0,10.0,6.0
1771502083.0915256,85.0,116.0,0.0,1.0,3.0,10.0,7.0
1771502083.1245923,85.0,116.0,0.0,1.0,4.0,10.0,7.0
1771502083.154597,85.0,116.0,0.0,2.0,4.0,11.0,7.0
1771502083.18612,85.0,116.0,0.0,2.0,4.0,11.0,7.0
1771502083.2167568,85.0,116.0,0.0,2.0,4.0,11.0,7.0
1771502083.2478428,85.0,116.0,0.0,2.0,4.0,11.0,7.0
1771502083.2783775,85.0,116.0,0.0,2.0,4.0,11.0,7.0
1771502083.310372,85.0,116.0,0.0,2.0,4.0,10.0,7.0
1771502083.3423781,85.0,116.0,0.0,2.0,4.0,10.0,6.0
1771502083.3739138,85.0,116.0,0.0,2.0,4.0,10.0,6.0
1771502083.406919,85.0,116.0,0.0,2.0,4.0,10.0,6.0
1771502083.438912,85.0,116.0,0.0,2.0,4.0,10.0,6.0
1771502083.4881437,85.0,117.0,0.0,2.0,4.0,11.0,6.0
1771502083.518206,85.0,117.0,0.0,2.0,4.0,11.0,7.0
1771502083.548144,85.0,117.0,0.0,2.0,4.0,11.0,7.0
1771502083.586677,85.0,117.0,0.0,2.0,4.0,11.0,7.0
1771502083.6158807,85.0,117.0,0.0,2.0,4.0,11.0,7.0
1771502083.6448846,85.0,117.0,0.0,2.0,4.0,12.0,7.0
1771502083.677426,85.0,116.0,0.0,2.0,4.0,12.0,7.0
1771502083.7084253,85.0,116.0,0.0,2.0,4.0,12.0,7.0
1771502083.7404292,85.0,116.0,0.0,2.0,4.0,12.0,8.0
1771502083.7739506,86.0,116.0,0.0,3.0,5.0,12.0,8.0
1771502083.8079486,86.0,117.0,0.0,3.0,5.0,12.0,8.0
1771502083.8369555,86.0,117.0,0.0,3.0,5.0,13.0,8.0
1771502083.8694997,86.0,117.0,0.0,3.0,5.0,13.0,8.0
1771502083.919013,87.0,117.0,0.0,4.0,6.0,14.0,9.0
1771502083.9500682,87.0,117.0,0.0,4.0,6.0,14.0,9.0
1771502083.9816759,87.0,116.0,0.0,4.0,6.0,14.0,8.0
1771502084.014439,86.0,116.0,0.0,4.0,6.0,13.0,8.0
1771502084.0679483,86.0,116.0,0.0,3.0,5.0,13.0,8.0
1771502084.0914588,86.0,116.0,0.0,3.0,5.0,13.0,8.0
1771502084.1209779,86.0,116.0,0.0,3.0,5.0,13.0,8.0
1771502084.151968,85.0,115.0,0.0,2.0,5.0,12.0,8.0
1771502084.182563,85.0,115.0,0.0,2.0,4.0,12.0,8.0
1771502084.2125247,85.0,115.0,0.0,1.0,4.0,11.0,8.0
1771502084.2445555,85.0,114.0,0.0,1.0,4.0,11.0,8.0
1771502084.277077,84.0,114.0,0.0,1.0,3.0,11.0,7.0
1771502084.324333,84.0,114.0,0.0,0.0,3.0,10.0,7.0
1771502084.3543997,84.0,114.0,0.0,0.0,3.0,10.0,7.0
1771502084.3859375,84.0,114.0,0.0,0.0,3.0,10.0,7.0
1771502084.4179404,84.0,114.0,0.0,1.0,3.0,11.0,7.0
1771502084.4491596,84.0,114.0,0.0,1.0,3.0,11.0,7.0
1771502084.48245,84.0,114.0,0.0,0.0,3.0,10.0,7.0
1771502084.5144498,84.0,114.0,0.0,0.0,3.0,10.0,7.0
1771502084.544453,84.0,114.0,0.0,0.0,3.0,10.0,7.0
1771502084.575966,84.0,114.0,0.0,0.0,3.0,10.0,7.0
1771502084.6069815,84.0,115.0,0.0,0.0,3.0,10.0,7.0
1771502084.6379812,84.0,115.0,0.0,0.0,3.0,10.0,7.0
1771502084.672501,84.0,115.0,0.0,0.0,3.0,10.0,7.0
1771502084.7004933,84.0,115.0,0.0,0.0,3.0,10.0,7.0
1771502084.7324948,84.0,115.0,0.0,0.0,3.0,10.0,7.0
1771502084.8169372,84.0,115.0,0.0,0.0,3.0,10.0,7.0
1771502084.8419425,84.0,115.0,0.0,0.0,3.0,10.0,7.0
1771502084.8734546,84.0,115.0,0.0,0.0,3.0,10.0,7.0
1771502084.9035356,84.0,115.0,0.0,0.0,3.0,10.0,7.0
1771502084.9336863,84.0,115.0,0.0,0.0,3.0,11.0,7.0
1771502084.965705,85.0,115.0,0.0,1.0,3.0,11.0,7.0
1771502084.9957297,85.0,115.0,0.0,1.0,3.0,11.0,7.0
1771502085.027252,85.0,115.0,0.0,1.0,3.0,11.0,7.0
1771502085.0582874,85.0,115.0,0.0,1.0,3.0,11.0,7.0
1771502085.0907426,85.0,115.0,0.0,1.0,3.0,11.0,7.0
1771502085.1207242,85.0,115.0,0.0,1.0,3.0,11.0,7.0
1771502085.1532712,85.0,115.0,0.0,1.0,3.0,11.0,7.0
1771502085.1833024,85.0,115.0,0.0,1.0,3.0,11.0,7.0
1771502085.2463124,85.0,115.0,0.0,1.0,3.0,11.0,7.0
1771502085.2770286,85.0,115.0,0.0,1.0,3.0,11.0,8.0
1771502085.307337,85.0,114.0,0.0,1.0,3.0,11.0,7.0
1771502085.3397894,85.0,114.0,0.0,1.0,3.0,11.0,7.0
1771502085.3703375,85.0,115.0,0.0,1.0,3.0,11.0,7.0
1771502085.4014418,85.0,115.0,0.0,2.0,4.0,11.0,7.0
1771502085.4344127,85.0,115.0,0.0,2.0,4.0,11.0,7.0
1771502085.4658635,86.0,116.0,0.0,2.0,4.0,11.0,8.0
1771502085.4973774,86.0,116.0,0.0,2.0,4.0,11.0,7.0
1771502085.5283794,85.0,116.0,0.0,2.0,4.0,11.0,7.0
1771502085.560409,86.0,116.0,0.0,2.0,4.0,11.0,8.0
1771502085.5979707,85.0,116.0,0.0,2.0,4.0,11.0,7.0
1771502085.64497,85.0,116.0,0.0,2.0,4.0,11.0,7.0
1771502085.6841156,85.0,115.0,0.0,2.0,3.0,11.0,7.0
1771502085.7151208,85.0,115.0,0.0,2.0,3.0,11.0,7.0
1771502085.746123,85.0,115.0,0.0,2.0,3.0,10.0,7.0
1771502085.7786298,85.0,115.0,0.0,1.0,3.0,10.0,7.0
1771502085.8097446,85.0,115.0,0.0,2.0,3.0,11.0,7.0
1771502085.8397427,85.0,115.0,0.0,2.0,3.0,11.0,7.0
1771502085.8711445,85.0,115.0,0.0,2.0,4.0,11.0,7.0
1771502085.902144,85.0,115.0,0.0,2.0,4.0,11.0,7.0
1771502085.9331837,85.0,116.0,0.0,3.0,4.0,11.0,7.0
1771502085.967274,85.0,115.0,0.0,3.0,4.0,11.0,7.0
1771502085.998872,86.0,116.0,0.0,3.0,4.0,12.0,8.0
1771502086.0298984,86.0,115.0,0.0,3.0,5.0,12.0,8.0
1771502086.0764625,86.0,115.0,0.0,3.0,5.0,12.0,8.0
1771502086.1124604,86.0,115.0,0.0,3.0,4.0,12.0,8.0
1771502086.1374614,86.0,115.0,0.0,3.0,4.0,12.0,8.0
1771502086.1689692,86.0,115.0,0.0,3.0,4.0,12.0,8.0
1771502086.1999831,86.0,115.0,0.0,2.0,4.0,12.0,8.0
1771502086.230975,86.0,115.0,0.0,2.0,4.0,12.0,8.0
1771502086.259855,86.0,115.0,0.0,2.0,4.0,12.0,8.0
1771502086.290474,86.0,115.0,0.0,2.0,5.0,13.0,8.0
1771502086.322482,86.0,115.0,0.0,2.0,5.0,13.0,8.0
1771502086.353496,86.0,115.0,0.0,2.0,5.0,12.0,7.0
1771502086.400151,86.0,116.0,0.0,2.0,5.0,11.0,7.0
1771502086.4321074,86.0,116.0,0.0,2.0,5.0,11.0,7.0
1771502086.4692805,87.0,117.0,0.0,2.0,5.0,11.0,6.0
1771502086.509911,87.0,117.0,0.0,2.0,6.0,12.0,6.0
1771502086.542956,87.0,117.0,0.0,2.0,6.0,12.0,6.0
1771502086.5714316,87.0,118.0,0.0,3.0,6.0,12.0,6.0
1771502086.6065762,87.0,118.0,0.0,2.0,6.0,12.0,6.0
1771502086.634581,87.0,118.0,0.0,2.0,5.0,12.0,6.0
1771502086.6675913,87.0,118.0,0.0,2.0,5.0,12.0,6.0
1771502086.6999843,87.0,119.0,0.0,2.0,5.0,11.0,6.0
1771502086.7289906,87.0,119.0,0.0,1.0,5.0,12.0,6.0
1771502086.7599978,87.0,118.0,0.0,1.0,6.0,12.0,6.0
1771502086.7966259,87.0,118.0,0.0,2.0,6.0,13.0,7.0
1771502086.8312922,87.0,117.0,0.0,2.0,7.0,15.0,8.0
1771502086.861813,87.0,117.0,0.0,3.0,7.0,16.0,8.0
1771502086.8955927,87.0,116.0,0.0,4.0,8.0,18.0,9.0
1771502086.942105,86.0,114.0,0.0,4.0,9.0,20.0,10.0
1771502086.962102,86.0,113.0,0.0,5.0,11.0,22.0,11.0
1771502086.9916344,86.0,112.0,0.0,6.0,12.0,24.0,13.0
1771502087.0540833,86.0,112.0,0.0,7.0,13.0,27.0,14.0
1771502087.0846093,86.0,111.0,0.0,8.0,15.0,29.0,16.0
1771502087.1156087,86.0,111.0,0.0,9.0,16.0,31.0,18.0
1771502087.1476104,86.0,111.0,0.0,9.0,17.0,33.0,20.0
1771502087.1782212,86.0,112.0,0.0,10.0,17.0,34.0,21.0
1771502087.2102172,86.0,114.0,0.0,12.0,18.0,35.0,22.0
1771502087.2422233,86.0,115.0,0.0,13.0,18.0,36.0,23.0
1771502087.274732,85.0,116.0,0.0,14.0,18.0,37.0,24.0
1771502087.306314,85.0,117.0,0.0,15.0,19.0,39.0,25.0
1771502087.3363388,85.0,119.0,1.0,16.0,19.0,40.0,27.0
1771502087.3728588,86.0,120.0,0.0,17.0,20.0,41.0,29.0
1771502087.4009006,86.0,121.0,0.0,18.0,20.0,43.0,31.0
1771502087.4309006,87.0,122.0,0.0,19.0,21.0,45.0,33.0
1771502087.4645278,87.0,123.0,0.0,20.0,23.0,47.0,35.0
1771502087.493578,88.0,124.0,0.0,21.0,23.0,47.0,36.0
1771502087.5245755,88.0,125.0,0.0,22.0,24.0,48.0,36.0
1771502087.555569,87.0,126.0,0.0,22.0,25.0,50.0,37.0
1771502087.598134,87.0,125.0,0.0,23.0,28.0,51.0,38.0
1771502087.6301403,86.0,126.0,0.0,25.0,32.0,53.0,39.0
1771502087.6621788,86.0,126.0,0.0,27.0,35.0,55.0,40.0
1771502087.6946843,86.0,128.0,0.0,29.0,39.0,58.0,42.0
1771502087.7246835,87.0,128.0,0.0,31.0,42.0,62.0,45.0
1771502087.7732108,87.0,129.0,0.0,34.0,46.0,65.0,48.0
1771502087.8051987,87.0,129.0,0.0,37.0,50.0,69.0,51.0
1771502087.8351984,87.0,129.0,0.0,38.0,52.0,72.0,53.0
1771502087.8662114,86.0,127.0,0.0,40.0,54.0,74.0,54.0
1771502087.8977122,86.0,126.0,0.0,41.0,56.0,76.0,54.0
1771502087.9297123,85.0,125.0,0.0,42.0,57.0,77.0,54.0
1771502087.9617507,84.0,123.0,0.0,42.0,58.0,78.0,54.0
1771502087.9966133,82.0,122.0,0.0,43.0,57.0,78.0,54.0
1771502088.0286472,81.0,120.0,0.0,43.0,56.0,77.0,53.0
1771502088.0606518,79.0,119.0,0.0,43.0,56.0,77.0,53.0
1771502088.0931072,78.0,117.0,0.0,44.0,56.0,77.0,53.0
1771502088.1261067,77.0,116.0,0.0,45.0,55.0,77.0,53.0
1771502088.1591122,76.0,115.0,0.0,46.0,56.0,78.0,54.0
1771502088.2046566,75.0,114.0,0.0,47.0,56.0,79.0,56.0
1771502088.2376559,74.0,113.0,0.0,48.0,57.0,80.0,57.0
1771502088.2616599,74.0,112.0,0.0,48.0,58.0,81.0,58.0
1771502088.2921653,73.0,111.0,0.0,49.0,59.0,83.0,60.0
1771502088.3240032,73.0,110.0,0.0,50.0,60.0,84.0,61.0
1771502088.35601,72.0,109.0,0.0,50.0,61.0,85.0,62.0
1771502088.4174314,71.0,108.0,0.0,51.0,62.0,86.0,63.0
1771502088.4504724,71.0,108.0,0.0,52.0,63.0,88.0,64.0
1771502088.481994,70.0,107.0,0.0,54.0,65.0,89.0,66.0
1771502088.5129936,70.0,107.0,0.0,56.0,66.0,90.0,67.0
1771502088.5459962,70.0,106.0,0.0,57.0,67.0,91.0,68.0
1771502088.5765774,70.0,106.0,0.0,59.0,69.0,93.0,69.0
1771502088.6076093,70.0,105.0,0.0,61.0,70.0,94.0,71.0
1771502088.6385753,70.0,105.0,0.0,62.0,71.0,95.0,72.0
1771502088.6732635,69.0,104.0,0.0,63.0,72.0,95.0,73.0
1771502088.7011802,69.0,103.0,0.0,64.0,73.0,96.0,74.0
1771502088.7321815,69.0,103.0,0.0,65.0,74.0,96.0,75.0
1771502088.7641878,69.0,102.0,0.0,66.0,75.0,97.0,76.0
1771502088.7977188,69.0,103.0,0.0,66.0,76.0,98.0,77.0
1771502088.8307261,69.0,103.0,0.0,68.0,77.0,99.0,79.0
1771502088.8607252,69.0,103.0,0.0,70.0,79.0,100.0,80.0
1771502088.8928096,70.0,104.0,0.0,73.0,80.0,102.0,82.0
1771502088.9258077,71.0,105.0,0.0,77.0,82.0,105.0,84.0
1771502088.9568453,71.0,106.0,0.0,80.0,83.0,107.0,85.0
1771502088.9909463,71.0,107.0,0.0,84.0,84.0,109.0,86.0
1771502089.0209508,71.0,107.0,0.0,87.0,85.0,110.0,88.0
1771502089.0697606,71.0,107.0,0.0,89.0,85.0,110.0,89.0
1771502089.1043198,71.0,107.0,0.0,91.0,86.0,110.0,89.0
1771502089.137319,72.0,107.0,0.0,93.0,86.0,110.0,90.0
1771502089.1693544,72.0,107.0,0.0,94.0,86.0,110.0,91.0
1771502089.199898,72.0,107.0,0.0,95.0,87.0,110.0,91.0
1771502089.2314186,72.0,107.0,0.0,96.0,87.0,110.0,92.0
1771502089.2633958,72.0,107.0,0.0,97.0,87.0,110.0,92.0
1771502089.29391,73.0,107.0,0.0,99.0,87.0,110.0,93.0
1771502089.3259106,73.0,106.0,0.0,100.0,88.0,110.0,93.0
1771502089.3569179,74.0,106.0,0.0,101.0,88.0,110.0,94.0
1771502089.3884227,74.0,105.0,0.0,101.0,88.0,110.0,94.0
1771502089.4244225,74.0,105.0,0.0,102.0,88.0,110.0,94.0
1771502089.4524214,74.0,104.0,0.0,103.0,88.0,110.0,94.0
1771502089.5012233,74.0,104.0,0.0,103.0,89.0,110.0,95.0
1771502089.5362248,75.0,104.0,0.0,105.0,89.0,110.0,95.0
1771502089.558232,75.0,104.0,0.0,106.0,90.0,110.0,95.0
1771502089.5997412,75.0,104.0,0.0,107.0,90.0,110.0,97.0
1771502089.6317422,75.0,103.0,0.0,109.0,90.0,110.0,97.0
1771502089.6610394,75.0,102.0,0.0,110.0,90.0,110.0,98.0
1771502089.6925435,75.0,102.0,0.0,110.0,90.0,110.0,97.0
1771502089.7255507,74.0,101.0,0.0,110.0,90.0,110.0,97.0
1771502089.7781801,74.0,101.0,0.0,110.0,90.0,109.0,97.0
1771502089.8102586,74.0,100.0,0.0,110.0,90.0,109.0,97.0
1771502089.8432238,73.0,100.0,0.0,110.0,90.0,108.0,97.0
1771502089.8747883,73.0,99.0,0.0,110.0,90.0,108.0,97.0
1771502089.9064257,73.0,99.0,0.0,110.0,90.0,108.0,97.0
1771502089.9364188,73.0,99.0,0.0,110.0,90.0,108.0,96.0
1771502089.9675074,73.0,99.0,0.0,110.0,90.0,108.0,96.0
1771502090.0000596,74.0,99.0,0.0,110.0,90.0,108.0,97.0
1771502090.0300786,74.0,99.0,0.0,110.0,90.0,107.0,98.0
1771502090.064176,74.0,100.0,0.0,110.0,90.0,107.0,98.0
1771502090.0933342,74.0,100.0,0.0,110.0,90.0,106.0,99.0
1771502090.1254175,74.0,100.0,0.0,110.0,90.0,106.0,99.0
1771502090.157557,74.0,100.0,0.0,110.0,90.0,105.0,99.0
1771502090.1905324,74.0,100.0,0.0,110.0,90.0,105.0,100.0
1771502090.2205322,73.0,100.0,0.0,110.0,90.0,105.0,100.0
1771502090.2525303,73.0,100.0,0.0,110.0,90.0,105.0,100.0
1771502090.2878468,73.0,100.0,0.0,110.0,90.0,105.0,100.0
1771502090.3168461,73.0,99.0,0.0,110.0,90.0,104.0,100.0
1771502090.3648574,72.0,99.0,0.0,110.0,90.0,104.0,100.0
1771502090.400397,72.0,99.0,0.0,110.0,90.0,104.0,100.0
1771502090.4303718,72.0,99.0,0.0,110.0,90.0,104.0,100.0
1771502090.4643333,71.0,99.0,0.0,110.0,90.0,104.0,100.0
1771502090.495288,70.0,98.0,0.0,110.0,90.0,105.0,100.0
1771502090.5262878,70.0,98.0,0.0,110.0,90.0,105.0,100.0
1771502090.5572557,69.0,98.0,0.0,110.0,90.0,105.0,100.0
1771502090.591299,69.0,98.0,0.0,110.0,90.0,105.0,100.0
1771502090.6213205,68.0,98.0,0.0,110.0,90.0,105.0,100.0
1771502090.6523123,68.0,98.0,0.0,110.0,90.0,105.0,100.0
1771502090.6855977,68.0,98.0,0.0,110.0,90.0,105.0,100.0
1771502090.7186058,67.0,98.0,0.0,110.0,90.0,104.0,100.0
1771502090.7520103,67.0,98.0,0.0,110.0,90.0,104.0,100.0
1771502090.7975857,66.0,98.0,0.0,110.0,90.0,103.0,100.0
1771502090.8325987,66.0,97.0,0.0,110.0,90.0,103.0,100.0
1771502090.8605242,65.0,97.0,0.0,110.0,90.0,103.0,100.0
1771502090.892445,65.0,96.0,0.0,110.0,90.0,103.0,100.0
1771502090.9286313,65.0,96.0,0.0,110.0,90.0,102.0,100.0
1771502090.9576313,65.0,96.0,0.0,110.0,90.0,102.0,100.0
1771502090.9883924,64.0,95.0,0.0,110.0,90.0,102.0,100.0
1771502091.0213878,64.0,95.0,0.0,110.0,90.0,102.0,100.0
1771502091.052365,64.0,94.0,0.0,110.0,90.0,102.0,100.0
1771502091.0853534,64.0,94.0,0.0,110.0,90.0,103.0,100.0
1771502091.1391723,64.0,94.0,0.0,110.0,90.0,103.0,100.0
1771502091.1708243,64.0,93.0,0.0,110.0,90.0,104.0,99.0
1771502091.2028184,64.0,94.0,0.0,110.0,90.0,105.0,99.0
1771502091.2343414,64.0,95.0,0.0,110.0,90.0,106.0,99.0
1771502091.2660098,65.0,96.0,0.0,110.0,90.0,107.0,99.0
1771502091.2972703,66.0,96.0,0.0,110.0,90.0,107.0,99.0
1771502091.3283844,66.0,97.0,0.0,110.0,90.0,107.0,99.0
1771502091.3593888,67.0,97.0,0.0,110.0,90.0,108.0,99.0
1771502091.3899295,68.0,96.0,0.0,110.0,90.0,108.0,100.0
1771502091.4229357,68.0,96.0,0.0,110.0,90.0,108.0,99.0
1771502091.452811,68.0,95.0,0.0,110.0,90.0,109.0,98.0
1771502091.4861877,68.0,94.0,0.0,110.0,90.0,109.0,99.0
1771502091.516426,68.0,93.0,0.0,110.0,90.0,110.0,99.0
1771502091.5494182,68.0,93.0,0.0,110.0,90.0,110.0,99.0
1771502091.58494,68.0,93.0,0.0,110.0,90.0,110.0,100.0
1771502091.6160128,67.0,93.0,0.0,110.0,90.0,110.0,100.0
1771502091.661355,67.0,93.0,0.0,110.0,90.0,110.0,100.0
1771502091.69375,67.0,93.0,0.0,110.0,90.0,110.0,100.0
1771502091.7247496,66.0,92.0,0.0,110.0,90.0,110.0,100.0
1771502091.7577493,66.0,92.0,0.0,110.0,90.0,110.0,100.0
1771502091.7896965,66.0,92.0,0.0,110.0,89.0,110.0,100.0
1771502091.8216598,65.0,91.0,0.0,110.0,90.0,110.0,100.0
1771502091.8536685,65.0,91.0,0.0,110.0,89.0,110.0,100.0
1771502091.887182,65.0,90.0,0.0,110.0,89.0,110.0,100.0
1771502091.9178047,65.0,90.0,0.0,110.0,89.0,110.0,100.0
1771502091.950807,65.0,90.0,0.0,110.0,89.0,110.0,100.0
1771502091.9823227,65.0,90.0,0.0,110.0,89.0,110.0,99.0
1771502092.017331,65.0,90.0,0.0,110.0,88.0,110.0,99.0
1771502092.0453415,65.0,90.0,0.0,110.0,88.0,110.0,99.0
1771502092.0932353,65.0,90.0,0.0,110.0,88.0,110.0,99.0
1771502092.1281924,65.0,90.0,0.0,110.0,88.0,110.0,99.0
1771502092.1570575,66.0,91.0,0.0,110.0,88.0,110.0,100.0
1771502092.1885784,66.0,92.0,0.0,110.0,88.0,110.0,100.0
1771502092.2233331,66.0,92.0,0.0,110.0,89.0,110.0,100.0
1771502092.2528715,67.0,92.0,0.0,110.0,89.0,110.0,100.0
1771502092.2853832,67.0,92.0,0.0,110.0,89.0,110.0,100.0
1771502092.3183885,67.0,92.0,0.0,110.0,89.0,110.0,100.0
1771502092.3494506,67.0,92.0,0.0,110.0,89.0,110.0,100.0
1771502092.381008,67.0,93.0,0.0,110.0,89.0,110.0,100.0
1771502092.4130096,67.0,93.0,0.0,109.0,88.0,110.0,100.0
1771502092.448001,67.0,93.0,0.0,109.0,89.0,110.0,100.0
1771502092.4785402,67.0,94.0,0.0,109.0,89.0,110.0,100.0
1771502092.5245395,67.0,94.0,0.0,109.0,89.0,110.0,100.0
1771502092.5575557,67.0,94.0,0.0,109.0,89.0,110.0,100.0
1771502092.5887947,67.0,93.0,0.0,109.0,89.0,110.0,100.0
1771502092.6217973,67.0,93.0,0.0,109.0,89.0,110.0,100.0
1771502092.6538107,67.0,93.0,0.0,109.0,88.0,110.0,100.0
1771502092.6849031,66.0,92.0,0.0,109.0,88.0,110.0,100.0
1771502092.716907,66.0,91.0,0.0,109.0,88.0,110.0,100.0
1771502092.7489078,65.0,90.0,0.0,109.0,88.0,110.0,99.0
1771502092.7811635,65.0,89.0,0.0,108.0,88.0,110.0,98.0
1771502092.8131666,64.0,89.0,0.0,110.0,88.0,110.0,98.0
1771502092.8451848,64.0,89.0,0.0,110.0,88.0,110.0,98.0
1771502092.8807113,64.0,89.0,0.0,110.0,88.0,110.0,97.0
1771502092.9107099,63.0,89.0,0.0,110.0,88.0,110.0,96.0
1771502092.9577127,64.0,90.0,0.0,110.0,89.0,110.0,96.0
1771502092.9892635,64.0,90.0,0.0,110.0,89.0,110.0,95.0
1771502093.022262,64.0,91.0,0.0,110.0,89.0,110.0,96.0
1771502093.0532558,65.0,92.0,0.0,110.0,90.0,110.0,96.0
1771502093.0893347,66.0,93.0,0.0,110.0,90.0,110.0,97.0
1771502093.1173275,66.0,93.0,0.0,110.0,90.0,110.0,97.0
1771502093.149339,67.0,93.0,0.0,110.0,90.0,110.0,97.0
1771502093.1813796,67.0,93.0,0.0,110.0,90.0,109.0,97.0
1771502093.2133696,69.0,94.0,0.0,110.0,90.0,109.0,99.0
1771502093.2453675,69.0,95.0,0.0,110.0,90.0,108.0,100.0
1771502093.2778833,70.0,96.0,0.0,110.0,90.0,107.0,100.0
1771502093.3118858,72.0,97.0,0.0,110.0,90.0,106.0,100.0
1771502093.35691,74.0,98.0,0.0,110.0,90.0,106.0,100.0
1771502093.390511,74.0,99.0,0.0,110.0,90.0,106.0,100.0
1771502093.4215167,75.0,100.0,0.0,110.0,90.0,107.0,100.0
1771502093.4535878,74.0,100.0,0.0,110.0,90.0,107.0,100.0
1771502093.4889045,75.0,101.0,0.0,110.0,90.0,108.0,100.0
1771502093.5220468,74.0,101.0,0.0,109.0,90.0,108.0,100.0
1771502093.5540445,73.0,101.0,0.0,108.0,90.0,108.0,100.0
1771502093.5865738,73.0,101.0,0.0,108.0,90.0,108.0,100.0
1771502093.6181076,73.0,101.0,0.0,108.0,90.0,108.0,100.0
1771502093.6493824,73.0,100.0,0.0,106.0,90.0,108.0,100.0
1771502093.679891,71.0,99.0,0.0,103.0,90.0,108.0,100.0
1771502093.711014,70.0,98.0,0.0,102.0,90.0,107.0,100.0
1771502093.7430134,70.0,97.0,0.0,101.0,90.0,107.0,100.0
1771502093.7905712,70.0,97.0,0.0,100.0,90.0,108.0,100.0
1771502093.8225741,71.0,97.0,0.0,100.0,90.0,108.0,100.0
1771502093.8535135,71.0,97.0,0.0,100.0,90.0,108.0,100.0
1771502093.8858593,70.0,97.0,0.0,98.0,90.0,108.0,99.0
1771502093.9168503,70.0,96.0,0.0,97.0,90.0,109.0,98.0
1771502093.9518414,70.0,96.0,0.0,97.0,90.0,109.0,98.0
1771502093.982402,70.0,96.0,0.0,98.0,90.0,110.0,98.0
1771502094.012405,69.0,96.0,0.0,99.0,90.0,110.0,97.0
1771502094.0454228,69.0,96.0,0.0,100.0,90.0,110.0,96.0
1771502094.076946,68.0,96.0,0.0,100.0,90.0,110.0,96.0
1771502094.1092176,68.0,95.0,0.0,100.0,90.0,110.0,95.0
1771502094.1422174,67.0,95.0,0.0,102.0,90.0,110.0,95.0
1771502094.1767466,67.0,95.0,0.0,103.0,90.0,110.0,95.0
1771502094.2207568,67.0,94.0,0.0,102.0,90.0,110.0,95.0
1771502094.2584405,67.0,94.0,0.0,102.0,90.0,110.0,95.0
1771502094.2859612,67.0,94.0,0.0,101.0,90.0,110.0,94.0
1771502094.3169763,67.0,93.0,0.0,102.0,89.0,110.0,94.0
1771502094.3500397,66.0,93.0,0.0,103.0,89.0,110.0,94.0
1771502094.3844981,66.0,92.0,0.0,104.0,89.0,110.0,93.0
1771502094.4134727,65.0,92.0,0.0,105.0,89.0,110.0,94.0
1771502094.4444714,65.0,91.0,0.0,106.0,89.0,110.0,93.0
1771502094.4769094,65.0,91.0,0.0,108.0,89.0,110.0,94.0
1771502094.5112827,65.0,91.0,0.0,109.0,89.0,110.0,94.0
1771502094.5413125,65.0,91.0,0.0,110.0,89.0,110.0,94.0
1771502094.5753775,65.0,91.0,0.0,110.0,89.0,110.0,94.0
1771502094.6059008,65.0,91.0,0.0,110.0,89.0,110.0,94.0
1771502094.6535578,64.0,90.0,0.0,110.0,88.0,110.0,94.0
1771502094.6850815,64.0,90.0,0.0,110.0,88.0,110.0,93.0
1771502094.7180727,64.0,90.0,0.0,110.0,88.0,110.0,93.0
1771502094.7500787,63.0,90.0,0.0,110.0,88.0,110.0,93.0
1771502094.7805839,63.0,90.0,0.0,110.0,87.0,110.0,92.0
1771502094.8151941,63.0,89.0,0.0,110.0,87.0,110.0,92.0
1771502094.8451984,63.0,89.0,0.0,110.0,88.0,110.0,92.0
1771502094.8777163,63.0,89.0,0.0,110.0,88.0,110.0,92.0
1771502094.909049,63.0,89.0,0.0,110.0,87.0,110.0,93.0
1771502094.9410641,63.0,89.0,0.0,110.0,87.0,110.0,93.0
1771502094.9750633,63.0,88.0,0.0,110.0,87.0,110.0,93.0
1771502095.0063272,63.0,88.0,0.0,110.0,87.0,110.0,93.0
1771502095.0413184,63.0,89.0,0.0,110.0,87.0,110.0,93.0
1771502095.085612,62.0,89.0,0.0,110.0,87.0,110.0,93.0
1771502095.121771,62.0,89.0,0.0,110.0,86.0,110.0,92.0
1771502095.148696,61.0,88.0,0.0,110.0,86.0,110.0,93.0
1771502095.1802084,61.0,88.0,0.0,110.0,85.0,110.0,93.0
1771502095.224309,60.0,88.0,0.0,110.0,85.0,110.0,92.0
1771502095.2563334,60.0,87.0,0.0,110.0,84.0,110.0,92.0
1771502095.2888408,59.0,87.0,0.0,110.0,84.0,110.0,93.0
1771502095.319843,59.0,86.0,0.0,110.0,83.0,110.0,93.0
1771502095.3509288,59.0,86.0,0.0,110.0,83.0,110.0,93.0
1771502095.3824563,58.0,86.0,0.0,110.0,83.0,110.0,93.0
1771502095.4125733,58.0,85.0,0.0,110.0,83.0,110.0,93.0
1771502095.4435744,58.0,85.0,0.0,110.0,83.0,110.0,93.0
1771502095.4731095,58.0,85.0,0.0,110.0,83.0,110.0,93.0
1771502095.5172608,58.0,84.0,0.0,110.0,82.0,110.0,93.0
1771502095.55126,58.0,84.0,0.0,110.0,82.0,110.0,93.0
1771502095.582773,58.0,83.0,0.0,110.0,82.0,110.0,92.0
1771502095.6153455,58.0,83.0,0.0,110.0,81.0,110.0,92.0
1771502095.6463625,58.0,82.0,0.0,110.0,81.0,110.0,91.0
1771502095.6834948,58.0,82.0,0.0,110.0,81.0,110.0,90.0
1771502095.7135074,59.0,82.0,0.0,109.0,81.0,110.0,90.0
1771502095.742499,59.0,82.0,0.0,109.0,81.0,110.0,90.0
1771502095.7745152,59.0,82.0,0.0,109.0,81.0,110.0,90.0
1771502095.8070288,59.0,82.0,0.0,108.0,81.0,110.0,90.0
1771502095.8380299,59.0,82.0,0.0,108.0,81.0,110.0,91.0
1771502095.8700328,59.0,82.0,0.0,108.0,81.0,110.0,91.0
1771502095.9025455,59.0,82.0,0.0,108.0,81.0,110.0,91.0
1771502095.9505446,59.0,82.0,0.0,108.0,81.0,110.0,91.0
1771502095.9840593,59.0,82.0,0.0,108.0,81.0,110.0,91.0
1771502096.0130594,59.0,82.0,0.0,108.0,81.0,110.0,92.0
1771502096.0450578,59.0,83.0,0.0,108.0,81.0,110.0,92.0
1771502096.0780978,59.0,83.0,0.0,108.0,81.0,110.0,92.0
1771502096.112619,59.0,83.0,0.0,108.0,81.0,110.0,92.0
1771502096.142619,59.0,83.0,0.0,108.0,82.0,110.0,92.0
1771502096.17463,59.0,83.0,0.0,108.0,82.0,110.0,93.0
1771502096.2061663,59.0,84.0,0.0,108.0,82.0,110.0,93.0
1771502096.2382848,59.0,84.0,0.0,108.0,83.0,110.0,94.0
1771502096.2702925,60.0,84.0,0.0,108.0,83.0,110.0,95.0
1771502096.3018458,60.0,85.0,0.0,108.0,83.0,110.0,96.0
1771502096.337831,60.0,85.0,0.0,108.0,83.0,110.0,97.0
1771502096.4173698,60.0,85.0,0.0,108.0,83.0,110.0,97.0
1771502096.447361,60.0,85.0,0.0,108.0,83.0,110.0,98.0
1771502096.4774451,60.0,85.0,0.0,108.0,83.0,110.0,99.0
1771502096.5102,60.0,85.0,4.0,108.0,83.0,110.0,99.0
1771502096.541198,60.0,85.0,9.0,108.0,83.0,110.0,99.0
1771502096.5722125,59.0,85.0,11.0,107.0,83.0,110.0,99.0
1771502096.6037223,59.0,85.0,16.0,107.0,82.0,110.0,99.0
1771502096.6347234,59.0,85.0,22.0,106.0,82.0,110.0,99.0
1771502096.66612,59.0,85.0,28.0,106.0,82.0,110.0,99.0
1771502096.6969862,59.0,85.0,32.0,105.0,82.0,110.0,99.0
1771502096.7275038,59.0,85.0,37.0,104.0,82.0,110.0,100.0
1771502096.759624,60.0,86.0,41.0,103.0,82.0,110.0,100.0
1771502096.8142908,60.0,87.0,44.0,102.0,83.0,110.0,100.0
1771502096.845443,61.0,88.0,51.0,102.0,84.0,110.0,100.0
1771502096.8691654,62.0,89.0,56.0,101.0,86.0,110.0,100.0
1771502096.900696,64.0,91.0,62.0,101.0,87.0,110.0,100.0
1771502096.932713,64.0,92.0,65.0,101.0,87.0,110.0,100.0
1771502096.9647303,65.0,92.0,68.0,101.0,88.0,110.0,100.0
1771502096.9932547,66.0,93.0,72.0,102.0,89.0,110.0,100.0
1771502097.0237894,67.0,93.0,75.0,103.0,89.0,110.0,100.0
1771502097.0567884,67.0,93.0,77.0,103.0,89.0,110.0,100.0
1771502097.0872977,67.0,93.0,78.0,104.0,89.0,110.0,100.0
1771502097.1172974,67.0,93.0,78.0,104.0,89.0,110.0,100.0
1771502097.1482987,68.0,94.0,78.0,104.0,89.0,110.0,100.0
1771502097.2018085,68.0,93.0,78.0,104.0,89.0,110.0,100.0
1771502097.2451727,67.0,93.0,79.0,104.0,89.0,110.0,100.0
1771502097.2791839,67.0,92.0,79.0,105.0,89.0,110.0,100.0
1771502097.3048055,67.0,92.0,77.0,105.0,89.0,110.0,100.0
1771502097.3358066,66.0,91.0,76.0,105.0,88.0,110.0,100.0
1771502097.366541,66.0,91.0,77.0,106.0,88.0,110.0,100.0
1771502097.3967524,65.0,90.0,74.0,106.0,88.0,110.0,100.0
1771502097.4277568,64.0,89.0,70.0,106.0,87.0,110.0,100.0
1771502097.4598365,64.0,89.0,65.0,107.0,86.0,110.0,100.0
1771502097.4925158,63.0,88.0,60.0,107.0,86.0,110.0,100.0
1771502097.5235183,63.0,87.0,60.0,107.0,86.0,110.0,100.0
1771502097.5535178,62.0,87.0,62.0,108.0,86.0,110.0,100.0
1771502097.597581,62.0,87.0,64.0,108.0,86.0,110.0,100.0
1771502097.6345782,62.0,87.0,63.0,109.0,85.0,110.0,100.0
1771502097.6775844,61.0,87.0,61.0,109.0,85.0,110.0,100.0
1771502097.709595,61.0,87.0,59.0,109.0,85.0,110.0,100.0
1771502097.7405965,61.0,87.0,57.0,109.0,85.0,110.0,100.0
1771502097.7726223,61.0,86.0,54.0,109.0,85.0,110.0,100.0
1771502097.8031318,60.0,86.0,51.0,110.0,85.0,110.0,100.0
1771502097.8371303,60.0,86.0,52.0,110.0,85.0,110.0,100.0
1771502097.8671386,60.0,85.0,52.0,110.0,84.0,110.0,100.0
1771502097.8976557,60.0,85.0,50.0,110.0,84.0,110.0,100.0
1771502097.9286754,60.0,85.0,52.0,110.0,84.0,110.0,100.0
1771502097.96202,60.0,85.0,53.0,110.0,84.0,110.0,100.0
1771502097.997565,60.0,85.0,50.0,110.0,84.0,110.0,100.0
1771502098.0285637,60.0,85.0,44.0,110.0,84.0,110.0,100.0
1771502098.065565,60.0,85.0,40.0,110.0,85.0,110.0,100.0
1771502098.1088257,60.0,85.0,37.0,110.0,85.0,110.0,100.0
1771502098.1408215,60.0,85.0,38.0,110.0,86.0,110.0,100.0
1771502098.1638227,60.0,85.0,39.0,110.0,86.0,110.0,100.0
1771502098.1943667,60.0,85.0,40.0,110.0,87.0,110.0,100.0
1771502098.225358,60.0,85.0,43.0,110.0,86.0,110.0,100.0
1771502098.2583566,61.0,85.0,39.0,110.0,85.0,110.0,100.0
1771502098.288868,61.0,85.0,39.0,110.0,84.0,110.0,100.0
1771502098.319869,62.0,86.0,41.0,110.0,84.0,110.0,100.0
1771502098.350917,62.0,86.0,40.0,109.0,83.0,110.0,100.0
1771502098.3964496,62.0,86.0,40.0,108.0,83.0,110.0,100.0
1771502098.4284437,62.0,86.0,43.0,108.0,82.0,110.0,100.0
1771502098.4614427,62.0,86.0,45.0,108.0,82.0,109.0,100.0
1771502098.496767,62.0,86.0,44.0,107.0,82.0,109.0,100.0
1771502098.540856,63.0,86.0,46.0,107.0,82.0,109.0,100.0
1771502098.575862,63.0,87.0,45.0,107.0,82.0,108.0,100.0
1771502098.603393,63.0,87.0,44.0,107.0,82.0,108.0,100.0
1771502098.6339266,63.0,87.0,45.0,107.0,82.0,108.0,100.0
1771502098.6659293,63.0,87.0,44.0,107.0,82.0,108.0,100.0
1771502098.6986494,63.0,87.0,45.0,107.0,82.0,108.0,100.0
1771502098.7296515,63.0,87.0,43.0,107.0,82.0,108.0,100.0
1771502098.7596583,63.0,88.0,43.0,106.0,82.0,108.0,100.0
1771502098.790206,63.0,88.0,42.0,106.0,83.0,108.0,100.0
1771502098.829223,64.0,89.0,42.0,107.0,83.0,108.0,100.0
1771502098.8612068,64.0,89.0,39.0,107.0,84.0,109.0,100.0
1771502098.8952312,65.0,90.0,40.0,107.0,84.0,109.0,100.0
1771502098.9272308,66.0,91.0,39.0,107.0,85.0,109.0,100.0
1771502098.9744656,66.0,92.0,40.0,107.0,85.0,108.0,100.0
1771502099.0075276,67.0,92.0,40.0,107.0,86.0,108.0,100.0
1771502099.038053,67.0,93.0,40.0,107.0,86.0,108.0,100.0
1771502099.0711222,67.0,93.0,40.0,107.0,86.0,108.0,100.0
1771502099.1016328,67.0,93.0,36.0,108.0,86.0,110.0,100.0
1771502099.1326318,67.0,93.0,35.0,108.0,86.0,110.0,100.0
1771502099.163634,66.0,93.0,42.0,107.0,84.0,110.0,100.0
1771502099.197714,65.0,93.0,48.0,107.0,83.0,110.0,100.0
1771502099.2287102,64.0,93.0,55.0,106.0,82.0,110.0,100.0
1771502099.261818,63.0,93.0,60.0,105.0,81.0,110.0,98.0
1771502099.3197675,63.0,94.0,65.0,104.0,81.0,110.0,97.0
1771502099.350775,63.0,94.0,69.0,105.0,80.0,110.0,96.0
1771502099.3833082,63.0,94.0,72.0,104.0,80.0,110.0,96.0
1771502099.4143066,63.0,95.0,70.0,104.0,80.0,110.0,95.0
1771502099.446336,64.0,95.0,73.0,104.0,80.0,110.0,95.0
1771502099.4774427,65.0,96.0,69.0,104.0,80.0,110.0,94.0
1771502099.508781,65.0,96.0,68.0,103.0,80.0,110.0,94.0
1771502099.5377803,64.0,95.0,67.0,103.0,80.0,110.0,94.0
1771502099.5687976,63.0,94.0,64.0,103.0,80.0,110.0,93.0
1771502099.6003041,63.0,94.0,62.0,104.0,80.0,110.0,92.0
1771502099.6325204,62.0,94.0,61.0,104.0,80.0,110.0,93.0
1771502099.6635206,62.0,93.0,60.0,104.0,80.0,110.0,92.0
1771502099.6950324,62.0,93.0,60.0,104.0,79.0,110.0,91.0
1771502099.727033,61.0,93.0,59.0,104.0,79.0,110.0,91.0
1771502099.7570336,61.0,92.0,60.0,104.0,79.0,110.0,91.0
1771502099.8080995,61.0,92.0,61.0,104.0,78.0,110.0,90.0
1771502099.8412921,61.0,92.0,62.0,104.0,78.0,110.0,90.0
1771502099.8643034,61.0,92.0,62.0,104.0,78.0,110.0,90.0
1771502099.8958113,61.0,92.0,65.0,104.0,79.0,110.0,90.0
1771502099.9268074,61.0,91.0,65.0,104.0,79.0,110.0,90.0
1771502099.9571714,61.0,91.0,66.0,105.0,79.0,110.0,90.0
1771502099.9987051,61.0,91.0,68.0,105.0,80.0,110.0,90.0
1771502100.0307086,61.0,91.0,69.0,105.0,80.0,110.0,90.0
1771502100.0607016,61.0,91.0,68.0,105.0,80.0,110.0,90.0
1771502100.093291,60.0,91.0,59.0,105.0,80.0,110.0,90.0
1771502100.1248581,60.0,91.0,50.0,107.0,81.0,110.0,91.0
1771502100.1579003,60.0,91.0,46.0,108.0,81.0,110.0,92.0
1771502100.1894355,59.0,92.0,46.0,108.0,81.0,110.0,92.0
1771502100.2404575,58.0,92.0,46.0,110.0,81.0,110.0,92.0
1771502100.2734582,58.0,93.0,49.0,110.0,82.0,110.0,93.0
1771502100.303991,58.0,94.0,52.0,110.0,83.0,110.0,94.0
1771502100.3346088,57.0,95.0,54.0,110.0,84.0,110.0,94.0
1771502100.3668556,57.0,95.0,51.0,110.0,84.0,110.0,94.0
1771502100.39745,57.0,96.0,50.0,110.0,84.0,110.0,94.0
1771502100.4342008,57.0,96.0,46.0,110.0,84.0,110.0,94.0
1771502100.4611933,57.0,96.0,48.0,110.0,85.0,110.0,95.0
1771502100.4947038,57.0,96.0,48.0,110.0,85.0,110.0,95.0
1771502100.5257027,57.0,96.0,50.0,110.0,85.0,110.0,96.0
1771502100.5597038,57.0,96.0,51.0,110.0,85.0,110.0,97.0
1771502100.5878632,57.0,97.0,56.0,110.0,85.0,110.0,97.0
1771502100.621865,57.0,97.0,61.0,110.0,86.0,110.0,98.0
1771502100.6755111,57.0,98.0,63.0,110.0,87.0,110.0,98.0
1771502100.7069151,57.0,99.0,67.0,110.0,87.0,110.0,98.0
1771502100.7389195,57.0,99.0,72.0,110.0,88.0,110.0,99.0
1771502100.7699096,58.0,99.0,77.0,110.0,88.0,110.0,100.0
1771502100.8014262,58.0,99.0,69.0,110.0,88.0,110.0,100.0
1771502100.832015,58.0,98.0,70.0,110.0,88.0,110.0,100.0
1771502100.8640122,58.0,98.0,69.0,110.0,87.0,110.0,100.0
1771502100.8945334,58.0,96.0,65.0,110.0,87.0,110.0,100.0
1771502100.926531,58.0,95.0,60.0,110.0,86.0,110.0,100.0
1771502100.9565525,58.0,94.0,55.0,110.0,85.0,110.0,99.0
1771502100.989062,58.0,94.0,52.0,110.0,85.0,110.0,98.0
1771502101.0220644,58.0,93.0,49.0,110.0,84.0,110.0,98.0
1771502101.0530624,58.0,93.0,49.0,110.0,84.0,110.0,97.0
1771502101.1018167,58.0,93.0,48.0,110.0,84.0,110.0,97.0
1771502101.1328082,58.0,92.0,50.0,110.0,84.0,110.0,97.0
1771502101.1598299,58.0,92.0,51.0,110.0,84.0,110.0,96.0
1771502101.199639,58.0,92.0,51.0,110.0,83.0,110.0,96.0
1771502101.2301867,58.0,92.0,50.0,110.0,83.0,110.0,96.0
1771502101.2606976,58.0,92.0,51.0,110.0,83.0,110.0,96.0
1771502101.2967577,58.0,92.0,51.0,110.0,83.0,110.0,96.0
1771502101.3297536,58.0,92.0,52.0,110.0,83.0,110.0,96.0
1771502101.3617554,58.0,91.0,50.0,110.0,83.0,110.0,96.0
1771502101.3932688,58.0,91.0,51.0,110.0,83.0,110.0,97.0
1771502101.423201,59.0,91.0,52.0,110.0,83.0,110.0,97.0
1771502101.4545183,59.0,91.0,55.0,110.0,84.0,110.0,98.0
1771502101.4860275,59.0,91.0,56.0,110.0,84.0,110.0,98.0
1771502101.5350392,59.0,91.0,59.0,110.0,84.0,110.0,99.0
1771502101.5680256,59.0,91.0,63.0,110.0,84.0,110.0,99.0
1771502101.5970547,60.0,91.0,69.0,110.0,84.0,110.0,100.0
1771502101.6320562,60.0,91.0,72.0,110.0,84.0,110.0,100.0
1771502101.6610546,60.0,90.0,73.0,110.0,84.0,110.0,100.0
1771502101.6935663,60.0,90.0,75.0,110.0,84.0,110.0,100.0
1771502101.7275672,60.0,90.0,79.0,110.0,85.0,110.0,100.0
1771502101.757567,60.0,90.0,81.0,110.0,85.0,110.0,100.0
1771502101.7890768,60.0,90.0,84.0,110.0,85.0,110.0,100.0
1771502101.822077,60.0,90.0,87.0,110.0,85.0,110.0,100.0
1771502101.856079,60.0,91.0,89.0,110.0,85.0,110.0,100.0
1771502101.8856153,61.0,91.0,91.0,110.0,85.0,110.0,100.0
1771502101.9176123,61.0,91.0,91.0,109.0,84.0,110.0,100.0
1771502101.966615,61.0,92.0,94.0,109.0,84.0,110.0,100.0
1771502101.9991517,61.0,92.0,95.0,109.0,84.0,110.0,100.0
1771502102.0489333,61.0,92.0,96.0,109.0,84.0,110.0,100.0
1771502102.0799406,60.0,91.0,97.0,109.0,84.0,110.0,100.0
1771502102.1124587,60.0,91.0,97.0,109.0,84.0,110.0,100.0
1771502102.1444569,60.0,91.0,99.0,109.0,84.0,110.0,100.0
1771502102.1744633,60.0,91.0,100.0,109.0,84.0,110.0,100.0
1771502102.206027,60.0,91.0,100.0,109.0,84.0,110.0,100.0
1771502102.2360308,60.0,91.0,100.0,109.0,84.0,110.0,100.0
1771502102.268025,60.0,91.0,100.0,109.0,83.0,110.0,100.0
1771502102.299065,60.0,91.0,100.0,109.0,83.0,110.0,100.0
1771502102.3308785,59.0,91.0,100.0,109.0,83.0,110.0,100.0
1771502102.3613427,59.0,91.0,100.0,109.0,83.0,110.0,100.0
1771502102.3988585,59.0,91.0,100.0,109.0,83.0,110.0,100.0
1771502102.4298708,59.0,91.0,100.0,109.0,83.0,110.0,100.0
1771502102.4608605,59.0,91.0,100.0,109.0,83.0,110.0,100.0
1771502102.4927719,59.0,91.0,100.0,109.0,83.0,110.0,100.0
1771502102.526302,59.0,91.0,100.0,109.0,83.0,110.0,100.0
1771502102.5593007,59.0,91.0,100.0,109.0,83.0,110.0,100.0
1771502102.5898237,59.0,90.0,100.0,109.0,83.0,110.0,100.0
1771502102.6223428,59.0,90.0,100.0,109.0,83.0,110.0,100.0
1771502102.6533494,59.0,90.0,100.0,109.0,83.0,110.0,100.0
1771502102.684852,59.0,90.0,100.0,109.0,83.0,110.0,100.0
1771502102.719023,59.0,90.0,100.0,109.0,83.0,110.0,100.0
1771502102.7527444,59.0,90.0,100.0,109.0,83.0,110.0,100.0
1771502102.7862527,59.0,90.0,100.0,109.0,83.0,110.0,100.0
1771502102.8332531,59.0,90.0,100.0,109.0,83.0,110.0,100.0
1771502102.8642323,59.0,90.0,100.0,109.0,83.0,110.0,100.0
1771502102.8967378,59.0,90.0,100.0,109.0,83.0,110.0,100.0
1771502102.9274602,59.0,90.0,100.0,109.0,83.0,110.0,100.0
1771502102.96046,59.0,90.0,100.0,109.0,83.0,110.0,100.0
1771502102.9919784,59.0,90.0,100.0,109.0,83.0,110.0,100.0
1771502103.0230052,59.0,90.0,100.0,109.0,83.0,110.0,100.0
1771502103.0540078,59.0,90.0,100.0,109.0,83.0,110.0,100.0
1771502103.085611,59.0,90.0,100.0,109.0,83.0,110.0,100.0
1771502103.1166174,59.0,90.0,100.0,109.0,83.0,110.0,100.0
1771502103.1486557,59.0,90.0,100.0,110.0,83.0,110.0,100.0
1771502103.1806371,59.0,90.0,100.0,109.0,83.0,110.0,100.0
1771502103.2141335,59.0,90.0,100.0,109.0,83.0,110.0,100.0
1771502103.2641673,59.0,90.0,100.0,109.0,83.0,110.0,100.0
1771502103.294671,59.0,90.0,100.0,109.0,83.0,110.0,100.0
1771502103.3246708,59.0,90.0,100.0,109.0,83.0,110.0,100.0
1771502103.3566701,59.0,90.0,100.0,109.0,82.0,110.0,100.0
1771502103.4118974,59.0,90.0,100.0,109.0,82.0,110.0,100.0
1771502103.44593,59.0,90.0,100.0,109.0,82.0,110.0,100.0
1771502103.476929,58.0,90.0,100.0,109.0,82.0,110.0,100.0
1771502103.5084524,58.0,90.0,100.0,109.0,82.0,110.0,100.0
1771502103.5394385,58.0,90.0,100.0,109.0,82.0,110.0,100.0
1771502103.5704455,58.0,89.0,100.0,109.0,82.0,110.0,100.0
1771502103.6024785,58.0,89.0,100.0,109.0,83.0,110.0,100.0
1771502103.6344752,58.0,89.0,100.0,109.0,83.0,110.0,100.0
1771502103.6644762,58.0,89.0,100.0,110.0,83.0,110.0,100.0
1771502103.6969864,58.0,89.0,100.0,110.0,83.0,110.0,100.0
1771502103.7279851,58.0,89.0,100.0,110.0,84.0,110.0,100.0
1771502103.7579865,58.0,89.0,100.0,110.0,83.0,110.0,100.0
1771502103.7895217,58.0,89.0,100.0,110.0,83.0,110.0,100.0
1771502103.820513,59.0,89.0,100.0,110.0,83.0,110.0,100.0
1771502103.856511,58.0,89.0,100.0,110.0,83.0,110.0,100.0
1771502103.8890228,58.0,88.0,100.0,110.0,83.0,110.0,100.0
1771502103.9170356,59.0,89.0,100.0,110.0,83.0,110.0,100.0
1771502103.949674,59.0,89.0,100.0,109.0,83.0,110.0,100.0
1771502103.9806795,58.0,89.0,100.0,109.0,84.0,110.0,100.0
1771502104.0131905,58.0,89.0,100.0,109.0,84.0,110.0,100.0
1771502104.045279,58.0,90.0,100.0,109.0,84.0,110.0,100.0
1771502104.077284,58.0,90.0,100.0,109.0,84.0,110.0,100.0
1771502104.1278374,58.0,90.0,100.0,109.0,84.0,110.0,100.0
1771502104.1619449,59.0,90.0,100.0,109.0,84.0,110.0,100.0
1771502104.1954346,59.0,91.0,100.0,109.0,84.0,110.0,100.0
1771502104.2254338,59.0,91.0,100.0,109.0,84.0,110.0,100.0
1771502104.255435,58.0,91.0,100.0,108.0,83.0,110.0,100.0
1771502104.2854395,59.0,91.0,100.0,109.0,83.0,110.0,100.0
1771502104.3189504,59.0,91.0,100.0,109.0,84.0,110.0,100.0
1771502104.348949,59.0,91.0,100.0,109.0,84.0,110.0,100.0
1771502104.3809576,60.0,91.0,100.0,109.0,84.0,110.0,100.0
1771502104.412476,60.0,91.0,100.0,108.0,84.0,110.0,100.0
1771502104.4444647,60.0,90.0,100.0,108.0,83.0,110.0,100.0
1771502104.477945,61.0,90.0,100.0,108.0,83.0,110.0,100.0
1771502104.5090766,62.0,90.0,100.0,108.0,83.0,110.0,100.0
1771502104.5601513,63.0,90.0,100.0,107.0,83.0,110.0,100.0
1771502104.5926762,64.0,90.0,100.0,107.0,83.0,110.0,100.0
1771502104.6250556,65.0,90.0,99.0,106.0,83.0,110.0,100.0
1771502104.653057,65.0,90.0,100.0,106.0,83.0,110.0,100.0
1771502104.686072,66.0,91.0,97.0,106.0,83.0,110.0,100.0
1771502104.717162,66.0,91.0,96.0,107.0,83.0,110.0,100.0
1771502104.7710493,67.0,91.0,97.0,106.0,82.0,110.0,100.0
1771502104.8025692,67.0,91.0,96.0,106.0,82.0,110.0,100.0
1771502104.8335764,68.0,91.0,98.0,107.0,83.0,110.0,100.0
1771502104.86557,68.0,91.0,97.0,107.0,83.0,110.0,100.0
1771502104.8974497,68.0,92.0,96.0,107.0,83.0,110.0,100.0
1771502104.9275503,69.0,92.0,94.0,107.0,83.0,110.0,100.0
1771502104.959556,69.0,92.0,91.0,107.0,82.0,110.0,100.0
1771502104.9940803,69.0,91.0,89.0,107.0,82.0,110.0,100.0
1771502105.0240881,68.0,92.0,87.0,107.0,82.0,110.0,100.0
1771502105.0540776,68.0,91.0,84.0,106.0,82.0,110.0,100.0
1771502105.08511,68.0,91.0,85.0,106.0,82.0,110.0,100.0
1771502105.1166115,68.0,91.0,87.0,107.0,82.0,110.0,100.0
1771502105.1496131,68.0,91.0,89.0,107.0,82.0,110.0,100.0
1771502105.1816237,68.0,91.0,88.0,106.0,82.0,110.0,100.0
1771502105.216127,68.0,91.0,90.0,106.0,82.0,110.0,100.0
1771502105.2451258,68.0,91.0,90.0,105.0,82.0,110.0,100.0
1771502105.2771447,68.0,91.0,91.0,105.0,82.0,110.0,100.0
1771502105.3086605,68.0,91.0,93.0,105.0,83.0,110.0,100.0
1771502105.3404791,68.0,91.0,96.0,105.0,83.0,110.0,100.0
1771502105.3898509,68.0,91.0,99.0,105.0,83.0,110.0,100.0
1771502105.4238722,68.0,91.0,100.0,106.0,84.0,110.0,100.0
1771502105.4528735,68.0,91.0,100.0,106.0,84.0,110.0,100.0
1771502105.4847724,68.0,92.0,100.0,106.0,85.0,110.0,100.0
1771502105.5169098,67.0,92.0,100.0,107.0,85.0,110.0,100.0
1771502105.549911,67.0,92.0,100.0,107.0,85.0,110.0,100.0
1771502105.5814364,67.0,92.0,100.0,107.0,85.0,110.0,100.0
1771502105.613461,67.0,93.0,100.0,107.0,85.0,110.0,100.0
1771502105.6469715,67.0,93.0,100.0,107.0,86.0,110.0,100.0
1771502105.6799746,67.0,93.0,100.0,106.0,86.0,110.0,100.0
1771502105.7104805,66.0,94.0,100.0,107.0,86.0,110.0,100.0
1771502105.7404819,66.0,94.0,100.0,107.0,86.0,110.0,100.0
1771502105.773488,67.0,95.0,100.0,107.0,87.0,110.0,100.0
1771502105.8206182,67.0,95.0,100.0,107.0,87.0,110.0,100.0
1771502105.857615,67.0,96.0,100.0,107.0,87.0,110.0,100.0
1771502105.884627,67.0,96.0,100.0,107.0,87.0,110.0,100.0
1771502105.9171455,67.0,97.0,100.0,107.0,87.0,110.0,100.0
1771502105.9491463,67.0,97.0,100.0,107.0,87.0,110.0,100.0
1771502105.981162,67.0,97.0,100.0,107.0,87.0,110.0,100.0
1771502106.014766,68.0,97.0,100.0,107.0,88.0,110.0,100.0
1771502106.04478,68.0,97.0,100.0,107.0,88.0,110.0,100.0
1771502106.08079,68.0,97.0,100.0,107.0,88.0,110.0,100.0
1771502106.1289828,68.0,97.0,100.0,107.0,88.0,110.0,100.0
1771502106.1469889,69.0,97.0,100.0,108.0,88.0,110.0,100.0
1771502106.1780024,69.0,97.0,100.0,108.0,88.0,110.0,100.0
1771502106.2100973,68.0,97.0,100.0,108.0,88.0,110.0,100.0
1771502106.2531228,68.0,96.0,100.0,108.0,88.0,110.0,100.0
1771502106.28812,68.0,96.0,100.0,108.0,88.0,110.0,100.0
1771502106.3196447,68.0,96.0,100.0,108.0,88.0,110.0,100.0
1771502106.3486474,68.0,96.0,100.0,108.0,88.0,110.0,100.0
1771502106.3806674,68.0,96.0,100.0,108.0,88.0,110.0,100.0
1771502106.4131963,68.0,96.0,100.0,108.0,88.0,110.0,100.0
1771502106.4456267,68.0,96.0,100.0,108.0,88.0,110.0,100.0
1771502106.4765337,68.0,96.0,100.0,108.0,88.0,110.0,100.0
1771502106.5120332,68.0,96.0,100.0,108.0,88.0,110.0,100.0
1771502106.5410326,68.0,96.0,100.0,108.0,88.0,110.0,100.0
1771502106.573034,67.0,96.0,100.0,108.0,88.0,110.0,100.0
1771502106.60455,67.0,96.0,100.0,108.0,88.0,110.0,100.0
1771502106.636546,67.0,96.0,100.0,108.0,88.0,110.0,100.0
1771502106.6865766,67.0,96.0,100.0,108.0,88.0,110.0,100.0
1771502106.7216363,67.0,96.0,100.0,107.0,88.0,110.0,100.0
1771502106.7496376,67.0,96.0,100.0,108.0,88.0,110.0,100.0
1771502106.781379,67.0,96.0,100.0,108.0,88.0,110.0,100.0
1771502106.8144026,67.0,96.0,100.0,108.0,87.0,110.0,100.0
1771502106.845403,66.0,96.0,100.0,108.0,87.0,110.0,100.0
1771502106.8784149,66.0,96.0,100.0,108.0,87.0,110.0,100.0
1771502106.9089372,66.0,96.0,100.0,108.0,87.0,110.0,100.0
1771502106.944981,66.0,96.0,100.0,108.0,87.0,110.0,100.0
1771502106.9730368,66.0,95.0,100.0,108.0,87.0,110.0,100.0
1771502107.0065582,66.0,95.0,100.0,109.0,87.0,110.0,100.0
1771502107.041569,66.0,95.0,100.0,109.0,87.0,110.0,100.0
1771502107.0745647,66.0,95.0,100.0,109.0,87.0,110.0,100.0
1771502107.1190689,66.0,95.0,100.0,109.0,87.0,110.0,100.0
1771502107.1560771,66.0,95.0,100.0,109.0,87.0,110.0,100.0
1771502107.184072,66.0,95.0,100.0,109.0,87.0,110.0,100.0
1771502107.215589,66.0,95.0,100.0,109.0,87.0,110.0,100.0
1771502107.2465956,66.0,95.0,100.0,109.0,87.0,110.0,100.0
1771502107.278603,66.0,95.0,100.0,109.0,87.0,110.0,100.0
1771502107.3099725,66.0,95.0,100.0,109.0,87.0,110.0,100.0
1771502107.3419764,66.0,95.0,100.0,109.0,87.0,110.0,100.0
1771502107.3769813,66.0,95.0,100.0,109.0,87.0,110.0,100.0
1771502107.406496,66.0,95.0,100.0,108.0,87.0,110.0,100.0
1771502107.4365044,66.0,95.0,100.0,108.0,87.0,110.0,100.0
1771502107.4838715,66.0,95.0,100.0,108.0,88.0,110.0,100.0
1771502107.5164068,66.0,95.0,100.0,109.0,88.0,110.0,100.0
1771502107.5484042,66.0,95.0,100.0,108.0,87.0,110.0,100.0
1771502107.5855331,66.0,95.0,100.0,108.0,87.0,110.0,100.0
1771502107.614846,66.0,96.0,100.0,108.0,87.0,110.0,100.0
1771502107.6448383,66.0,96.0,100.0,108.0,87.0,110.0,100.0
1771502107.6769915,66.0,96.0,100.0,108.0,87.0,110.0,100.0
1771502107.7087932,66.0,95.0,100.0,108.0,87.0,110.0,100.0
1771502107.7413197,66.0,96.0,100.0,108.0,87.0,110.0,100.0
1771502107.7735412,66.0,96.0,100.0,108.0,87.0,110.0,100.0
1771502107.8077595,66.0,95.0,100.0,108.0,87.0,110.0,100.0
1771502107.8370397,66.0,95.0,100.0,108.0,87.0,110.0,100.0
1771502107.87014,65.0,95.0,100.0,108.0,87.0,110.0,100.0
1771502107.9010332,66.0,95.0,100.0,108.0,87.0,110.0,100.0
1771502107.934711,66.0,95.0,100.0,108.0,87.0,110.0,100.0
1771502107.9821208,66.0,95.0,100.0,108.0,87.0,110.0,100.0
1771502108.0214756,66.0,95.0,100.0,108.0,87.0,110.0,100.0
1771502108.0470188,66.0,95.0,100.0,108.0,87.0,110.0,100.0
1771502108.078051,66.0,95.0,100.0,108.0,87.0,110.0,100.0
1771502108.1103852,66.0,95.0,100.0,108.0,87.0,110.0,100.0
1771502108.1399806,66.0,95.0,100.0,108.0,87.0,110.0,100.0
1771502108.1729517,66.0,95.0,100.0,108.0,87.0,110.0,100.0
1771502108.2055497,66.0,95.0,100.0,108.0,87.0,110.0,100.0
1771502108.238895,66.0,95.0,100.0,108.0,87.0,110.0,100.0
1771502108.2708166,66.0,95.0,100.0,108.0,87.0,110.0,100.0
1771502108.3001335,66.0,95.0,100.0,108.0,87.0,110.0,100.0
1771502108.3334334,66.0,95.0,100.0,108.0,87.0,110.0,100.0
1771502108.4159505,66.0,95.0,100.0,108.0,87.0,110.0,100.0
1771502108.447716,66.0,95.0,100.0,108.0,87.0,110.0,100.0
1771502108.470443,66.0,96.0,100.0,108.0,87.0,110.0,100.0
1771502108.502998,65.0,96.0,100.0,108.0,86.0,110.0,100.0
1771502108.5340002,65.0,96.0,100.0,108.0,86.0,110.0,100.0
1771502108.5650134,65.0,96.0,100.0,108.0,86.0,110.0,100.0
1771502108.5975695,65.0,96.0,100.0,108.0,86.0,110.0,100.0
1771502108.6153061,65.0,96.0,100.0,108.0,86.0,110.0,100.0
1771502108.6434608,65.0,96.0,100.0,108.0,86.0,110.0,100.0
1771502108.6754875,65.0,96.0,100.0,108.0,86.0,110.0,100.0
1771502108.7069738,65.0,96.0,100.0,108.0,86.0,110.0,100.0
1771502108.7369752,65.0,96.0,100.0,108.0,86.0,110.0,100.0
1771502108.7670074,65.0,96.0,100.0,108.0,86.0,110.0,100.0
1771502108.8636894,65.0,96.0,100.0,108.0,86.0,110.0,100.0
1771502108.8943312,65.0,96.0,100.0,109.0,86.0,110.0,100.0
1771502108.9252663,65.0,96.0,100.0,109.0,86.0,110.0,100.0
1771502108.9572845,65.0,96.0,100.0,108.0,86.0,110.0,100.0
1771502108.9877996,65.0,96.0,100.0,108.0,86.0,110.0,100.0
1771502109.0203662,65.0,96.0,100.0,108.0,86.0,110.0,100.0
1771502109.051853,65.0,96.0,100.0,108.0,86.0,110.0,100.0
1771502109.082859,65.0,96.0,100.0,108.0,86.0,110.0,100.0
1771502109.113442,65.0,96.0,100.0,108.0,86.0,110.0,100.0
1771502109.1454625,65.0,95.0,100.0,108.0,86.0,110.0,100.0
1771502109.1774657,65.0,95.0,100.0,108.0,86.0,110.0,100.0
1771502109.2079923,65.0,95.0,100.0,108.0,86.0,110.0,100.0
1771502109.2409747,65.0,95.0,100.0,108.0,86.0,110.0,100.0
1771502109.2771642,65.0,96.0,100.0,109.0,86.0,110.0,100.0
1771502109.3116755,64.0,96.0,100.0,109.0,86.0,110.0,100.0
1771502109.3356433,64.0,96.0,100.0,109.0,86.0,110.0,100.0
1771502109.3646436,64.0,96.0,100.0,109.0,86.0,110.0,100.0
1771502109.3952444,64.0,96.0,100.0,109.0,86.0,110.0,100.0
1771502109.4252462,64.0,96.0,100.0,109.0,85.0,110.0,100.0
1771502109.458244,64.0,96.0,100.0,109.0,85.0,110.0,100.0
1771502109.489776,64.0,96.0,100.0,109.0,85.0,110.0,100.0
1771502109.5223181,64.0,95.0,100.0,109.0,85.0,110.0,100.0
1771502109.5523155,63.0,95.0,100.0,109.0,85.0,110.0,100.0
1771502109.59784,63.0,95.0,100.0,109.0,85.0,110.0,100.0
1771502109.6302426,63.0,95.0,100.0,110.0,85.0,110.0,100.0
1771502109.6608522,63.0,95.0,100.0,110.0,85.0,110.0,100.0
1771502109.709701,63.0,95.0,100.0,110.0,85.0,110.0,100.0
1771502109.7426796,63.0,95.0,100.0,110.0,85.0,110.0,100.0
1771502109.768673,63.0,95.0,100.0,110.0,85.0,110.0,100.0
1771502109.8012025,63.0,95.0,100.0,110.0,85.0,110.0,100.0
1771502109.8318293,63.0,95.0,100.0,110.0,85.0,110.0,100.0
1771502109.8638315,63.0,95.0,100.0,110.0,85.0,110.0,100.0
1771502109.894346,63.0,95.0,100.0,110.0,85.0,110.0,100.0
1771502109.9253402,63.0,95.0,100.0,110.0,85.0,110.0,100.0
1771502109.9583406,63.0,95.0,100.0,109.0,85.0,110.0,100.0
1771502109.9983974,63.0,95.0,100.0,109.0,85.0,110.0,100.0
1771502110.0294132,63.0,95.0,100.0,109.0,85.0,110.0,100.0
1771502110.0610287,63.0,95.0,100.0,109.0,85.0,110.0,100.0
1771502110.0916102,63.0,95.0,100.0,109.0,85.0,110.0,100.0
1771502110.1407738,63.0,95.0,100.0,109.0,85.0,110.0,100.0
1771502110.1757655,63.0,95.0,100.0,109.0,85.0,110.0,100.0
1771502110.221281,63.0,95.0,100.0,109.0,85.0,110.0,100.0
1771502110.2533062,63.0,95.0,100.0,109.0,85.0,110.0,100.0
1771502110.2843082,63.0,95.0,100.0,109.0,85.0,110.0,100.0
1771502110.3146813,63.0,95.0,100.0,109.0,85.0,110.0,100.0
1771502110.345177,63.0,95.0,100.0,109.0,85.0,110.0,100.0
1771502110.3781822,63.0,95.0,100.0,109.0,85.0,110.0,100.0
1771502110.4097135,64.0,95.0,100.0,109.0,85.0,110.0,100.0
1771502110.440731,64.0,95.0,100.0,109.0,86.0,110.0,100.0
1771502110.4719245,64.0,95.0,100.0,109.0,86.0,110.0,100.0
1771502110.5032246,64.0,95.0,100.0,109.0,86.0,110.0,100.0
1771502110.5362232,64.0,95.0,100.0,109.0,86.0,110.0,100.0
1771502110.5742373,64.0,95.0,100.0,109.0,86.0,110.0,100.0
1771502110.5987475,64.0,95.0,100.0,109.0,86.0,110.0,100.0
1771502110.6297355,64.0,96.0,100.0,109.0,86.0,110.0,100.0
1771502110.6597376,64.0,96.0,100.0,109.0,86.0,110.0,100.0
1771502110.6902862,64.0,96.0,100.0,109.0,86.0,110.0,100.0
1771502110.7217956,64.0,96.0,100.0,109.0,86.0,110.0,100.0
1771502110.7538004,64.0,96.0,100.0,108.0,86.0,110.0,100.0
1771502110.7848172,64.0,95.0,100.0,108.0,86.0,110.0,100.0
1771502110.8313434,64.0,95.0,100.0,108.0,86.0,110.0,100.0
1771502110.8633542,64.0,95.0,100.0,108.0,86.0,110.0,100.0
1771502110.8938498,64.0,95.0,100.0,108.0,86.0,110.0,100.0
1771502110.925881,64.0,95.0,100.0,108.0,86.0,110.0,100.0
1771502110.9728732,64.0,96.0,100.0,108.0,86.0,110.0,100.0
1771502111.0059361,64.0,96.0,100.0,108.0,86.0,110.0,100.0
1771502111.0359457,64.0,96.0,100.0,108.0,86.0,110.0,100.0
1771502111.0669382,64.0,96.0,100.0,109.0,86.0,110.0,100.0
1771502111.0980566,64.0,96.0,100.0,109.0,86.0,110.0,100.0
1771502111.1290588,64.0,96.0,100.0,109.0,86.0,110.0,100.0
1771502111.1615884,64.0,96.0,100.0,109.0,86.0,110.0,100.0
1771502111.198155,64.0,96.0,100.0,109.0,86.0,110.0,100.0
1771502111.2291691,64.0,96.0,100.0,109.0,86.0,110.0,100.0
1771502111.263179,64.0,96.0,100.0,109.0,86.0,110.0,100.0
1771502111.2921698,64.0,97.0,100.0,109.0,86.0,110.0,100.0
1771502111.325572,64.0,97.0,100.0,109.0,86.0,110.0,100.0
1771502111.3565714,64.0,97.0,100.0,109.0,86.0,110.0,100.0
1771502111.4051096,64.0,97.0,100.0,109.0,86.0,110.0,100.0
1771502111.438095,64.0,97.0,100.0,109.0,86.0,110.0,100.0
1771502111.4580925,65.0,97.0,100.0,109.0,86.0,110.0,100.0
1771502111.4874842,65.0,97.0,100.0,109.0,86.0,110.0,100.0
1771502111.5192924,65.0,97.0,100.0,109.0,86.0,110.0,100.0
1771502111.5822942,65.0,97.0,100.0,107.0,85.0,110.0,100.0
1771502111.6148143,65.0,97.0,100.0,106.0,84.0,110.0,100.0
1771502111.6458066,64.0,97.0,81.0,104.0,83.0,110.0,100.0
1771502111.6788137,63.0,97.0,64.0,102.0,81.0,110.0,98.0
1771502111.7088494,62.0,97.0,51.0,102.0,80.0,108.0,95.0
1771502111.7408469,61.0,97.0,40.0,102.0,79.0,106.0,92.0
1771502111.7718787,61.0,98.0,32.0,101.0,78.0,104.0,89.0
1771502111.8044438,60.0,99.0,25.0,99.0,77.0,101.0,86.0
1771502111.8363695,60.0,100.0,19.0,98.0,76.0,99.0,82.0
1771502111.8713706,60.0,101.0,15.0,97.0,76.0,97.0,79.0
1771502111.9009988,60.0,102.0,11.0,97.0,76.0,96.0,77.0
1771502111.9309134,60.0,103.0,9.0,94.0,75.0,94.0,73.0
1771502111.9629014,60.0,104.0,9.0,91.0,73.0,90.0,68.0
1771502111.9974174,60.0,104.0,21.0,86.0,69.0,84.0,61.0
1771502112.0294223,61.0,106.0,38.0,80.0,64.0,77.0,54.0
1771502112.0604148,63.0,108.0,58.0,75.0,59.0,71.0,49.0
1771502112.0929463,65.0,111.0,86.0,71.0,55.0,66.0,46.0
1771502112.1269553,67.0,113.0,100.0,66.0,50.0,60.0,41.0
1771502112.1569624,69.0,115.0,100.0,63.0,46.0,55.0,37.0
1771502112.1889582,71.0,116.0,100.0,58.0,41.0,50.0,34.0
1771502112.2204719,73.0,117.0,100.0,54.0,38.0,45.0,31.0
1771502112.2681766,74.0,118.0,100.0,50.0,33.0,41.0,29.0
1771502112.302274,76.0,120.0,100.0,48.0,30.0,37.0,27.0
1771502112.326765,77.0,121.0,100.0,46.0,27.0,34.0,25.0
1771502112.3577697,79.0,123.0,100.0,45.0,26.0,33.0,24.0
1771502112.397274,82.0,124.0,100.0,47.0,26.0,33.0,24.0
1771502112.4282842,85.0,125.0,100.0,48.0,27.0,34.0,24.0
1771502112.4602745,88.0,125.0,94.0,50.0,28.0,34.0,24.0
1771502112.4934993,90.0,126.0,75.0,50.0,29.0,35.0,24.0
1771502112.5266929,92.0,126.0,59.0,49.0,29.0,35.0,24.0
1771502112.5596943,93.0,127.0,47.0,48.0,28.0,35.0,24.0
1771502112.5931914,94.0,128.0,37.0,46.0,28.0,34.0,23.0
1771502112.6276867,95.0,128.0,29.0,43.0,27.0,34.0,22.0
1771502112.6561997,96.0,128.0,23.0,40.0,27.0,33.0,21.0
1771502112.7018142,96.0,129.0,18.0,37.0,26.0,32.0,20.0
1771502112.7378216,97.0,129.0,13.0,35.0,26.0,32.0,19.0
1771502112.7668378,97.0,129.0,10.0,33.0,25.0,31.0,18.0
1771502112.7973666,98.0,129.0,8.0,30.0,25.0,31.0,18.0
1771502112.8293667,98.0,129.0,5.0,28.0,25.0,32.0,18.0
1771502112.8603678,98.0,130.0,4.0,26.0,24.0,32.0,18.0
1771502112.8947394,99.0,130.0,2.0,23.0,23.0,32.0,19.0
1771502112.9524071,99.0,130.0,1.0,20.0,22.0,32.0,19.0
1771502112.9859486,100.0,130.0,1.0,18.0,21.0,31.0,19.0
1771502113.0164607,100.0,130.0,0.0,16.0,20.0,31.0,19.0
1771502113.0474606,100.0,129.0,0.0,15.0,20.0,31.0,19.0
1771502113.0794747,100.0,129.0,0.0,14.0,19.0,31.0,18.0
1771502113.1079838,100.0,129.0,0.0,12.0,18.0,30.0,18.0
1771502113.139992,99.0,128.0,0.0,12.0,17.0,30.0,17.0
1771502113.1719902,99.0,128.0,0.0,11.0,17.0,30.0,17.0
1771502113.2025034,98.0,128.0,0.0,11.0,17.0,29.0,16.0
1771502113.2335296,98.0,127.0,0.0,10.0,16.0,28.0,15.0
1771502113.2655292,98.0,127.0,0.0,10.0,15.0,28.0,15.0
1771502113.295362,97.0,127.0,0.0,11.0,16.0,28.0,15.0
1771502113.3267949,97.0,127.0,0.0,11.0,16.0,28.0,15.0
1771502113.3603137,97.0,127.0,0.0,12.0,16.0,28.0,15.0
1771502113.392363,97.0,126.0,0.0,12.0,16.0,28.0,15.0
1771502113.4232137,96.0,126.0,0.0,12.0,16.0,28.0,15.0
1771502113.4562123,96.0,126.0,0.0,12.0,16.0,28.0,15.0
1771502113.4872181,96.0,126.0,0.0,12.0,16.0,28.0,15.0
1771502113.517739,96.0,126.0,0.0,13.0,16.0,28.0,15.0
1771502113.5657263,96.0,126.0,0.0,13.0,16.0,28.0,15.0
1771502113.598234,96.0,126.0,0.0,13.0,16.0,29.0,15.0
1771502113.6322355,96.0,126.0,0.0,13.0,16.0,29.0,15.0
1771502113.6612334,96.0,126.0,0.0,13.0,16.0,29.0,15.0
1771502113.693738,96.0,126.0,0.0,13.0,16.0,29.0,15.0
1771502113.7247932,96.0,126.0,0.0,13.0,16.0,28.0,15.0
1771502113.7577915,96.0,126.0,0.0,13.0,15.0,28.0,15.0
1771502113.7877963,96.0,126.0,0.0,13.0,15.0,28.0,15.0
1771502113.8213525,96.0,126.0,0.0,13.0,15.0,28.0,14.0
1771502113.8563442,96.0,126.0,0.0,13.0,15.0,28.0,14.0
1771502113.8863516,95.0,125.0,0.0,14.0,16.0,27.0,14.0
1771502113.9174197,95.0,124.0,0.0,14.0,16.0,26.0,13.0
1771502113.9484208,95.0,123.0,0.0,15.0,16.0,26.0,13.0
1771502113.998943,96.0,123.0,0.0,16.0,16.0,26.0,13.0
1771502114.0319405,96.0,122.0,0.0,16.0,17.0,26.0,13.0
1771502114.0629394,97.0,122.0,0.0,16.0,17.0,26.0,13.0
1771502114.0934508,97.0,121.0,0.0,16.0,17.0,26.0,13.0
1771502114.1244555,97.0,120.0,0.0,16.0,17.0,26.0,13.0
1771502114.1568544,96.0,119.0,0.0,15.0,17.0,26.0,13.0
1771502114.1898572,96.0,119.0,0.0,15.0,17.0,25.0,13.0
1771502114.2203853,96.0,118.0,0.0,15.0,17.0,25.0,13.0
1771502114.25241,95.0,118.0,0.0,15.0,17.0,24.0,13.0
1771502114.2864134,95.0,117.0,0.0,15.0,16.0,24.0,13.0
1771502114.3203638,94.0,117.0,0.0,15.0,16.0,24.0,13.0
1771502114.352367,94.0,116.0,0.0,15.0,16.0,24.0,13.0
1771502114.3843744,94.0,116.0,0.0,14.0,16.0,24.0,14.0
1771502114.428902,94.0,116.0,0.0,15.0,16.0,24.0,14.0
1771502114.4624598,94.0,115.0,0.0,14.0,16.0,24.0,14.0
1771502114.4947848,93.0,115.0,0.0,15.0,16.0,24.0,14.0
1771502114.5265043,93.0,115.0,0.0,15.0,16.0,24.0,14.0
1771502114.5565066,93.0,115.0,0.0,15.0,16.0,24.0,14.0
1771502114.589525,92.0,115.0,0.0,15.0,15.0,24.0,14.0
1771502114.6335347,92.0,114.0,0.0,15.0,15.0,23.0,13.0
1771502114.6675365,92.0,114.0,0.0,14.0,15.0,23.0,13.0
1771502114.6997306,91.0,113.0,0.0,12.0,13.0,22.0,12.0
1771502114.7292557,91.0,112.0,0.0,10.0,12.0,22.0,12.0
1771502114.760286,90.0,112.0,0.0,9.0,11.0,20.0,11.0
1771502114.791265,89.0,112.0,0.0,7.0,10.0,19.0,10.0
1771502114.8220189,89.0,112.0,0.0,6.0,10.0,18.0,10.0
1771502114.8605347,89.0,112.0,0.0,6.0,10.0,18.0,9.0
1771502114.8925416,89.0,113.0,0.0,5.0,9.0,16.0,8.0
1771502114.929057,89.0,114.0,0.0,5.0,9.0,15.0,8.0
1771502114.958049,89.0,114.0,0.0,4.0,9.0,15.0,8.0
1771502114.988066,89.0,115.0,0.0,5.0,10.0,15.0,8.0
1771502115.0223277,89.0,115.0,0.0,5.0,10.0,15.0,9.0
1771502115.0543168,89.0,116.0,0.0,5.0,10.0,15.0,9.0
1771502115.0874279,89.0,115.0,0.0,5.0,10.0,15.0,9.0
1771502115.116955,89.0,115.0,0.0,5.0,10.0,15.0,9.0
1771502115.1509516,90.0,115.0,0.0,4.0,10.0,15.0,9.0
1771502115.1829572,89.0,115.0,0.0,4.0,10.0,15.0,9.0
1771502115.213314,89.0,115.0,0.0,4.0,10.0,15.0,9.0
1771502115.244289,89.0,114.0,0.0,4.0,9.0,16.0,9.0
1771502115.2927487,89.0,114.0,0.0,3.0,9.0,16.0,8.0
1771502115.327199,89.0,114.0,0.0,3.0,9.0,16.0,8.0
1771502115.3583956,89.0,114.0,0.0,4.0,9.0,16.0,8.0
1771502115.3894584,89.0,114.0,0.0,5.0,10.0,17.0,9.0
1771502115.4224658,89.0,115.0,0.0,6.0,10.0,17.0,9.0
1771502115.4524748,89.0,115.0,0.0,6.0,10.0,17.0,9.0
1771502115.4854715,89.0,115.0,0.0,6.0,10.0,17.0,9.0
1771502115.5169814,90.0,115.0,0.0,7.0,10.0,17.0,9.0
1771502115.5499876,90.0,115.0,0.0,7.0,11.0,18.0,9.0
1771502115.5830147,91.0,115.0,0.0,8.0,12.0,18.0,10.0
1771502115.614312,91.0,115.0,0.0,8.0,12.0,19.0,10.0
1771502115.6453135,91.0,115.0,0.0,8.0,12.0,19.0,10.0
1771502115.6783123,92.0,116.0,0.0,8.0,13.0,20.0,10.0
1771502115.724719,92.0,116.0,0.0,8.0,13.0,20.0,10.0
1771502115.759702,92.0,116.0,0.0,9.0,13.0,20.0,10.0
1771502115.7897468,92.0,116.0,0.0,9.0,13.0,20.0,11.0
1771502115.8211606,93.0,117.0,0.0,10.0,14.0,21.0,11.0
1771502115.8542495,93.0,117.0,0.0,11.0,14.0,22.0,11.0
1771502115.8852556,93.0,117.0,0.0,11.0,14.0,22.0,12.0
1771502115.916768,94.0,118.0,0.0,12.0,15.0,22.0,12.0
1771502115.9487603,94.0,118.0,0.0,12.0,14.0,22.0,11.0
1771502115.980892,94.0,118.0,0.0,12.0,14.0,22.0,11.0
1771502116.0174732,93.0,117.0,0.0,11.0,14.0,22.0,11.0
1771502116.0455647,93.0,118.0,0.0,11.0,14.0,21.0,11.0
1771502116.076571,93.0,117.0,0.0,11.0,14.0,21.0,11.0
1771502116.1091661,93.0,117.0,0.0,11.0,13.0,21.0,11.0
1771502116.157166,93.0,117.0,0.0,11.0,13.0,21.0,10.0
1771502116.190172,92.0,117.0,0.0,11.0,13.0,20.0,10.0
1771502116.2233603,92.0,117.0,0.0,11.0,13.0,20.0,10.0
1771502116.2533603,92.0,117.0,0.0,11.0,13.0,20.0,10.0
1771502116.284373,92.0,117.0,0.0,10.0,13.0,20.0,10.0
1771502116.3158836,92.0,117.0,0.0,10.0,13.0,20.0,10.0
1771502116.3499117,92.0,118.0,0.0,10.0,13.0,21.0,10.0
1771502116.3818889,93.0,118.0,0.0,11.0,14.0,22.0,11.0
1771502116.4134238,94.0,119.0,0.0,13.0,15.0,23.0,12.0
1771502116.447434,95.0,120.0,0.0,13.0,16.0,24.0,12.0
1771502116.4764218,96.0,120.0,0.0,14.0,17.0,25.0,13.0
1771502116.50913,96.0,121.0,0.0,14.0,17.0,26.0,14.0
1771502116.5411286,96.0,120.0,0.0,13.0,17.0,26.0,14.0
1771502116.590143,96.0,120.0,0.0,12.0,15.0,24.0,13.0
1771502116.621669,95.0,119.0,0.0,11.0,14.0,23.0,12.0
1771502116.656171,95.0,119.0,0.0,10.0,14.0,23.0,12.0
1771502116.6852348,94.0,118.0,0.0,9.0,13.0,22.0,12.0
1771502116.7170172,94.0,118.0,0.0,9.0,13.0,22.0,11.0
1771502116.7500513,94.0,118.0,0.0,9.0,12.0,21.0,11.0
1771502116.781062,93.0,117.0,0.0,8.0,12.0,20.0,11.0
1771502116.8122363,93.0,117.0,0.0,8.0,12.0,20.0,11.0
1771502116.8462348,93.0,117.0,0.0,9.0,12.0,20.0,11.0
1771502116.8812592,93.0,118.0,0.0,9.0,13.0,20.0,11.0
1771502116.9087725,93.0,118.0,0.0,9.0,13.0,21.0,11.0
1771502116.94179,93.0,118.0,0.0,9.0,13.0,21.0,11.0
1771502116.9888105,93.0,118.0,0.0,9.0,12.0,20.0,11.0
1771502117.0442421,93.0,118.0,0.0,9.0,12.0,20.0,10.0
1771502117.0772495,93.0,118.0,0.0,8.0,12.0,20.0,10.0
1771502117.1087844,92.0,118.0,0.0,8.0,11.0,19.0,10.0
1771502117.1387842,92.0,117.0,0.0,8.0,11.0,19.0,10.0
1771502117.1688747,92.0,117.0,0.0,8.0,11.0,19.0,10.0
1771502117.200403,92.0,117.0,0.0,8.0,11.0,19.0,10.0
1771502117.2314048,92.0,117.0,0.0,8.0,11.0,19.0,10.0
1771502117.2624037,92.0,117.0,0.0,7.0,11.0,19.0,10.0
1771502117.2950165,92.0,117.0,0.0,7.0,12.0,20.0,11.0
1771502117.3255286,92.0,117.0,0.0,7.0,12.0,20.0,11.0
1771502117.3586097,92.0,116.0,0.0,6.0,11.0,20.0,12.0
1771502117.3896155,92.0,116.0,0.0,6.0,11.0,21.0,12.0
1771502117.422111,93.0,117.0,0.0,6.0,11.0,21.0,12.0
1771502117.454132,93.0,117.0,0.0,6.0,11.0,22.0,12.0
1771502117.4852731,93.0,117.0,0.0,6.0,11.0,22.0,13.0
1771502117.5204213,94.0,118.0,0.0,6.0,12.0,23.0,13.0
1771502117.548423,94.0,118.0,0.0,7.0,13.0,24.0,13.0
1771502117.5804195,95.0,119.0,0.0,8.0,14.0,24.0,14.0
1771502117.612956,96.0,120.0,0.0,9.0,15.0,25.0,14.0
1771502117.6455069,96.0,121.0,0.0,9.0,15.0,26.0,14.0
1771502117.6765146,97.0,122.0,0.0,10.0,16.0,26.0,15.0
1771502117.7090166,98.0,122.0,0.0,10.0,17.0,27.0,15.0
1771502117.7450237,98.0,123.0,0.0,10.0,18.0,28.0,16.0
1771502117.7730498,98.0,123.0,0.0,11.0,19.0,28.0,16.0
1771502117.804561,97.0,122.0,0.0,10.0,18.0,26.0,14.0
1771502117.8525934,96.0,122.0,0.0,9.0,16.0,23.0,12.0
1771502117.8856163,94.0,122.0,0.0,9.0,15.0,22.0,11.0
1771502117.9181354,94.0,121.0,0.0,8.0,14.0,21.0,10.0
1771502117.9501405,93.0,120.0,0.0,8.0,14.0,20.0,10.0
1771502117.9821246,92.0,119.0,0.0,8.0,13.0,19.0,9.0
1771502118.0132163,91.0,118.0,0.0,8.0,13.0,19.0,9.0
1771502118.0461013,91.0,118.0,0.0,8.0,13.0,19.0,9.0
1771502118.0771065,91.0,118.0,0.0,8.0,12.0,19.0,9.0
1771502118.1096156,92.0,119.0,0.0,7.0,12.0,19.0,9.0
1771502118.1436155,92.0,119.0,0.0,7.0,13.0,19.0,10.0
1771502118.175628,92.0,119.0,0.0,7.0,13.0,19.0,10.0
1771502118.207122,91.0,118.0,0.0,8.0,13.0,19.0,9.0
1771502118.2381222,91.0,118.0,0.0,8.0,12.0,19.0,9.0
1771502118.285125,91.0,117.0,0.0,8.0,12.0,19.0,9.0
1771502118.317649,90.0,116.0,0.0,8.0,12.0,19.0,9.0
1771502118.3491364,90.0,115.0,0.0,9.0,12.0,18.0,9.0
1771502118.3951254,90.0,114.0,0.0,9.0,12.0,18.0,9.0
1771502118.4275281,89.0,114.0,0.0,8.0,12.0,18.0,8.0
1771502118.457528,89.0,114.0,0.0,8.0,12.0,17.0,8.0
1771502118.489552,88.0,113.0,0.0,8.0,12.0,17.0,8.0
1771502118.522064,88.0,113.0,0.0,8.0,11.0,16.0,8.0
1771502118.553064,87.0,113.0,0.0,7.0,11.0,15.0,7.0
1771502118.584068,87.0,113.0,0.0,7.0,11.0,15.0,7.0
1771502118.6167548,87.0,113.0,0.0,7.0,10.0,14.0,7.0
1771502118.647741,86.0,112.0,0.0,6.0,9.0,13.0,6.0
1771502118.67974,86.0,112.0,0.0,6.0,8.0,12.0,6.0
1771502118.718306,86.0,112.0,0.0,5.0,8.0,12.0,6.0
1771502118.7502887,85.0,112.0,1.0,5.0,7.0,12.0,6.0
1771502118.7822993,86.0,112.0,1.0,5.0,7.0,11.0,6.0
1771502118.8138196,86.0,112.0,0.0,5.0,7.0,11.0,6.0
1771502118.8458252,86.0,113.0,0.0,6.0,7.0,12.0,6.0
1771502118.8768764,86.0,113.0,0.0,6.0,8.0,12.0,6.0
1771502118.9075046,87.0,113.0,0.0,7.0,9.0,13.0,7.0
1771502118.9414043,87.0,113.0,0.0,7.0,9.0,14.0,7.0
1771502118.9725504,87.0,113.0,0.0,8.0,9.0,14.0,7.0
1771502119.0058665,88.0,114.0,0.0,8.0,10.0,14.0,7.0
1771502119.0408714,88.0,114.0,0.0,8.0,10.0,14.0,8.0
1771502119.0728662,88.0,114.0,0.0,8.0,10.0,15.0,8.0
1771502119.1054387,88.0,114.0,0.0,8.0,10.0,14.0,8.0
1771502119.148746,88.0,114.0,0.0,8.0,10.0,14.0,8.0
1771502119.1837907,88.0,114.0,4.0,8.0,10.0,14.0,7.0
1771502119.2135131,88.0,114.0,7.0,8.0,10.0,14.0,7.0
1771502119.2475164,88.0,114.0,5.0,8.0,10.0,14.0,7.0
1771502119.2775154,88.0,114.0,4.0,8.0,10.0,14.0,7.0
1771502119.3090632,88.0,115.0,3.0,9.0,10.0,14.0,7.0
1771502119.3420794,88.0,114.0,4.0,8.0,10.0,14.0,7.0
1771502119.374084,88.0,115.0,3.0,8.0,10.0,14.0,7.0
1771502119.404059,88.0,114.0,3.0,8.0,10.0,14.0,7.0
1771502119.4380596,87.0,114.0,2.0,8.0,10.0,14.0,7.0
1771502119.4700677,87.0,114.0,1.0,8.0,10.0,14.0,7.0
1771502119.5004206,87.0,115.0,0.0,8.0,10.0,14.0,7.0
1771502119.5337884,88.0,115.0,0.0,8.0,11.0,14.0,7.0
1771502119.615314,87.0,114.0,5.0,8.0,10.0,13.0,7.0
1771502119.6404483,87.0,114.0,3.0,8.0,10.0,14.0,7.0
1771502119.6714478,87.0,114.0,2.0,8.0,10.0,14.0,7.0
1771502119.7039695,87.0,114.0,1.0,8.0,10.0,14.0,7.0
1771502119.7413838,87.0,114.0,0.0,8.0,10.0,14.0,7.0
1771502119.7663953,87.0,114.0,3.0,8.0,10.0,14.0,7.0
1771502119.7973928,87.0,114.0,3.0,8.0,11.0,14.0,7.0
1771502119.8299048,88.0,114.0,2.0,8.0,11.0,15.0,8.0
1771502119.8619056,88.0,114.0,1.0,8.0,11.0,15.0,8.0
1771502119.8949044,88.0,114.0,1.0,8.0,11.0,15.0,8.0
1771502119.9244103,88.0,115.0,1.0,9.0,12.0,15.0,8.0
1771502119.9554398,88.0,115.0,0.0,9.0,12.0,16.0,8.0
1771502119.9864604,88.0,115.0,0.0,9.0,12.0,16.0,8.0
1771502120.0476053,88.0,115.0,0.0,9.0,12.0,16.0,8.0
1771502120.0671265,88.0,115.0,0.0,9.0,12.0,15.0,8.0
1771502120.1001737,88.0,115.0,0.0,9.0,12.0,15.0,8.0
1771502120.130686,88.0,115.0,0.0,9.0,12.0,15.0,8.0
1771502120.1626852,88.0,115.0,0.0,9.0,11.0,15.0,8.0
1771502120.192689,88.0,115.0,0.0,9.0,11.0,15.0,7.0
1771502120.2242074,88.0,115.0,0.0,9.0,11.0,15.0,7.0
1771502120.2561958,88.0,115.0,0.0,9.0,11.0,15.0,7.0
1771502120.2871969,87.0,114.0,0.0,8.0,11.0,14.0,7.0
1771502120.3188975,87.0,114.0,0.0,8.0,11.0,14.0,7.0
1771502120.3488977,87.0,114.0,0.0,8.0,11.0,14.0,7.0
1771502120.3789392,88.0,114.0,0.0,8.0,11.0,14.0,7.0
1771502120.445914,88.0,114.0,0.0,8.0,11.0,15.0,7.0
1771502120.4799774,88.0,114.0,0.0,8.0,11.0,15.0,8.0
1771502120.5038855,88.0,114.0,0.0,8.0,11.0,15.0,8.0
1771502120.5375187,88.0,114.0,0.0,8.0,11.0,15.0,8.0
1771502120.5675178,88.0,114.0,0.0,8.0,11.0,15.0,8.0
1771502120.601034,88.0,114.0,0.0,8.0,11.0,15.0,8.0
1771502120.6325982,88.0,114.0,0.0,8.0,11.0,15.0,8.0
1771502120.6636,88.0,114.0,0.0,8.0,11.0,15.0,8.0
1771502120.694602,88.0,114.0,0.0,8.0,11.0,15.0,8.0
1771502120.724132,88.0,114.0,0.0,9.0,11.0,15.0,8.0
1771502120.7571278,88.0,115.0,0.0,9.0,12.0,16.0,8.0
1771502120.7871277,88.0,115.0,0.0,9.0,12.0,16.0,8.0
1771502120.828589,89.0,115.0,0.0,9.0,12.0,16.0,8.0
1771502120.8765895,89.0,115.0,1.0,9.0,12.0,16.0,8.0
1771502120.9111044,88.0,115.0,2.0,9.0,11.0,15.0,8.0
1771502120.9421368,88.0,115.0,1.0,9.0,11.0,15.0,8.0
1771502120.975144,88.0,115.0,0.0,9.0,11.0,15.0,8.0
1771502121.0046494,88.0,115.0,0.0,9.0,11.0,16.0,8.0
1771502121.0366383,88.0,115.0,0.0,9.0,11.0,16.0,8.0
1771502121.0676632,88.0,115.0,0.0,9.0,11.0,16.0,8.0
1771502121.1311061,88.0,115.0,0.0,9.0,11.0,15.0,8.0
1771502121.163634,88.0,115.0,0.0,9.0,11.0,15.0,8.0
1771502121.1967711,88.0,115.0,0.0,9.0,12.0,16.0,8.0
1771502121.2280679,88.0,115.0,0.0,9.0,11.0,16.0,8.0
1771502121.26079,89.0,115.0,0.0,9.0,12.0,16.0,8.0
1771502121.28781,89.0,115.0,0.0,9.0,12.0,16.0,8.0
1771502121.3189602,88.0,115.0,0.0,9.0,12.0,15.0,8.0
1771502121.350963,88.0,115.0,0.0,9.0,12.0,15.0,7.0
1771502121.3819647,88.0,115.0,0.0,8.0,11.0,15.0,7.0
1771502121.4136798,88.0,115.0,0.0,8.0,11.0,15.0,7.0
1771502121.443706,88.0,115.0,0.0,8.0,11.0,15.0,7.0
1771502121.4746795,88.0,115.0,0.0,8.0,11.0,15.0,7.0
1771502121.5079143,88.0,115.0,0.0,8.0,11.0,15.0,7.0
1771502121.5364683,88.0,115.0,0.0,9.0,12.0,15.0,7.0
1771502121.5694668,88.0,115.0,0.0,9.0,12.0,16.0,8.0
1771502121.599471,88.0,115.0,0.0,9.0,12.0,15.0,7.0
1771502121.631414,88.0,115.0,0.0,9.0,12.0,15.0,7.0
1771502121.6619716,88.0,115.0,0.0,9.0,12.0,15.0,7.0
1771502121.6929848,88.0,115.0,0.0,9.0,12.0,15.0,7.0
1771502121.7415285,88.0,115.0,0.0,9.0,12.0,15.0,7.0
1771502121.773533,88.0,115.0,0.0,9.0,12.0,15.0,7.0
1771502121.8040693,88.0,115.0,0.0,9.0,12.0,15.0,7.0
1771502121.837071,88.0,115.0,0.0,9.0,12.0,15.0,7.0
1771502121.865071,88.0,115.0,0.0,9.0,12.0,15.0,7.0
1771502121.8967414,88.0,115.0,0.0,9.0,11.0,15.0,7.0
1771502121.9278293,88.0,115.0,0.0,9.0,11.0,15.0,7.0
1771502121.9458303,88.0,115.0,0.0,9.0,10.0,5.0,0.0
1771502121.9999325,88.0,115.0,0.0,9.0,10.0,4.0,0.0
1771502122.0300531,88.0,115.0,0.0,9.0,10.0,4.0,0.0
1771502122.064045,88.0,115.0,0.0,9.0,10.0,4.0,0.0
1771502122.0930736,88.0,115.0,0.0,9.0,10.0,4.0,0.0
1771502122.1252687,88.0,115.0,0.0,9.0,10.0,4.0,0.0
1771502122.1732912,88.0,115.0,0.0,9.0,10.0,4.0,0.0
1771502122.1962833,88.0,115.0,0.0,9.0,10.0,4.0,0.0
1771502122.2253556,88.0,115.0,0.0,9.0,10.0,4.0,0.0
1771502122.2568834,88.0,115.0,0.0,9.0,10.0,4.0,0.0
1771502122.2864037,88.0,115.0,0.0,9.0,10.0,5.0,0.0
1771502122.3171573,88.0,115.0,0.0,9.0,10.0,4.0,0.0
1771502122.3482933,88.0,115.0,0.0,9.0,10.0,4.0,0.0
1771502122.39727,88.0,115.0,0.0,9.0,10.0,5.0,0.0
1771502122.4287732,88.0,115.0,0.0,9.0,10.0,5.0,0.0
1771502122.4879515,88.0,115.0,0.0,10.0,10.0,5.0,0.0
1771502122.5204697,88.0,115.0,0.0,10.0,10.0,5.0,0.0
1771502122.551472,88.0,116.0,0.0,10.0,10.0,5.0,0.0
1771502122.5814707,88.0,116.0,0.0,9.0,10.0,5.0,0.0
1771502122.6144638,88.0,115.0,0.0,9.0,10.0,4.0,0.0
1771502122.64558,88.0,115.0,0.0,9.0,10.0,4.0,0.0
1771502122.6765845,88.0,115.0,0.0,9.0,10.0,4.0,0.0
1771502122.708103,87.0,115.0,0.0,8.0,9.0,4.0,0.0
1771502122.7401586,87.0,115.0,0.0,8.0,9.0,4.0,0.0
1771502122.7711058,87.0,115.0,0.0,8.0,9.0,3.0,0.0
1771502122.8026803,87.0,114.0,0.0,8.0,9.0,3.0,0.0
1771502122.8346853,87.0,115.0,0.0,8.0,9.0,4.0,0.0
1771502122.8656864,87.0,115.0,0.0,8.0,9.0,4.0,0.0
1771502122.8957155,87.0,115.0,0.0,8.0,9.0,4.0,0.0
1771502122.9262261,88.0,115.0,0.0,8.0,10.0,4.0,0.0
1771502122.9562266,88.0,115.0,0.0,8.0,10.0,5.0,0.0
1771502123.0057335,88.0,115.0,0.0,8.0,10.0,4.0,0.0
1771502123.036735,88.0,115.0,0.0,8.0,10.0,5.0,0.0
1771502123.0678434,88.0,115.0,0.0,8.0,10.0,5.0,0.0
1771502123.0967689,88.0,115.0,0.0,8.0,10.0,5.0,0.0
1771502123.1308265,88.0,114.0,0.0,8.0,10.0,4.0,0.0
1771502123.1608264,88.0,114.0,0.0,8.0,10.0,5.0,0.0
1771502123.1978376,88.0,114.0,0.0,8.0,10.0,5.0,0.0
1771502123.228357,88.0,115.0,0.0,8.0,10.0,5.0,0.0
1771502123.260337,88.0,115.0,0.0,8.0,10.0,5.0,0.0
1771502123.2923431,88.0,115.0,0.0,8.0,9.0,5.0,0.0
1771502123.3265324,87.0,114.0,0.0,7.0,9.0,4.0,0.0
1771502123.3600347,87.0,115.0,0.0,8.0,9.0,4.0,0.0
1771502123.391071,87.0,115.0,0.0,8.0,9.0,4.0,0.0
1771502123.4386318,87.0,115.0,0.0,8.0,9.0,4.0,0.0
1771502123.469671,87.0,114.0,0.0,8.0,9.0,4.0,0.0
1771502123.4942703,87.0,114.0,0.0,8.0,9.0,4.0,0.0
1771502123.5250652,87.0,115.0,0.0,8.0,9.0,4.0,0.0
1771502123.556066,87.0,114.0,0.0,8.0,9.0,4.0,0.0
1771502123.5980713,87.0,114.0,0.0,8.0,9.0,4.0,0.0
1771502123.6305957,87.0,115.0,0.0,8.0,9.0,4.0,0.0
1771502123.6625776,87.0,114.0,0.0,8.0,9.0,4.0,0.0
1771502123.693426,87.0,114.0,0.0,8.0,9.0,4.0,0.0
1771502123.7249222,87.0,114.0,0.0,8.0,9.0,4.0,0.0
1771502123.7569265,88.0,115.0,0.0,8.0,10.0,5.0,0.0
1771502123.7919302,88.0,115.0,0.0,8.0,10.0,5.0,0.0
1771502123.8499763,88.0,115.0,0.0,9.0,10.0,5.0,0.0
1771502123.880988,88.0,115.0,0.0,8.0,10.0,5.0,0.0
1771502123.9125001,88.0,115.0,0.0,8.0,10.0,5.0,0.0
1771502123.944499,88.0,115.0,0.0,8.0,10.0,5.0,0.0
1771502123.9745512,88.0,115.0,0.0,8.0,10.0,5.0,0.0
1771502124.0050898,88.0,115.0,0.0,8.0,10.0,5.0,0.0
1771502124.0370927,88.0,115.0,0.0,8.0,9.0,5.0,0.0
1771502124.0691824,88.0,115.0,0.0,8.0,9.0,4.0,0.0
1771502124.1011891,87.0,115.0,0.0,8.0,9.0,4.0,0.0
1771502124.134266,87.0,115.0,0.0,7.0,9.0,4.0,0.0
1771502124.166283,87.0,115.0,0.0,8.0,9.0,4.0,0.0
1771502124.1972864,87.0,115.0,0.0,7.0,9.0,4.0,0.0
1771502124.2288127,87.0,115.0,0.0,7.0,9.0,4.0,0.0
1771502124.2598138,87.0,115.0,0.0,7.0,9.0,4.0,0.0
1771502124.3018157,87.0,115.0,0.0,7.0,9.0,4.0,0.0
1771502124.3373244,88.0,115.0,0.0,7.0,9.0,4.0,0.0
1771502124.371325,87.0,115.0,0.0,7.0,9.0,4.0,0.0
1771502124.403341,87.0,115.0,0.0,7.0,9.0,4.0,0.0
1771502124.4336145,88.0,115.0,0.0,7.0,9.0,4.0,0.0
1771502124.4656544,88.0,115.0,0.0,7.0,10.0,4.0,0.0
1771502124.498679,88.0,115.0,0.0,8.0,10.0,4.0,0.0
1771502124.5297537,88.0,115.0,0.0,7.0,9.0,4.0,0.0
1771502124.561042,88.0,115.0,0.0,7.0,9.0,4.0,0.0
1771502124.594047,88.0,116.0,0.0,7.0,10.0,5.0,0.0
1771502124.6252,88.0,116.0,0.0,8.0,10.0,5.0,0.0
1771502124.6567059,88.0,116.0,0.0,7.0,10.0,4.0,0.0
1771502124.688123,88.0,115.0,0.0,7.0,10.0,4.0,0.0
1771502124.7333622,88.0,115.0,0.0,7.0,10.0,5.0,0.0
1771502124.7673883,88.0,115.0,0.0,7.0,10.0,5.0,0.0
1771502124.7973344,88.0,115.0,0.0,7.0,10.0,5.0,0.0
1771502124.8294077,88.0,115.0,0.0,7.0,10.0,5.0,0.0
1771502124.8647583,88.0,115.0,0.0,7.0,10.0,5.0,0.0
1771502124.8928654,88.0,115.0,0.0,7.0,10.0,5.0,0.0
1771502124.925394,88.0,115.0,0.0,7.0,10.0,5.0,0.0
1771502124.9573915,88.0,115.0,0.0,7.0,10.0,5.0,0.0
1771502124.989935,88.0,115.0,0.0,7.0,10.0,5.0,0.0
1771502125.021474,88.0,116.0,0.0,8.0,10.0,5.0,0.0
1771502125.0535164,88.0,116.0,0.0,8.0,10.0,5.0,0.0
1771502125.0864427,88.0,116.0,0.0,8.0,10.0,5.0,0.0
1771502125.1170409,88.0,115.0,0.0,8.0,10.0,5.0,0.0
1771502125.1650364,88.0,115.0,0.0,8.0,10.0,5.0,0.0
1771502125.2208242,88.0,115.0,0.0,8.0,10.0,5.0,0.0
1771502125.238833,88.0,115.0,0.0,8.0,10.0,5.0,0.0
1771502125.2698483,88.0,115.0,0.0,8.0,10.0,6.0,1.0
1771502125.3018525,88.0,115.0,0.0,8.0,10.0,6.0,1.0
1771502125.3347561,89.0,115.0,0.0,8.0,10.0,6.0,1.0
1771502125.3653772,89.0,115.0,0.0,8.0,10.0,6.0,1.0
1771502125.3975296,89.0,115.0,0.0,8.0,10.0,6.0,1.0
1771502125.4280174,89.0,115.0,0.0,8.0,10.0,6.0,1.0
1771502125.4600194,89.0,115.0,0.0,8.0,10.0,6.0,1.0
1771502125.4909852,89.0,115.0,0.0,8.0,10.0,6.0,1.0
1771502125.5212584,88.0,115.0,0.0,8.0,10.0,6.0,1.0
1771502125.551768,89.0,115.0,0.0,8.0,10.0,6.0,1.0
1771502125.597829,88.0,115.0,0.0,8.0,10.0,6.0,1.0
1771502125.6304383,88.0,115.0,0.0,7.0,10.0,6.0,1.0
1771502125.6604476,89.0,115.0,0.0,7.0,10.0,6.0,1.0
1771502125.6934445,89.0,115.0,0.0,8.0,10.0,7.0,1.0
1771502125.7286875,89.0,115.0,0.0,8.0,10.0,6.0,1.0
1771502125.7590616,89.0,115.0,0.0,8.0,10.0,6.0,1.0
1771502125.7919245,88.0,115.0,0.0,8.0,10.0,6.0,1.0
1771502125.8214335,88.0,115.0,0.0,8.0,10.0,6.0,1.0
1771502125.8534358,88.0,115.0,0.0,7.0,10.0,6.0,0.0
1771502125.8849065,88.0,115.0,0.0,7.0,10.0,6.0,0.0
1771502125.916994,88.0,116.0,0.0,7.0,10.0,6.0,0.0
1771502125.9499755,88.0,116.0,0.0,7.0,10.0,6.0,0.0
1771502125.9819753,88.0,116.0,0.0,7.0,10.0,6.0,0.0
1771502126.0296016,88.0,115.0,0.0,7.0,10.0,5.0,0.0
1771502126.0616024,88.0,115.0,0.0,7.0,10.0,5.0,0.0
1771502126.0926063,88.0,115.0,0.0,7.0,10.0,5.0,0.0
1771502126.125191,88.0,115.0,0.0,7.0,10.0,5.0,0.0
1771502126.161191,88.0,115.0,0.0,7.0,10.0,5.0,0.0
1771502126.1891897,88.0,115.0,0.0,7.0,10.0,5.0,0.0
1771502126.2208004,88.0,115.0,0.0,7.0,10.0,5.0,0.0
1771502126.2527163,88.0,116.0,0.0,7.0,10.0,5.0,0.0
1771502126.2847173,88.0,115.0,0.0,7.0,10.0,5.0,0.0
1771502126.3172936,88.0,115.0,0.0,7.0,10.0,5.0,0.0
1771502126.350287,88.0,115.0,0.0,7.0,10.0,5.0,0.0
1771502126.3812897,88.0,115.0,0.0,7.0,10.0,5.0,0.0
1771502126.4118795,88.0,115.0,0.0,7.0,10.0,5.0,0.0
1771502126.461856,88.0,116.0,0.0,8.0,10.0,6.0,0.0
1771502126.4944487,88.0,116.0,0.0,8.0,10.0,6.0,0.0
1771502126.527776,88.0,116.0,0.0,8.0,10.0,6.0,0.0
1771502126.5608025,88.0,116.0,0.0,7.0,10.0,5.0,0.0
1771502126.5927806,88.0,116.0,0.0,7.0,9.0,5.0,0.0
1771502126.6242921,88.0,116.0,0.0,7.0,10.0,5.0,0.0
1771502126.6548083,88.0,115.0,0.0,7.0,9.0,5.0,0.0
1771502126.685353,88.0,115.0,0.0,7.0,9.0,5.0,0.0
1771502126.7179215,88.0,115.0,0.0,7.0,9.0,5.0,0.0
1771502126.7499402,88.0,115.0,0.0,7.0,9.0,5.0,0.0
1771502126.7809358,88.0,115.0,0.0,7.0,9.0,5.0,0.0
1771502126.816471,88.0,115.0,0.0,7.0,9.0,5.0,0.0
1771502126.8444664,88.0,115.0,0.0,7.0,9.0,5.0,0.0
1771502126.8935335,88.0,115.0,0.0,7.0,9.0,5.0,0.0
1771502126.925798,88.0,115.0,0.0,7.0,9.0,5.0,0.0
1771502126.9578369,88.0,115.0,0.0,7.0,9.0,5.0,0.0
1771502126.9897923,88.0,115.0,0.0,7.0,10.0,5.0,0.0
1771502127.0253077,88.0,115.0,0.0,7.0,10.0,5.0,0.0
1771502127.0583196,88.0,115.0,0.0,7.0,10.0,5.0,0.0
1771502127.0883114,88.0,115.0,0.0,7.0,10.0,5.0,0.0
1771502127.1200025,88.0,115.0,0.0,7.0,10.0,5.0,0.0
1771502127.1530018,88.0,115.0,0.0,7.0,10.0,6.0,0.0
1771502127.1840024,88.0,116.0,0.0,8.0,10.0,6.0,0.0
1771502127.213513,89.0,116.0,0.0,8.0,10.0,6.0,0.0
1771502127.2465112,89.0,116.0,0.0,8.0,10.0,6.0,0.0
1771502127.2765114,88.0,116.0,0.0,8.0,10.0,6.0,0.0
1771502127.3260236,88.0,116.0,0.0,7.0,10.0,5.0,0.0
1771502127.3580225,88.0,116.0,0.0,8.0,10.0,6.0,0.0
1771502127.3899481,88.0,116.0,0.0,8.0,10.0,6.0,0.0
1771502127.4210835,88.0,116.0,0.0,8.0,10.0,6.0,0.0
1771502127.4540865,88.0,116.0,0.0,8.0,10.0,5.0,0.0
1771502127.486078,88.0,116.0,0.0,8.0,10.0,5.0,0.0
1771502127.5177214,88.0,116.0,0.0,8.0,10.0,5.0,0.0
1771502127.5497193,88.0,116.0,0.0,8.0,10.0,5.0,0.0
1771502127.5817285,88.0,116.0,0.0,8.0,10.0,5.0,0.0
1771502127.6132371,88.0,116.0,0.0,8.0,10.0,5.0,0.0
1771502127.646228,88.0,116.0,0.0,8.0,11.0,6.0,0.0
1771502127.6782305,88.0,116.0,0.0,8.0,10.0,6.0,0.0
1771502127.7097385,88.0,117.0,0.0,8.0,10.0,6.0,0.0
1771502127.7558432,88.0,117.0,0.0,8.0,10.0,6.0,0.0
1771502127.7898767,88.0,116.0,0.0,8.0,11.0,7.0,0.0
1771502127.8208957,88.0,117.0,0.0,8.0,11.0,7.0,0.0
1771502127.853895,88.0,116.0,0.0,7.0,11.0,7.0,0.0
1771502127.8860042,88.0,116.0,0.0,7.0,11.0,7.0,0.0
1771502127.9359698,88.0,116.0,0.0,7.0,10.0,6.0,0.0
1771502127.9689794,88.0,117.0,0.0,7.0,10.0,6.0,0.0
1771502128.0009804,88.0,117.0,0.0,8.0,11.0,7.0,0.0
1771502128.0315142,88.0,117.0,0.0,7.0,11.0,7.0,0.0
1771502128.0625308,88.0,117.0,0.0,7.0,11.0,7.0,0.0
1771502128.0945363,88.0,117.0,0.0,7.0,11.0,7.0,0.0
1771502128.1230552,88.0,116.0,0.0,7.0,10.0,7.0,0.0
1771502128.1550446,88.0,116.0,0.0,7.0,10.0,7.0,0.0
1771502128.1910565,89.0,117.0,0.0,7.0,11.0,7.0,0.0
1771502128.2213433,89.0,116.0,0.0,7.0,10.0,7.0,0.0
1771502128.2533298,89.0,117.0,0.0,7.0,10.0,7.0,0.0
1771502128.2853317,88.0,116.0,0.0,7.0,10.0,7.0,0.0
1771502128.3198676,88.0,117.0,0.0,7.0,10.0,7.0,0.0
1771502128.3499506,88.0,116.0,0.0,7.0,10.0,6.0,0.0
1771502128.3819578,88.0,117.0,0.0,7.0,10.0,6.0,0.0
1771502128.4124749,88.0,116.0,0.0,7.0,10.0,6.0,0.0
1771502128.44548,88.0,116.0,0.0,7.0,10.0,7.0,0.0
1771502128.476477,88.0,116.0,0.0,7.0,10.0,6.0,0.0
1771502128.5101736,88.0,116.0,0.0,8.0,10.0,7.0,0.0
1771502128.5416994,88.0,116.0,0.0,8.0,10.0,7.0,0.0
1771502128.5886977,88.0,116.0,0.0,8.0,10.0,7.0,0.0
1771502128.6222112,89.0,116.0,0.0,8.0,10.0,7.0,0.0
1771502128.655803,89.0,116.0,0.0,8.0,11.0,7.0,0.0
1771502128.6878047,89.0,116.0,0.0,8.0,11.0,7.0,0.0
1771502128.7193277,89.0,116.0,0.0,8.0,10.0,7.0,0.0
1771502128.7523332,89.0,116.0,0.0,8.0,11.0,7.0,0.0
1771502128.7824054,89.0,116.0,0.0,8.0,11.0,7.0,0.0
1771502128.812922,89.0,116.0,0.0,8.0,10.0,7.0,0.0
1771502128.8471475,89.0,116.0,0.0,8.0,11.0,7.0,0.0
1771502128.8788517,89.0,116.0,0.0,8.0,11.0,7.0,0.0
1771502128.9088337,89.0,116.0,0.0,8.0,11.0,7.0,0.0
1771502128.9418535,89.0,116.0,0.0,8.0,10.0,7.0,0.0
1771502128.9748416,89.0,116.0,0.0,8.0,11.0,7.0,0.0
1771502129.02205,89.0,115.0,0.0,7.0,10.0,7.0,0.0
1771502129.0551481,89.0,115.0,0.0,7.0,10.0,7.0,0.0
1771502129.0850744,89.0,115.0,0.0,7.0,10.0,7.0,0.0
1771502129.1173275,89.0,116.0,0.0,7.0,10.0,7.0,0.0
1771502129.1513193,89.0,116.0,0.0,7.0,11.0,7.0,0.0
1771502129.1833446,89.0,115.0,0.0,7.0,11.0,7.0,0.0
1771502129.2128322,89.0,116.0,0.0,7.0,11.0,7.0,0.0
1771502129.2448332,89.0,116.0,0.0,7.0,11.0,7.0,0.0
1771502129.276832,89.0,116.0,0.0,7.0,11.0,7.0,0.0
1771502129.3136775,89.0,116.0,0.0,7.0,11.0,7.0,0.0
1771502129.3456824,89.0,116.0,0.0,7.0,11.0,7.0,0.0
1771502129.3776867,89.0,116.0,0.0,7.0,11.0,7.0,0.0
1771502129.4088047,89.0,115.0,0.0,7.0,10.0,7.0,1.0
1771502129.4529696,89.0,115.0,0.0,7.0,10.0,7.0,1.0
1771502129.4897108,89.0,115.0,0.0,7.0,11.0,7.0,1.0
1771502129.519362,89.0,116.0,0.0,7.0,10.0,7.0,0.0
1771502129.5523667,89.0,116.0,0.0,7.0,11.0,7.0,1.0
1771502129.5823576,89.0,116.0,0.0,7.0,11.0,7.0,1.0
1771502129.6158922,89.0,116.0,0.0,8.0,11.0,8.0,1.0
1771502129.6480181,89.0,115.0,0.0,7.0,10.0,7.0,1.0
1771502129.6790264,89.0,115.0,0.0,7.0,10.0,7.0,1.0
1771502129.7105637,89.0,115.0,0.0,7.0,10.0,8.0,1.0
1771502129.7405636,89.0,115.0,0.0,7.0,10.0,8.0,1.0
1771502129.7729313,89.0,115.0,0.0,7.0,10.0,8.0,1.0
1771502129.8060024,89.0,116.0,0.0,7.0,10.0,8.0,1.0
1771502129.8393984,89.0,116.0,0.0,7.0,10.0,8.0,1.0
1771502129.8848872,89.0,115.0,0.0,7.0,10.0,8.0,1.0
1771502129.9184778,89.0,115.0,0.0,7.0,10.0,8.0,1.0
1771502129.9490623,89.0,115.0,0.0,7.0,10.0,8.0,2.0
1771502129.9816096,90.0,116.0,0.0,7.0,10.0,8.0,2.0
1771502130.013524,90.0,116.0,0.0,7.0,10.0,8.0,2.0
1771502130.046527,90.0,116.0,0.0,7.0,10.0,8.0,2.0
1771502130.079552,90.0,116.0,0.0,7.0,10.0,8.0,2.0
1771502130.1114452,90.0,116.0,0.0,7.0,10.0,9.0,2.0
1771502130.1425402,90.0,116.0,0.0,8.0,11.0,9.0,2.0
1771502130.1735609,90.0,116.0,0.0,8.0,11.0,9.0,2.0
1771502130.2063632,90.0,116.0,0.0,8.0,11.0,9.0,2.0
1771502130.2375798,90.0,116.0,0.0,8.0,11.0,9.0,2.0
1771502130.2725098,90.0,116.0,0.0,8.0,11.0,9.0,2.0
1771502130.3170583,90.0,116.0,0.0,8.0,11.0,9.0,3.0
1771502130.3510497,90.0,116.0,0.0,9.0,12.0,10.0,3.0
1771502130.3820221,90.0,116.0,0.0,8.0,11.0,10.0,3.0
1771502130.4135282,90.0,116.0,0.0,8.0,11.0,9.0,3.0
1771502130.4455323,90.0,116.0,0.0,8.0,11.0,9.0,3.0
1771502130.477562,90.0,116.0,0.0,7.0,10.0,9.0,3.0
1771502130.5098515,91.0,116.0,0.0,7.0,10.0,9.0,3.0
1771502130.541006,91.0,116.0,0.0,7.0,10.0,10.0,3.0
1771502130.5730045,91.0,116.0,0.0,7.0,10.0,9.0,3.0
1771502130.6060119,91.0,117.0,0.0,7.0,10.0,9.0,3.0
1771502130.6375227,91.0,117.0,0.0,8.0,11.0,10.0,3.0
1771502130.6699696,91.0,117.0,0.0,8.0,11.0,10.0,3.0
1771502130.7029836,91.0,117.0,0.0,8.0,11.0,10.0,3.0
1771502130.7495074,91.0,117.0,0.0,8.0,11.0,10.0,3.0
1771502130.7815154,91.0,117.0,0.0,9.0,12.0,10.0,3.0
1771502130.8130574,91.0,117.0,0.0,9.0,12.0,10.0,3.0
1771502130.845058,91.0,117.0,0.0,9.0,12.0,10.0,3.0
1771502130.8760564,91.0,117.0,0.0,8.0,12.0,10.0,3.0
1771502130.9112256,91.0,117.0,0.0,8.0,12.0,10.0,3.0
1771502130.943456,91.0,117.0,0.0,8.0,11.0,9.0,3.0
1771502130.9765425,90.0,116.0,0.0,8.0,11.0,9.0,3.0
1771502131.0065508,90.0,116.0,0.0,7.0,10.0,9.0,3.0
1771502131.0390692,90.0,116.0,0.0,7.0,10.0,9.0,3.0
1771502131.0684018,90.0,116.0,0.0,7.0,11.0,9.0,3.0
1771502131.1004262,90.0,116.0,0.0,7.0,11.0,9.0,3.0
1771502131.1339357,90.0,116.0,0.0,8.0,11.0,9.0,2.0
1771502131.1799648,90.0,116.0,0.0,8.0,11.0,9.0,2.0
1771502131.215511,90.0,116.0,0.0,8.0,11.0,9.0,2.0
1771502131.2445104,90.0,116.0,0.0,8.0,11.0,9.0,2.0
1771502131.2765214,90.0,116.0,0.0,8.0,11.0,8.0,2.0
1771502131.3085186,90.0,117.0,0.0,8.0,12.0,9.0,2.0
1771502131.3440306,90.0,117.0,0.0,9.0,12.0,9.0,2.0
1771502131.3731215,90.0,117.0,0.0,9.0,12.0,9.0,2.0
1771502131.405145,90.0,116.0,0.0,8.0,12.0,9.0,2.0
1771502131.437367,90.0,116.0,0.0,9.0,12.0,9.0,2.0
1771502131.4703333,90.0,116.0,0.0,9.0,12.0,9.0,2.0
1771502131.50124,90.0,116.0,0.0,8.0,12.0,9.0,2.0
1771502131.533458,90.0,116.0,0.0,8.0,12.0,9.0,2.0
1771502131.613969,90.0,116.0,0.0,8.0,12.0,9.0,2.0
1771502131.6459706,90.0,116.0,0.0,8.0,12.0,8.0,1.0
1771502131.6779702,90.0,116.0,0.0,8.0,12.0,8.0,1.0
1771502131.7097502,90.0,116.0,0.0,8.0,11.0,8.0,2.0
1771502131.7392766,90.0,116.0,0.0,8.0,11.0,8.0,1.0
1771502131.7722774,90.0,116.0,0.0,8.0,12.0,8.0,1.0
1771502131.8013012,90.0,117.0,0.0,8.0,12.0,8.0,1.0
1771502131.832851,90.0,117.0,0.0,8.0,11.0,8.0,1.0
1771502131.8628545,90.0,116.0,0.0,8.0,11.0,8.0,1.0
1771502131.894859,90.0,116.0,0.0,8.0,11.0,8.0,1.0
1771502131.9249272,90.0,117.0,0.0,8.0,12.0,8.0,1.0
1771502131.9569275,90.0,117.0,0.0,8.0,11.0,8.0,2.0
1771502131.9989681,90.0,117.0,0.0,8.0,11.0,9.0,2.0
1771502132.0462062,90.0,116.0,0.0,8.0,11.0,9.0,2.0
1771502132.0781322,90.0,117.0,0.0,8.0,11.0,9.0,2.0
1771502132.1002343,90.0,116.0,0.0,8.0,11.0,9.0,2.0
1771502132.1317773,90.0,116.0,0.0,8.0,11.0,9.0,2.0
1771502132.162802,90.0,116.0,0.0,8.0,11.0,9.0,2.0
1771502132.1948338,90.0,116.0,0.0,8.0,11.0,9.0,2.0
1771502132.2252603,90.0,116.0,0.0,8.0,11.0,9.0,2.0
1771502132.2564337,90.0,116.0,0.0,8.0,12.0,9.0,2.0
1771502132.2880194,90.0,117.0,0.0,8.0,12.0,9.0,2.0
1771502132.3190694,90.0,117.0,0.0,9.0,12.0,9.0,2.0
1771502132.350061,90.0,117.0,0.0,9.0,12.0,9.0,1.0
1771502132.3970656,90.0,117.0,0.0,9.0,12.0,9.0,1.0
1771502132.4306703,90.0,117.0,0.0,9.0,12.0,9.0,1.0
1771502132.4776692,90.0,118.0,0.0,9.0,12.0,9.0,1.0
1771502132.5134711,90.0,117.0,0.0,9.0,12.0,9.0,1.0
1771502132.5396638,90.0,117.0,0.0,9.0,12.0,9.0,1.0
1771502132.5706441,90.0,117.0,0.0,9.0,12.0,9.0,1.0
1771502132.6016386,90.0,118.0,0.0,9.0,13.0,9.0,2.0
1771502132.6341417,90.0,118.0,0.0,9.0,12.0,9.0,2.0
1771502132.6651418,90.0,117.0,0.0,9.0,12.0,9.0,2.0
1771502132.6961582,90.0,117.0,0.0,9.0,12.0,9.0,2.0
1771502132.7266712,90.0,117.0,0.0,9.0,12.0,9.0,2.0
1771502132.7576728,90.0,117.0,0.0,9.0,12.0,9.0,2.0
1771502132.7986994,90.0,117.0,0.0,9.0,12.0,9.0,2.0
1771502132.830222,90.0,118.0,0.0,9.0,12.0,9.0,1.0
1771502132.864215,90.0,117.0,0.0,9.0,12.0,9.0,1.0
1771502132.910209,90.0,118.0,0.0,10.0,12.0,9.0,1.0
1771502132.944014,90.0,118.0,0.0,10.0,13.0,9.0,1.0
1771502132.975707,90.0,118.0,0.0,10.0,13.0,9.0,1.0
1771502133.0057266,90.0,118.0,0.0,10.0,13.0,9.0,1.0
1771502133.0352678,90.0,118.0,0.0,9.0,13.0,9.0,1.0
1771502133.0683277,90.0,118.0,0.0,9.0,13.0,9.0,1.0
1771502133.0988786,90.0,118.0,0.0,9.0,13.0,9.0,1.0
1771502133.130384,90.0,118.0,0.0,9.0,13.0,9.0,1.0
1771502133.162503,90.0,118.0,0.0,9.0,13.0,9.0,1.0
1771502133.1976576,90.0,117.0,0.0,9.0,13.0,9.0,1.0
1771502133.2281826,90.0,117.0,0.0,9.0,13.0,9.0,1.0
1771502133.2611697,90.0,117.0,0.0,9.0,13.0,10.0,1.0
1771502133.2973516,90.0,117.0,0.0,9.0,13.0,10.0,2.0
1771502133.341572,90.0,117.0,0.0,8.0,13.0,10.0,2.0
1771502133.3742754,90.0,117.0,0.0,8.0,13.0,10.0,2.0
1771502133.4301817,90.0,117.0,0.0,8.0,13.0,10.0,3.0
1771502133.460179,91.0,117.0,0.0,8.0,12.0,10.0,3.0
1771502133.492181,91.0,117.0,0.0,8.0,12.0,10.0,3.0
1771502133.5216932,91.0,116.0,0.0,8.0,12.0,10.0,3.0
1771502133.5536942,91.0,117.0,0.0,8.0,12.0,10.0,3.0
1771502133.5847073,91.0,117.0,0.0,8.0,13.0,11.0,3.0
1771502133.6167798,91.0,117.0,0.0,8.0,12.0,11.0,3.0
1771502133.6487784,91.0,117.0,0.0,8.0,12.0,10.0,3.0
1771502133.6787798,91.0,117.0,0.0,8.0,12.0,10.0,3.0
1771502133.7097812,91.0,117.0,0.0,8.0,12.0,10.0,3.0
1771502133.7392907,91.0,117.0,0.0,7.0,12.0,10.0,3.0
1771502133.773292,92.0,117.0,0.0,7.0,12.0,10.0,3.0
1771502133.8053036,92.0,117.0,0.0,7.0,12.0,10.0,3.0
1771502133.832418,92.0,117.0,0.0,8.0,12.0,10.0,3.0
1771502133.8634121,92.0,117.0,0.0,8.0,12.0,10.0,3.0
1771502133.8954134,92.0,117.0,0.0,7.0,12.0,10.0,3.0
1771502133.9279315,92.0,117.0,0.0,8.0,12.0,10.0,3.0
1771502133.957931,92.0,117.0,0.0,7.0,11.0,10.0,3.0
1771502133.9969292,92.0,117.0,0.0,7.0,11.0,10.0,3.0
1771502134.029486,92.0,117.0,0.0,7.0,11.0,10.0,4.0
1771502134.0614917,92.0,117.0,0.0,8.0,11.0,10.0,4.0
1771502134.0924864,91.0,117.0,0.0,7.0,11.0,9.0,3.0
1771502134.1249924,91.0,117.0,0.0,7.0,11.0,9.0,3.0
1771502134.1579938,91.0,117.0,0.0,7.0,11.0,9.0,3.0
1771502134.2059948,91.0,117.0,0.0,7.0,11.0,9.0,3.0
1771502134.2345018,91.0,117.0,0.0,8.0,11.0,9.0,3.0
1771502134.266511,91.0,117.0,0.0,8.0,11.0,9.0,3.0
1771502134.2975137,91.0,117.0,0.0,8.0,11.0,8.0,2.0
1771502134.3298504,91.0,118.0,0.0,8.0,11.0,8.0,2.0
1771502134.361989,91.0,118.0,0.0,8.0,11.0,8.0,2.0
1771502134.3919895,90.0,118.0,0.0,9.0,11.0,7.0,1.0
1771502134.4288993,90.0,118.0,0.0,8.0,10.0,5.0,1.0
1771502134.461597,90.0,118.0,0.0,8.0,9.0,4.0,0.0
1771502134.4916103,89.0,118.0,0.0,8.0,8.0,3.0,0.0
1771502134.5267305,89.0,118.0,0.0,9.0,8.0,2.0,0.0
1771502134.5607316,89.0,118.0,0.0,9.0,8.0,1.0,0.0
1771502134.6077392,89.0,118.0,0.0,9.0,8.0,1.0,0.0
1771502134.6390004,89.0,118.0,0.0,9.0,8.0,0.0,0.0
1771502134.6710005,89.0,119.0,0.0,9.0,8.0,0.0,0.0
1771502134.703008,89.0,119.0,0.0,9.0,8.0,0.0,0.0
1771502134.7325096,89.0,119.0,0.0,10.0,8.0,0.0,0.0
1771502134.7820299,89.0,119.0,0.0,10.0,9.0,0.0,0.0
1771502134.811035,89.0,120.0,0.0,10.0,9.0,1.0,0.0
1771502134.8415444,89.0,119.0,0.0,10.0,9.0,2.0,0.0
1771502134.8755405,90.0,119.0,0.0,10.0,10.0,2.0,0.0
1771502134.905548,90.0,119.0,0.0,10.0,10.0,3.0,0.0
1771502134.935077,90.0,119.0,0.0,11.0,10.0,4.0,0.0
1771502134.9670854,90.0,119.0,0.0,12.0,11.0,4.0,0.0
1771502135.0000908,90.0,118.0,0.0,13.0,11.0,4.0,0.0
1771502135.0376043,90.0,118.0,0.0,14.0,12.0,6.0,0.0
1771502135.0706027,90.0,118.0,0.0,15.0,13.0,7.0,1.0
1771502135.092624,90.0,117.0,0.0,16.0,13.0,8.0,1.0
1771502135.122933,90.0,117.0,0.0,17.0,14.0,9.0,1.0
1771502135.1539333,90.0,116.0,0.0,18.0,16.0,11.0,2.0
1771502135.1990957,91.0,115.0,0.0,20.0,18.0,15.0,3.0
1771502135.2315993,91.0,114.0,0.0,20.0,20.0,18.0,4.0
1771502135.2635112,91.0,113.0,0.0,21.0,21.0,21.0,5.0
1771502135.2945685,90.0,112.0,0.0,21.0,23.0,23.0,6.0
1771502135.3271062,90.0,112.0,0.0,21.0,24.0,26.0,7.0
1771502135.3581073,90.0,111.0,0.0,22.0,25.0,28.0,8.0
1771502135.3891282,90.0,111.0,0.0,22.0,25.0,29.0,9.0
1771502135.4217265,90.0,111.0,0.0,22.0,26.0,30.0,9.0
1771502135.4707644,90.0,111.0,0.0,22.0,26.0,31.0,10.0
1771502135.5007997,90.0,111.0,0.0,22.0,26.0,32.0,11.0
1771502135.5305598,90.0,111.0,0.0,22.0,27.0,33.0,11.0
1771502135.5625572,90.0,111.0,0.0,22.0,27.0,34.0,12.0
1771502135.6000364,89.0,112.0,0.0,22.0,26.0,34.0,13.0
1771502135.630461,89.0,112.0,3.0,21.0,25.0,33.0,13.0
1771502135.6620593,88.0,113.0,7.0,21.0,24.0,33.0,14.0
1771502135.6930587,88.0,113.0,9.0,20.0,23.0,33.0,16.0
1771502135.7245717,87.0,113.0,14.0,19.0,22.0,32.0,17.0
1771502135.7567992,87.0,114.0,17.0,19.0,21.0,32.0,18.0
1771502135.7888043,87.0,115.0,19.0,18.0,21.0,32.0,19.0
1771502135.8203573,87.0,116.0,21.0,18.0,20.0,33.0,21.0
1771502135.8523266,87.0,117.0,24.0,18.0,20.0,33.0,22.0
1771502135.9034698,87.0,118.0,30.0,17.0,19.0,33.0,23.0
1771502135.9339647,87.0,119.0,35.0,17.0,19.0,34.0,24.0
1771502135.9639342,86.0,120.0,38.0,16.0,19.0,34.0,25.0
1771502135.996938,86.0,121.0,43.0,15.0,19.0,34.0,26.0
1771502136.029509,86.0,122.0,47.0,15.0,18.0,35.0,27.0
1771502136.061509,86.0,123.0,51.0,15.0,18.0,35.0,27.0
1771502136.1222773,86.0,123.0,55.0,14.0,18.0,35.0,28.0
1771502136.1542873,85.0,124.0,58.0,13.0,17.0,35.0,28.0
1771502136.1872835,85.0,124.0,63.0,13.0,16.0,34.0,28.0
1771502136.2179182,85.0,124.0,66.0,12.0,16.0,34.0,28.0
1771502136.2489686,85.0,124.0,67.0,12.0,16.0,35.0,29.0
1771502136.2809463,85.0,124.0,69.0,11.0,16.0,35.0,29.0
1771502136.3099513,85.0,125.0,69.0,11.0,16.0,36.0,29.0
1771502136.3422208,85.0,125.0,69.0,11.0,16.0,37.0,29.0
1771502136.3732216,85.0,125.0,72.0,11.0,16.0,37.0,29.0
1771502136.4042907,85.0,125.0,71.0,11.0,16.0,38.0,29.0
1771502136.4362147,85.0,125.0,68.0,12.0,17.0,39.0,28.0
1771502136.4682097,85.0,125.0,67.0,12.0,17.0,40.0,29.0
1771502136.4992342,84.0,125.0,68.0,12.0,18.0,41.0,29.0
1771502136.5308068,84.0,125.0,66.0,12.0,19.0,43.0,30.0
1771502136.5618043,84.0,124.0,67.0,12.0,20.0,45.0,31.0
1771502136.5938072,85.0,124.0,65.0,13.0,22.0,47.0,32.0
1771502136.625725,85.0,123.0,63.0,13.0,23.0,49.0,33.0
1771502136.656372,84.0,122.0,61.0,13.0,24.0,49.0,33.0
1771502136.6865733,84.0,121.0,60.0,12.0,24.0,49.0,34.0
1771502136.7181182,83.0,120.0,50.0,13.0,26.0,50.0,34.0
1771502136.7661135,82.0,119.0,46.0,13.0,28.0,50.0,34.0
1771502136.7991445,82.0,118.0,41.0,13.0,30.0,51.0,35.0
1771502136.8316643,81.0,117.0,38.0,14.0,31.0,52.0,35.0
1771502136.8606646,81.0,117.0,40.0,14.0,33.0,53.0,35.0
1771502136.8932703,80.0,116.0,38.0,15.0,35.0,54.0,36.0
1771502136.9258885,80.0,115.0,33.0,15.0,36.0,55.0,36.0
1771502136.9598858,79.0,115.0,27.0,16.0,37.0,56.0,37.0
1771502136.9899156,77.0,113.0,22.0,16.0,37.0,56.0,37.0
1771502137.0211635,76.0,112.0,18.0,16.0,38.0,57.0,38.0
1771502137.0526404,75.0,111.0,15.0,16.0,38.0,58.0,39.0
1771502137.0846324,74.0,109.0,12.0,17.0,39.0,60.0,41.0
1771502137.1162338,74.0,108.0,9.0,18.0,41.0,62.0,42.0
1771502137.1482313,73.0,106.0,8.0,18.0,42.0,64.0,44.0
1771502137.1982343,72.0,105.0,6.0,19.0,43.0,65.0,45.0
1771502137.2327487,71.0,103.0,5.0,20.0,45.0,67.0,47.0
1771502137.2647486,71.0,102.0,4.0,21.0,46.0,69.0,49.0
1771502137.2934735,71.0,101.0,3.0,22.0,48.0,70.0,50.0
1771502137.3259423,70.0,100.0,2.0,23.0,49.0,72.0,51.0
1771502137.35705,70.0,100.0,2.0,24.0,51.0,73.0,52.0
1771502137.3900504,69.0,99.0,2.0,25.0,52.0,74.0,53.0
1771502137.421623,69.0,99.0,1.0,27.0,54.0,76.0,54.0
1771502137.4797895,68.0,99.0,1.0,30.0,56.0,77.0,55.0
1771502137.5121527,67.0,99.0,1.0,33.0,58.0,79.0,56.0
1771502137.541747,66.0,98.0,1.0,36.0,60.0,80.0,57.0
1771502137.5747347,65.0,99.0,3.0,38.0,62.0,81.0,58.0
1771502137.6048028,65.0,99.0,6.0,41.0,63.0,82.0,58.0
1771502137.6359792,65.0,99.0,9.0,43.0,65.0,83.0,58.0
1771502137.667901,65.0,99.0,14.0,45.0,66.0,83.0,59.0
1771502137.6984284,65.0,99.0,20.0,47.0,67.0,84.0,59.0
1771502137.7291002,65.0,99.0,26.0,49.0,69.0,84.0,59.0
1771502137.759803,64.0,99.0,29.0,51.0,70.0,85.0,59.0
1771502137.7908494,64.0,99.0,30.0,52.0,72.0,85.0,60.0
1771502137.8231318,65.0,99.0,30.0,53.0,73.0,86.0,60.0
1771502137.8541412,65.0,99.0,30.0,54.0,74.0,88.0,61.0
1771502137.8865066,65.0,100.0,29.0,56.0,76.0,88.0,62.0
1771502137.9180148,65.0,100.0,29.0,57.0,77.0,90.0,63.0
1771502137.9499638,65.0,101.0,29.0,59.0,78.0,91.0,64.0
1771502137.9820068,65.0,101.0,28.0,60.0,79.0,92.0,65.0
1771502138.0135953,66.0,101.0,28.0,60.0,80.0,93.0,66.0
1771502138.0688226,66.0,101.0,28.0,60.0,81.0,93.0,67.0
1771502138.0937698,66.0,101.0,29.0,62.0,82.0,95.0,68.0
1771502138.1240501,66.0,102.0,29.0,63.0,83.0,97.0,69.0
1771502138.156829,67.0,102.0,31.0,65.0,84.0,99.0,70.0
1771502138.1904151,67.0,103.0,31.0,67.0,85.0,100.0,71.0
1771502138.222597,68.0,103.0,31.0,69.0,87.0,102.0,72.0
1771502138.2554076,68.0,103.0,32.0,71.0,88.0,104.0,73.0
1771502138.2871542,69.0,104.0,33.0,72.0,88.0,105.0,74.0
1771502138.319545,69.0,104.0,35.0,75.0,89.0,106.0,75.0
1771502138.3518813,69.0,104.0,35.0,79.0,90.0,108.0,76.0
1771502138.3826752,70.0,104.0,35.0,82.0,90.0,110.0,76.0
1771502138.4139435,70.0,104.0,33.0,85.0,90.0,110.0,77.0
1771502138.4449668,71.0,104.0,28.0,89.0,90.0,110.0,78.0
1771502138.4949663,71.0,104.0,26.0,91.0,90.0,110.0,79.0
1771502138.5264845,72.0,103.0,24.0,94.0,90.0,110.0,80.0
1771502138.5564904,72.0,103.0,20.0,96.0,90.0,110.0,81.0
1771502138.588484,72.0,102.0,16.0,98.0,90.0,110.0,81.0
1771502138.6214876,71.0,101.0,13.0,99.0,90.0,110.0,80.0
1771502138.6540222,70.0,101.0,10.0,100.0,90.0,110.0,79.0
1771502138.687017,70.0,100.0,8.0,101.0,90.0,110.0,79.0
1771502138.7170222,69.0,99.0,7.0,102.0,90.0,110.0,79.0
1771502138.74853,68.0,97.0,5.0,104.0,90.0,110.0,79.0
1771502138.780541,68.0,96.0,4.0,104.0,90.0,110.0,78.0
1771502138.8135898,67.0,95.0,3.0,106.0,89.0,110.0,79.0
1771502138.8539858,67.0,94.0,3.0,107.0,89.0,110.0,80.0
1771502138.8859923,67.0,93.0,2.0,108.0,89.0,110.0,80.0
1771502138.9275331,68.0,93.0,2.0,109.0,90.0,110.0,81.0
1771502138.960533,67.0,92.0,1.0,110.0,89.0,110.0,81.0
1771502138.9889452,67.0,91.0,1.0,110.0,89.0,110.0,82.0
1771502139.0219483,67.0,91.0,1.0,110.0,89.0,110.0,82.0
1771502139.0540535,66.0,91.0,1.0,110.0,89.0,110.0,82.0
1771502139.0850646,66.0,90.0,1.0,110.0,88.0,110.0,82.0
1771502139.118058,66.0,90.0,0.0,110.0,89.0,110.0,82.0
1771502139.149352,66.0,90.0,0.0,110.0,89.0,110.0,82.0
1771502139.1804018,67.0,90.0,0.0,110.0,89.0,110.0,83.0
1771502139.2143445,67.0,90.0,0.0,110.0,90.0,110.0,84.0
1771502139.2448764,67.0,89.0,0.0,110.0,90.0,110.0,85.0
1771502139.2768764,67.0,89.0,0.0,110.0,90.0,110.0,85.0
1771502139.310883,67.0,88.0,2.0,110.0,90.0,110.0,86.0
1771502139.359406,67.0,87.0,2.0,110.0,90.0,110.0,86.0
1771502139.3904088,67.0,87.0,3.0,110.0,90.0,110.0,86.0
1771502139.421413,67.0,87.0,5.0,110.0,90.0,110.0,86.0
1771502139.4539206,67.0,87.0,7.0,110.0,90.0,110.0,86.0
1771502139.4849548,67.0,87.0,13.0,110.0,90.0,110.0,86.0
1771502139.5164614,67.0,86.0,13.0,110.0,90.0,110.0,86.0
1771502139.5495305,66.0,87.0,11.0,110.0,90.0,110.0,85.0
1771502139.5815275,66.0,87.0,10.0,110.0,90.0,110.0,85.0
1771502139.6185338,66.0,87.0,10.0,110.0,90.0,110.0,85.0
1771502139.6460428,66.0,87.0,12.0,110.0,89.0,110.0,84.0
1771502139.6770442,66.0,87.0,15.0,110.0,89.0,110.0,85.0
1771502139.7090454,66.0,87.0,19.0,110.0,89.0,110.0,86.0
1771502139.7403376,66.0,87.0,25.0,110.0,89.0,110.0,87.0
1771502139.7924447,66.0,87.0,29.0,110.0,89.0,110.0,87.0
1771502139.8214602,66.0,87.0,34.0,110.0,89.0,110.0,87.0
1771502139.8523374,66.0,87.0,37.0,110.0,89.0,110.0,88.0
1771502139.8860433,66.0,87.0,41.0,110.0,89.0,110.0,88.0
1771502139.916082,66.0,87.0,45.0,110.0,89.0,110.0,89.0
1771502139.9491272,66.0,87.0,48.0,110.0,89.0,110.0,89.0
1771502139.9821303,66.0,87.0,52.0,110.0,89.0,110.0,90.0
1771502140.0131342,66.0,87.0,56.0,110.0,89.0,110.0,91.0
1771502140.0446515,65.0,87.0,59.0,110.0,89.0,110.0,92.0
1771502140.0767906,66.0,87.0,65.0,110.0,89.0,110.0,93.0
1771502140.1097999,66.0,87.0,70.0,110.0,89.0,110.0,94.0
1771502140.141899,66.0,87.0,74.0,110.0,89.0,110.0,94.0
1771502140.172898,66.0,87.0,75.0,110.0,89.0,110.0,95.0
1771502140.226555,66.0,87.0,75.0,110.0,89.0,110.0,95.0
1771502140.2565587,66.0,87.0,74.0,110.0,89.0,110.0,96.0
1771502140.2865686,66.0,87.0,75.0,110.0,89.0,110.0,96.0
1771502140.318564,66.0,87.0,75.0,110.0,88.0,110.0,97.0
1771502140.3490765,66.0,87.0,75.0,110.0,88.0,110.0,97.0
1771502140.3810756,66.0,87.0,75.0,110.0,88.0,110.0,97.0
1771502140.415115,66.0,87.0,74.0,110.0,87.0,110.0,97.0
1771502140.4493349,66.0,87.0,75.0,110.0,87.0,110.0,97.0
1771502140.4773352,66.0,87.0,75.0,110.0,87.0,110.0,97.0
1771502140.5114653,66.0,87.0,74.0,110.0,87.0,110.0,97.0
1771502140.5417032,65.0,87.0,73.0,110.0,87.0,110.0,97.0
1771502140.573702,65.0,86.0,71.0,110.0,87.0,110.0,97.0
1771502140.6227047,65.0,86.0,71.0,110.0,87.0,110.0,97.0
1771502140.660231,65.0,85.0,73.0,110.0,87.0,110.0,97.0
1771502140.6862388,65.0,84.0,74.0,110.0,87.0,110.0,97.0
1771502140.718236,65.0,84.0,73.0,110.0,87.0,110.0,97.0
1771502140.7487714,64.0,84.0,73.0,110.0,87.0,110.0,97.0
1771502140.782773,64.0,84.0,74.0,110.0,87.0,110.0,97.0
1771502140.8137844,64.0,84.0,76.0,110.0,87.0,110.0,97.0
1771502140.8462923,64.0,84.0,77.0,110.0,87.0,110.0,96.0
1771502140.8783,64.0,84.0,78.0,110.0,87.0,110.0,97.0
1771502140.909315,64.0,84.0,78.0,110.0,87.0,110.0,96.0
1771502140.94134,63.0,84.0,78.0,110.0,86.0,110.0,96.0
1771502140.9733398,63.0,84.0,77.0,110.0,86.0,110.0,97.0
1771502141.0058737,63.0,84.0,78.0,110.0,87.0,110.0,96.0
1771502141.0524971,63.0,84.0,78.0,110.0,86.0,110.0,96.0
1771502141.0904636,63.0,84.0,78.0,110.0,86.0,110.0,96.0
1771502141.1201596,63.0,84.0,79.0,110.0,86.0,110.0,96.0
1771502141.1515617,63.0,84.0,79.0,110.0,87.0,110.0,96.0
1771502141.1835,64.0,84.0,81.0,110.0,87.0,110.0,97.0
1771502141.2145317,64.0,84.0,81.0,110.0,87.0,110.0,97.0
1771502141.2458537,64.0,84.0,84.0,110.0,88.0,110.0,97.0
1771502141.276461,64.0,84.0,83.0,110.0,88.0,110.0,97.0
1771502141.3104858,64.0,84.0,86.0,110.0,88.0,110.0,97.0
1771502141.3415754,64.0,84.0,86.0,110.0,88.0,110.0,97.0
1771502141.3746474,64.0,84.0,88.0,110.0,88.0,110.0,97.0
1771502141.4045753,64.0,84.0,87.0,110.0,88.0,110.0,97.0
1771502141.4371266,64.0,84.0,89.0,110.0,89.0,110.0,97.0
1771502141.4861035,64.0,84.0,90.0,110.0,89.0,110.0,97.0
1771502141.5198865,64.0,84.0,91.0,110.0,89.0,110.0,97.0
1771502141.5495846,64.0,84.0,92.0,110.0,89.0,110.0,97.0
1771502141.5805783,64.0,84.0,92.0,110.0,89.0,110.0,97.0
1771502141.6125975,64.0,84.0,91.0,110.0,89.0,110.0,97.0
1771502141.645747,64.0,84.0,91.0,110.0,89.0,110.0,97.0
1771502141.6767716,64.0,84.0,90.0,110.0,89.0,110.0,97.0
1771502141.7087703,64.0,84.0,91.0,110.0,89.0,110.0,96.0
1771502141.7408266,64.0,83.0,93.0,110.0,89.0,110.0,97.0
1771502141.7728329,64.0,83.0,96.0,110.0,89.0,110.0,97.0
1771502141.8048325,64.0,83.0,96.0,110.0,89.0,110.0,97.0
1771502141.837018,64.0,83.0,97.0,110.0,89.0,110.0,97.0
1771502141.8700256,64.0,83.0,98.0,110.0,90.0,110.0,97.0
1771502141.9170203,64.0,83.0,100.0,110.0,90.0,110.0,97.0
1771502141.9515746,64.0,83.0,100.0,110.0,90.0,110.0,97.0
1771502141.9805486,64.0,83.0,100.0,110.0,90.0,110.0,97.0
1771502142.0135622,63.0,83.0,100.0,110.0,90.0,110.0,98.0
1771502142.045134,63.0,83.0,100.0,110.0,90.0,110.0,98.0
1771502142.0771616,63.0,83.0,100.0,110.0,90.0,110.0,98.0
1771502142.109177,63.0,83.0,100.0,110.0,90.0,110.0,98.0
1771502142.141431,63.0,83.0,100.0,110.0,90.0,110.0,97.0
1771502142.1754415,63.0,83.0,100.0,110.0,90.0,110.0,97.0
1771502142.2045703,63.0,83.0,100.0,110.0,90.0,110.0,97.0
1771502142.23676,63.0,83.0,100.0,110.0,90.0,110.0,98.0
1771502142.2687578,63.0,83.0,100.0,110.0,90.0,110.0,98.0
1771502142.3007636,63.0,83.0,100.0,110.0,90.0,110.0,98.0
1771502142.3497987,64.0,83.0,100.0,110.0,90.0,110.0,98.0
1771502142.3833191,64.0,83.0,100.0,110.0,90.0,110.0,98.0
1771502142.4163222,64.0,83.0,100.0,110.0,90.0,110.0,98.0
1771502142.4478824,64.0,83.0,100.0,110.0,90.0,110.0,97.0
1771502142.4788516,63.0,84.0,100.0,110.0,90.0,110.0,97.0
1771502142.5137362,63.0,84.0,100.0,110.0,90.0,110.0,97.0
1771502142.5430233,63.0,84.0,100.0,110.0,90.0,110.0,97.0
1771502142.573018,63.0,84.0,100.0,110.0,89.0,110.0,96.0
1771502142.6070113,63.0,84.0,98.0,110.0,89.0,110.0,96.0
1771502142.6376965,63.0,84.0,96.0,110.0,89.0,110.0,96.0
1771502142.6707006,63.0,84.0,94.0,110.0,88.0,110.0,95.0
1771502142.700705,63.0,84.0,91.0,110.0,88.0,110.0,94.0
1771502142.7332275,63.0,85.0,87.0,110.0,87.0,110.0,93.0
1771502142.8162456,62.0,85.0,83.0,110.0,86.0,110.0,90.0
1771502142.83901,62.0,85.0,81.0,110.0,85.0,110.0,89.0
1771502142.869489,62.0,84.0,76.0,110.0,84.0,110.0,87.0
1771502142.9005926,61.0,84.0,71.0,110.0,83.0,110.0,85.0
1771502142.9331274,61.0,84.0,66.0,110.0,82.0,109.0,83.0
1771502142.9651258,61.0,84.0,62.0,110.0,82.0,109.0,81.0
1771502142.995129,60.0,85.0,57.0,110.0,81.0,108.0,80.0
1771502143.0286367,60.0,85.0,52.0,109.0,81.0,108.0,79.0
1771502143.0566382,59.0,85.0,46.0,109.0,81.0,108.0,78.0
1771502143.0886405,59.0,84.0,42.0,108.0,80.0,107.0,77.0
1771502143.1186678,59.0,84.0,36.0,108.0,80.0,106.0,75.0
1771502143.1501865,59.0,83.0,31.0,108.0,80.0,105.0,74.0
1771502143.1811852,58.0,82.0,30.0,106.0,78.0,103.0,73.0
1771502143.248922,58.0,82.0,25.0,104.0,77.0,101.0,71.0
1771502143.2739317,57.0,81.0,24.0,103.0,77.0,100.0,70.0
1771502143.30528,57.0,81.0,24.0,102.0,77.0,99.0,69.0
1771502143.3358133,57.0,81.0,27.0,101.0,76.0,98.0,68.0
1771502143.366891,58.0,82.0,29.0,99.0,76.0,98.0,68.0
1771502143.399445,58.0,82.0,31.0,97.0,75.0,97.0,67.0
1771502143.433002,57.0,82.0,30.0,95.0,75.0,96.0,66.0
1771502143.464778,57.0,82.0,33.0,94.0,75.0,96.0,67.0
1771502143.4940228,57.0,82.0,35.0,93.0,75.0,95.0,66.0
1771502143.5260286,57.0,83.0,39.0,92.0,74.0,94.0,66.0
1771502143.5576591,57.0,83.0,43.0,91.0,74.0,93.0,65.0
1771502143.5966592,56.0,83.0,49.0,89.0,73.0,91.0,64.0
1771502143.6455164,55.0,83.0,53.0,87.0,71.0,88.0,62.0
1771502143.6795154,55.0,83.0,56.0,84.0,70.0,85.0,59.0
1771502143.7095165,54.0,84.0,57.0,82.0,68.0,82.0,57.0
1771502143.740716,53.0,84.0,59.0,81.0,67.0,80.0,54.0
1771502143.7717211,52.0,84.0,62.0,79.0,65.0,77.0,51.0
1771502143.8034112,52.0,85.0,66.0,77.0,63.0,73.0,48.0
1771502143.835419,51.0,85.0,67.0,74.0,60.0,70.0,44.0
1771502143.866418,51.0,85.0,66.0,72.0,59.0,67.0,42.0
1771502143.8994212,51.0,86.0,69.0,69.0,57.0,64.0,38.0
1771502143.9294224,50.0,86.0,71.0,66.0,55.0,60.0,35.0
1771502143.9611278,50.0,86.0,73.0,62.0,53.0,57.0,31.0
1771502143.9908028,50.0,86.0,78.0,59.0,51.0,54.0,28.0
1771502144.0302832,49.0,86.0,82.0,56.0,48.0,50.0,24.0
1771502144.0772943,49.0,85.0,82.0,53.0,45.0,47.0,21.0
1771502144.112318,49.0,85.0,83.0,51.0,43.0,44.0,19.0
1771502144.1454644,49.0,85.0,85.0,49.0,41.0,42.0,18.0
1771502144.1768587,49.0,85.0,87.0,48.0,39.0,40.0,17.0
1771502144.209787,49.0,84.0,88.0,47.0,37.0,38.0,16.0
1771502144.2394416,49.0,84.0,90.0,45.0,35.0,37.0,15.0
1771502144.2710943,50.0,84.0,93.0,42.0,33.0,35.0,14.0
1771502144.3330572,50.0,84.0,94.0,40.0,31.0,33.0,13.0
1771502144.3640645,50.0,84.0,96.0,39.0,30.0,32.0,13.0
1771502144.3950627,50.0,84.0,96.0,38.0,29.0,31.0,12.0
1771502144.4251053,50.0,84.0,98.0,36.0,28.0,30.0,12.0
1771502144.455647,50.0,84.0,100.0,34.0,27.0,29.0,11.0
1771502144.4881418,51.0,84.0,100.0,32.0,26.0,28.0,10.0
1771502144.5189831,51.0,85.0,100.0,30.0,24.0,26.0,9.0
1771502144.5504608,51.0,85.0,100.0,28.0,24.0,25.0,8.0
1771502144.5814614,51.0,85.0,100.0,27.0,23.0,24.0,7.0
1771502144.6124618,51.0,86.0,100.0,24.0,22.0,23.0,6.0
1771502144.6439786,51.0,86.0,100.0,23.0,21.0,21.0,4.0
1771502144.6750062,52.0,87.0,100.0,22.0,20.0,19.0,3.0
1771502144.707009,52.0,88.0,100.0,21.0,18.0,17.0,1.0
1771502144.73908,53.0,89.0,100.0,20.0,17.0,15.0,0.0
1771502144.7710738,54.0,90.0,100.0,19.0,16.0,13.0,0.0
1771502144.8030744,54.0,91.0,100.0,19.0,15.0,12.0,0.0
1771502144.833595,55.0,92.0,100.0,18.0,14.0,10.0,0.0
1771502144.8656552,55.0,93.0,100.0,18.0,13.0,10.0,0.0
1771502144.897703,55.0,93.0,100.0,17.0,12.0,10.0,0.0
1771502144.9413552,56.0,93.0,100.0,17.0,11.0,9.0,0.0
1771502144.9753308,56.0,93.0,100.0,17.0,10.0,8.0,0.0
1771502145.0083165,56.0,94.0,100.0,17.0,10.0,7.0,0.0
1771502145.0408287,57.0,93.0,100.0,17.0,9.0,6.0,0.0
1771502145.0718293,57.0,93.0,100.0,16.0,8.0,5.0,0.0
1771502145.1028497,57.0,94.0,100.0,16.0,7.0,4.0,0.0
1771502145.1333714,57.0,94.0,100.0,16.0,6.0,2.0,0.0
1771502145.1643639,57.0,94.0,100.0,16.0,5.0,1.0,0.0
1771502145.1983697,57.0,95.0,100.0,15.0,5.0,0.0,0.0
1771502145.22942,57.0,95.0,100.0,15.0,4.0,0.0,0.0
1771502145.2622051,57.0,95.0,100.0,14.0,2.0,0.0,0.0
1771502145.293224,57.0,95.0,100.0,14.0,1.0,0.0,0.0
1771502145.326229,58.0,96.0,100.0,14.0,1.0,0.0,0.0
1771502145.372862,58.0,96.0,100.0,14.0,0.0,0.0,0.0
1771502145.4088697,58.0,97.0,100.0,14.0,0.0,0.0,0.0
1771502145.431373,58.0,97.0,100.0,14.0,0.0,0.0,0.0
1771502145.4632456,59.0,97.0,100.0,14.0,0.0,0.0,0.0
1771502145.492867,59.0,98.0,100.0,13.0,0.0,0.0,0.0
1771502145.5250344,60.0,98.0,100.0,13.0,0.0,0.0,0.0
1771502145.5573132,61.0,100.0,100.0,12.0,0.0,0.0,0.0
1771502145.5988324,63.0,101.0,100.0,12.0,0.0,0.0,0.0
1771502145.63238,65.0,101.0,100.0,12.0,0.0,0.0,0.0
1771502145.6606529,66.0,101.0,100.0,11.0,0.0,0.0,0.0
1771502145.69264,67.0,101.0,100.0,10.0,1.0,0.0,0.0
1771502145.7256448,68.0,102.0,100.0,10.0,2.0,1.0,0.0
1771502145.757184,69.0,102.0,100.0,10.0,3.0,2.0,0.0
1771502145.8049555,70.0,102.0,100.0,9.0,4.0,3.0,0.0
1771502145.8382733,71.0,102.0,95.0,9.0,4.0,3.0,0.0
1771502145.869271,71.0,102.0,84.0,9.0,5.0,3.0,0.0
1771502145.9011567,71.0,102.0,78.0,9.0,5.0,4.0,0.0
1771502145.932772,72.0,102.0,68.0,8.0,5.0,4.0,0.0
1771502145.9654834,73.0,101.0,54.0,8.0,6.0,4.0,0.0
1771502145.9934673,74.0,102.0,43.0,8.0,8.0,5.0,0.0
1771502146.0294626,74.0,102.0,35.0,8.0,8.0,4.0,0.0
1771502146.0629935,75.0,102.0,28.0,9.0,9.0,4.0,0.0
1771502146.0949957,77.0,104.0,22.0,9.0,10.0,3.0,0.0
1771502146.126005,78.0,105.0,18.0,10.0,10.0,2.0,0.0
1771502146.1565278,80.0,107.0,14.0,11.0,10.0,2.0,0.0
1771502146.188534,81.0,108.0,11.0,12.0,11.0,1.0,0.0
1771502146.2376227,82.0,110.0,9.0,13.0,11.0,0.0,0.0
1771502146.2645798,83.0,112.0,7.0,13.0,11.0,0.0,0.0
1771502146.2934353,84.0,114.0,6.0,13.0,10.0,0.0,0.0
1771502146.3244615,84.0,116.0,5.0,12.0,9.0,0.0,0.0
1771502146.3564112,85.0,117.0,4.0,11.0,8.0,0.0,0.0
1771502146.3874063,85.0,118.0,3.0,10.0,7.0,0.0,0.0
1771502146.4294655,86.0,120.0,2.0,9.0,6.0,0.0,0.0
1771502146.4609208,86.0,120.0,2.0,7.0,5.0,0.0,0.0
1771502146.4939206,86.0,121.0,2.0,6.0,3.0,0.0,0.0
1771502146.52767,86.0,122.0,1.0,5.0,2.0,0.0,0.0
1771502146.5575418,86.0,122.0,1.0,5.0,2.0,0.0,0.0
1771502146.5895402,86.0,123.0,1.0,4.0,1.0,0.0,0.0
1771502146.637063,86.0,124.0,1.0,4.0,0.0,0.0,0.0
1771502146.6687293,86.0,124.0,1.0,3.0,0.0,0.0,0.0
1771502146.7017722,86.0,124.0,0.0,3.0,0.0,0.0,0.0
1771502146.7345397,86.0,124.0,0.0,3.0,0.0,0.0,0.0
1771502146.7655475,86.0,124.0,0.0,2.0,0.0,0.0,0.0
1771502146.7965462,86.0,125.0,0.0,2.0,0.0,0.0,0.0
1771502146.8285873,86.0,125.0,0.0,2.0,0.0,0.0,0.0
1771502146.861097,86.0,125.0,0.0,2.0,0.0,0.0,0.0
1771502146.8921142,86.0,125.0,0.0,2.0,0.0,0.0,0.0
1771502146.9271352,87.0,126.0,0.0,2.0,0.0,0.0,0.0
1771502146.9566596,87.0,126.0,0.0,2.0,0.0,0.0,0.0
1771502146.9890656,87.0,125.0,0.0,1.0,0.0,0.0,0.0
1771502147.0329983,86.0,125.0,0.0,1.0,0.0,0.0,0.0
1771502147.069504,87.0,124.0,0.0,1.0,0.0,0.0,0.0
1771502147.1027212,86.0,123.0,0.0,1.0,0.0,0.0,0.0
1771502147.1287534,86.0,123.0,0.0,1.0,0.0,0.0,0.0
1771502147.1593769,86.0,122.0,0.0,2.0,0.0,0.0,0.0
1771502147.1895013,86.0,122.0,0.0,2.0,1.0,0.0,0.0
1771502147.2303653,86.0,121.0,0.0,2.0,1.0,0.0,0.0
1771502147.2610207,87.0,120.0,0.0,2.0,1.0,0.0,0.0
1771502147.2941914,87.0,119.0,0.0,2.0,2.0,0.0,0.0
1771502147.3282154,86.0,118.0,0.0,2.0,2.0,0.0,0.0
1771502147.3607712,86.0,117.0,0.0,3.0,3.0,0.0,0.0
1771502147.3926728,86.0,116.0,0.0,2.0,3.0,0.0,0.0
1771502147.4246104,86.0,116.0,0.0,3.0,4.0,0.0,0.0
1771502147.455198,87.0,115.0,0.0,3.0,4.0,0.0,0.0
1771502147.5011585,87.0,115.0,0.0,3.0,5.0,1.0,0.0
1771502147.5344732,87.0,115.0,0.0,4.0,5.0,2.0,0.0
1771502147.5654778,87.0,115.0,0.0,4.0,6.0,3.0,0.0
1771502147.5974724,87.0,115.0,0.0,4.0,6.0,3.0,0.0
1771502147.6304767,87.0,115.0,0.0,4.0,7.0,4.0,0.0
1771502147.6624475,87.0,115.0,0.0,5.0,7.0,4.0,0.0
1771502147.692959,87.0,115.0,0.0,5.0,7.0,5.0,0.0
1771502147.7249613,88.0,116.0,0.0,5.0,8.0,5.0,0.0
1771502147.7565596,88.0,116.0,0.0,5.0,8.0,6.0,0.0
1771502147.7906199,88.0,116.0,0.0,5.0,8.0,5.0,0.0
1771502147.8208244,88.0,116.0,0.0,5.0,8.0,6.0,0.0
1771502147.853363,88.0,116.0,0.0,5.0,8.0,6.0,0.0
1771502147.8854022,88.0,116.0,0.0,5.0,8.0,6.0,0.0
1771502147.9324002,88.0,116.0,0.0,5.0,8.0,6.0,0.0
1771502147.9661038,88.0,116.0,0.0,5.0,8.0,6.0,0.0
1771502147.989106,88.0,116.0,0.0,5.0,8.0,6.0,0.0
1771502148.0291438,88.0,117.0,0.0,6.0,8.0,6.0,0.0
1771502148.0606616,88.0,117.0,0.0,6.0,8.0,6.0,0.0
1771502148.092663,88.0,117.0,0.0,6.0,8.0,6.0,0.0
1771502148.1257246,88.0,117.0,0.0,6.0,9.0,7.0,0.0
1771502148.1572711,89.0,118.0,0.0,6.0,9.0,7.0,0.0
1771502148.191262,89.0,117.0,0.0,6.0,9.0,7.0,0.0
1771502148.223274,89.0,118.0,0.0,5.0,9.0,7.0,0.0
1771502148.2534308,89.0,118.0,0.0,5.0,9.0,7.0,0.0
1771502148.2845066,89.0,117.0,0.0,5.0,9.0,7.0,0.0
1771502148.319436,89.0,118.0,0.0,5.0,9.0,7.0,0.0
1771502148.393238,89.0,117.0,0.0,5.0,8.0,7.0,0.0
1771502148.4262474,89.0,117.0,0.0,5.0,8.0,6.0,0.0
1771502148.4557765,89.0,117.0,0.0,5.0,8.0,6.0,0.0
1771502148.486779,89.0,117.0,0.0,5.0,8.0,6.0,0.0
1771502148.520789,89.0,118.0,0.0,5.0,8.0,6.0,0.0
1771502148.5510356,89.0,118.0,0.0,5.0,9.0,6.0,0.0
1771502148.5830343,88.0,117.0,0.0,5.0,8.0,6.0,0.0
1771502148.6150372,88.0,118.0,0.0,5.0,8.0,6.0,0.0
1771502148.6464145,88.0,118.0,0.0,5.0,8.0,6.0,0.0
1771502148.676877,88.0,118.0,0.0,5.0,8.0,6.0,0.0
1771502148.7084153,88.0,118.0,0.0,5.0,8.0,6.0,0.0
1771502148.740939,89.0,118.0,0.0,5.0,8.0,6.0,0.0
1771502148.7709363,89.0,119.0,0.0,5.0,9.0,6.0,0.0
1771502148.8029382,89.0,119.0,0.0,5.0,9.0,6.0,0.0
1771502148.8339422,89.0,119.0,0.0,5.0,9.0,6.0,0.0
1771502148.864533,89.0,119.0,0.0,5.0,9.0,6.0,0.0
1771502148.8970702,89.0,119.0,0.0,6.0,9.0,6.0,0.0
1771502148.928706,89.0,119.0,0.0,5.0,9.0,6.0,0.0
1771502148.959841,89.0,119.0,0.0,5.0,9.0,6.0,0.0
1771502148.991849,89.0,119.0,0.0,6.0,9.0,6.0,0.0
1771502149.0238476,89.0,119.0,0.0,6.0,9.0,6.0,0.0
1771502149.0550976,89.0,119.0,0.0,6.0,9.0,6.0,0.0
1771502149.0880966,89.0,119.0,0.0,6.0,9.0,6.0,0.0
1771502149.1180959,89.0,120.0,0.0,6.0,9.0,6.0,0.0
1771502149.149246,89.0,119.0,0.0,6.0,9.0,6.0,0.0
1771502149.180473,89.0,120.0,0.0,6.0,9.0,5.0,0.0
1771502149.2284343,89.0,120.0,0.0,6.0,9.0,5.0,0.0
1771502149.262007,89.0,120.0,0.0,5.0,8.0,5.0,0.0
1771502149.2963638,89.0,120.0,0.0,5.0,8.0,5.0,0.0
1771502149.3264139,89.0,120.0,0.0,5.0,9.0,5.0,0.0
1771502149.3564084,89.0,120.0,0.0,5.0,8.0,5.0,0.0
1771502149.389431,89.0,120.0,0.0,6.0,9.0,5.0,0.0
1771502149.4214444,89.0,120.0,0.0,6.0,9.0,5.0,0.0
1771502149.4529698,89.0,120.0,0.0,6.0,9.0,5.0,0.0
1771502149.4844534,89.0,120.0,0.0,6.0,9.0,6.0,0.0
1771502149.5175433,89.0,121.0,0.0,6.0,9.0,5.0,0.0
1771502149.5506332,89.0,121.0,0.0,6.0,9.0,5.0,0.0
1771502149.5806346,89.0,120.0,0.0,5.0,9.0,5.0,0.0
1771502149.6136322,89.0,120.0,0.0,5.0,9.0,5.0,0.0
1771502149.6607835,89.0,121.0,0.0,5.0,9.0,5.0,0.0
1771502149.696205,90.0,121.0,0.0,6.0,9.0,6.0,0.0
1771502149.7275457,90.0,121.0,0.0,6.0,9.0,6.0,0.0
1771502149.7597098,90.0,121.0,0.0,6.0,9.0,6.0,0.0
1771502149.7917101,90.0,121.0,0.0,5.0,9.0,6.0,0.0
1771502149.8227165,90.0,121.0,0.0,5.0,9.0,6.0,0.0
1771502149.8538685,90.0,121.0,0.0,5.0,9.0,6.0,0.0
1771502149.884868,90.0,121.0,0.0,5.0,9.0,6.0,0.0
1771502149.9178627,90.0,121.0,0.0,5.0,9.0,6.0,0.0
1771502149.9519966,90.0,122.0,0.0,6.0,9.0,6.0,0.0
1771502149.9835126,90.0,122.0,0.0,6.0,9.0,6.0,0.0
1771502150.013538,90.0,122.0,0.0,6.0,9.0,6.0,0.0
1771502150.0455983,90.0,122.0,0.0,5.0,9.0,6.0,0.0
1771502150.0950341,90.0,122.0,0.0,5.0,9.0,6.0,0.0
1771502150.1260395,90.0,122.0,0.0,5.0,9.0,6.0,0.0
1771502150.1595545,90.0,122.0,0.0,5.0,9.0,5.0,0.0
1771502150.188549,89.0,122.0,0.0,5.0,9.0,5.0,0.0
1771502150.2205572,89.0,121.0,0.0,5.0,8.0,4.0,0.0
1771502150.2542996,89.0,121.0,0.0,4.0,8.0,3.0,0.0
1771502150.286299,89.0,122.0,0.0,4.0,7.0,2.0,0.0
1771502150.3171637,89.0,122.0,0.0,4.0,7.0,2.0,0.0
1771502150.3496683,89.0,123.0,0.0,4.0,6.0,1.0,0.0
1771502150.383666,89.0,124.0,0.0,4.0,6.0,1.0,0.0
1771502150.4134698,89.0,124.0,0.0,4.0,6.0,1.0,0.0
1771502150.4450428,89.0,125.0,0.0,4.0,6.0,1.0,0.0
1771502150.478052,89.0,125.0,0.0,4.0,6.0,1.0,0.0
1771502150.5271604,89.0,126.0,0.0,4.0,6.0,1.0,0.0
1771502150.559194,89.0,126.0,0.0,3.0,6.0,1.0,0.0
1771502150.5931957,89.0,126.0,0.0,3.0,6.0,1.0,0.0
1771502150.6272104,89.0,126.0,0.0,3.0,7.0,1.0,0.0
1771502150.6587198,89.0,126.0,0.0,3.0,7.0,2.0,0.0
1771502150.6878989,89.0,125.0,0.0,3.0,7.0,2.0,0.0
1771502150.7189047,89.0,125.0,0.0,4.0,8.0,3.0,0.0
1771502150.7504203,89.0,125.0,0.0,5.0,8.0,4.0,0.0
1771502150.7834127,89.0,124.0,0.0,7.0,9.0,6.0,0.0
1771502150.815542,89.0,123.0,0.0,8.0,10.0,7.0,0.0
1771502150.846122,88.0,121.0,0.0,10.0,12.0,9.0,0.0
1771502150.878106,89.0,120.0,0.0,12.0,14.0,12.0,0.0
1771502150.909102,89.0,119.0,0.0,14.0,16.0,15.0,2.0
1771502150.9576576,88.0,118.0,0.0,15.0,18.0,17.0,3.0
1771502150.989649,88.0,116.0,0.0,15.0,18.0,19.0,4.0
1771502151.0216498,88.0,115.0,1.0,15.0,18.0,20.0,5.0
1771502151.0521693,87.0,115.0,1.0,16.0,19.0,21.0,6.0
1771502151.111882,87.0,114.0,1.0,17.0,20.0,22.0,7.0
1771502151.144442,87.0,114.0,1.0,17.0,20.0,23.0,7.0
1771502151.176093,87.0,113.0,1.0,17.0,20.0,24.0,8.0
1771502151.2070923,87.0,113.0,0.0,17.0,21.0,25.0,9.0
1771502151.2386382,87.0,113.0,0.0,17.0,22.0,26.0,9.0
1771502151.269637,87.0,113.0,0.0,17.0,22.0,26.0,10.0
1771502151.3024454,86.0,112.0,0.0,17.0,22.0,26.0,11.0
1771502151.3324473,86.0,113.0,0.0,17.0,22.0,26.0,11.0
1771502151.3629522,85.0,113.0,1.0,18.0,22.0,26.0,11.0
1771502151.3960714,85.0,113.0,1.0,18.0,23.0,27.0,12.0
1771502151.4269562,85.0,114.0,1.0,19.0,24.0,29.0,14.0
1771502151.4574604,85.0,114.0,0.0,19.0,24.0,29.0,15.0
1771502151.4894612,84.0,113.0,0.0,19.0,25.0,30.0,15.0
1771502151.5224934,84.0,113.0,0.0,19.0,25.0,30.0,16.0
1771502151.5527112,83.0,112.0,0.0,19.0,26.0,31.0,16.0
1771502151.5847178,81.0,112.0,0.0,18.0,25.0,31.0,17.0
1771502151.6147087,81.0,112.0,0.0,17.0,26.0,31.0,17.0
1771502151.647131,79.0,112.0,0.0,16.0,26.0,31.0,17.0
1771502151.6811461,78.0,112.0,0.0,16.0,26.0,31.0,17.0
1771502151.7111328,77.0,111.0,0.0,16.0,27.0,31.0,17.0
1771502151.7436457,76.0,111.0,0.0,16.0,27.0,31.0,16.0
1771502151.7746444,75.0,110.0,0.0,15.0,27.0,32.0,16.0
1771502151.8206446,75.0,109.0,0.0,15.0,28.0,32.0,16.0
1771502151.85376,74.0,108.0,0.0,15.0,28.0,33.0,16.0
1771502151.8897605,74.0,107.0,0.0,16.0,29.0,34.0,17.0
1771502151.9167626,73.0,107.0,0.0,15.0,29.0,34.0,17.0
1771502151.949306,72.0,106.0,0.0,15.0,29.0,34.0,17.0
1771502151.9823294,72.0,106.0,0.0,15.0,29.0,34.0,17.0
1771502152.0132987,71.0,106.0,0.0,14.0,28.0,33.0,17.0
1771502152.0448704,71.0,106.0,0.0,13.0,28.0,33.0,17.0
1771502152.0768719,70.0,106.0,0.0,13.0,27.0,33.0,17.0
1771502152.1098707,70.0,107.0,0.0,14.0,27.0,33.0,18.0
1771502152.1429398,71.0,107.0,0.0,14.0,28.0,34.0,19.0
1771502152.174454,71.0,107.0,0.0,15.0,29.0,35.0,20.0
1771502152.2221813,71.0,108.0,0.0,16.0,29.0,37.0,21.0
1771502152.2549467,71.0,108.0,0.0,16.0,30.0,38.0,22.0
1771502152.2849472,71.0,108.0,0.0,17.0,31.0,39.0,23.0
1771502152.3209403,72.0,108.0,0.0,18.0,32.0,41.0,25.0
1771502152.3494706,72.0,108.0,0.0,20.0,33.0,42.0,26.0
1771502152.3811998,73.0,109.0,0.0,21.0,34.0,44.0,27.0
1771502152.4137254,73.0,108.0,0.0,22.0,35.0,45.0,28.0
1771502152.445318,73.0,108.0,0.0,23.0,36.0,47.0,29.0
1771502152.4892173,73.0,107.0,0.0,24.0,38.0,49.0,30.0
1771502152.5192313,73.0,107.0,0.0,26.0,39.0,50.0,31.0
1771502152.5517514,72.0,106.0,0.0,27.0,41.0,52.0,32.0
1771502152.58175,72.0,106.0,0.0,27.0,42.0,53.0,32.0
1771502152.612751,71.0,104.0,0.0,28.0,43.0,53.0,32.0
1771502152.6536233,70.0,103.0,0.0,28.0,43.0,54.0,33.0
1771502152.6866221,70.0,102.0,0.0,28.0,45.0,55.0,33.0
1771502152.7166235,69.0,101.0,0.0,28.0,46.0,56.0,35.0
1771502152.7536628,69.0,100.0,0.0,29.0,47.0,58.0,36.0
1771502152.7836595,68.0,98.0,0.0,29.0,49.0,59.0,37.0
1771502152.814669,68.0,97.0,0.0,30.0,49.0,60.0,38.0
1771502152.8471735,68.0,96.0,0.0,30.0,49.0,60.0,39.0
1771502152.878175,68.0,96.0,0.0,30.0,49.0,60.0,39.0
1771502152.9111948,67.0,95.0,0.0,30.0,49.0,60.0,39.0
1771502152.9410262,67.0,95.0,0.0,30.0,49.0,60.0,39.0
1771502152.9740353,67.0,94.0,0.0,31.0,49.0,61.0,39.0
1771502153.0060334,67.0,94.0,0.0,31.0,49.0,61.0,39.0
1771502153.0360434,67.0,94.0,0.0,32.0,49.0,61.0,39.0
1771502153.0845685,67.0,94.0,0.0,32.0,49.0,61.0,39.0
1771502153.1175895,67.0,94.0,0.0,32.0,50.0,62.0,40.0
1771502153.1491494,67.0,93.0,0.0,33.0,50.0,62.0,40.0
1771502153.1821375,67.0,93.0,0.0,33.0,51.0,63.0,41.0
1771502153.2121372,66.0,93.0,0.0,34.0,52.0,64.0,41.0
1771502153.2446623,66.0,92.0,0.0,36.0,53.0,66.0,43.0
1771502153.2776635,66.0,91.0,0.0,39.0,55.0,68.0,45.0
1771502153.308683,66.0,90.0,0.0,42.0,57.0,70.0,47.0
1771502153.340196,65.0,90.0,0.0,45.0,59.0,72.0,50.0
1771502153.3722076,65.0,90.0,0.0,48.0,61.0,75.0,52.0
1771502153.408243,65.0,90.0,0.0,50.0,63.0,77.0,54.0
1771502153.4377942,65.0,90.0,0.0,51.0,64.0,78.0,55.0
1771502153.4688022,65.0,91.0,0.0,52.0,65.0,79.0,56.0
1771502153.5186946,64.0,91.0,0.0,53.0,66.0,80.0,57.0
1771502153.5505137,64.0,92.0,3.0,53.0,66.0,80.0,57.0
1771502153.581513,63.0,92.0,13.0,53.0,66.0,80.0,57.0
1771502153.616567,63.0,92.0,22.0,52.0,66.0,79.0,56.0
1771502153.6450257,62.0,92.0,32.0,52.0,65.0,79.0,55.0
1771502153.6785831,61.0,91.0,43.0,52.0,65.0,78.0,55.0
1771502153.7085865,61.0,91.0,54.0,51.0,64.0,78.0,54.0
1771502153.7411022,60.0,91.0,63.0,50.0,63.0,77.0,53.0
1771502153.7731035,60.0,90.0,72.0,50.0,63.0,77.0,53.0
1771502153.8051145,60.0,90.0,80.0,49.0,62.0,76.0,52.0
1771502153.844571,59.0,90.0,88.0,49.0,62.0,75.0,51.0
1771502153.8785756,59.0,90.0,93.0,49.0,62.0,75.0,51.0
1771502153.908586,59.0,90.0,98.0,48.0,62.0,75.0,50.0
1771502153.9498,59.0,91.0,100.0,48.0,62.0,75.0,50.0
1771502153.9824498,59.0,91.0,100.0,48.0,62.0,75.0,50.0
1771502154.0124846,59.0,92.0,100.0,48.0,62.0,75.0,49.0
1771502154.0470967,59.0,92.0,100.0,49.0,62.0,76.0,49.0
1771502154.0770972,59.0,91.0,100.0,48.0,61.0,75.0,49.0
1771502154.1090739,59.0,92.0,100.0,48.0,62.0,76.0,49.0
1771502154.1417797,59.0,92.0,100.0,48.0,62.0,75.0,49.0
1771502154.173777,59.0,92.0,100.0,48.0,62.0,76.0,50.0
1771502154.2057793,59.0,92.0,100.0,49.0,63.0,76.0,50.0
1771502154.236885,59.0,92.0,100.0,49.0,63.0,76.0,50.0
1771502154.2724023,59.0,93.0,100.0,50.0,64.0,77.0,50.0
1771502154.301401,59.0,93.0,100.0,50.0,64.0,77.0,50.0
1771502154.332413,59.0,93.0,100.0,50.0,63.0,77.0,49.0
1771502154.4146216,59.0,94.0,100.0,51.0,63.0,77.0,50.0
1771502154.4386563,59.0,94.0,100.0,50.0,63.0,77.0,49.0
1771502154.4716442,59.0,94.0,100.0,51.0,64.0,78.0,50.0
1771502154.5011592,60.0,95.0,100.0,53.0,65.0,79.0,52.0
1771502154.5322614,60.0,96.0,100.0,56.0,68.0,82.0,54.0
1771502154.563773,61.0,97.0,100.0,60.0,71.0,86.0,57.0
1771502154.5947697,62.0,98.0,100.0,62.0,73.0,88.0,59.0
1771502154.6247692,62.0,99.0,100.0,65.0,75.0,90.0,60.0
1771502154.6562896,63.0,99.0,100.0,68.0,76.0,93.0,62.0
1771502154.6912868,63.0,100.0,100.0,70.0,78.0,94.0,63.0
1771502154.720288,63.0,101.0,100.0,72.0,79.0,96.0,63.0
1771502154.7508156,63.0,101.0,98.0,72.0,79.0,97.0,64.0
1771502154.780813,64.0,102.0,96.0,74.0,80.0,99.0,65.0
1771502154.846958,64.0,102.0,96.0,74.0,80.0,99.0,65.0
1771502154.8739936,64.0,102.0,95.0,74.0,81.0,100.0,65.0
1771502154.9076412,64.0,103.0,96.0,74.0,81.0,100.0,65.0
1771502154.9366145,64.0,103.0,95.0,75.0,81.0,100.0,66.0
1771502154.969124,64.0,103.0,95.0,75.0,81.0,100.0,66.0
1771502155.0011923,64.0,103.0,94.0,75.0,82.0,101.0,66.0
1771502155.033226,64.0,103.0,93.0,75.0,82.0,101.0,66.0
1771502155.0647726,64.0,103.0,92.0,76.0,82.0,101.0,66.0
1771502155.0967727,65.0,103.0,92.0,76.0,83.0,102.0,67.0
1771502155.1287804,65.0,103.0,91.0,77.0,83.0,102.0,67.0
1771502155.1573634,65.0,102.0,90.0,78.0,84.0,102.0,67.0
1771502155.2028844,65.0,103.0,88.0,80.0,84.0,103.0,68.0
1771502155.2455084,65.0,103.0,88.0,80.0,85.0,103.0,68.0
1771502155.2775044,64.0,103.0,87.0,80.0,84.0,103.0,67.0
1771502155.2995543,64.0,103.0,86.0,79.0,84.0,102.0,67.0
1771502155.3315668,64.0,103.0,85.0,79.0,83.0,102.0,67.0
1771502155.3640563,64.0,103.0,86.0,78.0,83.0,101.0,67.0
1771502155.3950877,64.0,103.0,87.0,78.0,83.0,101.0,67.0
1771502155.4250884,64.0,103.0,88.0,78.0,83.0,101.0,68.0
1771502155.4566205,64.0,103.0,88.0,78.0,83.0,101.0,68.0
1771502155.489622,64.0,103.0,89.0,77.0,83.0,101.0,68.0
1771502155.5212877,64.0,104.0,90.0,77.0,83.0,101.0,68.0
1771502155.551645,64.0,103.0,91.0,77.0,83.0,101.0,68.0
1771502155.5836954,64.0,103.0,92.0,77.0,83.0,101.0,68.0
1771502155.6297495,64.0,103.0,93.0,77.0,83.0,101.0,68.0
1771502155.6771069,64.0,103.0,93.0,77.0,83.0,101.0,68.0
1771502155.7101097,64.0,103.0,93.0,77.0,83.0,101.0,68.0
1771502155.7426221,64.0,103.0,93.0,77.0,83.0,101.0,68.0
1771502155.773623,64.0,103.0,93.0,78.0,84.0,102.0,68.0
1771502155.8046305,64.0,103.0,93.0,78.0,84.0,102.0,69.0
1771502155.836637,64.0,103.0,93.0,78.0,85.0,102.0,69.0
1771502155.8671784,64.0,103.0,94.0,78.0,85.0,102.0,69.0
1771502155.8991673,64.0,103.0,93.0,77.0,85.0,102.0,69.0
1771502155.9311705,64.0,103.0,93.0,78.0,85.0,102.0,69.0
1771502155.9616861,64.0,103.0,92.0,78.0,85.0,103.0,69.0
1771502155.9936872,64.0,102.0,91.0,77.0,84.0,102.0,69.0
1771502156.0286853,64.0,102.0,92.0,78.0,85.0,103.0,70.0
1771502156.0620594,65.0,102.0,93.0,77.0,85.0,102.0,69.0
1771502156.1090574,65.0,102.0,94.0,78.0,85.0,103.0,70.0
1771502156.1415777,65.0,102.0,95.0,77.0,85.0,102.0,70.0
1771502156.1645763,65.0,102.0,95.0,77.0,85.0,103.0,70.0
1771502156.1985834,64.0,102.0,95.0,77.0,84.0,102.0,69.0
1771502156.2275882,64.0,102.0,95.0,76.0,84.0,101.0,69.0
1771502156.2591116,64.0,102.0,96.0,76.0,84.0,101.0,69.0
1771502156.2921133,64.0,102.0,95.0,77.0,84.0,101.0,69.0
1771502156.3231134,64.0,102.0,96.0,76.0,84.0,101.0,69.0
1771502156.354755,64.0,102.0,96.0,76.0,84.0,101.0,69.0
1771502156.3856838,64.0,101.0,97.0,75.0,83.0,100.0,68.0
1771502156.4306488,64.0,101.0,97.0,75.0,83.0,100.0,68.0
1771502156.4642997,64.0,101.0,98.0,75.0,83.0,100.0,68.0
1771502156.4952917,63.0,101.0,98.0,75.0,82.0,100.0,68.0
1771502156.5412369,63.0,101.0,97.0,74.0,82.0,99.0,67.0
1771502156.5762646,63.0,101.0,97.0,73.0,81.0,98.0,67.0
1771502156.6082447,63.0,100.0,97.0,71.0,79.0,97.0,65.0
1771502156.6392467,63.0,100.0,96.0,71.0,78.0,96.0,65.0
1771502156.6698508,63.0,100.0,97.0,70.0,77.0,95.0,64.0
1771502156.7028778,63.0,100.0,97.0,69.0,77.0,94.0,63.0
1771502156.7369437,63.0,99.0,96.0,69.0,76.0,94.0,63.0
1771502156.7683668,63.0,99.0,94.0,69.0,76.0,93.0,63.0
1771502156.7993734,63.0,99.0,90.0,68.0,76.0,94.0,63.0
1771502156.8303933,63.0,99.0,87.0,69.0,77.0,94.0,63.0
1771502156.862171,63.0,99.0,85.0,70.0,78.0,95.0,64.0
1771502156.8941777,63.0,98.0,83.0,70.0,78.0,95.0,64.0
1771502156.9272726,62.0,98.0,82.0,69.0,78.0,95.0,64.0
1771502156.973408,62.0,98.0,82.0,69.0,78.0,94.0,64.0
1771502157.0064101,62.0,98.0,82.0,69.0,78.0,94.0,63.0
1771502157.0354197,62.0,98.0,82.0,69.0,77.0,94.0,63.0
1771502157.0667214,62.0,98.0,83.0,69.0,77.0,94.0,63.0
1771502157.097721,61.0,97.0,83.0,69.0,77.0,93.0,63.0
1771502157.129749,61.0,97.0,83.0,68.0,76.0,93.0,63.0
1771502157.1608233,61.0,97.0,83.0,67.0,76.0,91.0,62.0
1771502157.193846,60.0,96.0,83.0,67.0,75.0,90.0,61.0
1771502157.2298584,60.0,96.0,82.0,67.0,74.0,89.0,61.0
1771502157.261962,60.0,96.0,82.0,67.0,73.0,87.0,59.0
1771502157.2949588,59.0,95.0,82.0,66.0,72.0,86.0,58.0
1771502157.3257349,59.0,95.0,81.0,66.0,71.0,85.0,57.0
1771502157.3589387,58.0,95.0,78.0,65.0,70.0,84.0,56.0
1771502157.406938,58.0,94.0,76.0,65.0,69.0,82.0,54.0
1771502157.4404814,58.0,94.0,75.0,64.0,68.0,81.0,52.0
1771502157.4599926,57.0,93.0,74.0,64.0,68.0,80.0,51.0
1771502157.491994,57.0,93.0,75.0,64.0,67.0,79.0,50.0
1771502157.5236456,56.0,93.0,75.0,65.0,66.0,78.0,48.0
1771502157.5534418,56.0,92.0,75.0,65.0,66.0,77.0,47.0
1771502157.5974543,56.0,91.0,78.0,64.0,64.0,75.0,46.0
1771502157.6315184,55.0,90.0,81.0,62.0,63.0,73.0,45.0
1771502157.6627944,55.0,89.0,83.0,61.0,62.0,71.0,44.0
1771502157.6948066,55.0,89.0,84.0,60.0,60.0,70.0,42.0
1771502157.7278144,55.0,89.0,83.0,58.0,59.0,68.0,41.0
1771502157.7564936,54.0,89.0,82.0,57.0,58.0,66.0,40.0
1771502157.7887719,54.0,89.0,79.0,55.0,56.0,65.0,38.0
1771502157.836219,54.0,89.0,75.0,52.0,55.0,63.0,35.0
1771502157.8658051,54.0,89.0,73.0,51.0,53.0,61.0,33.0
1771502157.8939583,54.0,89.0,69.0,48.0,51.0,58.0,31.0
1771502157.9271064,55.0,90.0,62.0,46.0,49.0,56.0,29.0
1771502157.9556165,55.0,90.0,58.0,43.0,47.0,52.0,26.0
1771502157.9986217,55.0,91.0,60.0,40.0,43.0,47.0,22.0
1771502158.0296173,56.0,93.0,68.0,37.0,40.0,42.0,19.0
1771502158.0611856,58.0,95.0,75.0,35.0,37.0,38.0,16.0
1771502158.094194,59.0,97.0,87.0,33.0,34.0,34.0,14.0
1771502158.1266766,60.0,99.0,98.0,32.0,32.0,32.0,13.0
1771502158.1581912,61.0,101.0,100.0,32.0,30.0,30.0,12.0
1771502158.1891959,62.0,102.0,100.0,31.0,29.0,28.0,11.0
1771502158.2361956,63.0,104.0,100.0,31.0,27.0,26.0,11.0
1771502158.2717109,63.0,106.0,100.0,30.0,26.0,25.0,10.0
1771502158.3007526,64.0,107.0,100.0,30.0,25.0,23.0,10.0
1771502158.3307638,64.0,107.0,100.0,29.0,23.0,22.0,9.0
1771502158.362803,64.0,108.0,100.0,28.0,22.0,20.0,8.0
1771502158.3935866,64.0,109.0,100.0,28.0,21.0,19.0,8.0
1771502158.430608,64.0,108.0,100.0,27.0,19.0,17.0,6.0
1771502158.4595523,63.0,108.0,100.0,26.0,17.0,14.0,4.0
1771502158.4921834,62.0,108.0,100.0,25.0,15.0,12.0,3.0
1771502158.5251834,62.0,107.0,100.0,24.0,13.0,10.0,1.0
1771502158.5597012,61.0,106.0,100.0,23.0,12.0,9.0,0.0
1771502158.5917008,61.0,105.0,100.0,22.0,11.0,7.0,0.0
1771502158.6247776,60.0,105.0,100.0,22.0,10.0,6.0,0.0
1771502158.669007,60.0,104.0,100.0,20.0,9.0,5.0,0.0
1771502158.7020044,60.0,104.0,100.0,19.0,8.0,4.0,0.0
1771502158.7230039,59.0,103.0,100.0,19.0,8.0,4.0,0.0
1771502158.752515,59.0,103.0,100.0,18.0,7.0,3.0,0.0
1771502158.796619,59.0,103.0,100.0,18.0,7.0,3.0,0.0
1771502158.8266318,59.0,103.0,100.0,17.0,7.0,3.0,0.0
1771502158.8601334,59.0,103.0,100.0,17.0,7.0,3.0,0.0
1771502158.894172,59.0,103.0,100.0,17.0,7.0,3.0,0.0
1771502158.926192,59.0,103.0,100.0,17.0,7.0,3.0,0.0
1771502158.9590173,60.0,103.0,100.0,17.0,7.0,3.0,0.0
1771502158.9900155,60.0,103.0,100.0,18.0,7.0,3.0,0.0
1771502159.0230067,60.0,103.0,100.0,18.0,7.0,3.0,0.0
1771502159.0527241,60.0,103.0,100.0,18.0,7.0,3.0,0.0
1771502159.1008635,60.0,103.0,100.0,19.0,8.0,3.0,0.0
1771502159.1338632,60.0,103.0,100.0,19.0,8.0,3.0,0.0
1771502159.1613634,60.0,103.0,100.0,20.0,8.0,4.0,0.0
1771502159.1913419,60.0,103.0,100.0,20.0,8.0,4.0,0.0
1771502159.2303467,60.0,104.0,100.0,20.0,9.0,4.0,0.0
1771502159.260868,60.0,104.0,100.0,20.0,9.0,5.0,0.0
1771502159.300544,60.0,104.0,100.0,21.0,9.0,5.0,0.0
1771502159.3321247,60.0,104.0,100.0,21.0,10.0,5.0,0.0
1771502159.3641076,61.0,104.0,100.0,21.0,10.0,5.0,0.0
1771502159.3961065,60.0,104.0,100.0,21.0,10.0,5.0,0.0
1771502159.425116,60.0,104.0,100.0,21.0,10.0,5.0,0.0
1771502159.4566934,60.0,104.0,100.0,21.0,9.0,4.0,0.0
1771502159.4876933,60.0,104.0,100.0,20.0,9.0,4.0,0.0
1771502159.535437,60.0,104.0,100.0,20.0,9.0,3.0,0.0
1771502159.5689917,60.0,104.0,100.0,20.0,9.0,3.0,0.0
1771502159.5969908,60.0,104.0,100.0,20.0,8.0,2.0,0.0
1771502159.6309986,60.0,104.0,100.0,20.0,8.0,1.0,0.0
1771502159.660505,60.0,104.0,100.0,20.0,8.0,1.0,0.0
1771502159.6925051,60.0,105.0,100.0,19.0,7.0,0.0,0.0
1771502159.7245958,60.0,105.0,100.0,18.0,7.0,0.0,0.0
1771502159.7561302,60.0,105.0,100.0,18.0,6.0,0.0,0.0
1771502159.7891557,61.0,106.0,100.0,18.0,6.0,0.0,0.0
1771502159.8221564,62.0,106.0,100.0,18.0,6.0,0.0,0.0
1771502159.852601,63.0,107.0,100.0,19.0,7.0,1.0,0.0
1771502159.887998,64.0,107.0,100.0,20.0,7.0,3.0,0.0
1771502159.9169998,66.0,107.0,100.0,21.0,8.0,4.0,1.0
1771502159.966613,67.0,107.0,100.0,22.0,10.0,5.0,2.0
1771502159.997735,68.0,108.0,100.0,23.0,11.0,6.0,3.0
1771502160.0303254,68.0,108.0,100.0,24.0,11.0,7.0,4.0
1771502160.0608296,69.0,108.0,88.0,24.0,12.0,8.0,5.0
1771502160.09524,70.0,108.0,75.0,25.0,13.0,9.0,5.0
1771502160.1252398,70.0,109.0,64.0,26.0,13.0,10.0,5.0
1771502160.1567955,71.0,109.0,58.0,26.0,13.0,10.0,6.0
1771502160.1888745,71.0,109.0,52.0,27.0,13.0,11.0,6.0
1771502160.2209227,72.0,110.0,47.0,27.0,13.0,11.0,6.0
1771502160.253093,72.0,109.0,46.0,27.0,13.0,11.0,6.0
1771502160.285095,72.0,109.0,46.0,27.0,13.0,11.0,6.0
1771502160.3202002,73.0,109.0,43.0,27.0,13.0,11.0,6.0
1771502160.3516922,73.0,110.0,43.0,27.0,13.0,11.0,6.0
1771502160.398693,73.0,110.0,41.0,27.0,13.0,11.0,5.0
1771502160.4308183,73.0,110.0,41.0,26.0,13.0,11.0,5.0
1771502160.4622395,74.0,110.0,39.0,26.0,12.0,10.0,4.0
1771502160.4932394,74.0,110.0,42.0,24.0,12.0,10.0,3.0
1771502160.5247798,74.0,110.0,44.0,24.0,12.0,10.0,2.0
1771502160.5571594,75.0,109.0,42.0,24.0,12.0,10.0,3.0
1771502160.5891612,76.0,109.0,47.0,23.0,12.0,10.0,2.0
1771502160.622157,76.0,108.0,50.0,23.0,11.0,10.0,2.0
1771502160.6536915,77.0,108.0,42.0,23.0,12.0,11.0,3.0
1771502160.685687,78.0,108.0,37.0,23.0,13.0,12.0,3.0
1771502160.716684,79.0,109.0,29.0,23.0,14.0,12.0,3.0
1771502160.750776,80.0,109.0,23.0,23.0,15.0,11.0,2.0
1771502160.7808096,81.0,109.0,19.0,23.0,16.0,11.0,2.0
1771502160.828779,82.0,109.0,15.0,24.0,17.0,10.0,1.0
1771502160.862398,83.0,110.0,12.0,24.0,17.0,9.0,1.0
1771502160.895364,84.0,111.0,10.0,25.0,17.0,8.0,0.0
1771502160.9263952,85.0,113.0,8.0,25.0,17.0,7.0,0.0
1771502160.9587328,86.0,114.0,6.0,24.0,17.0,5.0,0.0
1771502160.9887497,87.0,116.0,5.0,23.0,17.0,4.0,0.0
1771502161.0207314,88.0,117.0,4.0,22.0,15.0,2.0,0.0
1771502161.0532448,88.0,118.0,3.0,20.0,14.0,0.0,0.0
1771502161.083597,88.0,119.0,3.0,17.0,12.0,0.0,0.0
1771502161.1176996,87.0,120.0,2.0,14.0,11.0,0.0,0.0
1771502161.1482182,88.0,121.0,2.0,12.0,9.0,0.0,0.0
1771502161.1822164,87.0,122.0,1.0,9.0,7.0,0.0,0.0
1771502161.2142458,86.0,122.0,1.0,6.0,5.0,0.0,0.0
1771502161.261766,85.0,121.0,1.0,4.0,2.0,0.0,0.0
1771502161.2938478,85.0,120.0,1.0,2.0,0.0,0.0,0.0
1771502161.3247902,84.0,120.0,1.0,1.0,0.0,0.0,0.0
1771502161.356279,83.0,119.0,0.0,0.0,0.0,0.0,0.0
1771502161.3922787,83.0,118.0,0.0,0.0,0.0,0.0,0.0
1771502161.4232988,83.0,117.0,0.0,0.0,0.0,0.0,0.0
1771502161.453813,83.0,117.0,0.0,0.0,0.0,0.0,0.0
1771502161.4848194,83.0,116.0,0.0,0.0,0.0,0.0,0.0
1771502161.5168917,83.0,116.0,0.0,0.0,0.0,0.0,0.0
1771502161.5504076,84.0,117.0,0.0,1.0,0.0,0.0,0.0
1771502161.5814078,84.0,116.0,0.0,1.0,0.0,0.0,0.0
1771502161.6174076,84.0,116.0,0.0,0.0,0.0,0.0,0.0
1771502161.6459243,84.0,115.0,0.0,0.0,0.0,0.0,0.0
1771502161.692932,84.0,115.0,0.0,0.0,0.0,0.0,0.0
1771502161.7259314,84.0,115.0,0.0,0.0,0.0,0.0,0.0
1771502161.7574425,84.0,115.0,0.0,0.0,0.0,0.0,0.0
1771502161.7884436,84.0,114.0,0.0,0.0,0.0,0.0,0.0
1771502161.8224416,84.0,114.0,0.0,0.0,0.0,0.0,0.0
1771502161.8529558,85.0,115.0,0.0,0.0,0.0,0.0,0.0
1771502161.8849566,85.0,114.0,0.0,0.0,0.0,0.0,0.0
1771502161.9199538,85.0,114.0,0.0,0.0,0.0,0.0,0.0
1771502161.9514735,85.0,114.0,0.0,0.0,0.0,0.0,0.0
1771502161.983473,85.0,113.0,0.0,0.0,0.0,0.0,0.0
1771502162.0292666,85.0,113.0,0.0,0.0,0.0,0.0,0.0
1771502162.0604975,85.0,114.0,0.0,0.0,0.0,0.0,0.0
1771502162.0934956,85.0,114.0,0.0,0.0,0.0,0.0,0.0
1771502162.1244977,85.0,114.0,0.0,0.0,0.0,0.0,0.0
1771502162.1575315,85.0,114.0,0.0,0.0,0.0,0.0,0.0
1771502162.1891005,85.0,114.0,0.0,0.0,0.0,0.0,0.0
1771502162.220843,86.0,114.0,0.0,0.0,0.0,0.0,0.0
1771502162.2543523,85.0,114.0,0.0,0.0,0.0,0.0,0.0
1771502162.285353,85.0,114.0,0.0,0.0,0.0,0.0,0.0
1771502162.3163607,86.0,114.0,0.0,0.0,0.0,0.0,0.0
1771502162.3499243,86.0,114.0,0.0,0.0,0.0,0.0,0.0
1771502162.3815017,86.0,114.0,0.0,0.0,0.0,0.0,0.0
1771502162.4127247,86.0,114.0,0.0,0.0,0.0,0.0,0.0
1771502162.4452114,85.0,114.0,0.0,0.0,0.0,0.0,0.0
1771502162.480217,86.0,114.0,0.0,0.0,0.0,0.0,0.0
1771502162.5102174,85.0,114.0,0.0,0.0,0.0,0.0,0.0
1771502162.557446,85.0,114.0,0.0,0.0,0.0,0.0,0.0
1771502162.5944717,85.0,114.0,0.0,0.0,0.0,0.0,0.0
1771502162.6214454,85.0,114.0,0.0,0.0,0.0,0.0,0.0
1771502162.6529589,85.0,114.0,0.0,0.0,0.0,0.0,0.0
1771502162.6859717,85.0,114.0,0.0,0.0,0.0,0.0,0.0
1771502162.7169724,85.0,114.0,0.0,0.0,0.0,0.0,0.0
1771502162.749494,85.0,114.0,0.0,1.0,1.0,0.0,0.0
1771502162.7804835,85.0,115.0,0.0,1.0,1.0,0.0,0.0
1771502162.8132768,86.0,115.0,0.0,1.0,1.0,0.0,0.0
1771502162.845679,86.0,115.0,0.0,1.0,2.0,0.0,0.0
1771502162.8796878,86.0,115.0,0.0,1.0,2.0,0.0,0.0
1771502162.9136844,85.0,115.0,0.0,1.0,2.0,0.0,0.0
1771502162.9437094,85.0,115.0,0.0,1.0,2.0,0.0,0.0
1771502162.9903038,85.0,115.0,0.0,1.0,2.0,0.0,0.0
1771502163.0242763,85.0,114.0,0.0,1.0,2.0,0.0,0.0
1771502163.0527995,85.0,114.0,0.0,1.0,2.0,0.0,0.0
1771502163.0849357,86.0,115.0,0.0,1.0,2.0,0.0,0.0
1771502163.118925,86.0,115.0,0.0,1.0,2.0,0.0,0.0
1771502163.149614,86.0,115.0,0.0,2.0,2.0,0.0,0.0
1771502163.1806262,86.0,115.0,0.0,1.0,2.0,0.0,0.0
1771502163.2135632,86.0,115.0,0.0,2.0,2.0,0.0,0.0
1771502163.2446475,86.0,115.0,0.0,1.0,2.0,0.0,0.0
1771502163.276854,85.0,116.0,0.0,1.0,2.0,0.0,0.0
1771502163.3102548,85.0,116.0,0.0,1.0,2.0,0.0,0.0
1771502163.3442037,85.0,116.0,0.0,1.0,2.0,0.0,0.0
1771502163.377747,85.0,116.0,0.0,1.0,2.0,0.0,0.0
1771502163.4218285,85.0,117.0,0.0,1.0,1.0,0.0,0.0
1771502163.4523566,85.0,117.0,0.0,1.0,1.0,0.0,0.0
1771502163.4855077,85.0,117.0,0.0,1.0,1.0,0.0,0.0
1771502163.5158815,85.0,118.0,0.0,1.0,1.0,0.0,0.0
1771502163.5523212,85.0,118.0,0.0,0.0,1.0,0.0,0.0
1771502163.5813286,85.0,118.0,0.0,0.0,1.0,0.0,0.0
1771502163.6133215,85.0,119.0,0.0,0.0,1.0,0.0,0.0
1771502163.644384,85.0,120.0,0.0,0.0,1.0,0.0,0.0
1771502163.676443,86.0,121.0,0.0,0.0,1.0,0.0,0.0
1771502163.708412,86.0,121.0,0.0,0.0,1.0,0.0,0.0
1771502163.7405033,86.0,121.0,0.0,0.0,1.0,0.0,0.0
1771502163.776005,86.0,121.0,0.0,0.0,1.0,0.0,0.0
1771502163.8060055,86.0,121.0,0.0,0.0,1.0,0.0,0.0
1771502163.8536239,86.0,122.0,0.0,0.0,0.0,0.0,0.0
1771502163.8846421,86.0,122.0,0.0,0.0,0.0,0.0,0.0
1771502163.9166243,86.0,122.0,0.0,0.0,0.0,0.0,0.0
1771502163.949315,86.0,122.0,0.0,0.0,1.0,0.0,0.0
1771502163.985306,86.0,123.0,0.0,0.0,0.0,0.0,0.0
1771502164.012315,86.0,123.0,0.0,0.0,1.0,0.0,0.0
1771502164.0443056,86.0,123.0,0.0,0.0,1.0,0.0,0.0
1771502164.0768075,86.0,123.0,0.0,0.0,2.0,0.0,0.0
1771502164.1087997,86.0,123.0,0.0,0.0,2.0,0.0,0.0
1771502164.1418252,86.0,122.0,0.0,0.0,2.0,0.0,0.0
1771502164.1734476,86.0,122.0,0.0,0.0,3.0,0.0,0.0
1771502164.2077155,86.0,121.0,0.0,0.0,3.0,0.0,0.0
1771502164.253241,86.0,121.0,0.0,0.0,4.0,0.0,0.0
1771502164.2902348,86.0,121.0,0.0,0.0,4.0,0.0,0.0
1771502164.3182378,86.0,120.0,0.0,0.0,4.0,0.0,0.0
1771502164.3494155,86.0,120.0,0.0,0.0,5.0,0.0,0.0
1771502164.3814168,86.0,120.0,0.0,0.0,5.0,0.0,0.0
1771502164.4154172,86.0,120.0,0.0,1.0,6.0,1.0,0.0
1771502164.444427,86.0,120.0,0.0,1.0,6.0,2.0,0.0
1771502164.4775186,87.0,119.0,0.0,1.0,7.0,2.0,0.0
1771502164.5085506,87.0,119.0,0.0,1.0,8.0,4.0,0.0
1771502164.5407138,87.0,118.0,0.0,2.0,9.0,5.0,0.0
1771502164.5739484,87.0,118.0,0.0,2.0,9.0,6.0,0.0
1771502164.6049435,87.0,118.0,0.0,2.0,10.0,6.0,0.0
1771502164.639962,87.0,117.0,0.0,2.0,11.0,8.0,0.0
1771502164.6854804,87.0,116.0,0.0,2.0,11.0,8.0,0.0
1771502164.7424083,86.0,116.0,0.0,2.0,12.0,9.0,0.0
1771502164.7749248,86.0,115.0,0.0,2.0,12.0,11.0,1.0
1771502164.8069253,86.0,115.0,0.0,3.0,13.0,12.0,1.0
1771502164.83794,85.0,114.0,0.0,3.0,13.0,14.0,2.0
1771502164.867642,85.0,113.0,0.0,3.0,14.0,15.0,4.0
1771502164.8987494,85.0,112.0,0.0,4.0,15.0,18.0,6.0
1771502164.928749,84.0,112.0,1.0,4.0,15.0,19.0,8.0
1771502164.9602962,84.0,112.0,11.0,4.0,15.0,21.0,10.0
1771502164.9919078,83.0,113.0,27.0,5.0,15.0,22.0,13.0
1771502165.0238569,82.0,113.0,43.0,5.0,14.0,23.0,15.0
1771502165.0565655,81.0,113.0,51.0,4.0,13.0,25.0,17.0
1771502165.084513,81.0,113.0,52.0,4.0,14.0,29.0,19.0
1771502165.1165261,80.0,113.0,56.0,4.0,15.0,32.0,21.0
1771502165.1491747,79.0,111.0,52.0,4.0,20.0,36.0,24.0
1771502165.181179,78.0,109.0,41.0,6.0,24.0,40.0,27.0
1771502165.214223,76.0,107.0,33.0,7.0,28.0,44.0,30.0
1771502165.2451508,74.0,105.0,26.0,9.0,31.0,48.0,33.0
1771502165.2776575,72.0,102.0,21.0,10.0,35.0,53.0,37.0
1771502165.3087294,71.0,101.0,17.0,14.0,40.0,57.0,40.0
1771502165.3396814,69.0,101.0,14.0,19.0,44.0,61.0,42.0
1771502165.3723576,68.0,100.0,11.0,24.0,48.0,64.0,45.0
1771502165.4053183,67.0,100.0,9.0,29.0,52.0,68.0,48.0
1771502165.4383254,66.0,99.0,12.0,34.0,55.0,71.0,50.0
1771502165.4689476,65.0,99.0,14.0,38.0,58.0,74.0,51.0
1771502165.501949,64.0,99.0,16.0,43.0,61.0,76.0,53.0
1771502165.5498066,65.0,99.0,20.0,48.0,65.0,80.0,56.0
1771502165.5828266,65.0,100.0,22.0,52.0,69.0,83.0,59.0
1771502165.612554,65.0,100.0,25.0,57.0,72.0,87.0,61.0
1771502165.6445477,66.0,101.0,25.0,62.0,75.0,90.0,64.0
1771502165.6767964,67.0,102.0,21.0,67.0,79.0,95.0,67.0
1771502165.7128234,68.0,103.0,17.0,72.0,81.0,99.0,70.0
1771502165.7438004,69.0,104.0,14.0,77.0,83.0,103.0,73.0
1771502165.7763615,70.0,105.0,11.0,83.0,85.0,107.0,75.0
1771502165.8073077,71.0,105.0,9.0,88.0,86.0,109.0,78.0
1771502165.8393104,71.0,104.0,7.0,91.0,87.0,110.0,80.0
1771502165.869855,71.0,103.0,6.0,94.0,88.0,110.0,81.0
1771502165.9028888,71.0,103.0,4.0,97.0,89.0,110.0,83.0
1771502165.9339337,73.0,102.0,4.0,100.0,89.0,110.0,85.0
1771502166.0135772,73.0,102.0,10.0,101.0,90.0,110.0,87.0
1771502166.0426369,74.0,101.0,15.0,103.0,90.0,110.0,88.0
1771502166.1037507,74.0,100.0,19.0,104.0,90.0,110.0,89.0
1771502166.137782,74.0,100.0,23.0,106.0,90.0,110.0,89.0
1771502166.1673937,75.0,100.0,29.0,107.0,90.0,110.0,90.0
1771502166.1984184,75.0,100.0,35.0,109.0,90.0,109.0,90.0
1771502166.2294424,76.0,100.0,43.0,110.0,90.0,108.0,91.0
1771502166.2619638,76.0,100.0,48.0,110.0,90.0,107.0,91.0
1771502166.2929702,76.0,99.0,53.0,110.0,90.0,107.0,91.0
1771502166.3249662,76.0,99.0,52.0,110.0,90.0,107.0,91.0
1771502166.3594759,76.0,98.0,51.0,110.0,90.0,108.0,91.0
1771502166.389476,75.0,98.0,49.0,110.0,90.0,108.0,90.0
1771502166.420479,75.0,98.0,48.0,110.0,90.0,108.0,90.0
1771502166.4525433,75.0,98.0,45.0,110.0,90.0,108.0,90.0
1771502166.4834511,75.0,97.0,43.0,110.0,90.0,109.0,89.0
1771502166.5156476,75.0,97.0,40.0,110.0,90.0,109.0,89.0
1771502166.5451915,75.0,97.0,38.0,110.0,90.0,109.0,89.0
1771502166.577231,74.0,97.0,36.0,110.0,90.0,110.0,89.0
1771502166.6082294,74.0,97.0,36.0,110.0,90.0,110.0,89.0
1771502166.6392353,74.0,97.0,34.0,110.0,90.0,110.0,89.0
1771502166.6708388,74.0,97.0,34.0,110.0,90.0,110.0,89.0
1771502166.7028594,74.0,97.0,34.0,110.0,90.0,110.0,89.0
1771502166.7333846,74.0,97.0,35.0,110.0,90.0,110.0,89.0
1771502166.7639256,74.0,97.0,31.0,110.0,90.0,110.0,89.0
1771502166.7979262,71.0,97.0,25.0,106.0,90.0,105.0,80.0
1771502166.8449368,68.0,96.0,20.0,100.0,84.0,97.0,70.0
1771502166.880459,66.0,95.0,20.0,92.0,77.0,86.0,61.0
1771502166.9044561,65.0,96.0,16.0,84.0,72.0,79.0,55.0
1771502166.9353704,64.0,96.0,20.0,78.0,66.0,72.0,49.0
1771502166.9674416,64.0,97.0,25.0,73.0,61.0,65.0,43.0
1771502166.9981449,64.0,99.0,36.0,68.0,57.0,60.0,39.0
1771502167.030145,66.0,101.0,48.0,63.0,52.0,54.0,36.0
1771502167.0606577,68.0,104.0,57.0,59.0,46.0,48.0,32.0
1771502167.0907981,70.0,107.0,68.0,52.0,40.0,41.0,29.0
1771502167.1227984,73.0,109.0,72.0,48.0,36.0,37.0,27.0
1771502167.1553075,76.0,111.0,66.0,47.0,34.0,34.0,24.0
1771502167.1871455,79.0,113.0,52.0,44.0,33.0,31.0,21.0
1771502167.230426,82.0,116.0,42.0,39.0,29.0,25.0,17.0
1771502167.2767391,83.0,117.0,34.0,33.0,25.0,20.0,13.0
1771502167.3124256,84.0,118.0,27.0,29.0,22.0,17.0,10.0
1771502167.3444264,85.0,119.0,21.0,25.0,19.0,13.0,8.0
1771502167.3739512,86.0,120.0,17.0,22.0,18.0,11.0,6.0
1771502167.4069526,87.0,121.0,14.0,19.0,16.0,10.0,5.0
1771502167.437955,88.0,122.0,11.0,18.0,15.0,10.0,4.0
1771502167.4822192,89.0,122.0,9.0,16.0,15.0,10.0,4.0
1771502167.5181706,90.0,122.0,7.0,15.0,14.0,10.0,3.0
1771502167.5462525,91.0,122.0,6.0,13.0,13.0,10.0,3.0
1771502167.5777607,91.0,122.0,5.0,11.0,13.0,11.0,3.0
1771502167.6097631,91.0,122.0,4.0,10.0,12.0,10.0,3.0
1771502167.6396623,92.0,122.0,3.0,10.0,12.0,11.0,3.0
1771502167.6721961,92.0,121.0,2.0,9.0,12.0,11.0,3.0
1771502167.7083602,92.0,121.0,2.0,8.0,11.0,11.0,3.0
1771502167.7424338,93.0,121.0,1.0,8.0,12.0,11.0,4.0
1771502167.7644527,93.0,121.0,1.0,7.0,11.0,11.0,4.0
1771502167.7963586,93.0,121.0,1.0,7.0,11.0,12.0,4.0
1771502167.8260624,93.0,121.0,1.0,7.0,12.0,12.0,4.0
1771502167.859953,93.0,121.0,1.0,7.0,11.0,12.0,4.0
1771502167.8899837,93.0,120.0,0.0,6.0,11.0,11.0,3.0
1771502167.9259205,92.0,119.0,0.0,6.0,11.0,11.0,3.0
1771502167.9537027,91.0,119.0,0.0,5.0,10.0,10.0,3.0
1771502167.9853952,91.0,118.0,0.0,5.0,10.0,10.0,3.0
1771502168.038641,91.0,118.0,0.0,5.0,10.0,10.0,2.0
1771502168.0631158,91.0,118.0,0.0,5.0,10.0,10.0,2.0
1771502168.0940793,90.0,117.0,0.0,5.0,9.0,9.0,1.0
1771502168.1442244,90.0,117.0,0.0,5.0,9.0,9.0,1.0
1771502168.175107,90.0,117.0,0.0,5.0,9.0,9.0,1.0
1771502168.1999636,90.0,117.0,0.0,5.0,9.0,9.0,1.0
1771502168.2316782,89.0,117.0,0.0,5.0,9.0,8.0,0.0
1771502168.2627306,89.0,118.0,0.0,5.0,9.0,7.0,0.0
1771502168.296348,89.0,118.0,0.0,6.0,9.0,7.0,0.0
1771502168.326025,89.0,119.0,0.0,6.0,8.0,6.0,0.0
1771502168.3542383,89.0,119.0,0.0,5.0,8.0,4.0,0.0
1771502168.397729,89.0,120.0,0.0,5.0,8.0,3.0,0.0
1771502168.429816,89.0,121.0,0.0,5.0,8.0,2.0,0.0
1771502168.4633338,90.0,122.0,0.0,6.0,9.0,2.0,0.0
1771502168.4943337,91.0,121.0,6.0,6.0,10.0,6.0,1.0
1771502168.5280063,91.0,119.0,11.0,5.0,12.0,11.0,5.0
1771502168.5734942,91.0,118.0,11.0,5.0,14.0,15.0,9.0
1771502168.605526,91.0,117.0,20.0,6.0,15.0,19.0,14.0
1771502168.636493,90.0,117.0,35.0,7.0,16.0,22.0,16.0
1771502168.6681252,90.0,118.0,54.0,8.0,16.0,23.0,19.0
1771502168.6991267,90.0,120.0,71.0,9.0,16.0,26.0,21.0
1771502168.7311575,90.0,121.0,82.0,11.0,17.0,28.0,23.0
1771502168.7606554,88.0,123.0,95.0,10.0,18.0,30.0,24.0
1771502168.791659,85.0,122.0,100.0,10.0,20.0,31.0,24.0
1771502168.8376632,83.0,121.0,99.0,10.0,24.0,37.0,26.0
1771502168.869212,82.0,120.0,97.0,12.0,28.0,40.0,28.0
1771502168.9002326,80.0,119.0,91.0,14.0,31.0,44.0,29.0
1771502168.9312391,77.0,117.0,83.0,16.0,34.0,47.0,30.0
1771502168.9637742,75.0,116.0,75.0,19.0,37.0,50.0,31.0
1771502169.0037732,74.0,114.0,66.0,21.0,40.0,52.0,32.0
1771502169.0377934,72.0,113.0,58.0,26.0,44.0,56.0,33.0
1771502169.0710416,71.0,112.0,51.0,29.0,47.0,58.0,34.0
1771502169.1020408,70.0,111.0,49.0,34.0,51.0,62.0,37.0
1771502169.1340406,70.0,110.0,44.0,39.0,54.0,66.0,39.0
1771502169.1638093,70.0,110.0,44.0,45.0,59.0,71.0,43.0
1771502169.1978095,71.0,111.0,45.0,51.0,63.0,77.0,47.0
1771502169.2288327,71.0,112.0,45.0,57.0,67.0,82.0,50.0
1771502169.2613487,71.0,112.0,43.0,62.0,70.0,85.0,52.0
1771502169.2923477,71.0,113.0,41.0,66.0,72.0,88.0,55.0
1771502169.3243468,71.0,113.0,40.0,70.0,74.0,91.0,57.0
1771502169.3578753,72.0,114.0,38.0,74.0,77.0,95.0,60.0
1771502169.3898687,72.0,115.0,40.0,77.0,79.0,98.0,62.0
1771502169.4378726,72.0,115.0,42.0,79.0,80.0,100.0,64.0
1771502169.4651933,72.0,114.0,44.0,81.0,81.0,102.0,66.0
1771502169.4941928,72.0,115.0,47.0,83.0,83.0,105.0,68.0
1771502169.5262961,73.0,115.0,49.0,86.0,84.0,107.0,71.0
1771502169.557386,74.0,115.0,52.0,88.0,85.0,110.0,73.0
1771502169.601387,75.0,114.0,54.0,89.0,87.0,110.0,75.0
1771502169.6343842,75.0,114.0,55.0,91.0,88.0,110.0,76.0
1771502169.666339,75.0,114.0,55.0,92.0,88.0,110.0,78.0
1771502169.69617,76.0,114.0,56.0,92.0,89.0,110.0,78.0
1771502169.728171,76.0,114.0,58.0,92.0,89.0,110.0,79.0
1771502169.7597055,76.0,114.0,57.0,92.0,89.0,110.0,79.0
1771502169.790707,76.0,114.0,58.0,92.0,89.0,110.0,80.0
1771502169.840295,76.0,114.0,58.0,92.0,89.0,110.0,80.0
1771502169.8704388,76.0,114.0,57.0,91.0,89.0,110.0,80.0
1771502169.900321,76.0,114.0,58.0,91.0,89.0,110.0,80.0
1771502169.9328437,76.0,114.0,59.0,91.0,89.0,110.0,80.0
1771502169.9638336,76.0,114.0,59.0,91.0,89.0,110.0,80.0
1771502169.9963899,73.0,113.0,50.0,87.0,85.0,109.0,72.0
1771502170.0324407,72.0,113.0,48.0,80.0,78.0,98.0,64.0
1771502170.0607176,72.0,112.0,48.0,70.0,70.0,87.0,57.0
1771502170.092713,72.0,112.0,52.0,59.0,59.0,73.0,48.0
1771502170.124715,74.0,112.0,65.0,50.0,50.0,62.0,42.0
1771502170.1572745,75.0,113.0,72.0,44.0,43.0,53.0,36.0
1771502170.196027,78.0,114.0,68.0,39.0,38.0,45.0,30.0
1771502170.2280343,80.0,115.0,54.0,36.0,35.0,39.0,25.0
1771502170.2715564,83.0,117.0,43.0,32.0,31.0,33.0,21.0
1771502170.3045537,84.0,119.0,35.0,29.0,29.0,27.0,17.0
1771502170.336134,86.0,120.0,28.0,27.0,26.0,24.0,14.0
1771502170.367663,87.0,121.0,22.0,24.0,24.0,20.0,11.0
1771502170.4006436,88.0,122.0,18.0,23.0,22.0,18.0,9.0
1771502170.4306543,89.0,123.0,14.0,21.0,21.0,16.0,8.0
1771502170.464175,90.0,124.0,11.0,19.0,19.0,15.0,7.0
1771502170.494177,91.0,125.0,9.0,18.0,18.0,14.0,6.0
1771502170.5261016,92.0,125.0,7.0,17.0,17.0,13.0,6.0
1771502170.558184,93.0,125.0,6.0,15.0,16.0,13.0,5.0
1771502170.5891814,93.0,125.0,5.0,14.0,16.0,13.0,5.0
1771502170.6221843,94.0,124.0,4.0,12.0,16.0,13.0,5.0
1771502170.6531873,94.0,123.0,3.0,11.0,15.0,13.0,5.0
1771502170.7041883,94.0,123.0,2.0,10.0,16.0,13.0,5.0
1771502170.7361894,94.0,122.0,2.0,8.0,15.0,13.0,5.0
1771502170.761699,95.0,122.0,2.0,7.0,15.0,13.0,6.0
1771502170.7968032,94.0,121.0,1.0,5.0,14.0,12.0,5.0
1771502170.829556,94.0,120.0,1.0,4.0,13.0,11.0,5.0
1771502170.860107,94.0,120.0,1.0,3.0,12.0,10.0,4.0
1771502170.895106,94.0,119.0,1.0,2.0,11.0,9.0,4.0
1771502170.9251397,94.0,119.0,0.0,0.0,9.0,8.0,3.0
1771502170.9567034,93.0,117.0,0.0,0.0,7.0,6.0,3.0
1771502170.9886672,93.0,117.0,0.0,0.0,7.0,6.0,2.0
1771502171.0206726,92.0,117.0,0.0,0.0,7.0,7.0,2.0
1771502171.051706,92.0,116.0,0.0,0.0,8.0,7.0,2.0
1771502171.0843127,91.0,115.0,0.0,0.0,8.0,7.0,2.0
1771502171.1343236,91.0,115.0,0.0,0.0,8.0,7.0,2.0
1771502171.168431,91.0,114.0,0.0,0.0,9.0,7.0,2.0
1771502171.1984286,91.0,114.0,0.0,0.0,9.0,7.0,2.0
1771502171.2294316,90.0,114.0,0.0,0.0,9.0,7.0,2.0
1771502171.2614856,90.0,115.0,0.0,1.0,9.0,8.0,2.0
1771502171.292494,90.0,115.0,0.0,1.0,9.0,8.0,2.0
1771502171.3264868,90.0,115.0,0.0,1.0,9.0,7.0,1.0
1771502171.3560019,90.0,115.0,0.0,2.0,10.0,8.0,1.0
1771502171.3889985,90.0,115.0,0.0,3.0,9.0,8.0,1.0
1771502171.4210079,89.0,115.0,0.0,3.0,9.0,7.0,1.0
1771502171.4520195,89.0,115.0,0.0,3.0,9.0,7.0,1.0
1771502171.4855318,89.0,115.0,0.0,4.0,8.0,6.0,0.0
1771502171.5165293,88.0,116.0,0.0,4.0,8.0,4.0,0.0
1771502171.5690482,89.0,118.0,0.0,5.0,7.0,3.0,0.0
1771502171.6020477,89.0,119.0,0.0,5.0,7.0,2.0,0.0
1771502171.633131,89.0,120.0,0.0,5.0,7.0,2.0,0.0
1771502171.6655917,89.0,119.0,0.0,4.0,7.0,3.0,0.0
1771502171.6976454,89.0,118.0,0.0,4.0,8.0,6.0,3.0
1771502171.7276456,88.0,117.0,13.0,4.0,8.0,9.0,6.0
1771502171.7593286,87.0,117.0,29.0,5.0,8.0,12.0,9.0
1771502171.7893157,87.0,118.0,47.0,6.0,9.0,15.0,12.0
1771502171.8203206,86.0,119.0,62.0,8.0,11.0,19.0,16.0
1771502171.8538258,87.0,121.0,63.0,10.0,14.0,25.0,20.0
1771502171.8858314,86.0,121.0,51.0,10.0,18.0,30.0,22.0
1771502171.9168372,84.0,120.0,41.0,10.0,23.0,35.0,25.0
1771502171.948833,83.0,119.0,33.0,12.0,29.0,42.0,29.0
1771502171.9983819,82.0,118.0,26.0,13.0,34.0,47.0,33.0
1771502172.0293748,80.0,117.0,21.0,14.0,37.0,52.0,35.0
1771502172.060984,78.0,116.0,17.0,15.0,41.0,56.0,38.0
1771502172.0930216,77.0,115.0,13.0,16.0,44.0,59.0,40.0
1771502172.1255772,76.0,114.0,11.0,17.0,47.0,62.0,42.0
1771502172.1582532,75.0,113.0,9.0,19.0,49.0,65.0,44.0
1771502172.1908567,74.0,112.0,7.0,21.0,52.0,68.0,45.0
1771502172.220824,73.0,112.0,6.0,23.0,54.0,70.0,47.0
1771502172.2528484,72.0,111.0,4.0,27.0,57.0,73.0,48.0
1771502172.2853973,71.0,111.0,4.0,31.0,59.0,76.0,50.0
1771502172.3154042,71.0,110.0,3.0,36.0,63.0,79.0,53.0
1771502172.3484044,71.0,110.0,2.0,41.0,66.0,83.0,55.0
1771502172.3809104,71.0,110.0,2.0,47.0,70.0,88.0,58.0
1771502172.4316504,71.0,110.0,1.0,53.0,74.0,91.0,61.0
1771502172.4612014,71.0,111.0,1.0,59.0,78.0,96.0,65.0
1771502172.4932094,73.0,112.0,1.0,66.0,81.0,101.0,69.0
1771502172.5271556,73.0,112.0,1.0,72.0,84.0,104.0,73.0
1771502172.5578063,74.0,112.0,1.0,78.0,85.0,106.0,76.0
1771502172.5878046,74.0,112.0,0.0,83.0,87.0,107.0,79.0
1771502172.6238046,75.0,112.0,0.0,87.0,88.0,108.0,81.0
1771502172.6528115,75.0,112.0,0.0,90.0,88.0,108.0,83.0
1771502172.6853647,75.0,111.0,0.0,93.0,89.0,108.0,85.0
1771502172.7153716,76.0,111.0,0.0,95.0,89.0,108.0,86.0
1771502172.7483664,76.0,111.0,0.0,96.0,89.0,108.0,88.0
1771502172.7808764,76.0,111.0,0.0,97.0,90.0,108.0,88.0
1771502172.8129056,76.0,110.0,0.0,99.0,90.0,108.0,89.0
1771502172.862433,76.0,110.0,0.0,101.0,90.0,108.0,90.0
1771502172.8924305,76.0,109.0,0.0,102.0,90.0,108.0,91.0
1771502172.9274116,76.0,109.0,0.0,103.0,90.0,109.0,92.0
1771502172.9599426,76.0,109.0,0.0,103.0,90.0,109.0,92.0
1771502172.9901857,76.0,109.0,0.0,104.0,90.0,109.0,93.0
1771502173.0221877,75.0,108.0,0.0,104.0,90.0,109.0,93.0
1771502173.0555584,75.0,108.0,0.0,105.0,90.0,109.0,93.0
1771502173.0855622,75.0,108.0,0.0,105.0,90.0,109.0,93.0
1771502173.1165714,75.0,108.0,0.0,106.0,90.0,109.0,94.0
1771502173.1485696,76.0,107.0,0.0,106.0,90.0,108.0,94.0
1771502173.1820781,75.0,107.0,0.0,107.0,90.0,108.0,94.0
1771502173.2165945,75.0,107.0,0.0,107.0,90.0,109.0,94.0
1771502173.2446253,75.0,107.0,0.0,107.0,90.0,109.0,94.0
1771502173.2974017,75.0,107.0,0.0,106.0,90.0,110.0,93.0
1771502173.32541,75.0,107.0,0.0,106.0,90.0,110.0,93.0
1771502173.3589118,75.0,107.0,0.0,106.0,90.0,110.0,93.0
1771502173.388924,74.0,107.0,0.0,105.0,90.0,110.0,92.0
1771502173.4209378,75.0,107.0,0.0,105.0,90.0,110.0,92.0
1771502173.4536345,74.0,108.0,0.0,104.0,90.0,110.0,91.0
1771502173.487808,75.0,109.0,0.0,104.0,90.0,110.0,91.0
1771502173.5218284,75.0,109.0,0.0,104.0,90.0,110.0,90.0
1771502173.5541961,74.0,109.0,1.0,100.0,89.0,110.0,83.0
1771502173.585706,73.0,109.0,5.0,90.0,81.0,99.0,74.0
1771502173.617705,74.0,111.0,22.0,76.0,70.0,86.0,65.0
1771502173.6477149,77.0,113.0,33.0,67.0,60.0,74.0,57.0
1771502173.6796765,80.0,115.0,31.0,58.0,53.0,64.0,49.0
1771502173.728677,83.0,117.0,25.0,52.0,47.0,55.0,42.0
1771502173.7572658,85.0,119.0,20.0,47.0,42.0,47.0,34.0
1771502173.789234,87.0,121.0,16.0,41.0,37.0,39.0,28.0
1771502173.8212337,89.0,123.0,13.0,37.0,34.0,33.0,23.0
1771502173.8543053,90.0,125.0,10.0,32.0,30.0,28.0,18.0
1771502173.8844492,91.0,125.0,8.0,29.0,27.0,24.0,15.0
1771502173.9194837,92.0,126.0,7.0,26.0,25.0,20.0,11.0
1771502173.949454,91.0,125.0,5.0,23.0,22.0,16.0,8.0
1771502173.9806051,91.0,124.0,4.0,19.0,18.0,12.0,5.0
1771502174.0126061,90.0,123.0,3.0,17.0,16.0,10.0,3.0
1771502174.0447047,91.0,123.0,3.0,15.0,15.0,9.0,2.0
1771502174.077016,91.0,123.0,2.0,14.0,14.0,8.0,1.0
1771502174.109013,91.0,122.0,2.0,13.0,13.0,7.0,0.0
1771502174.1605985,90.0,120.0,1.0,11.0,12.0,6.0,0.0
1771502174.1906347,90.0,119.0,1.0,10.0,11.0,6.0,0.0
1771502174.220386,90.0,118.0,1.0,10.0,11.0,6.0,0.0
1771502174.2532992,90.0,118.0,1.0,10.0,11.0,6.0,1.0
1771502174.2848217,89.0,117.0,1.0,9.0,11.0,5.0,0.0
1771502174.3163357,89.0,116.0,0.0,8.0,10.0,5.0,0.0
1771502174.3523629,89.0,116.0,0.0,8.0,10.0,5.0,0.0
1771502174.3809276,89.0,116.0,0.0,7.0,10.0,5.0,0.0
1771502174.4129179,89.0,115.0,0.0,7.0,10.0,5.0,1.0
1771502174.4450781,89.0,115.0,0.0,6.0,9.0,5.0,1.0
1771502174.476496,89.0,115.0,0.0,6.0,9.0,5.0,1.0
1771502174.5085187,89.0,116.0,0.0,7.0,10.0,6.0,1.0
1771502174.541552,90.0,116.0,0.0,7.0,10.0,6.0,1.0
1771502174.5900462,90.0,116.0,0.0,7.0,10.0,6.0,1.0
1771502174.6220348,90.0,116.0,0.0,7.0,11.0,6.0,1.0
1771502174.654041,90.0,116.0,0.0,7.0,11.0,7.0,1.0
1771502174.685567,90.0,116.0,0.0,7.0,11.0,7.0,2.0
1771502174.7165678,90.0,116.0,0.0,8.0,11.0,7.0,2.0
1771502174.7485642,89.0,115.0,0.0,7.0,11.0,6.0,1.0
1771502174.7840867,89.0,116.0,0.0,8.0,11.0,5.0,0.0
1771502174.8160932,89.0,117.0,0.0,8.0,11.0,4.0,0.0
1771502174.8490896,90.0,119.0,2.0,11.0,13.0,6.0,0.0
1771502174.8785355,92.0,120.0,7.0,15.0,17.0,10.0,3.0
1771502174.9099119,93.0,123.0,19.0,20.0,21.0,17.0,7.0
1771502174.9419165,94.0,127.0,20.0,25.0,25.0,23.0,11.0
1771502174.9733174,94.0,130.0,19.0,27.0,28.0,27.0,15.0
1771502175.0230086,93.0,134.0,15.0,28.0,30.0,31.0,19.0
1771502175.0540237,92.0,137.0,12.0,30.0,34.0,38.0,25.0
1771502175.0845435,92.0,138.0,10.0,33.0,40.0,48.0,32.0
1771502175.1165428,91.0,137.0,8.0,36.0,45.0,56.0,39.0
1771502175.1485457,90.0,135.0,6.0,39.0,49.0,62.0,44.0
1771502175.182085,88.0,133.0,9.0,43.0,53.0,68.0,48.0
1771502175.2170765,87.0,132.0,15.0,48.0,57.0,74.0,53.0
1771502175.2451184,85.0,130.0,23.0,52.0,61.0,78.0,56.0
1771502175.2756262,83.0,128.0,33.0,57.0,64.0,81.0,58.0
1771502175.3086495,81.0,127.0,42.0,60.0,67.0,85.0,60.0
1771502175.3416653,80.0,126.0,49.0,63.0,70.0,88.0,62.0
1771502175.3738708,79.0,125.0,55.0,66.0,72.0,91.0,64.0
1771502175.4035594,77.0,125.0,64.0,70.0,74.0,93.0,65.0
1771502175.45357,76.0,125.0,75.0,72.0,75.0,95.0,65.0
1771502175.483721,74.0,125.0,86.0,74.0,76.0,96.0,65.0
1771502175.5167325,73.0,124.0,96.0,76.0,77.0,97.0,66.0
1771502175.5507574,72.0,123.0,100.0,78.0,78.0,98.0,66.0
1771502175.5832973,72.0,123.0,100.0,79.0,78.0,98.0,66.0
1771502175.6162968,71.0,123.0,100.0,79.0,78.0,97.0,65.0
1771502175.645233,70.0,122.0,100.0,80.0,78.0,97.0,65.0
1771502175.6797495,70.0,122.0,100.0,80.0,78.0,97.0,64.0
1771502175.7087479,69.0,121.0,100.0,80.0,78.0,96.0,63.0
1771502175.740757,68.0,121.0,100.0,80.0,77.0,95.0,62.0
1771502175.7718935,67.0,120.0,100.0,81.0,77.0,94.0,61.0
1771502175.8048913,67.0,120.0,100.0,82.0,76.0,93.0,60.0
1771502175.8539,66.0,119.0,100.0,83.0,76.0,92.0,60.0
1771502175.8878236,65.0,119.0,100.0,84.0,75.0,91.0,59.0
1771502175.9168224,65.0,118.0,100.0,84.0,75.0,91.0,59.0
1771502175.9498246,65.0,118.0,100.0,85.0,75.0,91.0,59.0
1771502175.9819717,64.0,118.0,100.0,86.0,76.0,91.0,59.0
1771502176.012949,64.0,118.0,100.0,86.0,76.0,91.0,59.0
1771502176.0459595,64.0,118.0,100.0,87.0,76.0,91.0,59.0
1771502176.0760136,64.0,118.0,100.0,86.0,75.0,91.0,59.0
1771502176.1100163,64.0,118.0,100.0,86.0,75.0,90.0,58.0
1771502176.1440163,64.0,118.0,100.0,86.0,75.0,90.0,58.0
1771502176.1759908,64.0,118.0,100.0,86.0,75.0,90.0,58.0
1771502176.2070148,64.0,119.0,100.0,85.0,74.0,90.0,58.0
1771502176.2390118,64.0,119.0,100.0,85.0,75.0,90.0,58.0
1771502176.2850075,64.0,118.0,100.0,84.0,75.0,90.0,58.0
1771502176.3180027,64.0,117.0,100.0,83.0,74.0,89.0,58.0
1771502176.349003,64.0,116.0,100.0,77.0,69.0,84.0,53.0
1771502176.3810859,63.0,115.0,100.0,67.0,61.0,74.0,46.0
1771502176.4130867,65.0,115.0,100.0,59.0,54.0,65.0,40.0
1771502176.4451458,68.0,117.0,100.0,51.0,47.0,56.0,35.0
1771502176.4776068,71.0,118.0,100.0,46.0,42.0,49.0,30.0
1771502176.5086055,74.0,118.0,100.0,42.0,38.0,42.0,25.0
1771502176.5476012,77.0,119.0,98.0,38.0,34.0,35.0,20.0
1771502176.5727713,80.0,120.0,78.0,34.0,30.0,29.0,16.0
1771502176.605773,82.0,120.0,63.0,31.0,27.0,23.0,12.0
1771502176.6368167,83.0,121.0,50.0,27.0,23.0,18.0,9.0
1771502176.669356,84.0,121.0,40.0,24.0,19.0,13.0,6.0
1771502176.7167022,85.0,121.0,32.0,21.0,16.0,10.0,3.0
1771502176.7506976,86.0,121.0,26.0,19.0,14.0,7.0,1.0
1771502176.7822049,87.0,121.0,21.0,16.0,13.0,5.0,0.0
1771502176.814205,87.0,120.0,16.0,15.0,11.0,4.0,0.0
1771502176.8442993,88.0,120.0,13.0,14.0,11.0,3.0,0.0
1771502176.8778002,88.0,119.0,11.0,13.0,9.0,2.0,0.0
1771502176.908809,89.0,119.0,8.0,12.0,9.0,1.0,0.0
1771502176.940824,89.0,119.0,7.0,11.0,8.0,0.0,0.0
1771502176.9733377,90.0,119.0,5.0,9.0,7.0,0.0,0.0
1771502177.0130434,90.0,119.0,4.0,9.0,7.0,0.0,0.0
1771502177.0390594,90.0,119.0,3.0,8.0,7.0,0.0,0.0
1771502177.069585,90.0,119.0,3.0,9.0,7.0,0.0,0.0
1771502177.0995762,90.0,119.0,2.0,9.0,8.0,0.0,0.0
1771502177.1490924,90.0,118.0,2.0,10.0,8.0,1.0,0.0
1771502177.185616,90.0,118.0,1.0,10.0,8.0,1.0,0.0
1771502177.2186208,90.0,117.0,1.0,10.0,9.0,2.0,0.0
1771502177.250633,90.0,118.0,1.0,10.0,9.0,2.0,0.0
1771502177.2811306,90.0,117.0,1.0,10.0,10.0,3.0,1.0
1771502177.3131316,90.0,117.0,1.0,10.0,10.0,3.0,1.0
1771502177.3451352,90.0,117.0,0.0,11.0,10.0,4.0,1.0
1771502177.3756533,90.0,117.0,0.0,11.0,11.0,5.0,2.0
1771502177.4065309,90.0,116.0,0.0,11.0,11.0,4.0,2.0
1771502177.437531,90.0,116.0,0.0,11.0,10.0,4.0,2.0
1771502177.4689903,89.0,116.0,0.0,10.0,10.0,4.0,1.0
1771502177.503991,89.0,115.0,0.0,10.0,10.0,3.0,1.0
1771502177.5336952,89.0,115.0,0.0,9.0,9.0,3.0,1.0
1771502177.616153,88.0,114.0,0.0,9.0,8.0,1.0,0.0
1771502177.6401527,87.0,113.0,0.0,8.0,6.0,0.0,0.0
1771502177.6727312,86.0,113.0,0.0,7.0,5.0,0.0,0.0
1771502177.7035863,86.0,114.0,0.0,8.0,6.0,0.0,0.0
1771502177.7341044,87.0,115.0,0.0,10.0,8.0,0.0,0.0
1771502177.7656841,89.0,118.0,0.0,13.0,14.0,8.0,2.0
1771502177.7967048,91.0,122.0,0.0,17.0,19.0,17.0,8.0
1771502177.8277025,92.0,128.0,0.0,21.0,23.0,23.0,13.0
1771502177.859212,93.0,133.0,0.0,23.0,25.0,28.0,18.0
1771502177.8892355,93.0,137.0,0.0,25.0,28.0,32.0,21.0
1771502177.9202466,92.0,142.0,0.0,25.0,30.0,36.0,24.0
1771502177.953256,92.0,145.0,0.0,26.0,33.0,40.0,27.0
1771502178.0127625,92.0,147.0,0.0,30.0,38.0,46.0,31.0
1771502178.0477674,92.0,149.0,0.0,35.0,42.0,52.0,34.0
1771502178.0752778,92.0,150.0,0.0,38.0,45.0,57.0,37.0
1771502178.107282,92.0,151.0,0.0,41.0,48.0,61.0,39.0
1771502178.139275,91.0,150.0,0.0,43.0,49.0,63.0,40.0
1771502178.1718144,91.0,149.0,0.0,45.0,50.0,65.0,41.0
1771502178.2038534,90.0,147.0,0.0,47.0,51.0,66.0,42.0
1771502178.2328548,89.0,144.0,0.0,47.0,51.0,66.0,42.0
1771502178.2663636,87.0,140.0,0.0,48.0,51.0,67.0,42.0
1771502178.2963645,85.0,135.0,0.0,49.0,51.0,67.0,42.0
1771502178.3283637,83.0,131.0,0.0,51.0,51.0,67.0,43.0
1771502178.3734217,81.0,127.0,2.0,53.0,52.0,68.0,43.0
1771502178.4054277,79.0,123.0,11.0,57.0,56.0,72.0,45.0
1771502178.446435,76.0,120.0,30.0,60.0,59.0,74.0,45.0
1771502178.478494,74.0,117.0,42.0,64.0,62.0,76.0,46.0
1771502178.498574,73.0,115.0,53.0,67.0,64.0,78.0,47.0
1771502178.5303729,71.0,114.0,64.0,70.0,66.0,80.0,49.0
1771502178.561706,70.0,113.0,77.0,74.0,68.0,82.0,49.0
1771502178.5937142,69.0,112.0,89.0,76.0,70.0,83.0,50.0
1771502178.6227055,68.0,112.0,100.0,79.0,72.0,85.0,51.0
1771502178.6557083,67.0,111.0,100.0,81.0,72.0,85.0,52.0
1771502178.6858282,67.0,111.0,100.0,82.0,72.0,84.0,52.0
1771502178.7172608,67.0,111.0,100.0,83.0,73.0,85.0,52.0
1771502178.7472668,66.0,111.0,100.0,85.0,74.0,86.0,53.0
1771502178.7968,66.0,112.0,100.0,87.0,75.0,87.0,54.0
1771502178.8288448,66.0,112.0,100.0,89.0,76.0,88.0,55.0
1771502178.8793736,66.0,112.0,100.0,89.0,76.0,88.0,55.0
1771502178.9123683,66.0,112.0,100.0,90.0,77.0,89.0,56.0
1771502178.9393716,66.0,112.0,100.0,91.0,78.0,90.0,57.0
1771502178.9707866,65.0,112.0,100.0,92.0,78.0,91.0,57.0
1771502179.0018005,65.0,113.0,100.0,93.0,79.0,91.0,57.0
1771502179.0337694,65.0,113.0,100.0,93.0,79.0,91.0,58.0
1771502179.065201,66.0,112.0,100.0,94.0,80.0,92.0,58.0
1771502179.0962088,66.0,112.0,100.0,94.0,80.0,92.0,59.0
1771502179.1302006,66.0,112.0,100.0,94.0,80.0,93.0,60.0
1771502179.159769,66.0,112.0,100.0,94.0,80.0,93.0,60.0
1771502179.1971142,65.0,112.0,100.0,93.0,79.0,92.0,60.0
1771502179.2288265,65.0,111.0,100.0,92.0,78.0,91.0,59.0
1771502179.2610545,64.0,111.0,100.0,88.0,75.0,86.0,56.0
1771502179.3090467,64.0,109.0,100.0,82.0,70.0,80.0,53.0
1771502179.344288,64.0,108.0,100.0,75.0,65.0,74.0,48.0
1771502179.3778193,64.0,107.0,100.0,69.0,61.0,69.0,45.0
1771502179.4088511,65.0,108.0,100.0,63.0,57.0,65.0,42.0
1771502179.4278517,67.0,112.0,100.0,56.0,52.0,61.0,38.0
1771502179.4558125,70.0,114.0,100.0,51.0,49.0,55.0,35.0
1771502179.4871626,74.0,116.0,100.0,45.0,45.0,51.0,32.0
1771502179.5191693,77.0,118.0,100.0,42.0,43.0,46.0,29.0
1771502179.5501053,80.0,119.0,100.0,40.0,41.0,42.0,26.0
1771502179.597129,82.0,120.0,81.0,36.0,36.0,35.0,21.0
1771502179.6291294,84.0,121.0,65.0,31.0,32.0,28.0,16.0
1771502179.661694,85.0,122.0,52.0,27.0,27.0,21.0,12.0
1771502179.6921978,86.0,123.0,42.0,24.0,23.0,16.0,8.0
1771502179.7422884,87.0,123.0,33.0,22.0,20.0,12.0,5.0
1771502179.7754693,88.0,123.0,27.0,20.0,17.0,8.0,2.0
1771502179.7994657,88.0,123.0,21.0,18.0,15.0,6.0,1.0
1771502179.8304663,88.0,123.0,17.0,16.0,13.0,4.0,0.0
1771502179.8607156,89.0,122.0,14.0,15.0,12.0,3.0,0.0
1771502179.891625,89.0,122.0,11.0,14.0,11.0,2.0,0.0
1771502179.9221404,89.0,121.0,9.0,13.0,11.0,3.0,0.0
1771502179.9531717,90.0,121.0,7.0,12.0,11.0,3.0,0.0
1771502180.0002227,90.0,120.0,6.0,11.0,10.0,3.0,0.0
1771502180.0322402,90.0,118.0,4.0,10.0,10.0,3.0,0.0
1771502180.0629244,90.0,117.0,4.0,8.0,9.0,3.0,0.0
1771502180.0939236,89.0,116.0,3.0,7.0,8.0,2.0,0.0
1771502180.1259243,89.0,116.0,2.0,6.0,8.0,2.0,0.0
1771502180.173443,88.0,115.0,2.0,5.0,7.0,1.0,0.0
1771502180.2084377,88.0,114.0,1.0,4.0,6.0,0.0,0.0
1771502180.2344356,88.0,114.0,1.0,3.0,5.0,0.0,0.0
1771502180.265974,87.0,113.0,1.0,2.0,5.0,0.0,0.0
1771502180.2969754,87.0,113.0,1.0,2.0,4.0,0.0,0.0
1771502180.327992,87.0,113.0,1.0,2.0,4.0,0.0,0.0
1771502180.3595011,87.0,113.0,0.0,2.0,4.0,0.0,0.0
1771502180.3978636,86.0,113.0,0.0,2.0,4.0,0.0,0.0
1771502180.4298573,86.0,113.0,0.0,2.0,4.0,0.0,0.0
1771502180.4615707,86.0,112.0,0.0,2.0,4.0,0.0,0.0
1771502180.4945507,86.0,112.0,0.0,2.0,4.0,0.0,0.0
1771502180.5258844,86.0,112.0,0.0,2.0,4.0,0.0,0.0
1771502180.557762,86.0,112.0,0.0,2.0,4.0,0.0,0.0
1771502180.605287,86.0,112.0,0.0,2.0,3.0,0.0,0.0
1771502180.6432862,85.0,112.0,0.0,2.0,3.0,0.0,0.0
1771502180.6728024,85.0,112.0,0.0,2.0,3.0,0.0,0.0
1771502180.703891,85.0,112.0,0.0,2.0,3.0,0.0,0.0
1771502180.73689,85.0,112.0,0.0,2.0,3.0,0.0,0.0
1771502180.7684038,86.0,114.0,0.0,3.0,4.0,0.0,0.0
1771502180.799403,86.0,116.0,0.0,4.0,4.0,0.0,0.0
1771502180.8304021,87.0,117.0,10.0,4.0,5.0,0.0,0.0
1771502180.8649518,86.0,117.0,21.0,4.0,5.0,0.0,0.0
1771502180.8929496,86.0,116.0,33.0,4.0,7.0,0.0,0.0
1771502180.9249437,86.0,115.0,50.0,3.0,8.0,3.0,0.0
1771502180.9570382,85.0,115.0,68.0,4.0,9.0,6.0,2.0
1771502180.98977,85.0,116.0,80.0,4.0,10.0,8.0,5.0
1771502181.0359654,84.0,117.0,95.0,5.0,10.0,9.0,7.0
1771502181.0980968,83.0,118.0,100.0,6.0,11.0,11.0,9.0
1771502181.1311872,83.0,119.0,100.0,7.0,12.0,14.0,12.0
1771502181.162779,83.0,120.0,100.0,7.0,12.0,15.0,13.0
1771502181.1937933,83.0,122.0,100.0,8.0,12.0,17.0,14.0
1771502181.2236779,80.0,122.0,100.0,9.0,14.0,19.0,14.0
1771502181.2546966,78.0,122.0,100.0,11.0,16.0,22.0,15.0
1771502181.287305,78.0,123.0,100.0,15.0,20.0,27.0,18.0
1771502181.317333,76.0,122.0,93.0,17.0,24.0,32.0,20.0
1771502181.348379,75.0,120.0,77.0,21.0,28.0,37.0,22.0
1771502181.3789647,73.0,119.0,62.0,25.0,31.0,41.0,25.0
1771502181.4109898,71.0,117.0,50.0,29.0,35.0,45.0,28.0
1771502181.4419677,70.0,115.0,40.0,35.0,38.0,49.0,30.0
1771502181.4726794,68.0,113.0,32.0,39.0,41.0,53.0,33.0
1771502181.5036952,67.0,111.0,25.0,43.0,43.0,56.0,36.0
1771502181.5347395,67.0,110.0,20.0,47.0,47.0,61.0,39.0
1771502181.5671427,66.0,109.0,16.0,52.0,50.0,65.0,42.0
1771502181.5991285,65.0,108.0,13.0,58.0,55.0,70.0,47.0
1771502181.6311297,65.0,108.0,10.0,62.0,59.0,75.0,50.0
1771502181.6616397,65.0,108.0,10.0,66.0,63.0,80.0,54.0
1771502181.693622,65.0,108.0,13.0,69.0,66.0,84.0,57.0
1771502181.729644,65.0,109.0,15.0,72.0,70.0,88.0,60.0
1771502181.758632,65.0,109.0,20.0,76.0,73.0,92.0,63.0
1771502181.7921438,65.0,110.0,21.0,79.0,76.0,95.0,66.0
1771502181.8221445,65.0,109.0,22.0,81.0,77.0,97.0,66.0
1771502181.8716886,65.0,109.0,27.0,83.0,78.0,98.0,67.0
1771502181.9027202,65.0,109.0,34.0,84.0,79.0,99.0,67.0
1771502181.927718,64.0,109.0,39.0,86.0,80.0,99.0,67.0
1771502181.9587028,64.0,109.0,50.0,87.0,82.0,101.0,69.0
1771502181.9972186,64.0,109.0,59.0,89.0,83.0,103.0,70.0
1771502182.0282116,64.0,110.0,68.0,90.0,85.0,105.0,71.0
1771502182.0617354,65.0,110.0,76.0,92.0,86.0,106.0,72.0
1771502182.092761,65.0,110.0,76.0,92.0,86.0,106.0,72.0
1771502182.1258204,65.0,110.0,79.0,93.0,87.0,107.0,73.0
1771502182.160005,65.0,111.0,80.0,93.0,87.0,107.0,73.0
1771502182.189583,65.0,111.0,83.0,94.0,87.0,108.0,73.0
1771502182.2205546,65.0,111.0,87.0,95.0,88.0,108.0,74.0
1771502182.2526517,65.0,111.0,87.0,95.0,88.0,109.0,74.0
1771502182.3002288,65.0,111.0,89.0,95.0,88.0,109.0,74.0
1771502182.3342383,65.0,111.0,90.0,95.0,88.0,109.0,74.0
1771502182.3552544,65.0,112.0,91.0,95.0,88.0,109.0,74.0
1771502182.396617,65.0,112.0,92.0,95.0,87.0,109.0,74.0
1771502182.4296165,65.0,112.0,94.0,95.0,87.0,109.0,74.0
1771502182.4766898,65.0,112.0,94.0,95.0,87.0,109.0,74.0
1771502182.5107017,65.0,112.0,95.0,95.0,87.0,108.0,74.0
1771502182.5427022,65.0,112.0,95.0,95.0,87.0,108.0,74.0
1771502182.5752192,65.0,112.0,96.0,95.0,87.0,108.0,73.0
1771502182.6052191,64.0,112.0,98.0,94.0,85.0,106.0,72.0
1771502182.6362185,64.0,112.0,98.0,91.0,82.0,102.0,68.0
1771502182.6657524,63.0,111.0,100.0,88.0,77.0,95.0,63.0
1771502182.6977518,61.0,109.0,99.0,81.0,70.0,84.0,55.0
1771502182.7327523,61.0,109.0,100.0,70.0,61.0,73.0,47.0
1771502182.766268,61.0,108.0,100.0,60.0,52.0,63.0,40.0
1771502182.798269,64.0,110.0,100.0,51.0,44.0,52.0,35.0
1771502182.8282678,68.0,111.0,100.0,45.0,38.0,44.0,30.0
1771502182.8637943,71.0,112.0,88.0,40.0,33.0,37.0,25.0
1771502182.8928208,75.0,114.0,71.0,36.0,30.0,30.0,20.0
1771502182.9248226,78.0,115.0,57.0,32.0,26.0,23.0,15.0
1771502182.957832,80.0,117.0,45.0,28.0,22.0,18.0,11.0
1771502182.9883578,82.0,119.0,36.0,24.0,18.0,12.0,7.0
1771502183.024391,83.0,120.0,29.0,21.0,14.0,7.0,4.0
1771502183.0534039,83.0,120.0,23.0,18.0,11.0,4.0,1.0
1771502183.0859423,84.0,121.0,19.0,15.0,9.0,0.0,0.0
1771502183.1169515,85.0,122.0,15.0,13.0,7.0,0.0,0.0
1771502183.1657453,85.0,122.0,12.0,11.0,6.0,0.0,0.0
1771502183.1986947,86.0,122.0,9.0,10.0,5.0,0.0,0.0
1771502183.2334762,86.0,122.0,8.0,9.0,4.0,0.0,0.0
1771502183.2667046,86.0,122.0,6.0,8.0,4.0,0.0,0.0
1771502183.2986896,86.0,121.0,5.0,7.0,4.0,0.0,0.0
1771502183.3287063,87.0,121.0,4.0,7.0,4.0,0.0,0.0
1771502183.3597941,87.0,121.0,3.0,6.0,4.0,0.0,0.0
1771502183.3913846,87.0,120.0,2.0,6.0,4.0,0.0,0.0
1771502183.4233727,87.0,120.0,2.0,6.0,4.0,0.0,0.0
1771502183.4574099,87.0,119.0,2.0,6.0,4.0,0.0,0.0
1771502183.4864917,87.0,118.0,1.0,6.0,4.0,0.0,0.0
1771502183.5175097,87.0,118.0,1.0,5.0,4.0,0.0,0.0
1771502183.5497177,87.0,117.0,1.0,5.0,5.0,0.0,0.0
1771502183.597753,88.0,117.0,1.0,6.0,5.0,0.0,0.0
1771502183.6308029,88.0,117.0,1.0,6.0,5.0,0.0,0.0
1771502183.6642652,88.0,117.0,0.0,6.0,5.0,0.0,0.0
1771502183.6923013,88.0,117.0,0.0,6.0,5.0,0.0,0.0
1771502183.725284,87.0,116.0,0.0,6.0,5.0,0.0,0.0
1771502183.7572906,87.0,116.0,0.0,5.0,5.0,0.0,0.0
1771502183.7888,87.0,116.0,0.0,5.0,5.0,0.0,0.0
1771502183.8277032,87.0,116.0,0.0,5.0,5.0,0.0,0.0
1771502183.859715,87.0,115.0,0.0,4.0,5.0,0.0,0.0
1771502183.889928,86.0,115.0,0.0,4.0,5.0,0.0,0.0
1771502183.9219196,87.0,115.0,0.0,4.0,5.0,0.0,0.0
1771502183.950946,86.0,115.0,0.0,4.0,5.0,0.0,0.0
1771502183.9850552,87.0,115.0,0.0,5.0,5.0,0.0,0.0
1771502184.0320508,87.0,115.0,0.0,4.0,5.0,0.0,0.0
1771502184.063049,87.0,116.0,0.0,5.0,5.0,0.0,0.0
1771502184.0965607,87.0,115.0,0.0,5.0,5.0,0.0,0.0
1771502184.1255593,87.0,115.0,0.0,4.0,5.0,0.0,0.0
1771502184.1565793,86.0,115.0,0.0,4.0,5.0,0.0,0.0
1771502184.1890886,86.0,115.0,0.0,4.0,5.0,0.0,0.0
1771502184.2220852,86.0,114.0,0.0,3.0,4.0,0.0,0.0
1771502184.2551024,86.0,114.0,0.0,3.0,4.0,0.0,0.0
1771502184.2845793,86.0,114.0,0.0,3.0,4.0,0.0,0.0
1771502184.3207598,86.0,114.0,0.0,3.0,4.0,0.0,0.0
1771502184.3497653,86.0,114.0,0.0,3.0,4.0,0.0,0.0
1771502184.3822742,86.0,114.0,0.0,3.0,4.0,0.0,0.0
1771502184.4132812,86.0,114.0,0.0,2.0,4.0,0.0,0.0
1771502184.4603798,86.0,114.0,0.0,2.0,4.0,0.0,0.0
1771502184.4934692,86.0,114.0,0.0,2.0,4.0,0.0,0.0
1771502184.5285053,86.0,114.0,0.0,2.0,4.0,0.0,0.0
1771502184.5564523,86.0,115.0,0.0,2.0,4.0,0.0,0.0
1771502184.5899763,86.0,115.0,0.0,2.0,3.0,0.0,0.0
