t,wrist_pitch,wrist_roll,THUMB_angle,INDEX_angle,MIDDLE_angle,RING_angle,PINKY_angle
1771502073.8404055,-15.05164623260498,7.674160480499268,0.0,3.340851306915283,15.5595703125,12.461973190307617,0.0
1771502073.9016562,-13.536375045776367,8.65546989440918,0.0,6.013602256774902,17.44562530517578,14.175918579101562,0.512285590171814
1771502073.9336627,-12.277889251708984,9.321209907531738,0.0,8.059184074401855,18.96483612060547,15.398704528808594,1.1338722705841064
1771502073.9623013,-11.00107192993164,9.989221572875977,0.0,9.766592025756836,20.573497772216797,16.669599533081055,1.685319423675537
1771502073.9932988,-9.801421165466309,10.571878433227539,0.0,11.269502639770508,21.965303421020508,17.567617416381836,2.0265417098999023
1771502074.0233219,-8.563864707946777,11.09526252746582,0.0,12.681159019470215,23.38336753845215,18.63057518005371,2.5105113983154297
1771502074.0533407,-7.998534202575684,11.51464557647705,0.0,13.495733261108398,23.883563995361328,19.28972816467285,2.806581974029541
1771502074.0861516,-7.097346782684326,11.900347709655762,0.0,14.147809982299805,24.82263946533203,20.046022415161133,2.9575085639953613
1771502074.117152,-6.197136878967285,12.321651458740234,0.0,14.819443702697754,25.679601669311523,20.650121688842773,2.8566956520080566
1771502074.1492562,-5.28292179107666,12.72144889831543,0.0,15.623978614807129,26.695499420166016,21.484790802001953,3.1943750381469727
1771502074.1664073,-4.683417797088623,13.082576751708984,0.0,16.159196853637695,27.515892028808594,22.21164321899414,3.3860325813293457
1771502074.1959887,-4.155171871185303,13.364962577819824,0.0,16.649442672729492,28.23723030090332,22.952056884765625,3.630807876586914
1771502074.2271895,-3.4213287830352783,13.777534484863281,0.0,17.24250030517578,28.986061096191406,23.714906692504883,3.985750198364258
1771502074.2588184,-2.567840576171875,14.16690731048584,0.0,17.894405364990234,29.822612762451172,24.68621253967285,4.560649871826172
1771502074.2918658,-1.4423835277557373,14.659027099609375,0.0,18.72982406616211,30.86804962158203,25.870237350463867,5.327849864959717
1771502074.321842,-0.9290593266487122,14.872367858886719,0.0,19.21388816833496,31.4368953704834,26.453147888183594,5.7258806228637695
1771502074.3528824,-0.5114462971687317,14.96221923828125,0.0,19.640583038330078,31.88348388671875,27.1023006439209,6.1961517333984375
1771502074.3966687,0.6511002779006958,15.269022941589355,0.0,20.459232330322266,32.860313415527344,28.316238403320312,7.1298112869262695
1771502074.4286706,1.1208866834640503,15.07192611694336,0.0,20.681650161743164,33.210060119628906,28.984464645385742,7.898317813873291
1771502074.4817095,1.5024890899658203,15.019869804382324,0.0,20.798786163330078,33.37466812133789,29.30847930908203,8.287830352783203
1771502074.5147095,1.8384926319122314,14.924848556518555,0.0,20.942535400390625,33.59761047363281,29.74654197692871,8.81624984741211
1771502074.5407135,2.0456132888793945,14.718489646911621,0.0,20.9213809967041,33.772491455078125,30.165483474731445,9.345375061035156
1771502074.5722287,2.2483725547790527,14.604421615600586,0.0,21.021942138671875,34.091732025146484,30.453006744384766,9.612587928771973
1771502074.6032388,2.484408140182495,14.663000106811523,0.0,21.350112915039062,34.40790939331055,30.724925994873047,9.964986801147461
1771502074.634433,2.4219987392425537,14.49307918548584,0.0,21.401506423950195,34.433326721191406,30.72443389892578,10.03307056427002
1771502074.6650245,2.3109290599823,14.336764335632324,0.0,21.4103946685791,34.4426155090332,30.680984497070312,10.111251831054688
1771502074.6951854,2.1382999420166016,14.120923042297363,0.0,21.41878318786621,34.454586029052734,30.71051597595215,10.213760375976562
1771502074.7271864,2.1906588077545166,14.126516342163086,0.0,21.521209716796875,34.50074768066406,30.66497039794922,10.281103134155273
1771502074.7571294,2.3814077377319336,14.303290367126465,0.0,21.945165634155273,34.69139862060547,30.734046936035156,10.378994941711426
1771502074.8044086,2.477607250213623,14.475825309753418,0.0,22.163394927978516,34.674320220947266,30.574853897094727,10.327739715576172
1771502074.8364084,2.805612564086914,14.607931137084961,0.0,22.476375579833984,34.87885665893555,30.79698371887207,10.552592277526855
1771502074.8679593,2.920836925506592,14.65038776397705,0.0,22.693023681640625,34.99737548828125,30.913400650024414,10.67786979675293
1771502074.90896,2.860261917114258,14.61647891998291,0.0,22.828218460083008,34.954437255859375,30.921661376953125,10.76469898223877
1771502074.942964,2.752732992172241,14.461209297180176,0.0,22.72751235961914,34.78459167480469,30.85618019104004,10.74992561340332
1771502074.9775097,2.80513334274292,14.504904747009277,0.0,22.858043670654297,34.74737548828125,30.87270736694336,10.74514389038086
1771502075.0095105,2.9128990173339844,14.602717399597168,0.0,23.054832458496094,34.75392150878906,30.792137145996094,10.760154724121094
1771502075.039577,2.874441623687744,14.513051986694336,0.0,22.997817993164062,34.66334915161133,30.677879333496094,10.752728462219238
1771502075.0708213,2.846867322921753,14.401775360107422,0.0,23.08789825439453,34.63669204711914,30.693729400634766,10.763223648071289
1771502075.1017804,3.0266122817993164,14.450312614440918,0.0,23.397836685180664,34.59321212768555,30.85787010192871,10.921239852905273
1771502075.1347904,2.8870248794555664,14.33996295928955,0.0,23.63001251220703,34.42053985595703,30.93795394897461,10.96993637084961
1771502075.167043,2.696631669998169,14.231768608093262,0.0,23.90433692932129,34.206607818603516,30.903240203857422,11.079851150512695
1771502075.1965637,2.6907761096954346,14.21528148651123,0.0,24.05696678161621,33.983726501464844,30.76181411743164,11.004441261291504
1771502075.2285566,2.9720146656036377,14.346043586730957,0.0,24.26994514465332,33.86945343017578,30.89185333251953,11.079093933105469
1771502075.2605858,3.032747745513916,14.437437057495117,0.0,24.086238861083984,33.6693000793457,30.607173919677734,10.638533592224121
1771502075.293205,3.0844712257385254,14.451709747314453,0.0,23.93482780456543,33.550235748291016,30.374786376953125,10.26290512084961
1771502075.340722,3.017767906188965,14.465752601623535,0.0,23.766407012939453,33.3193244934082,30.07985496520996,9.900368690490723
1771502075.3682404,2.7045798301696777,14.413688659667969,0.0,23.48013687133789,32.98588562011719,29.584444046020508,9.417886734008789
1771502075.3992386,2.540161609649658,14.260212898254395,0.0,23.343738555908203,32.81660461425781,29.429759979248047,9.180984497070312
1771502075.429237,2.5960853099823,14.209985733032227,0.0,23.239748001098633,32.85200881958008,29.461055755615234,9.101905822753906
1771502075.462542,2.5500524044036865,14.151450157165527,0.0,23.22466468811035,32.965030670166016,29.473102569580078,8.97911548614502
1771502075.4916103,2.413112163543701,14.05876350402832,0.0,23.129356384277344,32.99786376953125,29.477123260498047,8.922256469726562
1771502075.5236125,2.3125572204589844,13.938606262207031,0.0,23.111392974853516,33.08474349975586,29.573020935058594,8.921225547790527
1771502075.5536268,2.2755990028381348,13.769775390625,0.0,23.08902931213379,33.1490364074707,29.65545082092285,8.975759506225586
1771502075.5989094,2.489154577255249,13.821389198303223,0.0,23.195003509521484,33.328311920166016,29.812028884887695,8.94923210144043
1771502075.6339028,2.557159900665283,13.83792495727539,0.0,23.249126434326172,33.33232116699219,29.85809898376465,8.843624114990234
1771502075.6654139,2.646238088607788,13.941527366638184,0.0,23.378902435302734,33.34260559082031,29.796140670776367,8.698491096496582
1771502075.6974154,2.7047336101531982,13.888838768005371,0.0,23.393489837646484,33.335357666015625,29.786434173583984,8.58720588684082
1771502075.742151,2.8060154914855957,13.850051879882812,0.0,23.43250274658203,33.40122985839844,29.895246505737305,8.601910591125488
1771502075.7744465,3.0242791175842285,13.849475860595703,0.0,23.538057327270508,33.480079650878906,30.048812866210938,8.754804611206055
1771502075.8104465,3.0943241119384766,13.845193862915039,0.0,23.55628776550293,33.59912872314453,30.134376525878906,8.857916831970215
1771502075.8385217,3.2214012145996094,13.86181640625,0.0,23.632572174072266,33.702659606933594,30.22442626953125,8.901668548583984
1771502075.8679972,3.2476606369018555,13.746805191040039,0.0,23.552364349365234,33.647918701171875,30.348392486572266,9.056449890136719
1771502075.9000254,3.3118398189544678,13.728935241699219,0.0,23.50299072265625,33.621646881103516,30.352848052978516,9.05373764038086
1771502075.9312527,3.283144235610962,13.677331924438477,0.0,23.428985595703125,33.58320236206055,30.328248977661133,9.066167831420898
1771502075.9628274,2.9850821495056152,13.57486343383789,0.0,23.248126983642578,33.425148010253906,30.11404037475586,8.954560279846191
1771502075.9929526,2.7096357345581055,13.448972702026367,0.0,23.06464385986328,33.342262268066406,29.989070892333984,8.825536727905273
1771502076.0319731,2.3042280673980713,13.334981918334961,0.0,22.907075881958008,33.19176483154297,29.67411231994629,8.669858932495117
1771502076.0614858,1.9360225200653076,13.23255443572998,0.0,22.609416961669922,32.970890045166016,29.30562973022461,8.488265037536621
1771502076.0924866,1.7160779237747192,13.101401329040527,0.0,22.48345947265625,32.891685485839844,29.17980194091797,8.371598243713379
1771502076.125062,1.509132981300354,13.119728088378906,0.0,22.404096603393555,32.73683547973633,28.87394905090332,8.142196655273438
1771502076.1812274,1.2854593992233276,13.057960510253906,0.0,22.36515998840332,32.72602462768555,28.744802474975586,8.066905975341797
1771502076.2132246,1.177476167678833,13.017505645751953,0.0,22.355609893798828,32.77516555786133,28.6993465423584,8.03355884552002
1771502076.2452393,1.3463772535324097,13.034707069396973,0.0,22.47108268737793,32.84926223754883,28.75969123840332,8.111471176147461
1771502076.2758453,1.5158381462097168,13.23287582397461,0.0,22.670860290527344,33.02588653564453,28.881271362304688,8.126852989196777
1771502076.3068364,1.5756241083145142,13.26093578338623,0.0,22.745162963867188,33.18965148925781,29.064701080322266,8.222911834716797
1771502076.3375018,1.7727186679840088,13.388154983520508,0.0,22.96169662475586,33.41230010986328,29.21356964111328,8.350299835205078
1771502076.368534,1.661191463470459,13.303004264831543,0.0,22.85088539123535,33.3629150390625,29.2161922454834,8.399888038635254
1771502076.4011438,1.5214862823486328,13.277960777282715,0.0,22.905794143676758,33.366580963134766,29.12059211730957,8.305516242980957
1771502076.4317148,1.561307668685913,13.33807373046875,0.0,22.94964027404785,33.39821243286133,29.119503021240234,8.258252143859863
1771502076.463847,1.432131290435791,13.311505317687988,0.0,22.91860008239746,33.35106658935547,28.928682327270508,8.163742065429688
1771502076.4966905,1.373543620109558,13.34626293182373,0.0,22.977252960205078,33.407325744628906,28.87822151184082,8.159058570861816
1771502076.5286894,1.3999435901641846,13.494523048400879,0.0,22.979225158691406,33.53724670410156,28.79966163635254,8.157499313354492
1771502076.5582004,1.5886292457580566,13.61259937286377,0.0,22.999649047851562,33.66133117675781,29.01294708251953,8.396024703979492
1771502076.6052065,1.9148917198181152,13.763336181640625,0.0,23.149930953979492,33.8795051574707,29.25162124633789,8.639941215515137
1771502076.6382058,2.218079090118408,13.884092330932617,0.0,23.19635772705078,34.02600860595703,29.425588607788086,8.671978950500488
1771502076.6718714,2.2593483924865723,13.888113975524902,0.0,23.194473266601562,34.12981414794922,29.520816802978516,8.730046272277832
1771502076.7008722,2.2052958011627197,13.765525817871094,0.0,23.218276977539062,34.11237335205078,29.633312225341797,8.850995063781738
1771502076.7328715,2.2293176651000977,13.712037086486816,0.0,23.306838989257812,34.19426345825195,29.726375579833984,8.911543846130371
1771502076.7634156,2.1389541625976562,13.668850898742676,0.0,23.305625915527344,34.158565521240234,29.694744110107422,8.86096477508545
1771502076.797417,1.9622598886489868,13.606376647949219,0.0,23.30195426940918,34.05776596069336,29.574718475341797,8.801645278930664
1771502076.8304152,1.8713135719299316,13.597563743591309,0.0,23.257417678833008,34.00494384765625,29.482009887695312,8.73648452758789
1771502076.863011,1.6680281162261963,13.568415641784668,0.0,23.162405014038086,33.88506317138672,29.276844024658203,8.622509002685547
1771502076.8940132,1.4410279989242554,13.53641414642334,0.0,22.897783279418945,33.661190032958984,29.007856369018555,8.435439109802246
1771502076.9250126,1.4204918146133423,13.559942245483398,0.0,22.843229293823242,33.585609436035156,28.934717178344727,8.421774864196777
1771502076.957016,1.3312467336654663,13.519759178161621,0.0,22.704025268554688,33.49204635620117,28.857952117919922,8.329573631286621
1771502076.9875708,1.2131537199020386,13.532110214233398,0.0,22.642654418945312,33.354278564453125,28.68729591369629,8.217019081115723
1771502077.037733,1.1659181118011475,13.51223087310791,0.0,22.636472702026367,33.352176666259766,28.578914642333984,8.197107315063477
1771502077.0743265,1.2523086071014404,13.541191101074219,0.0,22.661151885986328,33.43241882324219,28.61858558654785,8.264472007751465
1771502077.0953128,1.455490231513977,13.606132507324219,0.0,22.803335189819336,33.62744140625,28.836103439331055,8.43832015991211
1771502077.1255317,1.517181634902954,13.632294654846191,0.0,22.75411033630371,33.61060333251953,28.789112091064453,8.406349182128906
1771502077.156555,1.4877136945724487,13.615423202514648,0.0,22.686588287353516,33.57280731201172,28.68950843811035,8.384209632873535
1771502077.189048,1.4681396484375,13.629809379577637,0.0,22.645261764526367,33.49835205078125,28.632570266723633,8.350069999694824
1771502077.2290473,1.58734130859375,13.638416290283203,0.0,22.669729232788086,33.49665069580078,28.683921813964844,8.344619750976562
1771502077.2616012,1.563283920288086,13.64202880859375,0.0,22.65032958984375,33.446109771728516,28.664684295654297,8.368524551391602
1771502077.2955968,1.6538219451904297,13.573814392089844,0.0,22.724109649658203,33.48117446899414,28.760438919067383,8.425975799560547
1771502077.325598,1.7206388711929321,13.585419654846191,0.0,22.861778259277344,33.466209411621094,28.83495330810547,8.485774993896484
1771502077.3556056,1.7013053894042969,13.494933128356934,0.0,22.853790283203125,33.460166931152344,28.976242065429688,8.702902793884277
1771502077.388135,2.0023915767669678,13.59808349609375,0.0,23.051551818847656,33.65348815917969,29.24999237060547,8.837810516357422
1771502077.4211304,2.062163829803467,13.608885765075684,0.0,23.13410758972168,33.68198776245117,29.38114356994629,8.929797172546387
1771502077.472338,2.2573580741882324,13.709285736083984,0.0,23.28946304321289,33.828819274902344,29.564321517944336,8.955307960510254
1771502077.5020537,2.455961227416992,13.765679359436035,0.0,23.405574798583984,33.94556427001953,29.810388565063477,9.11889362335205
1771502077.5345824,2.506009340286255,13.772359848022461,0.0,23.416749954223633,34.020233154296875,29.92360496520996,9.123799324035645
1771502077.5641453,2.535083293914795,13.762289047241211,0.0,23.400897979736328,34.032386779785156,29.92693328857422,9.125452041625977
1771502077.5971465,3.082139492034912,13.948223114013672,0.0,23.71453094482422,34.2945556640625,30.2584228515625,9.336915969848633
1771502077.630155,3.2096149921417236,14.018322944641113,0.0,23.714031219482422,34.07587814331055,30.187007904052734,9.283944129943848
1771502077.6601403,3.2120156288146973,13.99761962890625,0.0,23.5965576171875,33.86412811279297,30.15313720703125,9.182290077209473
1771502077.6929648,2.984097719192505,13.93016529083252,0.0,23.25411033630371,33.43220520019531,29.898914337158203,8.876838684082031
1771502077.7280905,2.823164463043213,13.853937149047852,0.0,22.959701538085938,33.12444305419922,29.67540740966797,8.692521095275879
1771502077.760395,2.8104381561279297,13.919687271118164,0.0,22.904638290405273,32.92335510253906,29.521644592285156,8.429594039916992
1771502077.7904077,2.7773942947387695,13.971956253051758,0.0,22.766923904418945,32.6722297668457,29.39486312866211,8.23632526397705
1771502077.821809,2.6873385906219482,13.998737335205078,0.0,22.56488609313965,32.377994537353516,29.160737991333008,7.943177223205566
1771502077.8532822,2.424452543258667,13.999622344970703,0.0,22.352806091308594,31.965377807617188,28.829742431640625,7.666472434997559
1771502077.9044478,2.2559926509857178,14.057745933532715,0.0,22.15544319152832,31.652507781982422,28.45488739013672,7.3305439949035645
1771502077.9390109,1.9306329488754272,13.984062194824219,0.0,21.88788604736328,31.348642349243164,28.160524368286133,7.128854751586914
1771502077.9704823,1.776910424232483,14.050697326660156,0.0,21.68154525756836,31.076765060424805,27.785934448242188,6.807981967926025
1771502078.001237,1.3640751838684082,13.872773170471191,0.0,21.42742156982422,30.726028442382812,27.459327697753906,6.615769863128662
1771502078.0328286,1.0600486993789673,13.699163436889648,0.0,21.157779693603516,30.41728401184082,27.187541961669922,6.485241413116455
1771502078.0669103,0.5996459126472473,13.487804412841797,0.0,20.831018447875977,29.96583366394043,26.742677688598633,6.146899223327637
1771502078.0943656,0.22182750701904297,13.202835083007812,0.0,20.580646514892578,29.665952682495117,26.454914093017578,5.9842848777771
1771502078.126108,0.00931328535079956,13.06118106842041,0.0,20.512773513793945,29.478769302368164,26.24718475341797,5.856086254119873
1771502078.1588342,0.019283352419734,13.051695823669434,0.0,20.410396575927734,29.356477737426758,26.140277862548828,5.766994476318359
1771502078.1921978,0.38297638297080994,13.209810256958008,0.0,20.66610336303711,29.60506248474121,26.36624526977539,5.972345352172852
1771502078.2210763,0.7016294002532959,13.264482498168945,0.0,21.076637268066406,30.085956573486328,26.819931030273438,6.411165237426758
1771502078.2547252,0.9471814632415771,13.313817977905273,0.0,21.42787742614746,30.389602661132812,27.31474494934082,6.870708465576172
1771502078.290443,1.3077938556671143,13.450627326965332,0.0,21.971969604492188,30.931838989257812,28.021305084228516,7.54317045211792
1771502078.3335176,1.60708487033844,13.510778427124023,0.0,22.374732971191406,31.368694305419922,28.662059783935547,8.12077808380127
1771502078.3661134,1.869174599647522,13.544553756713867,0.0,22.751981735229492,31.822887420654297,29.249897003173828,8.685805320739746
1771502078.3981142,2.1716842651367188,13.557596206665039,0.0,22.960594177246094,32.17378234863281,29.75054931640625,9.246342658996582
1771502078.430112,2.368655204772949,13.558990478515625,0.0,23.134822845458984,32.482887268066406,30.16544532775879,9.633134841918945
1771502078.4635386,2.6231138706207275,13.720690727233887,0.0,23.30057716369629,32.811851501464844,30.44501304626465,9.864834785461426
1771502078.4932394,2.8029448986053467,13.875051498413086,0.0,23.423898696899414,33.12907791137695,30.63580894470215,10.015714645385742
1771502078.526241,2.7772626876831055,13.910659790039062,0.0,23.426095962524414,33.25912857055664,30.705333709716797,10.066716194152832
1771502078.5577662,2.814967393875122,13.905980110168457,0.0,23.414581298828125,33.41459655761719,30.884567260742188,10.23941421508789
1771502078.589865,3.0094950199127197,13.969735145568848,0.0,23.51736831665039,33.592098236083984,31.065622329711914,10.407544136047363
1771502078.6253836,3.13247013092041,13.957664489746094,0.0,23.63064193725586,33.75773239135742,31.2606258392334,10.52735424041748
1771502078.6564007,3.3055660724639893,13.991698265075684,0.0,23.673856735229492,33.83098602294922,31.43204116821289,10.61435317993164
1771502078.6873386,3.356232166290283,14.042088508605957,0.0,23.758460998535156,33.90348815917969,31.580345153808594,10.696446418762207
1771502078.7193315,3.4231982231140137,14.086654663085938,0.0,23.817827224731445,33.91011047363281,31.582630157470703,10.744477272033691
1771502078.7658653,3.5049211978912354,14.177468299865723,0.0,23.928632736206055,33.97288513183594,31.578372955322266,10.751921653747559
1771502078.7998562,3.530640125274658,14.262447357177734,0.0,24.001108169555664,34.017398834228516,31.531187057495117,10.653016090393066
1771502078.8329334,3.291442632675171,14.199833869934082,0.0,23.78388214111328,33.89546203613281,31.450878143310547,10.59300708770752
1771502078.8627365,3.033231735229492,14.092205047607422,0.0,23.553977966308594,33.721343994140625,31.329509735107422,10.522128105163574
1771502078.9062226,2.914212465286255,14.095375061035156,0.0,23.53189468383789,33.6496467590332,31.387601852416992,10.598578453063965
1771502078.9373083,2.77593731880188,14.093559265136719,0.0,23.31023406982422,33.479026794433594,31.35193634033203,10.627921104431152
1771502078.967962,2.5544562339782715,14.168269157409668,0.0,22.93416976928711,33.13980484008789,31.0233154296875,10.5044584274292
1771502078.9989686,2.55661940574646,14.267970085144043,0.0,22.90009307861328,33.20316696166992,31.121646881103516,10.68005084991455
1771502079.030962,2.4837446212768555,14.452259063720703,0.0,22.874061584472656,33.221614837646484,31.198312759399414,10.720329284667969
1771502079.0623379,2.8282511234283447,14.795385360717773,0.0,23.215951919555664,33.56157302856445,31.54480743408203,10.979736328125
1771502079.092464,2.665900707244873,14.762031555175781,0.0,23.116718292236328,33.5258674621582,31.660860061645508,11.100698471069336
1771502079.1244292,2.9847943782806396,14.934638977050781,0.0,23.37042808532715,33.6829833984375,31.93864631652832,11.451116561889648
1771502079.156434,3.2413218021392822,15.142372131347656,0.0,23.5605525970459,33.811798095703125,32.222267150878906,11.781536102294922
1771502079.1971405,3.607781410217285,15.443241119384766,0.0,23.905704498291016,34.13155746459961,32.56796646118164,12.074026107788086
1771502079.2326727,3.8740592002868652,15.664610862731934,0.0,24.1173095703125,34.4067497253418,32.88999938964844,12.322707176208496
1771502079.266225,4.050048828125,15.78760051727295,0.0,24.212661743164062,34.61587905883789,33.07063674926758,12.406171798706055
1771502079.298286,4.118322849273682,15.834442138671875,0.0,24.35922622680664,34.83042907714844,33.16603469848633,12.34792709350586
1771502079.3280308,4.198062419891357,15.874638557434082,0.0,24.605022430419922,35.1063346862793,33.24998474121094,12.252891540527344
1771502079.3625062,4.588893890380859,15.94554328918457,0.0,25.034053802490234,35.49668884277344,33.4748649597168,12.299881935119629
1771502079.390506,4.946084022521973,15.954090118408203,0.0,25.350223541259766,35.82532501220703,33.6180534362793,12.273919105529785
1771502079.420552,5.2173051834106445,15.916383743286133,0.0,25.482982635498047,35.917266845703125,33.58211898803711,12.29202938079834
1771502079.4527419,5.351801872253418,15.712078094482422,0.0,25.32550048828125,35.80331802368164,33.31771469116211,12.048304557800293
1771502079.4892542,5.13266134262085,15.39419937133789,0.0,25.1134033203125,35.63271713256836,33.05693817138672,11.902179718017578
1771502079.521252,4.658669471740723,15.111255645751953,0.0,24.664749145507812,35.25519943237305,32.6451301574707,11.566448211669922
1771502079.5492594,4.318736553192139,14.88082504272461,0.0,24.478670120239258,35.11002731323242,32.46152114868164,11.383437156677246
1771502079.582046,4.019798278808594,14.710444450378418,0.0,24.279603958129883,34.85832595825195,32.30756378173828,11.196907997131348
1771502079.6313121,3.5044620037078857,14.44960880279541,0.0,24.099040985107422,34.595455169677734,32.076969146728516,11.01938533782959
1771502079.6650145,3.0641369819641113,14.316803932189941,0.0,23.930469512939453,34.26827621459961,31.768959045410156,10.705667495727539
1771502079.6940143,2.6197080612182617,14.242588996887207,0.0,23.68804359436035,33.94338607788086,31.3790225982666,10.418749809265137
1771502079.7260156,2.432832717895508,14.36929988861084,0.0,23.446346282958984,33.66854476928711,31.053089141845703,10.20021915435791
1771502079.7578657,1.9762791395187378,14.43234920501709,0.0,23.17120361328125,33.27281951904297,30.415058135986328,9.68488597869873
1771502079.7893734,1.7511801719665527,14.561470031738281,0.0,22.698780059814453,32.87438201904297,29.776201248168945,9.437501907348633
1771502079.8214087,1.2194346189498901,14.410346031188965,0.0,21.816890716552734,32.143165588378906,28.81772232055664,9.114562034606934
1771502079.8524988,0.43363410234451294,14.145187377929688,0.0,20.81175994873047,31.4124698638916,28.003097534179688,8.740083694458008
1771502079.8850563,-0.6205160617828369,14.015386581420898,0.0,19.634929656982422,30.57528305053711,26.993532180786133,8.21711254119873
1771502079.9191358,-1.4864931106567383,13.849451065063477,0.0,18.77532958984375,29.78521156311035,26.236949920654297,7.707149505615234
1771502079.951136,-2.084284782409668,13.648869514465332,0.0,18.17681884765625,29.218515396118164,25.786540985107422,7.550175666809082
1771502079.9811785,-2.512958288192749,13.49888801574707,0.0,17.915264129638672,28.78487777709961,25.442615509033203,7.442687511444092
1771502080.012779,-2.647020101547241,13.365888595581055,0.0,17.843605041503906,28.65337371826172,25.432641983032227,7.536142349243164
1771502080.0608904,-2.6880459785461426,13.270326614379883,0.0,17.872665405273438,28.62714958190918,25.42707061767578,7.626264572143555
1771502080.0934973,-2.731767177581787,13.183953285217285,0.0,18.039493560791016,28.701181411743164,25.45744514465332,7.761524200439453
1771502080.1284933,-2.164151668548584,13.269044876098633,0.0,18.801204681396484,29.307180404663086,25.900117874145508,8.243301391601562
1771502080.1564927,-2.1194634437561035,13.026627540588379,0.0,18.84246253967285,29.507566452026367,26.032733917236328,8.496074676513672
1771502080.1887348,-1.5132830142974854,13.053980827331543,0.0,19.536684036254883,30.14600372314453,26.630826950073242,8.951692581176758
1771502080.2204428,-1.0019184350967407,13.033586502075195,0.0,20.037200927734375,30.82158851623535,27.225574493408203,9.299715042114258
1771502080.253209,-0.6911500692367554,13.101176261901855,0.0,20.366069793701172,31.241918563842773,27.620040893554688,9.381681442260742
1771502080.2847598,-0.45453017950057983,13.322921752929688,0.0,20.63373374938965,31.55937385559082,27.888172149658203,9.365161895751953
1771502080.3171113,-0.01143839955329895,13.610269546508789,0.0,20.84212875366211,31.83763885498047,28.23479461669922,9.440221786499023
1771502080.3521564,0.48925626277923584,13.72198486328125,0.0,21.037906646728516,32.13401794433594,28.554384231567383,9.678704261779785
1771502080.3850207,0.7629250884056091,13.8096923828125,0.0,20.898622512817383,32.25578308105469,28.751083374023438,9.73190975189209
1771502080.4156086,1.0192451477050781,13.898126602172852,0.0,20.997146606445312,32.586647033691406,29.12274742126465,9.759843826293945
1771502080.4474044,1.233439326286316,14.00549030303955,0.0,21.076257705688477,32.88855743408203,29.356597900390625,9.808924674987793
1771502080.4940507,1.5621784925460815,14.162483215332031,0.0,21.241016387939453,33.186317443847656,29.637920379638672,9.887676239013672
1771502080.5259857,1.8976101875305176,14.3220796585083,0.0,21.112882614135742,33.33941650390625,29.84880828857422,10.00572681427002
1771502080.5599952,2.2328708171844482,14.343347549438477,0.0,20.950439453125,33.370365142822266,30.06645965576172,10.233583450317383
1771502080.590592,2.6320977210998535,14.797775268554688,0.0,21.012462615966797,33.28792190551758,30.14657211303711,10.182339668273926
1771502080.6213148,3.097909688949585,15.398902893066406,0.0,21.233877182006836,33.2670783996582,30.23775863647461,10.036077499389648
1771502080.6533463,3.2570478916168213,15.917943954467773,0.0,21.485313415527344,33.21022033691406,30.473957061767578,10.228071212768555
1771502080.6844723,2.3605308532714844,15.727527618408203,0.0,21.315288543701172,32.465999603271484,30.050111770629883,10.337343215942383
1771502080.7164662,2.1562552452087402,16.113685607910156,0.0,21.385730743408203,32.23588562011719,29.768281936645508,10.329923629760742
1771502080.7485187,1.6726253032684326,16.14313507080078,0.0,21.005861282348633,31.706342697143555,29.11716079711914,9.972206115722656
1771502080.7840855,0.21238279342651367,15.22050666809082,0.0,19.545257568359375,30.612804412841797,27.931982040405273,9.350008010864258
1771502080.8140535,-0.956173300743103,14.434308052062988,0.0,18.32632064819336,29.673086166381836,26.84136962890625,8.913786888122559
1771502080.8451433,-2.08158016204834,13.47691822052002,0.0,16.769153594970703,28.59712791442871,25.574604034423828,8.214356422424316
1771502080.8774648,-2.7930221557617188,12.658708572387695,0.0,15.646044731140137,27.67841339111328,24.331342697143555,7.3053154945373535
1771502080.926466,-2.999058961868286,12.361268997192383,0.0,14.529008865356445,26.68648338317871,22.967021942138672,6.23243522644043
1771502080.95648,-4.108470916748047,11.969013214111328,0.0,13.411593437194824,25.445045471191406,21.566184997558594,4.985948085784912
1771502080.9900043,-4.798230171203613,11.960229873657227,0.0,12.393054008483887,24.36859703063965,20.427104949951172,3.9887585639953613
1771502081.0211043,-5.286556243896484,11.90794563293457,0.0,11.735041618347168,23.917560577392578,20.14963150024414,3.345390796661377
1771502081.0525615,-6.131144046783447,11.868459701538086,0.0,11.031599998474121,23.067331314086914,19.34153175354004,2.6763126850128174
1771502081.0860739,-6.275704860687256,12.00009536743164,0.0,11.055070877075195,22.93885612487793,18.975814819335938,2.3869755268096924
1771502081.1170661,-5.9007954597473145,12.200597763061523,0.0,11.42811393737793,23.39873504638672,19.704612731933594,2.833911895751953
1771502081.1501915,-5.700423717498779,12.405324935913086,0.0,11.961309432983398,23.84206771850586,20.329303741455078,3.0790281295776367
1771502081.1807425,-5.682447910308838,12.486888885498047,0.0,12.369061470031738,24.190641403198242,21.242475509643555,4.040582656860352
1771502081.2157466,-5.428569316864014,12.471203804016113,0.0,13.006815910339355,24.5650634765625,22.35654640197754,5.222801685333252
1771502081.2453449,-5.798888683319092,12.149189949035645,0.0,13.457456588745117,24.48914337158203,22.93842124938965,5.617125988006592
1771502081.2778957,-6.063422679901123,11.933050155639648,0.0,13.710220336914062,24.34599494934082,23.164819717407227,5.71702241897583
1771502081.3087313,-5.923862934112549,11.9201078414917,0.0,14.357873916625977,24.577482223510742,23.558412551879883,5.85344123840332
1771502081.3567343,-5.621291160583496,12.002265930175781,0.0,15.020532608032227,24.878374099731445,24.01559829711914,6.088237285614014
1771502081.3892605,-5.1096906661987305,12.166013717651367,0.0,15.480928421020508,25.299945831298828,24.525278091430664,6.34431266784668
1771502081.423257,-4.779649257659912,12.291559219360352,0.0,15.635171890258789,25.638721466064453,24.952640533447266,6.515663146972656
1771502081.452262,-4.58456563949585,12.489532470703125,0.0,15.683727264404297,25.725425720214844,25.0942325592041,6.475208759307861
1771502081.485681,-4.597392559051514,12.609642028808594,0.0,15.772994995117188,25.669925689697266,25.17329978942871,6.290260314941406
1771502081.5166836,-4.416326522827148,12.701189041137695,0.0,16.071184158325195,26.00734519958496,25.56130027770996,6.425234794616699
1771502081.5486813,-4.146329879760742,12.934981346130371,0.0,16.687808990478516,26.305133819580078,25.929399490356445,6.694561958312988
1771502081.5799918,-3.9437167644500732,13.220157623291016,0.0,16.91141700744629,26.46940803527832,25.96134376525879,6.709771156311035
1771502081.6159909,-4.035778522491455,13.299071311950684,0.0,16.753814697265625,26.3053035736084,25.82269287109375,6.71076774597168
1771502081.6479926,-3.826542854309082,13.484452247619629,0.0,16.842905044555664,26.461694717407227,25.849653244018555,6.879695892333984
1771502081.6785166,-3.843122959136963,13.584807395935059,0.0,16.724567413330078,26.410200119018555,25.733240127563477,6.930964946746826
1771502081.7110796,-3.751232862472534,13.578180313110352,0.0,16.771785736083984,26.557661056518555,25.798763275146484,7.169435024261475
1771502081.7571373,-3.8061838150024414,13.673500061035156,0.0,16.704919815063477,26.55086898803711,25.57327651977539,7.088443756103516
1771502081.7911751,-3.7648119926452637,13.853035926818848,0.0,16.776782989501953,26.65836524963379,25.46207618713379,7.001178741455078
1771502081.8231654,-3.861577272415161,13.894591331481934,0.0,16.739791870117188,26.5673885345459,25.29816436767578,6.887929916381836
1771502081.8561687,-3.8976192474365234,13.825055122375488,0.0,16.66765594482422,26.576171875,25.23302459716797,6.792656421661377
1771502081.885695,-4.066821575164795,13.711572647094727,0.0,16.495695114135742,26.470661163330078,25.024871826171875,6.550835609436035
1771502081.9166763,-4.125571250915527,13.611769676208496,0.0,16.491207122802734,26.47296142578125,25.050582885742188,6.4788336753845215
1771502081.9496782,-4.1514692306518555,13.683856964111328,0.0,16.55868911743164,26.42014503479004,25.013141632080078,6.3885498046875
1771502081.9818323,-4.425034999847412,13.574092864990234,0.0,16.41159439086914,26.16349220275879,24.864316940307617,6.210954189300537
1771502082.0141678,-4.571991920471191,13.55956745147705,0.0,16.344621658325195,26.02488899230957,24.802125930786133,6.113271236419678
1771502082.045168,-4.7705979347229,13.489885330200195,0.0,16.22450828552246,25.934350967407227,24.727249145507812,6.079329013824463
1771502082.0805461,-4.87877082824707,13.50305461883545,0.0,16.160234451293945,25.966846466064453,24.706281661987305,5.993032455444336
1771502082.109167,-4.758642673492432,13.688556671142578,0.0,16.336345672607422,26.166919708251953,24.692718505859375,5.959419250488281
1771502082.1411762,-4.6146769523620605,13.722521781921387,0.0,16.46833610534668,26.348161697387695,24.82415008544922,6.023108005523682
1771502082.1894686,-4.44376802444458,13.810659408569336,0.0,16.617780685424805,26.501447677612305,24.857345581054688,5.987612724304199
1771502082.2215059,-4.516090393066406,13.820338249206543,0.0,16.56537437438965,26.492887496948242,24.793317794799805,5.845648765563965
1771502082.2524855,-4.52584171295166,13.781085968017578,0.0,16.57382583618164,26.53572654724121,24.819982528686523,5.873037338256836
1771502082.2900672,-4.4684600830078125,13.74755859375,0.0,16.599102020263672,26.57038688659668,24.883241653442383,5.883204936981201
1771502082.317046,-4.431211471557617,13.718860626220703,0.0,16.65467071533203,26.600374221801758,24.89267349243164,5.932459831237793
1771502082.350046,-4.563995361328125,13.595848083496094,0.0,16.53016471862793,26.497665405273438,24.862628936767578,5.9319329261779785
1771502082.3806045,-4.671847820281982,13.540088653564453,0.0,16.432842254638672,26.42626190185547,24.81089973449707,5.950466632843018
1771502082.4130235,-4.614887714385986,13.596445083618164,0.0,16.44943618774414,26.38827896118164,24.878522872924805,6.047635078430176
1771502082.446034,-4.767348289489746,13.520197868347168,0.0,16.29572105407715,26.25341796875,24.823755264282227,5.999433517456055
1771502082.4775527,-5.012046813964844,13.467782020568848,0.0,16.113197326660156,26.1065616607666,24.728036880493164,5.936234474182129
1771502082.5135536,-5.056475639343262,13.494686126708984,0.0,16.089637756347656,26.10785484313965,24.737205505371094,5.945140361785889
1771502082.5445526,-5.15737771987915,13.534078598022461,0.0,16.01837730407715,26.01552963256836,24.554447174072266,5.797744274139404
1771502082.5761023,-5.329324245452881,13.427225112915039,0.0,15.94237995147705,25.934656143188477,24.509429931640625,5.767146110534668
1771502082.6259806,-5.626664638519287,13.2823486328125,0.0,15.847005844116211,25.86331558227539,24.437530517578125,5.691196441650391
1771502082.6549823,-5.577833652496338,13.242744445800781,0.0,15.970378875732422,25.98381805419922,24.503807067871094,5.696836948394775
1771502082.6840892,-5.529780864715576,13.178866386413574,0.0,16.055810928344727,26.10041618347168,24.601795196533203,5.800599098205566
1771502082.7190845,-5.671175003051758,13.047184944152832,0.0,15.952902793884277,26.093969345092773,24.5809326171875,5.795068264007568
1771502082.749084,-5.575016975402832,13.133980751037598,0.0,16.017690658569336,26.156253814697266,24.58186149597168,5.725924968719482
1771502082.7826507,-5.429326057434082,13.114537239074707,0.0,16.129852294921875,26.349992752075195,24.725194931030273,5.77370548248291
1771502082.8133395,-5.5957441329956055,13.059480667114258,0.0,16.067039489746094,26.25152587890625,24.637876510620117,5.70940637588501
1771502082.8465228,-6.018953800201416,12.817686080932617,0.0,15.885344505310059,25.97294044494629,24.425926208496094,5.545614719390869
1771502082.8795464,-6.063098430633545,12.776387214660645,0.0,15.942965507507324,25.99007797241211,24.389307022094727,5.519418239593506
1771502082.908545,-5.947239875793457,12.768036842346191,0.0,16.050683975219727,26.10647964477539,24.499046325683594,5.564527988433838
1771502082.9442954,-5.84496545791626,12.897647857666016,0.0,16.169279098510742,26.141490936279297,24.4305477142334,5.504359245300293
1771502082.9992757,-5.901497840881348,12.87307357788086,0.0,16.15841293334961,26.126264572143555,24.344736099243164,5.396233081817627
1771502083.0302763,-5.735356330871582,12.81095027923584,0.0,16.26902961730957,26.2402286529541,24.504919052124023,5.475645065307617
1771502083.0612805,-5.563241958618164,12.81645679473877,0.0,16.337203979492188,26.38932991027832,24.674118041992188,5.527156829833984
1771502083.0915256,-5.327807903289795,12.819367408752441,0.0,16.46051788330078,26.64065170288086,24.896385192871094,5.645998954772949
1771502083.1245923,-5.308176040649414,12.7872896194458,0.0,16.45852279663086,26.668004989624023,24.91300392150879,5.62645149230957
1771502083.154597,-5.0413055419921875,12.926424026489258,0.0,16.628005981445312,26.887454986572266,25.072275161743164,5.651673316955566
1771502083.18612,-4.938600063323975,12.922142028808594,0.0,16.683855056762695,26.965620040893555,25.207916259765625,5.667523384094238
1771502083.2167568,-4.887211799621582,12.990212440490723,0.0,16.725967407226562,26.976322174072266,25.197935104370117,5.620619773864746
1771502083.2478428,-4.9209136962890625,12.99442195892334,0.0,16.78862762451172,26.92243194580078,25.11080551147461,5.586727142333984
1771502083.2783775,-5.03816556930542,12.96083927154541,0.0,16.79517936706543,26.812002182006836,24.984254837036133,5.563806056976318
1771502083.310372,-5.006665229797363,12.995223999023438,0.0,16.917312622070312,26.856840133666992,24.96612548828125,5.5486040115356445
1771502083.3423781,-5.098598003387451,13.00683307647705,0.0,16.85440444946289,26.793283462524414,24.84857940673828,5.42636251449585
1771502083.3739138,-5.171290874481201,12.97927188873291,0.0,16.79833221435547,26.722816467285156,24.752601623535156,5.373006820678711
1771502083.406919,-5.135219573974609,13.025073051452637,0.0,16.722394943237305,26.757352828979492,24.801267623901367,5.361729145050049
1771502083.438912,-5.139219284057617,13.08717155456543,0.0,16.662235260009766,26.801584243774414,24.885921478271484,5.383725166320801
1771502083.4881437,-4.96089506149292,13.275453567504883,0.0,16.66591453552246,26.904220581054688,25.030494689941406,5.467135906219482
1771502083.518206,-4.690717697143555,13.369007110595703,0.0,16.76138687133789,27.09400177001953,25.27037811279297,5.5897417068481445
1771502083.548144,-4.711941242218018,13.3704833984375,0.0,16.71516227722168,27.074018478393555,25.278104782104492,5.6236467361450195
1771502083.586677,-4.785645961761475,13.286308288574219,0.0,16.64818572998047,27.02390480041504,25.357494354248047,5.679342269897461
1771502083.6158807,-4.699944496154785,13.254293441772461,0.0,16.811824798583984,27.16489601135254,25.495410919189453,5.849895477294922
1771502083.6448846,-4.581945896148682,13.29153823852539,0.0,16.888500213623047,27.252197265625,25.595539093017578,5.974790096282959
1771502083.677426,-4.626078128814697,13.190301895141602,0.0,16.881521224975586,27.237218856811523,25.625818252563477,6.0496826171875
1771502083.7084253,-4.638890743255615,13.172256469726562,0.0,16.858081817626953,27.222105026245117,25.69157600402832,6.136261940002441
1771502083.7404292,-4.513492107391357,13.174692153930664,0.0,16.935640335083008,27.292476654052734,25.782257080078125,6.258447170257568
1771502083.7729504,-4.314034938812256,13.23567008972168,0.0,17.097774505615234,27.41548728942871,25.9475040435791,6.405500411987305
1771502083.8079486,-4.138447284698486,13.307645797729492,0.0,17.164573669433594,27.43450927734375,25.999629974365234,6.4582014083862305
1771502083.8369555,-3.980567216873169,13.271902084350586,0.0,17.324100494384766,27.54749298095703,26.200532913208008,6.614475250244141
1771502083.8694997,-3.7635817527770996,13.286588668823242,0.0,17.486886978149414,27.765396118164062,26.523941040039062,6.818353176116943
1771502083.919013,-3.349163770675659,13.373290061950684,0.0,17.798206329345703,28.128530502319336,26.86397933959961,6.96401309967041
1771502083.9500682,-3.3058652877807617,13.265022277832031,0.0,17.91756820678711,28.250652313232422,26.898157119750977,6.998933792114258
1771502083.9816759,-3.432708740234375,13.17635726928711,0.0,17.774675369262695,28.16814613342285,26.722137451171875,6.853475570678711
1771502084.014439,-3.70068359375,13.134718894958496,0.0,17.567493438720703,28.027339935302734,26.550304412841797,6.697973728179932
1771502084.0679483,-3.8792102336883545,12.97878360748291,0.0,17.364498138427734,27.896480560302734,26.444490432739258,6.673271179199219
1771502084.0914588,-4.052923202514648,12.860006332397461,0.0,17.139137268066406,27.745452880859375,26.346866607666016,6.785536289215088
1771502084.1209779,-4.21392297744751,12.758188247680664,0.0,17.04110336303711,27.62885856628418,26.20635414123535,6.848567485809326
1771502084.151968,-4.574134826660156,12.546976089477539,0.0,16.786640167236328,27.373586654663086,25.95361328125,6.726634979248047
1771502084.1815693,-4.80654764175415,12.554154396057129,0.0,16.590301513671875,27.10889434814453,25.64461898803711,6.475634574890137
1771502084.2125247,-5.079023361206055,12.429092407226562,0.0,16.385473251342773,26.921377182006836,25.385061264038086,6.328868865966797
1771502084.2445555,-5.398242473602295,12.230705261230469,0.0,16.128185272216797,26.69489097595215,25.19029998779297,6.277491569519043
1771502084.277077,-5.582728385925293,12.077449798583984,0.0,15.947986602783203,26.566650390625,25.017852783203125,6.166799068450928
1771502084.308321,-5.809828758239746,11.967049598693848,0.0,15.834881782531738,26.476654052734375,24.947778701782227,6.1482977867126465
1771502084.3543997,-5.849859237670898,11.959100723266602,0.0,15.890658378601074,26.422399520874023,24.884933471679688,6.061102390289307
1771502084.3859375,-5.778098106384277,11.982976913452148,0.0,15.923112869262695,26.50404930114746,24.930505752563477,5.991957187652588
1771502084.4179404,-5.657989978790283,12.055450439453125,0.0,15.996454238891602,26.536043167114258,24.99713706970215,5.964170932769775
1771502084.4491596,-5.645419120788574,12.115386962890625,0.0,15.939599990844727,26.516324996948242,25.001964569091797,5.884228706359863
1771502084.48245,-5.740991592407227,12.076139450073242,0.0,15.847894668579102,26.415918350219727,24.91363525390625,5.846883773803711
1771502084.5134482,-6.03605318069458,12.052703857421875,0.0,15.631333351135254,26.185956954956055,24.650697708129883,5.7348833084106445
1771502084.544453,-6.007129192352295,12.165749549865723,0.0,15.683216094970703,26.200681686401367,24.644092559814453,5.812191009521484
1771502084.575966,-6.13355827331543,12.129393577575684,0.0,15.42956829071045,26.031057357788086,24.474103927612305,5.75179386138916
1771502084.6069815,-6.03980827331543,12.258957862854004,0.0,15.426986694335938,26.045795440673828,24.421049118041992,5.741201400756836
1771502084.6379812,-5.949774742126465,12.263519287109375,0.0,15.403719902038574,26.09381103515625,24.538837432861328,5.774195671081543
1771502084.672501,-5.641647815704346,12.401124000549316,0.0,15.5779447555542,26.267398834228516,24.723146438598633,5.8842854499816895
1771502084.7004933,-5.81492280960083,12.29471206665039,0.0,15.528334617614746,26.197084426879883,24.70159912109375,5.841361999511719
1771502084.7324948,-5.715733051300049,12.380534172058105,0.0,15.623638153076172,26.272716522216797,24.83055877685547,5.857783317565918
1771502084.8169372,-5.704666614532471,12.365992546081543,0.0,15.576982498168945,26.20212745666504,24.857419967651367,5.7232747077941895
1771502084.8419425,-5.745091915130615,12.306309700012207,0.0,15.571921348571777,26.166240692138672,24.91036605834961,5.780434608459473
1771502084.8734546,-5.747788429260254,12.308964729309082,0.0,15.620118141174316,26.121395111083984,24.879438400268555,5.766611099243164
1771502084.9035356,-5.711626052856445,12.260427474975586,0.0,15.727352142333984,26.173120498657227,24.95189666748047,5.7956318855285645
1771502084.9336863,-5.50961446762085,12.39471435546875,0.0,15.921433448791504,26.306509017944336,25.063385009765625,5.865482330322266
1771502084.965705,-5.393443584442139,12.435883522033691,0.0,16.020160675048828,26.400598526000977,25.159042358398438,5.934669494628906
1771502084.9957297,-5.325936317443848,12.537214279174805,0.0,16.094524383544922,26.41991424560547,25.11268424987793,5.9033098220825195
1771502085.027252,-5.277652740478516,12.598644256591797,0.0,16.110200881958008,26.408910751342773,25.156082153320312,5.932112216949463
1771502085.0582874,-5.143431663513184,12.621383666992188,0.0,16.14716911315918,26.455354690551758,25.279621124267578,6.018787384033203
1771502085.0907426,-5.171261787414551,12.53990364074707,0.0,16.12552261352539,26.44892120361328,25.3503475189209,6.1032257080078125
1771502085.1207242,-5.219388484954834,12.443933486938477,0.0,16.10009002685547,26.434417724609375,25.40627098083496,6.169922828674316
1771502085.1532712,-5.371033668518066,12.300758361816406,0.0,15.964166641235352,26.31914520263672,25.384532928466797,6.193264007568359
1771502085.1833024,-5.275705337524414,12.342046737670898,0.0,15.993224143981934,26.32487678527832,25.299448013305664,6.197761535644531
1771502085.2463124,-5.2520246505737305,12.286005973815918,0.0,15.989736557006836,26.338106155395508,25.305002212524414,6.163074970245361
1771502085.2770286,-5.1577348709106445,12.317587852478027,0.0,16.087116241455078,26.426849365234375,25.35271644592285,6.213218688964844
1771502085.307337,-5.260802268981934,12.246113777160645,0.0,16.07253646850586,26.353139877319336,25.264385223388672,6.164524555206299
1771502085.3397894,-5.184732913970947,12.216529846191406,0.0,16.17548370361328,26.451122283935547,25.305591583251953,6.18683385848999
1771502085.3703375,-5.019062519073486,12.319883346557617,0.0,16.333724975585938,26.604936599731445,25.332767486572266,6.1714348793029785
1771502085.4014418,-4.706586837768555,12.532432556152344,0.0,16.512632369995117,26.797992706298828,25.38345718383789,6.181337356567383
1771502085.4344127,-4.6115875244140625,12.666547775268555,0.0,16.58090591430664,26.796602249145508,25.342863082885742,6.101531505584717
1771502085.4658635,-4.429050445556641,12.787453651428223,0.0,16.706748962402344,26.907699584960938,25.4631290435791,6.225614070892334
1771502085.4973774,-4.317533493041992,12.901796340942383,0.0,16.700180053710938,26.91452980041504,25.463537216186523,6.201695442199707
1771502085.5283794,-4.517971038818359,12.761307716369629,0.0,16.55238914489746,26.76068687438965,25.372793197631836,6.16625452041626
1771502085.560409,-4.458189487457275,12.75175666809082,0.0,16.64890480041504,26.87380599975586,25.439411163330078,6.214554786682129
1771502085.5979707,-4.583250522613525,12.769651412963867,0.0,16.589099884033203,26.7575626373291,25.290990829467773,6.115445137023926
1771502085.64497,-4.5929179191589355,12.777067184448242,0.0,16.62082862854004,26.74199104309082,25.27114486694336,6.149967670440674
1771502085.6779516,-4.782119274139404,12.622570037841797,0.0,16.559385299682617,26.5893497467041,25.159038543701172,6.1064229011535645
1771502085.7151208,-4.748978137969971,12.561737060546875,0.0,16.603857040405273,26.637510299682617,25.229368209838867,6.177240371704102
1771502085.746123,-4.8578901290893555,12.599262237548828,0.0,16.54827117919922,26.41119384765625,24.964027404785156,5.967105865478516
1771502085.7786298,-4.873170852661133,12.576278686523438,0.0,16.417375564575195,26.33286476135254,24.96942138671875,5.867513656616211
1771502085.8097446,-4.873615264892578,12.574484825134277,0.0,16.479406356811523,26.371976852416992,24.980430603027344,5.841491222381592
1771502085.8397427,-4.706877708435059,12.601449966430664,0.0,16.685274124145508,26.5592098236084,25.122434616088867,5.915814399719238
1771502085.8711445,-4.627645492553711,12.686120986938477,0.0,16.81374168395996,26.698217391967773,25.22524642944336,5.955787658691406
1771502085.902144,-4.620577335357666,12.698334693908691,0.0,16.846860885620117,26.730510711669922,25.194856643676758,5.926629066467285
1771502085.9321768,-4.620668411254883,12.755373001098633,0.0,17.0520076751709,26.843088150024414,25.217453002929688,5.947932243347168
1771502085.967274,-4.708622932434082,12.682524681091309,0.0,17.04825210571289,26.84351348876953,25.280324935913086,5.986179351806641
1771502085.998872,-4.289799690246582,12.79641056060791,0.0,17.314697265625,27.23518180847168,25.84032440185547,6.3684868812561035
1771502086.0298984,-4.242664337158203,12.736806869506836,0.0,17.338092803955078,27.350088119506836,25.947898864746094,6.483988285064697
1771502086.0764625,-4.0909624099731445,12.732282638549805,0.0,17.437095642089844,27.499971389770508,26.072425842285156,6.599609375
1771502086.1124604,-4.382296562194824,12.526046752929688,0.0,17.184619903564453,27.27684783935547,25.876245498657227,6.527566432952881
1771502086.1374614,-4.478830814361572,12.462403297424316,0.0,17.076269149780273,27.227954864501953,25.885723114013672,6.484246730804443
1771502086.1689692,-4.464844703674316,12.381673812866211,0.0,17.0459041595459,27.299856185913086,25.993858337402344,6.574540615081787
1771502086.1999831,-4.497442722320557,12.377534866333008,0.0,16.901775360107422,27.17484474182129,26.052019119262695,6.573536396026611
1771502086.230975,-4.466211318969727,12.427815437316895,0.0,16.839595794677734,27.149158477783203,26.07012939453125,6.537817478179932
1771502086.259855,-4.459109306335449,12.351531982421875,0.0,16.747854232788086,27.206764221191406,26.108226776123047,6.631540298461914
1771502086.290474,-4.2428998947143555,12.49592399597168,0.0,16.807384490966797,27.390705108642578,26.25600242614746,6.694929122924805
1771502086.322482,-4.163266181945801,12.611000061035156,0.0,16.7181453704834,27.41826057434082,26.141651153564453,6.423220634460449
1771502086.353496,-4.154662609100342,12.699223518371582,0.0,16.63252067565918,27.439685821533203,25.92723846435547,6.128464221954346
1771502086.400151,-4.127869129180908,12.854005813598633,0.0,16.628055572509766,27.387920379638672,25.453710556030273,5.712625980377197
1771502086.4321074,-3.6844584941864014,13.231233596801758,0.0,16.76177978515625,27.642770767211914,25.4945068359375,5.557606220245361
1771502086.4692805,-3.4368200302124023,13.317150115966797,0.0,16.78772735595703,27.89300537109375,25.533784866333008,5.415721893310547
1771502086.509911,-3.3292295932769775,13.311177253723145,0.0,16.775989532470703,27.990005493164062,25.72638511657715,5.381845951080322
1771502086.542956,-3.1594982147216797,13.50447940826416,0.0,16.867511749267578,28.08821678161621,25.784526824951172,5.257312297821045
1771502086.5714316,-2.7428059577941895,13.856356620788574,0.0,17.066932678222656,28.21470069885254,25.941946029663086,5.331161022186279
1771502086.6065762,-2.7608439922332764,13.892518043518066,0.0,16.958703994750977,28.12950325012207,25.920894622802734,5.261646270751953
1771502086.634581,-2.8495054244995117,14.01913833618164,0.0,16.79884910583496,27.925809860229492,25.71160888671875,5.083514213562012
1771502086.6675913,-2.791165590286255,14.139185905456543,0.0,16.6838321685791,27.794233322143555,25.606870651245117,5.110525131225586
1771502086.6999843,-2.5771965980529785,14.434736251831055,0.0,16.66822052001953,27.81580352783203,25.543310165405273,5.056790828704834
1771502086.7289906,-2.724571466445923,14.25841999053955,0.0,16.4114933013916,27.87199592590332,25.707942962646484,5.1614203453063965
1771502086.7599978,-2.85657000541687,14.11779499053955,0.0,16.320419311523438,28.028541564941406,25.960615158081055,5.344648361206055
1771502086.7966259,-2.871462821960449,13.83398151397705,0.0,16.568634033203125,28.311824798583984,26.517009735107422,5.788491725921631
1771502086.8312922,-2.716111183166504,13.667940139770508,0.0,17.01250648498535,28.82493782043457,27.431726455688477,6.36611270904541
1771502086.8608124,-2.936772346496582,13.267593383789062,0.0,17.21510887145996,29.199928283691406,28.306093215942383,6.805603981018066
1771502086.8955927,-3.205488443374634,12.75389289855957,0.0,17.693693161010742,29.8581485748291,29.48125457763672,7.396228313446045
1771502086.942105,-3.5220603942871094,12.129358291625977,0.0,18.006057739257812,30.576871871948242,30.679195404052734,8.007022857666016
1771502086.9611022,-3.6195383071899414,11.672269821166992,0.0,18.490135192871094,31.353897094726562,31.81779670715332,8.857107162475586
1771502086.9916344,-3.8554458618164062,11.153148651123047,0.0,18.842561721801758,32.18278503417969,32.982887268066406,9.659523963928223
1771502087.0226545,-3.76912784576416,10.794053077697754,0.0,19.2540283203125,33.205360412597656,34.361045837402344,10.748887062072754
1771502087.0846093,-3.5962090492248535,10.675106048583984,0.0,19.889814376831055,34.308284759521484,35.82304000854492,11.960274696350098
1771502087.1156087,-3.511666774749756,10.67910099029541,0.0,20.409690856933594,35.119083404541016,37.01388931274414,13.181063652038574
1771502087.1476104,-3.7067861557006836,10.733348846435547,0.0,20.7142333984375,35.53367614746094,37.8436164855957,14.283193588256836
1771502087.1782212,-3.8458328247070312,11.06446647644043,0.0,21.333581924438477,35.851768493652344,38.52655029296875,15.22303581237793
1771502087.2102172,-4.226340293884277,11.76528263092041,0.0,21.97271156311035,36.07887649536133,39.20820236206055,15.894083976745605
1771502087.2422233,-4.444068908691406,12.515521049499512,0.0,22.68616485595703,36.343196868896484,39.88575744628906,16.515094757080078
1771502087.274732,-4.593406677246094,13.098681449890137,0.0,23.221389770507812,36.52937698364258,40.531219482421875,17.23255729675293
1771502087.3053136,-4.6025919914245605,13.702291488647461,0.0,23.898603439331055,36.883724212646484,41.24322509765625,18.086925506591797
1771502087.3363388,-4.552170276641846,14.45113468170166,0.18326276540756226,24.265308380126953,36.77714157104492,41.82232666015625,19.095962524414062
1771502087.3728588,-4.204280853271484,15.016275405883789,0.14661021530628204,24.94335174560547,37.4551887512207,42.86891555786133,20.53036880493164
1771502087.4009006,-3.8456296920776367,15.507466316223145,0.11728817224502563,25.52318572998047,37.97903823852539,43.74931335449219,21.74675750732422
1771502087.4309006,-3.2842726707458496,15.908769607543945,0.09383054077625275,26.04523468017578,38.680015563964844,44.79395294189453,23.007614135742188
1771502087.4645278,-2.548046350479126,16.562702178955078,0.07506443560123444,26.82686424255371,39.555824279785156,46.028526306152344,24.336774826049805
1771502087.493578,-2.4244210720062256,17.118043899536133,0.06005154922604561,27.058837890625,39.723350524902344,46.385711669921875,24.998477935791016
1771502087.5245755,-2.345250129699707,17.600481033325195,0.04804123938083649,27.440196990966797,40.20752716064453,46.86073303222656,25.417724609375
1771502087.555569,-2.551521062850952,17.800710678100586,0.03843299299478531,27.878780364990234,41.26702880859375,47.68892288208008,25.864940643310547
1771502087.598134,-3.3847126960754395,17.698396682739258,0.030746394768357277,28.14150047302246,43.02128982543945,48.31498718261719,26.206050872802734
1771502087.6301403,-3.7203588485717773,17.912837982177734,0.02459711581468582,29.310468673706055,45.41624069213867,49.70165252685547,26.90039825439453
1771502087.6621788,-3.9963364601135254,18.236337661743164,0.019677693024277687,30.176246643066406,47.6920280456543,50.90821075439453,27.70998764038086
1771502087.6946843,-3.695584297180176,18.824752807617188,0.01574215479195118,31.4682559967041,50.138671875,52.65467834472656,29.254859924316406
1771502087.7246835,-3.3137600421905518,19.16023063659668,0.012593723833560944,32.79457092285156,52.65205383300781,54.59807586669922,31.077999114990234
1771502087.7732108,-3.098649024963379,19.3786563873291,0.0100749796256423,34.151065826416016,55.114593505859375,56.757076263427734,32.89890670776367
1771502087.8051987,-2.797823905944824,19.334388732910156,0.00805998407304287,35.62734603881836,57.712249755859375,59.11244583129883,34.865692138671875
1771502087.8351984,-2.8982133865356445,19.295726776123047,0.006447987165302038,36.66022872924805,59.42096710205078,60.661319732666016,36.18844223022461
1771502087.8662114,-3.5614161491394043,18.71639633178711,0.0051583899185061455,37.24006652832031,60.759239196777344,61.76115417480469,36.88443374633789
1771502087.8977122,-4.255496025085449,18.04358673095703,0.004126712214201689,37.873260498046875,61.8670539855957,62.802223205566406,37.36389923095703
1771502087.9297123,-5.106461524963379,17.320323944091797,0.0033013697247952223,38.33692169189453,62.60272979736328,63.51081848144531,37.50880813598633
1771502087.9617507,-6.130163192749023,16.605419158935547,0.002641095779836178,38.617923736572266,62.927825927734375,63.878868103027344,37.325714111328125
1771502087.9966133,-7.798318386077881,15.761137962341309,0.0021128766238689423,38.886940002441406,62.57451629638672,63.86883544921875,36.90437316894531
1771502088.0286472,-9.319355010986328,14.985389709472656,0.0016903013456612825,39.091129302978516,62.00263214111328,63.491973876953125,36.52397155761719
1771502088.0606518,-10.698174476623535,14.352970123291016,0.0013522411463782191,39.396705627441406,61.727962493896484,63.346012115478516,36.46299743652344
1771502088.0931072,-11.97632884979248,13.730488777160645,0.0010817929869517684,39.963294982910156,61.56036376953125,63.40058135986328,36.4837760925293
1771502088.1261067,-13.208948135375977,12.990066528320312,0.0008654344128444791,40.432228088378906,61.374061584472656,63.51984405517578,36.6739501953125
1771502088.1591122,-14.242234230041504,12.31206226348877,0.0006923475302755833,40.794456481933594,61.46854782104492,63.952735900878906,37.40761947631836
1771502088.2046566,-14.99118423461914,11.836856842041016,0.0005538780242204666,41.17832946777344,61.961204528808594,64.69658660888672,38.38029098510742
1771502088.2376559,-15.73592472076416,11.28916072845459,0.0004431024135556072,41.63595199584961,62.46061706542969,65.42935180664062,39.24541473388672
1771502088.2616599,-16.370525360107422,10.855220794677734,0.00035448194830678403,41.98675537109375,62.91742706298828,65.98487091064453,39.888160705566406
1771502088.2921653,-16.846996307373047,10.30835247039795,0.0002835855702869594,42.595279693603516,63.642452239990234,66.90875244140625,40.947357177734375
1771502088.3240032,-17.412641525268555,9.852863311767578,0.00022686846205033362,42.85786819458008,64.41864776611328,67.70804595947266,42.008365631103516
1771502088.355005,-17.99221420288086,9.514505386352539,0.000181494775461033,43.06758117675781,65.068115234375,68.42166900634766,42.78636169433594
1771502088.397106,-18.591596603393555,9.145407676696777,0.00014519582327920943,43.50891876220703,65.71400451660156,68.99773406982422,43.386775970458984
1771502088.4504724,-19.143695831298828,8.776174545288086,0.0001161566615337506,44.23593521118164,66.61434936523438,69.655517578125,44.00407409667969
1771502088.481994,-19.510751724243164,8.52780532836914,9.292532922700047e-05,45.08881759643555,67.58685302734375,70.440673828125,44.89973831176758
1771502088.5129936,-19.772897720336914,8.280630111694336,7.434026338160038e-05,46.21676254272461,68.61671447753906,71.34234619140625,45.7956428527832
1771502088.5459962,-20.033090591430664,8.014900207519531,5.9472211432876065e-05,46.988887786865234,69.4770736694336,71.96643829345703,46.47919845581055
1771502088.5765774,-20.162973403930664,7.814225673675537,4.7577770601492375e-05,47.97800827026367,70.3543930053711,72.5871353149414,47.25518798828125
1771502088.6076093,-20.333467483520508,7.537476539611816,3.8062218663981184e-05,48.91899871826172,71.23664093017578,73.2227783203125,48.19116973876953
1771502088.6385753,-20.439348220825195,7.280673027038574,3.0449775294982828e-05,49.467010498046875,72.10380554199219,73.70999145507812,49.101871490478516
1771502088.6732635,-20.604026794433594,6.930233955383301,2.4359820599784143e-05,50.234779357910156,72.78193664550781,74.10387420654297,49.945587158203125
1771502088.7011802,-20.72600555419922,6.62135124206543,1.9487857571220957e-05,50.532833099365234,73.26751708984375,74.32582092285156,50.56052780151367
1771502088.7321815,-20.81378936767578,6.372352123260498,1.5590287148370408e-05,51.07686996459961,73.83309936523438,74.63553619384766,51.198150634765625
1771502088.7641878,-20.828704833984375,6.211315155029297,1.2472230082494207e-05,51.6441650390625,74.55818939208984,75.07460021972656,51.937625885009766
1771502088.7977188,-20.791736602783203,6.298107147216797,9.977784429793246e-06,51.86615753173828,75.15692138671875,75.4577865600586,52.59315490722656
1771502088.8307261,-20.782682418823242,6.409324645996094,7.982227543834597e-06,52.58631134033203,76.05903625488281,76.18976593017578,53.58329772949219
1771502088.8607252,-20.585174560546875,6.471430778503418,6.385781944118207e-06,53.757110595703125,77.03273010253906,76.95702362060547,54.608028411865234
1771502088.8928096,-20.08563804626465,6.8195600509643555,5.108625828142976e-06,55.2941780090332,78.08871459960938,77.97598266601562,55.59183883666992
1771502088.9258077,-19.416982650756836,7.359505653381348,4.0869008444133215e-06,57.55853271484375,79.24301147460938,79.5109634399414,56.89916229248047
1771502088.9568453,-19.215621948242188,7.842525005340576,3.269520675530657e-06,59.36443328857422,80.08350372314453,80.71980285644531,57.756004333496094
1771502088.9909463,-18.758991241455078,8.28108024597168,2.6156164949497906e-06,61.388084411621094,80.83602142333984,81.96306610107422,58.74597930908203
1771502089.0209508,-18.64003562927246,8.38917064666748,2.0924933323840378e-06,63.16596221923828,81.3329086303711,82.82560729980469,59.5663948059082
1771502089.0697606,-18.681690216064453,8.361130714416504,1.6739946886445978e-06,64.49913787841797,81.47200012207031,83.51092529296875,60.174110412597656
1771502089.1043198,-18.541820526123047,8.447281837463379,1.3391958191277809e-06,65.54923248291016,81.73344421386719,84.1924057006836,60.80587387084961
1771502089.1363182,-18.3533992767334,8.511859893798828,1.0713566780395922e-06,66.34534454345703,81.93083190917969,84.77361297607422,61.341495513916016
1771502089.1693544,-18.271499633789062,8.510188102722168,8.570853538003576e-07,66.96961212158203,82.12389373779297,85.22354125976562,61.70379638671875
1771502089.199898,-18.098724365234375,8.520217895507812,6.85668283040286e-07,67.66985321044922,82.31359100341797,85.65214538574219,62.01474380493164
1771502089.2314186,-17.883445739746094,8.452195167541504,5.485346150635451e-07,68.21558380126953,82.39049530029297,85.922607421875,62.21109390258789
1771502089.2633958,-17.532604217529297,8.390278816223145,4.3882769773517794e-07,68.79507446289062,82.57792663574219,86.2850341796875,62.472354888916016
1771502089.29391,-17.06554412841797,8.300138473510742,3.510621695568261e-07,69.5202407836914,82.80967712402344,86.74642181396484,62.874080657958984
1771502089.3259106,-16.678974151611328,8.123493194580078,2.8084974701414467e-07,70.03779602050781,82.99553680419922,87.10588073730469,63.27613067626953
1771502089.3569179,-16.419090270996094,7.852570056915283,2.246797947691448e-07,70.56105041503906,83.06727600097656,87.3901596069336,63.52066421508789
1771502089.3884227,-16.055286407470703,7.610945224761963,1.7974383581531583e-07,70.98397827148438,83.21226501464844,87.6083984375,63.74004364013672
1771502089.4244225,-15.800031661987305,7.36979866027832,1.437950771787655e-07,71.3299789428711,83.41935729980469,87.54469299316406,63.70066452026367
1771502089.4524214,-15.69459056854248,7.17661714553833,1.1503606600626881e-07,71.66400146484375,83.54979705810547,87.46121978759766,63.82600402832031
1771502089.5012233,-15.619641304016113,7.048162937164307,9.202885564718599e-08,72.11258697509766,83.74651336669922,87.31427001953125,64.165283203125
1771502089.5362248,-15.289494514465332,6.996166229248047,7.36230845177488e-08,72.79434204101562,84.07386016845703,86.79735565185547,64.46813201904297
1771502089.558232,-15.038989067077637,7.047047138214111,5.889846832474177e-08,73.50680541992188,84.50468444824219,86.22163391113281,64.76957702636719
1771502089.5997412,-14.65297794342041,6.877579212188721,4.7118774659793417e-08,74.09988403320312,84.62129211425781,85.61273956298828,65.58624267578125
1771502089.6317422,-14.503740310668945,6.536535263061523,3.769502043837747e-08,75.4069595336914,85.29586791992188,84.64189147949219,65.93618774414062
1771502089.6610394,-14.606237411499023,6.142467021942139,3.0156016350701975e-08,76.49995422363281,85.77037048339844,83.86741638183594,66.36040496826172
1771502089.6925435,-14.956600189208984,5.783989906311035,2.4124814146375684e-08,77.3658676147461,86.27653503417969,83.14849090576172,66.15422058105469
1771502089.7255507,-15.523547172546387,5.445812225341797,1.929985238291465e-08,77.97676849365234,86.54331970214844,82.65486145019531,66.09809112548828
1771502089.7581022,-15.883942604064941,5.292318344116211,1.543988226160309e-08,78.55210876464844,86.8254165649414,82.2604751586914,66.15282440185547
1771502089.8102586,-16.228229522705078,5.074875354766846,1.2351906164553839e-08,79.14112854003906,86.97119903564453,81.9500961303711,66.05751037597656
1771502089.8432238,-16.56389617919922,4.837677955627441,9.881524931643071e-09,79.5289077758789,87.025634765625,81.7847900390625,65.95049285888672
1771502089.8747883,-16.88078498840332,4.678962707519531,7.905220478221509e-09,79.89867401123047,87.03825378417969,81.62818908691406,65.78044128417969
1771502089.9064257,-17.36008644104004,4.424472808837891,6.324176293759365e-09,80.23553466796875,86.84862518310547,81.61973571777344,65.53707885742188
1771502089.9364188,-17.212120056152344,4.316732883453369,5.05934094618965e-09,80.68283081054688,86.94833374023438,81.49535369873047,65.47801208496094
1771502089.9675074,-16.79948616027832,4.394620895385742,4.047473023405246e-09,80.87437438964844,87.01805877685547,81.41974639892578,65.44332122802734
1771502089.9990594,-16.48919677734375,4.440275192260742,3.2379785519509596e-09,81.00581359863281,87.12403106689453,81.267822265625,65.64652252197266
1771502090.0300786,-16.094898223876953,4.611227035522461,2.5903827971518467e-09,80.90038299560547,87.17463684082031,80.89144134521484,66.3060302734375
1771502090.064176,-15.925849914550781,4.825286388397217,2.0723063265393193e-09,80.72273254394531,87.10872650146484,80.67793273925781,66.80598449707031
1771502090.0933342,-15.8974609375,4.9232635498046875,1.657845083435916e-09,80.58694458007812,87.16096496582031,80.38385009765625,66.995361328125
1771502090.1254175,-15.994710922241211,4.909326076507568,1.3262760889531933e-09,80.57807922363281,87.34514617919922,80.1624755859375,67.09752655029297
1771502090.157557,-16.32248878479004,4.933159828186035,1.061020937775936e-09,80.550048828125,87.5185546875,79.99949645996094,67.26964569091797
1771502090.1905324,-16.47096061706543,4.9215168952941895,8.488167391185186e-10,80.59808349609375,87.52149963378906,79.82238006591797,67.66329956054688
1771502090.2205322,-16.67333221435547,4.92340612411499,6.790534246015056e-10,80.36052703857422,87.3383560180664,79.6747817993164,67.98741149902344
1771502090.2525303,-16.933320999145508,4.799684524536133,5.432427285789743e-10,80.42233276367188,87.41513061523438,79.6668472290039,68.1343765258789
1771502090.2878468,-17.09334373474121,4.798577785491943,4.3459419396540966e-10,80.25875854492188,87.23393249511719,79.55461120605469,68.45050048828125
1771502090.3168461,-17.28135871887207,4.722567558288574,3.4767536072344285e-10,80.1858901977539,87.09968566894531,79.37191009521484,68.80732727050781
1771502090.3648574,-17.59636688232422,4.682434558868408,2.781402885787543e-10,80.2115478515625,86.99980163574219,79.39112854003906,68.99240112304688
1771502090.400397,-18.08344268798828,4.534878730773926,2.2251223086300342e-10,80.41360473632812,87.14725494384766,79.46464538574219,68.84120178222656
1771502090.4303718,-18.499706268310547,4.4268012046813965,1.780097874659603e-10,80.45614624023438,87.23870849609375,79.42140197753906,68.9222412109375
1771502090.4643333,-18.905315399169922,4.275385856628418,1.4240783552388336e-10,80.43604278564453,87.43624114990234,79.39454650878906,68.86383056640625
1771502090.495288,-19.555233001708984,4.102945327758789,1.1392627119466425e-10,80.12684631347656,87.41223907470703,79.65921020507812,68.84117889404297
1771502090.5262878,-20.112031936645508,4.066183090209961,9.114101834351018e-11,79.49571990966797,87.19709014892578,79.86737823486328,69.25025939941406
1771502090.5572557,-20.61602783203125,4.085936546325684,7.291281467480815e-11,78.9208755493164,86.96123504638672,79.96488952636719,69.75556945800781
1771502090.591299,-21.04757308959961,4.149601459503174,5.833025035206774e-11,78.825439453125,86.92379760742188,79.91173553466797,69.7166976928711
1771502090.6213205,-21.565092086791992,4.066160678863525,4.666420028165419e-11,78.63138580322266,86.70634460449219,80.04179382324219,69.93544006347656
1771502090.6523123,-22.01961898803711,4.030239105224609,3.733136022532335e-11,78.68778228759766,86.53970336914062,79.90670776367188,69.7576904296875
1771502090.6855977,-22.48780059814453,3.964533567428589,2.986508956803746e-11,78.66873931884766,86.43807983398438,79.60738372802734,69.75282287597656
1771502090.7186058,-23.02948760986328,3.8080735206604004,2.389207234831936e-11,78.79875183105469,86.39193725585938,79.2384033203125,69.8259506225586
1771502090.7520103,-23.49449920654297,3.8224809169769287,1.9113658572544878e-11,78.9694595336914,86.33959197998047,78.96209716796875,69.77772521972656
1771502090.7975857,-23.960817337036133,3.846622943878174,1.5290926511091207e-11,79.23768615722656,86.3519515991211,78.65886688232422,69.781494140625
1771502090.8325987,-24.3087158203125,3.679237127304077,1.2232741729290009e-11,79.50514221191406,86.41007995605469,78.59547424316406,69.6849594116211
1771502090.8605242,-24.564655303955078,3.4476561546325684,9.786193556904355e-12,79.67124938964844,86.48469543457031,78.51915740966797,69.69757080078125
1771502090.892445,-24.837993621826172,3.212151050567627,7.828955365940526e-12,80.09184265136719,86.65699768066406,78.38296508789062,69.54582977294922
1771502090.9286313,-25.227502822875977,2.906547784805298,6.263164466224769e-12,80.44613647460938,86.7206802368164,78.3218994140625,69.38975524902344
1771502090.9576313,-25.39105224609375,2.7506015300750732,5.010531486243641e-12,80.65811920166016,86.78158569335938,78.25187683105469,69.25161743164062
1771502090.9883924,-25.520896911621094,2.632981538772583,4.008425102258739e-12,80.82868957519531,86.82768249511719,78.19658660888672,69.08000183105469
1771502091.0213878,-25.843740463256836,2.3442327976226807,3.206740211911252e-12,81.17306518554688,86.8564453125,78.2418441772461,68.82520294189453
1771502091.052365,-25.9603328704834,2.2280144691467285,2.5653921261609147e-12,81.27082061767578,86.90270233154297,78.27622985839844,68.74236297607422
1771502091.0853534,-25.86425018310547,2.1514246463775635,2.0523138310329925e-12,81.24944305419922,86.92237854003906,78.48384857177734,68.5947036743164
1771502091.1181667,-25.95830535888672,1.8096498250961304,1.6418510431423505e-12,81.12205505371094,86.56050109863281,78.9225845336914,67.99876403808594
1771502091.1708243,-25.902355194091797,1.6213691234588623,1.3134808995660108e-12,80.50171661376953,86.09102630615234,79.39031219482422,67.3027114868164
1771502091.2018194,-26.062015533447266,1.8725743293762207,1.050784784704939e-12,80.21723175048828,85.83753967285156,79.96730041503906,67.15460205078125
1771502091.2343414,-25.732025146484375,2.504147529602051,0.08828448504209518,80.09895324707031,86.031494140625,80.47821044921875,67.36283874511719
1771502091.264965,-25.095077514648438,2.8708553314208984,0.0706275925040245,80.21028137207031,86.39154052734375,80.92877960205078,67.41384887695312
1771502091.2958915,-24.18331527709961,3.1067123413085938,0.056502074003219604,80.73780059814453,86.8662109375,81.11061096191406,67.43936157226562
1771502091.3273866,-23.542945861816406,3.304924964904785,0.08786927163600922,80.96266174316406,87.25690460205078,81.21630859375,67.44915008544922
1771502091.3593888,-23.182579040527344,3.4301092624664307,0.07029541581869125,80.89066314697266,87.2606430053711,81.41022491455078,67.48005676269531
1771502091.3899295,-22.27828025817871,3.1081526279449463,0.05623633414506912,80.92849731445312,87.44202423095703,81.270751953125,67.49626159667969
1771502091.4229357,-21.98689842224121,2.772789716720581,0.04498906806111336,80.43002319335938,87.25311279296875,81.57301330566406,67.07115936279297
1771502091.452811,-22.16771697998047,2.2654857635498047,0.035991255193948746,79.88919830322266,86.77067565917969,81.99372863769531,66.60836791992188
1771502091.4861877,-22.408248901367188,1.9065163135528564,0.028793005272746086,79.25094604492188,86.37782287597656,82.36229705810547,66.91059875488281
1771502091.516426,-22.355398178100586,1.7383641004562378,0.02303440496325493,78.24894714355469,85.88703918457031,82.75372314453125,66.89623260498047
1771502091.5494182,-22.30476951599121,1.6494152545928955,0.018427524715662003,77.36763763427734,85.49589538574219,83.24910736083984,67.29978942871094
1771502091.58494,-22.373973846435547,1.5887315273284912,0.014742019586265087,76.7614974975586,85.12518310546875,83.63920593261719,67.56312561035156
1771502091.6160128,-22.70621109008789,1.6123487949371338,0.011793616227805614,76.33773040771484,84.88125610351562,83.95968627929688,68.08364868164062
1771502091.661355,-23.124269485473633,1.5167795419692993,0.009434892795979977,76.12432861328125,84.65019226074219,84.26167297363281,68.3536605834961
1771502091.69375,-23.32077407836914,1.4066768884658813,0.007547914516180754,75.92050170898438,84.47177124023438,84.45137023925781,68.36714935302734
1771502091.7247496,-23.5659236907959,1.1525369882583618,0.006038331892341375,75.91706848144531,84.34916687011719,84.57820129394531,68.35490417480469
1771502091.7577493,-23.960784912109375,0.8783940076828003,0.004830665420740843,75.9367446899414,84.22663116455078,84.61829376220703,68.0131607055664
1771502091.7896965,-24.24835205078125,0.7608881592750549,0.0038645323365926743,76.06794738769531,84.17343139648438,84.6506576538086,68.0851821899414
1771502091.8216598,-24.52104949951172,0.590380072593689,0.0030916258692741394,76.33244323730469,84.24650573730469,84.58673095703125,68.01956939697266
1771502091.8526623,-24.771730422973633,0.39415299892425537,0.002473300788551569,76.31156921386719,84.13720703125,84.65460205078125,67.73136901855469
1771502091.887182,-25.01526641845703,0.2353714108467102,0.001978640677407384,76.41310119628906,83.98155975341797,84.7566909790039,67.72628021240234
1771502091.9178047,-25.2517032623291,0.12920942902565002,0.0015829125186428428,76.35978698730469,83.80007934570312,84.85868835449219,67.57429504394531
1771502091.950807,-25.34480857849121,0.062029317021369934,0.0012663300149142742,76.46720123291016,83.75811004638672,84.90200805664062,67.51214599609375
1771502091.9823227,-25.27699851989746,0.061962321400642395,0.001013064058497548,76.41226959228516,83.6422348022461,84.94205474853516,67.42784118652344
1771502092.017331,-25.24346923828125,0.0729079619050026,0.000810451281722635,76.1763687133789,83.48592376708984,84.99909973144531,67.30615997314453
1771502092.0453415,-25.050079345703125,0.17926040291786194,0.0006483610486611724,76.18639373779297,83.48723602294922,84.95030212402344,67.30213928222656
1771502092.0932353,-25.151607513427734,0.19938921928405762,0.0005186888738535345,76.04351806640625,83.3439712524414,85.07039642333984,67.34481811523438
1771502092.1281924,-24.912946701049805,0.23980499804019928,0.0004149510932620615,75.93869018554688,83.32425689697266,85.09855651855469,67.2071533203125
1771502092.1570575,-24.361867904663086,0.5668628811836243,0.00033196088043041527,75.97611999511719,83.45121765136719,85.00938415527344,67.76953887939453
1771502092.1885784,-23.94669532775879,0.9279271364212036,0.0002655686985235661,75.8360595703125,83.53448486328125,84.93972778320312,68.20806884765625
1771502092.2233331,-23.726430892944336,1.0248032808303833,0.000212454964639619,76.09439086914062,83.680908203125,84.76155090332031,68.64420318603516
1771502092.2528715,-23.248937606811523,1.2077503204345703,0.00016996396880131215,75.87200927734375,83.76812744140625,84.6427230834961,69.01393127441406
1771502092.2853832,-23.190322875976562,1.1604535579681396,0.00013597117504104972,75.78082275390625,83.70357513427734,84.67146301269531,69.15867614746094
1771502092.3183885,-23.070585250854492,1.195466160774231,0.0001087769414880313,75.75695037841797,83.72114562988281,84.6929931640625,69.07205200195312
1771502092.3494506,-23.147377014160156,1.1462444067001343,8.702155173523352e-05,75.72415924072266,83.5855941772461,84.79594421386719,68.84070587158203
1771502092.381008,-22.814451217651367,1.353314995765686,6.961724284337834e-05,75.60261535644531,83.56698608398438,84.6551513671875,69.02925872802734
1771502092.4130096,-22.729267120361328,1.6752972602844238,5.569379572989419e-05,75.24891662597656,83.54576873779297,84.31181335449219,69.54808044433594
1771502092.448001,-22.787879943847656,1.7389187812805176,4.455503585631959e-05,75.19760131835938,83.71728515625,83.76530456542969,70.1763687133789
1771502092.4785402,-22.896574020385742,1.7788056135177612,3.564402868505567e-05,75.33606719970703,83.77403259277344,83.23487854003906,70.8065414428711
1771502092.5245395,-22.847288131713867,1.8995270729064941,2.85152236756403e-05,75.24445343017578,83.70604705810547,83.13198852539062,70.96568298339844
1771502092.5575557,-22.813678741455078,1.9868621826171875,2.281217894051224e-05,75.13003540039062,83.6458740234375,83.32333374023438,70.62136840820312
1771502092.5887947,-23.119104385375977,1.7424094676971436,1.8249744243803434e-05,75.08995056152344,83.60639953613281,83.45870208740234,70.53456115722656
1771502092.6217973,-23.203340530395508,1.6696852445602417,1.4599795576941688e-05,75.05620574951172,83.59123992919922,83.48350524902344,70.37486267089844
1771502092.6538107,-23.31426239013672,1.394959807395935,1.167983646155335e-05,75.0704116821289,83.51225280761719,83.60270690917969,69.90634155273438
1771502092.6849031,-23.894123077392578,0.8445230722427368,9.34386935114162e-06,75.17842864990234,83.48318481445312,83.58451080322266,69.02843475341797
1771502092.716907,-24.480310440063477,0.28770777583122253,7.4750955718627665e-06,75.08151245117188,83.16905975341797,83.64384460449219,68.1328125
1771502092.7489078,-24.900428771972656,-0.2125757932662964,5.980076366540743e-06,75.06360626220703,83.01935577392578,83.676025390625,67.474853515625
1771502092.7811635,-25.142568588256836,-0.6047537922859192,4.784061275131535e-06,74.84925842285156,82.95545959472656,83.46827697753906,66.5250015258789
1771502092.8131666,-25.645992279052734,-0.6895996332168579,3.827249202004168e-06,75.72280883789062,83.14627075195312,83.75214385986328,66.57479095458984
1771502092.8451848,-26.146324157714844,-0.587441086769104,3.0617993616033345e-06,76.42061614990234,83.29534912109375,83.85804748535156,66.52342224121094
1771502092.8807113,-26.361146926879883,-0.3199184238910675,2.4494395347574027e-06,76.7414321899414,83.2285385131836,84.14610290527344,66.11490631103516
1771502092.9097188,-26.604446411132812,-0.31232020258903503,1.959551582331187e-06,77.02855682373047,83.16594696044922,84.17747497558594,65.23910522460938
1771502092.9577127,-26.25951385498047,-0.11801467835903168,1.5676413340770523e-06,77.78984069824219,83.55291748046875,84.2611083984375,65.10830688476562
1771502092.9892635,-26.466684341430664,-0.01103547215461731,1.2541130445242743e-06,78.02252960205078,83.5926284790039,84.18617248535156,64.78167724609375
1771502093.0212553,-26.274194717407227,0.4653525650501251,1.0032904356194194e-06,77.83873748779297,83.7839584350586,84.27913665771484,64.86009979248047
1771502093.0532558,-25.309490203857422,0.9996005296707153,8.026323712329031e-07,77.75294494628906,84.43016052246094,84.11270141601562,65.4632339477539
1771502093.0893347,-24.30231475830078,1.3708574771881104,6.421059310923738e-07,77.6513900756836,85.09652709960938,83.69609832763672,65.87601470947266
1771502093.1173275,-23.877004623413086,1.39897620677948,5.136847676112666e-07,76.97422790527344,85.36133575439453,83.1788558959961,65.96700286865234
1771502093.149339,-23.415002822875977,1.553206205368042,4.1094781977335515e-07,76.31840515136719,85.53334045410156,82.82374572753906,65.9659423828125
1771502093.1813796,-22.769920349121094,1.7415413856506348,3.28758261503026e-07,75.89464569091797,85.76620483398438,82.40491485595703,66.0958023071289
1771502093.2133696,-21.462570190429688,2.174057722091675,2.6300662625544646e-07,76.54920196533203,86.2198257446289,81.85079193115234,67.08453369140625
1771502093.2453675,-20.533872604370117,2.555130958557129,2.1040530384652811e-07,77.2594223022461,86.50386047363281,81.28657531738281,67.812255859375
1771502093.2778833,-19.599470138549805,2.968482255935669,1.6832424876156438e-07,77.76531982421875,86.70093536376953,80.94529724121094,68.67066955566406
1771502093.3118858,-18.069534301757812,3.5728487968444824,1.3465940185142244e-07,78.28265380859375,86.27068328857422,80.53227996826172,69.9751205444336
1771502093.35691,-16.477333068847656,4.122941017150879,1.0772752290222343e-07,78.40504455566406,85.79537200927734,80.1658935546875,71.3171157836914
1771502093.390511,-15.698272705078125,4.678156852722168,8.618201974286421e-08,77.58929443359375,85.92000579833984,80.49443054199219,72.04212188720703
1771502093.4215167,-15.313761711120605,5.143038749694824,6.894561721537684e-08,76.91246032714844,86.22001647949219,80.84346771240234,72.03970336914062
1771502093.4535878,-15.760490417480469,5.204814910888672,5.515649448284421e-08,76.22650146484375,86.86672973632812,81.13726043701172,71.62028503417969
1771502093.4889045,-15.480422973632812,5.534943103790283,4.4125197717903575e-08,75.97716522216797,87.04544067382812,81.27536010742188,71.51569366455078
1771502093.5220468,-16.226625442504883,5.470944881439209,3.5300157463780124e-08,75.18157196044922,87.23006439208984,81.45978546142578,70.83563232421875
1771502093.5540445,-16.8454532623291,5.416924476623535,2.8240126681566835e-08,74.50360870361328,87.39603424072266,81.65689849853516,70.21687316894531
1771502093.5865738,-16.99300765991211,5.32363224029541,2.2592102411067572e-08,74.52091217041016,87.71735382080078,81.64713287353516,70.02496337890625
1771502093.6181076,-16.85645866394043,5.353269577026367,1.807368299466816e-08,74.52428436279297,88.12384033203125,81.61637115478516,70.03572082519531
1771502093.6493824,-17.496444702148438,5.085960388183594,1.445894692864158e-08,73.71879577636719,87.7704086303711,81.66460418701172,69.53536224365234
1771502093.679891,-18.776697158813477,4.399956226348877,1.1567157898184632e-08,72.14519500732422,86.62323760986328,81.34652709960938,68.3061294555664
1771502093.711014,-19.718467712402344,3.8447184562683105,9.253726673819074e-09,71.31917572021484,85.93218231201172,81.15586853027344,67.55017852783203
1771502093.7430134,-19.713550567626953,3.6035079956054688,7.402981339055259e-09,70.74790954589844,85.94722747802734,81.10342407226562,67.5933837890625
1771502093.7905712,-19.638715744018555,3.614394426345825,5.922385248879891e-09,70.5429916381836,86.15422058105469,81.28253936767578,67.69710540771484
1771502093.8225741,-19.37763786315918,3.639314651489258,4.737908287921755e-09,70.27313995361328,86.33405303955078,81.51534271240234,67.84175109863281
1771502093.8535135,-19.37251091003418,3.535010814666748,3.790326719155246e-09,70.02766418457031,86.33062744140625,81.72474670410156,67.72177124023438
1771502093.8858593,-19.656667709350586,3.311702013015747,3.0322613309152757e-09,69.16507720947266,86.11429595947266,81.7692642211914,67.27305603027344
1771502093.9168503,-20.022579193115234,3.1260735988616943,2.4258091091411416e-09,68.50037384033203,85.85452270507812,81.89603424072266,66.72799682617188
1771502093.9518414,-20.165603637695312,3.1056129932403564,1.940647420539676e-09,68.51622772216797,85.8919677734375,82.08647155761719,66.35891723632812
1771502093.982402,-20.310047149658203,3.138960361480713,1.5525180030451224e-09,69.37991333007812,85.9695053100586,82.42730712890625,66.32495880126953
1771502094.012405,-20.88522720336914,3.0924816131591797,1.2420143802316375e-09,69.71822357177734,85.65658569335938,82.61203002929688,65.88398742675781
1771502094.0454228,-21.417919158935547,2.9912354946136475,0.009212560951709747,70.01565551757812,85.34551239013672,82.73310852050781,65.4317855834961
1771502094.076946,-21.692737579345703,2.8280417919158936,0.00737004866823554,70.09310913085938,85.07051086425781,82.75778198242188,65.0217514038086
1771502094.1092176,-22.114948272705078,2.6416330337524414,0.01113855093717575,70.45533752441406,84.94235229492188,82.71183776855469,64.71493530273438
1771502094.1422174,-22.647872924804688,2.419893503189087,0.008910841308534145,71.16050720214844,84.91593933105469,82.73025512695312,64.6492691040039
1771502094.175235,-22.94558334350586,2.2933409214019775,0.007128673139959574,71.6707763671875,84.90505981445312,82.8841552734375,64.66777038574219
1771502094.2207568,-23.221054077148438,2.1234688758850098,0.0057029384188354015,71.41719818115234,84.6292724609375,82.90333557128906,64.41658782958984
1771502094.2584405,-23.277992248535156,1.9919730424880981,0.004562350921332836,71.2892074584961,84.46617126464844,82.85888671875,64.1929702758789
1771502094.2859612,-23.19610595703125,1.9649752378463745,0.003649880876764655,71.03022003173828,84.33642578125,82.93052673339844,63.996421813964844
1771502094.3169763,-23.49367332458496,1.7458624839782715,0.0029199046548455954,71.34112548828125,84.16957092285156,82.99886322021484,63.790321350097656
1771502094.3500397,-24.005281448364258,1.431848168373108,0.0023359237238764763,71.71308898925781,83.94123840332031,83.0086441040039,63.540035247802734
1771502094.3844981,-24.38676643371582,1.1698014736175537,0.0018687390256673098,72.42817687988281,83.83560180664062,83.13387298583984,63.42477035522461
1771502094.4134727,-24.575241088867188,0.8041379451751709,0.0014949912438169122,73.21922302246094,83.92704010009766,83.2668228149414,63.51778793334961
1771502094.4444714,-24.72164535522461,0.6415082812309265,0.0011959930416196585,73.67411804199219,83.77013397216797,83.53675842285156,63.406227111816406
1771502094.4769094,-24.669889450073242,0.5674505233764648,0.0009567944216541946,74.59481811523438,83.73086547851562,84.00018310546875,63.609825134277344
1771502094.5112827,-24.784225463867188,0.4117811620235443,0.0007654355722479522,75.25971221923828,83.65701293945312,84.34092712402344,63.61817932128906
1771502094.5413125,-24.844812393188477,0.3316223919391632,0.0006123484927229583,75.82821655273438,83.68573760986328,84.62652587890625,63.80826187133789
1771502094.5753775,-24.989994049072266,0.3199666738510132,0.000489878817461431,76.34043884277344,83.70314025878906,84.85607147216797,63.98300552368164
1771502094.6059008,-25.210067749023438,0.2811029553413391,0.0003919030714314431,76.7073974609375,83.59468841552734,85.07682800292969,63.98387908935547
1771502094.652566,-25.62112808227539,0.16015926003456116,0.00031352246878668666,76.96812438964844,83.38194274902344,85.21105194091797,63.70278549194336
1771502094.6850815,-25.992109298706055,0.07226259261369705,0.0002508179750293493,77.31454467773438,83.26431274414062,85.23643493652344,63.43682098388672
1771502094.7180727,-26.37447166442871,-0.04727263003587723,0.00020065438002347946,77.60018920898438,83.09188842773438,85.24999237060547,63.15943908691406
1771502094.7490735,-26.720943450927734,-0.16188882291316986,0.00016052350110840052,77.91761779785156,82.89124298095703,85.20488739013672,62.94181823730469
1771502094.7805839,-27.017080307006836,-0.24408993124961853,0.00012841880379710346,78.21501159667969,82.72431182861328,85.2071533203125,62.769798278808594
1771502094.8151941,-27.013591766357422,-0.32632553577423096,0.0001027350444928743,78.73591613769531,82.81623077392578,85.21405792236328,62.770225524902344
1771502094.8451984,-27.009063720703125,-0.42226797342300415,8.218803850468248e-05,79.14667510986328,82.9103012084961,85.18754577636719,62.817970275878906
1771502094.8777163,-27.070964813232422,-0.5239368677139282,6.575043516932055e-05,79.37824249267578,82.90174865722656,85.18875885009766,62.771732330322266
1771502094.909049,-27.189334869384766,-0.6389662027359009,5.2600349590647966e-05,79.4526596069336,82.82756805419922,85.30333709716797,62.901432037353516
1771502094.9410641,-27.203832626342773,-0.673516035079956,4.208027894492261e-05,79.64836883544922,82.83368682861328,85.42543029785156,63.026580810546875
1771502094.9750633,-27.301301956176758,-0.7607354521751404,3.366422242834233e-05,79.79645538330078,82.76838684082031,85.49993896484375,63.05658721923828
1771502095.0063272,-27.328834533691406,-0.7511252164840698,2.6931378670269623e-05,79.90841674804688,82.74948120117188,85.58930969238281,63.09785079956055
1771502095.0413184,-27.482358932495117,-0.7279048562049866,2.154510366381146e-05,79.90451049804688,82.70524597167969,85.64837646484375,63.14297866821289
1771502095.085612,-27.725154876708984,-0.6708676218986511,1.723608329484705e-05,79.64833068847656,82.45716857910156,85.47077941894531,62.87599182128906
1771502095.121771,-28.326438903808594,-0.7230297923088074,1.3788866453978699e-05,79.32515716552734,82.00247192382812,85.39636993408203,62.817909240722656
1771502095.148696,-28.816341400146484,-0.8348498344421387,1.1031092981284019e-05,79.05150604248047,81.61006164550781,85.35286712646484,62.89105224609375
1771502095.1802084,-29.340953826904297,-0.97076416015625,8.824874385027215e-06,78.74298095703125,81.27455139160156,85.33511352539062,62.900840759277344
1771502095.2132747,-29.878934860229492,-1.1873351335525513,7.059899417072302e-06,78.49372863769531,80.95345306396484,85.17444610595703,62.78739929199219
1771502095.2563334,-30.32465362548828,-1.4011411666870117,5.647919806506252e-06,78.35452270507812,80.63788604736328,85.09782409667969,62.823917388916016
1771502095.2888408,-30.6716251373291,-1.5846891403198242,4.518336027103942e-06,78.02285766601562,80.4109115600586,84.99766540527344,62.86336898803711
1771502095.319843,-31.073822021484375,-1.7529860734939575,3.6146689126326237e-06,77.65582275390625,80.13361358642578,84.90365600585938,62.908416748046875
1771502095.3509288,-31.32025146484375,-1.9062268733978271,2.891735221055569e-06,77.40357971191406,79.94554138183594,84.85137939453125,63.012577056884766
1771502095.3824563,-31.521575927734375,-2.03763484954834,2.3133882223191904e-06,77.10186767578125,79.74139404296875,84.85790252685547,63.23626708984375
1771502095.4125733,-31.711488723754883,-2.3261280059814453,1.850710646067455e-06,76.94866180419922,79.65808868408203,84.776611328125,63.361881256103516
1771502095.4435744,-31.65311622619629,-2.449882984161377,1.4805685850660666e-06,76.67454528808594,79.65524291992188,84.76119995117188,63.45078659057617
1771502095.4731095,-31.611661911010742,-2.5581841468811035,1.1844548453154857e-06,76.67198944091797,79.5342788696289,84.63717651367188,63.297359466552734
1771502095.5172608,-31.711057662963867,-2.8337581157684326,9.475638762523886e-07,76.74627685546875,79.4171142578125,84.56015014648438,63.1323127746582
1771502095.55126,-31.625972747802734,-3.0559744834899902,7.580511010019109e-07,76.62275695800781,79.40283966064453,84.37217712402344,62.90822219848633
1771502095.582773,-31.63934326171875,-3.3336801528930664,6.064408921702125e-07,76.30770874023438,79.17882537841797,84.0005874633789,62.44857406616211
1771502095.6153455,-31.64806365966797,-3.4982573986053467,4.851527251048537e-07,76.0893325805664,78.85108947753906,83.82677459716797,62.19114303588867
1771502095.6463625,-31.756208419799805,-3.752349376678467,3.881221743995411e-07,75.85503387451172,78.4860610961914,83.498779296875,61.68743133544922
1771502095.6834948,-31.62938690185547,-3.9214766025543213,3.104977395196329e-07,75.66925048828125,78.42982482910156,83.38829040527344,61.39619445800781
1771502095.7135074,-31.449634552001953,-3.998666524887085,2.4839820866873197e-07,75.36994171142578,78.36737060546875,83.40747833251953,61.20817947387695
1771502095.742499,-31.31173324584961,-4.024414539337158,1.9871856693498557e-07,75.204345703125,78.36979675292969,83.45249938964844,61.175140380859375
1771502095.7735085,-31.248092651367188,-4.015063285827637,1.589748563901594e-07,74.98084259033203,78.3092269897461,83.48123931884766,61.09560012817383
1771502095.8070288,-31.16177749633789,-4.013562202453613,1.2717988795429847e-07,74.87158966064453,78.39031982421875,83.67997741699219,61.368751525878906
1771502095.8380299,-31.233844757080078,-4.0488762855529785,1.0174391462669519e-07,74.82795715332031,78.4402847290039,83.79318237304688,61.60955810546875
1771502095.8700328,-31.188220977783203,-4.019314765930176,8.139513596461256e-08,74.78663635253906,78.51699829101562,84.00379180908203,61.77960968017578
1771502095.9025455,-31.10153579711914,-4.035714626312256,6.5116111613861e-08,74.89120483398438,78.61339569091797,84.25953674316406,62.02667236328125
1771502095.9505446,-31.16425895690918,-4.067967891693115,5.209289000163153e-08,74.73841857910156,78.57169342041016,84.22987365722656,61.90656280517578
1771502095.9840593,-31.074642181396484,-3.9482340812683105,4.1674312001305225e-08,74.69778442382812,78.69867706298828,84.406982421875,62.03721618652344
1771502096.0130594,-30.975923538208008,-3.8152823448181152,3.3339450311586916e-08,74.58905029296875,78.77798461914062,84.68411254882812,62.20174789428711
1771502096.0450578,-30.834186553955078,-3.7008213996887207,2.6671560959812268e-08,74.4938735961914,78.756591796875,84.97486114501953,62.32151412963867
1771502096.0780978,-30.939023971557617,-3.7089099884033203,2.1337248412578447e-08,74.71282958984375,78.77920532226562,85.09050750732422,62.29706954956055
1771502096.112619,-30.96257209777832,-3.5928120613098145,1.706979979587686e-08,74.63697052001953,78.7936782836914,85.34208679199219,62.45465087890625
1771502096.142619,-30.96123504638672,-3.5758399963378906,1.3655840014337173e-08,74.68997192382812,78.87935638427734,85.6480484008789,62.77049255371094
1771502096.1736302,-30.84060287475586,-3.4846246242523193,1.0924671833834054e-08,74.85496520996094,79.11421203613281,86.01891326904297,62.997779846191406
1771502096.2061663,-30.623464584350586,-3.2216527462005615,8.739737822338611e-09,74.89762115478516,79.43701934814453,86.39810180664062,63.432525634765625
1771502096.2382848,-30.53192138671875,-3.0244524478912354,6.991790257870889e-09,74.88843536376953,79.58944702148438,86.78247833251953,63.90190505981445
1771502096.2702925,-30.489112854003906,-2.848975896835327,5.593432383932395e-09,74.89822387695312,79.64517211914062,87.11437225341797,64.2739486694336
1771502096.3018458,-30.45128631591797,-2.648200750350952,4.474745907145916e-09,74.84222412109375,79.69429016113281,87.24269104003906,64.85369110107422
1771502096.337831,-30.461711883544922,-2.4371745586395264,3.579796681307812e-09,74.77294158935547,79.7674789428711,87.2052001953125,65.50106811523438
1771502096.4173698,-30.347900390625,-2.3342137336730957,0.012589409947395325,74.76577758789062,79.9642105102539,87.22024536132812,66.1073989868164
1771502096.447361,-30.280351638793945,-2.305638074874878,0.031047392636537552,74.78731536865234,80.1004409790039,87.29338073730469,66.63984680175781
1771502096.4774451,-30.28020477294922,-2.3594295978546143,0.11874178051948547,74.74054718017578,80.168701171875,87.44293975830078,66.9587631225586
1771502096.5102,-30.294292449951172,-2.5216991901397705,0.3592287302017212,74.54743194580078,80.10769653320312,87.6303482055664,67.08552551269531
1771502096.541198,-30.439361572265625,-2.6297874450683594,0.5692554116249084,74.44840240478516,79.98348999023438,87.7994384765625,67.13693237304688
1771502096.5722125,-30.605587005615234,-2.6064329147338867,0.7100164890289307,74.15391540527344,79.61438751220703,88.11941528320312,67.08995819091797
1771502096.6037223,-30.6829833984375,-2.6008851528167725,0.9513218402862549,73.89989471435547,79.40406799316406,88.42598724365234,67.06721496582031
1771502096.6347234,-30.820926666259766,-2.6457996368408203,1.2579954862594604,73.79280090332031,79.33743286132812,88.48297882080078,67.1563949584961
1771502096.6647232,-30.822465896606445,-2.564197301864624,1.5158610343933105,73.45430755615234,79.28326416015625,88.38319396972656,67.38495635986328
1771502096.6969862,-30.772384643554688,-2.460766553878784,1.7600507736206055,72.89762115478516,79.12968444824219,88.4788589477539,67.43724822998047
1771502096.7275038,-30.539527893066406,-2.3025052547454834,1.9965453147888184,72.45005798339844,79.09610748291016,88.58072662353516,67.72213745117188
1771502096.759624,-30.190427780151367,-1.966659665107727,2.1934494972229004,72.0328598022461,79.31816864013672,88.4560546875,68.28117370605469
1771502096.8142908,-29.70084571838379,-1.5077431201934814,2.3493056297302246,71.43389892578125,79.81892395019531,88.4688720703125,68.41976928710938
1771502096.845443,-28.571523666381836,-0.9164685010910034,2.6829912662506104,71.2719955444336,80.79281616210938,87.98377227783203,68.96696472167969
1771502096.8691654,-27.51943588256836,-0.3041529953479767,2.9344429969787598,71.04337310791016,81.75045776367188,87.21453857421875,69.35865783691406
1771502096.900696,-26.393686294555664,0.29899635910987854,3.232405185699463,70.86839294433594,82.46696472167969,86.5555419921875,69.73223114013672
1771502096.932713,-25.705486297607422,0.8355393409729004,3.3634512424468994,70.81932067871094,82.85082244873047,86.01385498046875,69.91242218017578
1771502096.9647303,-24.875904083251953,1.0517809391021729,3.5104196071624756,70.92762756347656,83.35441589355469,85.54322814941406,70.22142791748047
1771502096.9932547,-23.97896957397461,1.353256344795227,3.7511801719665527,71.18402862548828,83.56657409667969,84.9520492553711,70.51410675048828
1771502097.0237894,-23.326236724853516,1.5053753852844238,3.8948142528533936,71.66510009765625,83.67501831054688,84.4902572631836,70.80198669433594
1771502097.0567884,-22.907989501953125,1.6273746490478516,3.993725299835205,72.0045166015625,83.71305847167969,83.99470520019531,71.12186431884766
1771502097.0872977,-22.72113037109375,1.6210646629333496,4.042074203491211,72.22776794433594,83.77698516845703,83.61763000488281,71.39373779296875
1771502097.1172974,-22.52173614501953,1.7234115600585938,4.028329849243164,72.26372528076172,83.78781127929688,83.4808578491211,71.42903900146484
1771502097.1482987,-22.41835594177246,1.7552279233932495,4.011724472045898,72.40575408935547,83.67518615722656,83.32717895507812,71.47259521484375
1771502097.2018085,-22.428882598876953,1.6715152263641357,4.022049903869629,72.64735412597656,83.686279296875,83.19071960449219,71.48043060302734
1771502097.2451727,-22.65199089050293,1.3449357748031616,4.091383934020996,72.73892211914062,83.64825439453125,83.49567413330078,71.4649887084961
1771502097.2791839,-23.09977912902832,1.008213996887207,4.054495334625244,72.82444763183594,83.62785339355469,83.89076232910156,71.31504821777344
1771502097.3048055,-23.47450065612793,0.845035195350647,3.987761974334717,73.02201080322266,83.57767486572266,84.17345428466797,71.26126098632812
1771502097.3358066,-23.958654403686523,0.6234772801399231,3.901528835296631,73.27107238769531,83.42646026611328,84.59220886230469,70.74845123291016
1771502097.366541,-24.308385848999023,0.44123026728630066,3.9517807960510254,73.58272552490234,83.2070541381836,84.64152526855469,70.77509307861328
1771502097.3967524,-24.939889907836914,0.07672697305679321,3.831930160522461,73.83169555664062,82.92476654052734,84.7372055053711,70.64978790283203
1771502097.4277568,-25.705856323242188,-0.3310721218585968,3.6253514289855957,73.74600219726562,82.43867492675781,84.91326904296875,70.57965087890625
1771502097.4598365,-26.27138900756836,-0.7466458082199097,3.3682193756103516,73.90242004394531,82.1294174194336,84.98275756835938,70.63786315917969
1771502097.4915164,-26.78190803527832,-1.2264524698257446,3.149498462677002,74.11959838867188,81.82530212402344,84.96976470947266,70.58084106445312
1771502097.5235183,-27.302526473999023,-1.5949463844299316,3.1380364894866943,74.37342071533203,81.63224792480469,84.99208068847656,70.63380432128906
1771502097.5535178,-27.59290313720703,-1.695878028869629,3.2387382984161377,74.76241302490234,81.63648223876953,84.69383239746094,70.86901092529297
1771502097.597581,-27.921878814697266,-1.6903154850006104,3.315624952316284,74.92440795898438,81.5490493774414,84.45320892333984,71.35421752929688
1771502097.6345782,-28.241912841796875,-1.7040170431137085,3.302520751953125,75.01274108886719,81.40592956542969,84.17267608642578,71.86712646484375
1771502097.6775844,-28.600919723510742,-1.6675336360931396,3.1766738891601562,75.11431121826172,81.29364013671875,83.69009399414062,72.35497283935547
1771502097.709595,-28.865243911743164,-1.647540807723999,3.1031386852264404,75.24089813232422,81.18408203125,83.4244613647461,72.61466217041016
1771502097.7405965,-29.129634857177734,-1.672021508216858,2.9789156913757324,75.33138275146484,81.06256866455078,83.34471893310547,72.71876525878906
1771502097.7726223,-29.29712677001953,-1.7945488691329956,2.8443987369537354,75.38450622558594,80.96405029296875,83.32000732421875,72.72876739501953
1771502097.8031318,-29.560245513916016,-1.999006748199463,2.6756484508514404,75.50932312011719,80.88716125488281,83.36504364013672,72.67959594726562
1771502097.8371303,-29.624242782592773,-2.1924049854278564,2.7104694843292236,75.61720275878906,80.94685363769531,83.3760986328125,72.55791473388672
1771502097.8671386,-29.671428680419922,-2.359158515930176,2.734161376953125,75.67267608642578,80.83828735351562,83.59912109375,72.3583755493164
1771502097.8976557,-29.76913833618164,-2.5345258712768555,2.651136636734009,75.755615234375,80.74198913574219,83.80164337158203,72.11682891845703
1771502097.9286754,-29.70477867126465,-2.6191439628601074,2.7078864574432373,75.96582794189453,80.7215576171875,83.84042358398438,71.98603820800781
1771502097.9605079,-29.64756965637207,-2.60032320022583,2.8009145259857178,76.05155181884766,80.67182159423828,84.14238739013672,71.87187957763672
1771502097.997565,-29.863052368164062,-2.644374132156372,2.6067745685577393,76.13895416259766,80.51057434082031,84.27039337158203,71.3619155883789
1771502098.0285637,-30.12869644165039,-2.681168556213379,2.332731246948242,76.74593353271484,80.80794525146484,84.4546127319336,71.2428207397461
1771502098.065565,-30.34761619567871,-2.7469239234924316,2.156320095062256,76.95162200927734,81.06208038330078,84.66960906982422,71.17007446289062
1771502098.1088257,-30.482751846313477,-2.7476840019226074,1.9890433549880981,77.23818969726562,81.36600494384766,84.64141082763672,71.1612777709961
1771502098.1408215,-30.4213924407959,-2.6231918334960938,2.019716739654541,77.38513946533203,81.66100311279297,84.73348999023438,71.5490951538086
1771502098.1638227,-30.339479446411133,-2.5728445053100586,2.060467481613159,77.605712890625,81.96226501464844,84.55180358886719,71.86258697509766
1771502098.1943667,-29.921306610107422,-2.4585301876068115,2.1420228481292725,77.54244995117188,82.2173080444336,84.16703796386719,72.5946044921875
1771502098.225358,-29.639081954956055,-2.2634918689727783,2.294537305831909,76.91401672363281,81.9170913696289,83.92985534667969,73.44607543945312
1771502098.2583566,-29.284069061279297,-2.395346164703369,2.0850894451141357,76.33638000488281,81.11132049560547,84.45655822753906,73.77424621582031
1771502098.288868,-28.764984130859375,-2.3291006088256836,2.1011605262756348,75.90716552734375,80.74198150634766,84.25789642333984,74.54022216796875
1771502098.319869,-28.401512145996094,-2.107712984085083,2.192063808441162,75.50920867919922,80.3946304321289,83.75965881347656,75.30785369873047
1771502098.350917,-28.12036895751953,-1.8629581928253174,2.1466691493988037,75.09907531738281,80.00702667236328,83.45553588867188,75.77824401855469
1771502098.3964496,-27.88835334777832,-1.7570909261703491,2.139298439025879,74.82286834716797,79.6544189453125,83.09503936767578,76.15696716308594
1771502098.4284437,-27.710411071777344,-1.8224904537200928,2.258282423019409,74.61648559570312,79.51390075683594,82.79158020019531,76.40689849853516
1771502098.460441,-27.64794921875,-1.8002516031265259,2.3594396114349365,74.58171081542969,79.38654327392578,82.3297119140625,76.8667221069336
1771502098.496767,-27.52379608154297,-1.858396291732788,2.3240013122558594,74.33794403076172,79.2603530883789,82.22604370117188,77.02654266357422
1771502098.540856,-27.488170623779297,-1.8058356046676636,2.4511513710021973,74.1072998046875,79.22635650634766,81.87146759033203,77.343994140625
1771502098.575862,-27.49414825439453,-1.7471253871917725,2.386347770690918,74.03913879394531,79.09173583984375,81.63414001464844,77.50982666015625
1771502098.603393,-27.410642623901367,-1.707337737083435,2.3441953659057617,73.88162231445312,79.03893280029297,81.4941177368164,77.65095520019531
1771502098.6339266,-27.295961380004883,-1.7409073114395142,2.3919153213500977,73.90753936767578,79.10887908935547,81.39390563964844,77.81770324707031
1771502098.6659293,-27.24013328552246,-1.6504662036895752,2.3442001342773438,73.92121124267578,79.17723083496094,81.40599060058594,77.83011627197266
1771502098.6986494,-27.275779724121094,-1.5393832921981812,2.3578624725341797,73.87982177734375,79.25045776367188,81.3486557006836,77.80796813964844
1771502098.7296515,-27.21139144897461,-1.4474575519561768,2.2741589546203613,73.85357666015625,79.28285217285156,81.47181701660156,77.60265350341797
1771502098.7596583,-26.992704391479492,-1.151892900466919,2.303170680999756,73.77388000488281,79.4138412475586,81.47530364990234,77.43232727050781
1771502098.7892056,-26.603242874145508,-0.9226471185684204,2.2451107501983643,73.7300033569336,79.67460632324219,81.45067596435547,77.10140228271484
1771502098.829223,-26.082229614257812,-0.6936129927635193,2.217829704284668,73.88033294677734,80.04173278808594,81.7213134765625,76.5788803100586
1771502098.8612068,-25.5515079498291,-0.3820701539516449,2.100902557373047,74.01466369628906,80.44134521484375,82.03759765625,75.89958190917969
1771502098.8952312,-24.937698364257812,0.09010446071624756,2.154574155807495,74.1823959350586,80.78215789794922,81.98043060302734,75.53011322021484
1771502098.9272308,-24.219120025634766,0.4778134226799011,2.0970458984375,74.3122329711914,81.18370056152344,81.85408020019531,75.05042266845703
1771502098.9744656,-23.54062843322754,0.8637900352478027,2.1274983882904053,74.24883270263672,81.40851593017578,81.68214416503906,74.68714904785156
1771502099.0075276,-23.126218795776367,1.1560503244400024,2.1372034549713135,74.180419921875,81.65030670166016,81.63469696044922,74.3215560913086
1771502099.038053,-22.837207794189453,1.346476674079895,2.1281020641326904,74.14523315429688,81.8975830078125,81.56727600097656,74.02218627929688
1771502099.0711222,-22.632617950439453,1.409752607345581,2.1549270153045654,74.24197387695312,82.14649200439453,81.82823181152344,73.4648208618164
1771502099.1006331,-22.89105987548828,1.5326594114303589,1.9326199293136597,74.51349639892578,82.12261962890625,82.6588134765625,72.48918914794922
1771502099.1326318,-23.416236877441406,1.473051905632019,1.8998122215270996,74.51087951660156,81.66014099121094,83.64614868164062,71.33013153076172
1771502099.1626375,-24.051179885864258,1.4024945497512817,2.2420010566711426,74.24246978759766,80.76962280273438,84.20771789550781,70.01892852783203
1771502099.197714,-25.103084564208984,1.4451181888580322,2.5266382694244385,73.94989776611328,79.9857406616211,84.61027526855469,68.84060668945312
1771502099.2287102,-26.052364349365234,1.4779820442199707,2.902942180633545,73.41004943847656,79.12971496582031,84.70671844482422,67.53743743896484
1771502099.2608144,-26.53701400756836,1.7314624786376953,3.123318672180176,73.00715637207031,78.62821960449219,84.87550354003906,66.70333862304688
1771502099.2937286,-26.901912689208984,1.8859472274780273,3.401996374130249,72.73392486572266,78.23870849609375,84.98870086669922,66.10978698730469
1771502099.350775,-27.102317810058594,1.9459503889083862,3.581284284591675,72.74424743652344,78.05211639404297,85.2003173828125,65.46514129638672
1771502099.3833082,-27.057323455810547,2.1278955936431885,3.7370619773864746,72.71592712402344,77.959228515625,85.28770446777344,64.98247528076172
1771502099.4143066,-26.719343185424805,2.402033805847168,3.6333067417144775,72.58369445800781,77.73438262939453,85.28430938720703,64.36976623535156
1771502099.445329,-26.085912704467773,2.5769171714782715,3.7952730655670166,72.7079086303711,77.95039367675781,85.43268585205078,64.17408752441406
1771502099.4774427,-25.44709587097168,2.915874481201172,3.600604772567749,72.25729370117188,77.85411834716797,85.26947021484375,63.87431716918945
1771502099.508781,-25.420795440673828,3.0307376384735107,3.5383286476135254,72.02096557617188,77.92637634277344,85.18548583984375,63.65752410888672
1771502099.5377803,-25.700380325317383,2.6161060333251953,3.470968246459961,72.02012634277344,78.0780258178711,84.89126586914062,63.50346374511719
1771502099.5687976,-26.52852439880371,2.105581760406494,3.3380727767944336,72.16229248046875,78.00927734375,84.39561462402344,63.11488723754883
1771502099.5993145,-27.229738235473633,1.7777334451675415,3.211780071258545,72.4091796875,77.79882049560547,84.17190551757812,62.700775146484375
1771502099.6325204,-27.61237144470215,1.7842128276824951,3.1979379653930664,72.58200073242188,77.71900939941406,84.34181213378906,62.87664031982422
1771502099.6635206,-27.90618324279785,1.7002233266830444,3.12754487991333,72.57044219970703,77.59772491455078,84.31725311279297,62.660850524902344
1771502099.6950324,-28.263874053955078,1.4998821020126343,3.1265430450439453,72.61250305175781,77.42587280273438,84.255859375,62.124176025390625
1771502099.7260401,-28.653141021728516,1.3050230741500854,3.088167905807495,72.53321838378906,77.10497283935547,84.1799545288086,61.78232192993164
1771502099.7570336,-28.890050888061523,1.103337287902832,3.1436262130737305,72.39602661132812,76.90422058105469,83.98957824707031,61.5694465637207
1771502099.8080995,-29.143959045410156,0.9714201092720032,3.19876766204834,72.36643981933594,76.71306610107422,83.99976348876953,61.28565979003906
1771502099.8412921,-29.122865676879883,0.8828001022338867,3.229755163192749,72.4662857055664,76.82868957519531,84.0963363647461,61.10613250732422
1771502099.8643034,-29.190509796142578,0.8337618112564087,3.2502388954162598,72.44662475585938,76.82605743408203,84.17396545410156,60.97648620605469
1771502099.8958113,-29.071056365966797,0.7738871574401855,3.3611388206481934,72.37489318847656,76.87008666992188,84.26692962646484,60.92074966430664
1771502099.9268074,-29.024991989135742,0.6401445269584656,3.385969400405884,72.64375305175781,77.02384948730469,84.32022857666016,60.91653060913086
1771502099.9571714,-28.91379165649414,0.4638092517852783,3.4467318058013916,72.89411163330078,77.20114135742188,84.40391540527344,61.01432800292969
1771502099.9987051,-28.821805953979492,0.4582805633544922,3.5239484310150146,73.2562026977539,77.58940887451172,84.62601470947266,61.228843688964844
1771502100.0297096,-28.734718322753906,0.4761303961277008,3.5948634147644043,73.25852966308594,77.72776794433594,84.74009704589844,61.165435791015625
1771502100.0607016,-28.85068702697754,0.5698994398117065,3.5269927978515625,72.89338684082031,77.68324279785156,84.60160827636719,61.034996032714844
1771502100.0922897,-29.555919647216797,0.34222859144210815,3.060995101928711,73.19706726074219,77.82608032226562,84.40988159179688,61.289302825927734
1771502100.1248581,-29.96117401123047,0.42568308115005493,2.6181061267852783,74.13033294677734,78.38352966308594,84.78794860839844,61.9930534362793
1771502100.1579003,-30.425247192382812,0.5388797521591187,2.416612148284912,74.51403045654297,78.41047668457031,84.83818054199219,62.36878204345703
1771502100.1894355,-31.16830062866211,0.7743848562240601,2.4192373752593994,74.73789978027344,78.33016967773438,84.51343536376953,62.353477478027344
1771502100.2404575,-31.636150360107422,1.1296446323394775,2.4303832054138184,75.68639373779297,78.74767303466797,84.35869598388672,62.684600830078125
1771502100.2724588,-32.120445251464844,1.5857274532318115,2.572235584259033,76.06300354003906,79.17120361328125,84.1734619140625,62.894283294677734
1771502100.303991,-32.31653594970703,2.0310964584350586,2.743673086166382,77.01248931884766,79.78907012939453,84.18295288085938,63.54590606689453
1771502100.3346088,-32.53618621826172,2.3297977447509766,2.817511558532715,77.54582214355469,80.3051528930664,84.06185913085938,63.95504379272461
1771502100.3668556,-32.714996337890625,2.596543073654175,2.695469856262207,77.582275390625,80.50040435791016,83.92296600341797,63.81745147705078
1771502100.39745,-32.851871490478516,2.857085943222046,2.6317622661590576,77.58956909179688,80.64063262939453,83.86392211914062,63.766841888427734
1771502100.4342008,-32.89627456665039,3.070762872695923,2.4499263763427734,77.86198425292969,80.82098388671875,83.99104309082031,63.947044372558594
1771502100.4611933,-32.87885665893555,3.206439971923828,2.533820152282715,78.0668716430664,81.00889587402344,84.11726379394531,64.2497787475586
1771502100.4947038,-33.028839111328125,3.175497055053711,2.5551795959472656,78.40925598144531,81.09396362304688,84.27335357666016,64.44471740722656
1771502100.5257027,-32.972904205322266,3.1363015174865723,2.6513960361480713,79.19672393798828,81.36949157714844,84.44778442382812,65.08955383300781
1771502100.5597038,-32.97200012207031,3.224545478820801,2.6868910789489746,79.62606048583984,81.4522476196289,84.54512023925781,65.4920654296875
1771502100.5878632,-33.05171203613281,3.3661904335021973,2.9138827323913574,79.79769897460938,81.52197265625,84.63422393798828,65.59124755859375
1771502100.621865,-32.801361083984375,3.741508960723877,3.19791579246521,79.95230865478516,82.06964874267578,84.42818450927734,66.17560577392578
1771502100.6707845,-32.65360641479492,4.046122074127197,3.2951178550720215,80.13745880126953,82.46723175048828,84.27910614013672,66.2695541381836
1771502100.7069151,-32.605438232421875,4.250061988830566,3.482290029525757,80.17135620117188,82.65031433105469,84.31708526611328,66.49475860595703
1771502100.7389195,-32.63286209106445,4.43903112411499,3.720256805419922,80.29930877685547,83.00225067138672,84.31321716308594,66.9177474975586
1771502100.7699096,-32.47301483154297,4.692581653594971,3.9720609188079834,80.21247863769531,83.07772827148438,84.21424102783203,67.53003692626953
1771502100.8014262,-32.02983474731445,4.507297515869141,3.5752787590026855,79.94898986816406,83.19335174560547,83.85679626464844,68.75407409667969
1771502100.832015,-31.80131721496582,4.161664009094238,3.6192924976348877,79.2059326171875,83.07180786132812,83.8721694946289,69.20171356201172
1771502100.8640122,-31.997894287109375,3.755872964859009,3.600829839706421,78.24005126953125,82.6302261352539,84.29039764404297,69.13998413085938
1771502100.8945334,-32.07994079589844,3.1808245182037354,3.397006034851074,77.3464584350586,82.25498962402344,84.52411651611328,68.85465240478516
1771502100.926531,-32.24332809448242,2.6635327339172363,3.122708559036255,76.62686920166016,81.7043228149414,85.1469955444336,68.1471939086914
1771502100.9565525,-32.3498420715332,2.240903854370117,2.868934154510498,76.16165161132812,81.2061538696289,85.67872619628906,67.44416046142578
1771502100.989062,-32.36752700805664,1.9483612775802612,2.72847056388855,75.98564147949219,80.88763427734375,86.11001586914062,66.79163360595703
1771502101.0220644,-32.4133415222168,1.667803406715393,2.5851552486419678,75.87640380859375,80.6624984741211,86.36181640625,66.2650375366211
1771502101.0530624,-32.33685302734375,1.5573374032974243,2.564875364303589,75.81416320800781,80.59341430664062,86.5103988647461,66.13506317138672
1771502101.1018167,-32.30497360229492,1.3686391115188599,2.524717092514038,75.68051147460938,80.4344253540039,86.74565124511719,65.83167266845703
1771502101.1328082,-32.27140426635742,1.249773621559143,2.6108922958374023,75.60603332519531,80.33256530761719,86.88894653320312,65.64329528808594
1771502101.1598299,-32.24332809448242,1.1550111770629883,2.6656947135925293,75.56121826171875,80.24710083007812,87.02978515625,65.48816680908203
1771502101.199639,-32.23820495605469,0.9765087366104126,2.6860156059265137,75.54691314697266,80.17294311523438,87.08413696289062,65.36883544921875
1771502101.2301867,-32.19935607910156,0.7981818318367004,2.640218734741211,75.66284942626953,80.1079330444336,87.10545349121094,65.22920989990234
1771502101.2606976,-32.13963317871094,0.8070675730705261,2.6673755645751953,75.76632690429688,80.04735565185547,87.0645523071289,65.23100280761719
1771502101.2967577,-32.112159729003906,0.797960638999939,2.690854549407959,75.76275634765625,79.97090148925781,87.09805297851562,64.91163635253906
1771502101.3297536,-31.941198348999023,0.7777158617973328,2.720574140548706,75.83792114257812,80.03610229492188,86.94103240966797,65.19216918945312
1771502101.3617554,-31.724088668823242,0.6484147906303406,2.651308059692383,75.83952331542969,80.14928436279297,86.76583862304688,65.4632568359375
1771502101.3932688,-31.576030731201172,0.565511167049408,2.665323257446289,75.67122650146484,80.09471893310547,86.72017669677734,65.64302062988281
1771502101.423201,-31.382843017578125,0.37346023321151733,2.745936155319214,75.70931243896484,80.18157958984375,86.59424591064453,65.83687591552734
1771502101.4545183,-31.200162887573242,0.2657485604286194,2.8671863079071045,76.02549743652344,80.47197723388672,86.26229858398438,66.29661560058594
1771502101.4860275,-31.09113883972168,0.3001001477241516,2.9175708293914795,76.07870483398438,80.51374816894531,86.09475708007812,66.5157241821289
1771502101.5350392,-30.809865951538086,0.3436197340488434,3.1001663208007812,76.14118194580078,80.63121032714844,85.87171936035156,66.8759765625
1771502101.5680256,-30.630516052246094,0.363430380821228,3.3003835678100586,76.12801361083984,80.66011047363281,85.64431762695312,67.3268051147461
1771502101.5970547,-30.42438316345215,0.41850417852401733,3.552382707595825,76.18276977539062,80.68506622314453,85.46556091308594,67.54605865478516
1771502101.6320562,-30.332914352416992,0.3997606635093689,3.72114896774292,76.21940612792969,80.70320129394531,85.32261657714844,67.70867919921875
1771502101.6610546,-30.213838577270508,0.24963940680027008,3.7936220169067383,76.2215576171875,80.68863677978516,85.41810607910156,67.80924224853516
1771502101.6935663,-30.094858169555664,0.16935403645038605,3.8911662101745605,76.18759155273438,80.750732421875,85.3331527709961,68.02223205566406
1771502101.7275672,-29.911396026611328,0.13730624318122864,4.055586338043213,76.17642974853516,80.9242172241211,85.16883087158203,68.24794006347656
1771502101.757567,-29.816959381103516,0.03870323300361633,4.154815673828125,76.18927001953125,80.89349365234375,85.28390502929688,68.29088592529297
1771502101.7890768,-29.833656311035156,0.07481091469526291,4.347153663635254,76.06714630126953,80.99237060546875,85.03416442871094,68.52335357666016
1771502101.8210857,-29.696754455566406,0.19815117120742798,4.482331275939941,75.84830474853516,80.88058471679688,85.05175018310547,68.69499969482422
1771502101.856079,-29.54401397705078,0.3633287250995636,4.582661151885986,75.64993286132812,80.87712097167969,84.88599395751953,68.91767120361328
1771502101.8856153,-29.360422134399414,0.5605542659759521,4.648493766784668,75.60710144042969,80.93721771240234,84.63893127441406,69.1991195678711
1771502101.9176123,-29.29187774658203,0.7308543920516968,4.691357612609863,75.4393081665039,80.82380676269531,84.53079986572266,69.50173950195312
1771502101.966615,-29.320274353027344,0.7865642309188843,4.805505275726318,75.3211898803711,80.73860931396484,84.57572174072266,69.59429931640625
1771502101.9991517,-29.385883331298828,0.754859209060669,4.8674516677856445,75.24267578125,80.69883728027344,84.52742004394531,69.7978286743164
1771502102.0288115,-29.416400909423828,0.7853053212165833,4.90927267074585,75.15044403076172,80.6687240600586,84.41009521484375,70.14495086669922
1771502102.0799406,-29.54227066040039,0.7490887641906738,4.947741508483887,75.09823608398438,80.59121704101562,84.46199798583984,70.27998352050781
1771502102.1124587,-29.63994026184082,0.6558409929275513,4.973058700561523,75.14845275878906,80.53759765625,84.42951965332031,70.46996307373047
1771502102.1444569,-29.719581604003906,0.5992593169212341,5.073716640472412,75.109130859375,80.39473724365234,84.60546875,70.48857116699219
1771502102.1734629,-29.75752067565918,0.6002717018127441,5.165586471557617,75.13497924804688,80.41557312011719,84.50387573242188,70.7286376953125
1771502102.206027,-29.896591186523438,0.5834709405899048,5.256729602813721,75.0849838256836,80.28141784667969,84.59046173095703,70.91615295410156
1771502102.2360308,-30.02653694152832,0.5696329474449158,5.350445747375488,75.12126159667969,80.2752685546875,84.65777587890625,70.9930419921875
1771502102.268025,-30.297895431518555,0.5796791911125183,5.424698829650879,75.05477905273438,80.09461212158203,84.84494018554688,71.08941650390625
1771502102.299065,-30.41189193725586,0.4901869297027588,5.5016069412231445,75.1667251586914,80.06881713867188,85.02892303466797,71.09323120117188
1771502102.3308785,-30.557209014892578,0.5062131881713867,5.607509613037109,75.05363464355469,79.90615844726562,85.25352478027344,71.01708984375
1771502102.3613427,-30.72171401977539,0.5036942958831787,5.684919357299805,75.01460266113281,79.87654113769531,85.3935546875,71.10587310791016
1771502102.3988585,-30.8019962310791,0.49552053213119507,5.649310111999512,74.95216369628906,79.76497650146484,85.58094787597656,71.0335693359375
1771502102.4298708,-30.907520294189453,0.5226824283599854,5.7009992599487305,74.9991455078125,79.815185546875,85.4732894897461,71.17400360107422
1771502102.4608605,-31.01187515258789,0.5274031162261963,5.803120136260986,75.02806854248047,79.85055541992188,85.55646514892578,71.13406372070312
1771502102.4927719,-31.033794403076172,0.5159956216812134,5.875792503356934,75.0528793334961,79.80968475341797,85.66156005859375,71.03887939453125
1771502102.5253088,-31.102352142333984,0.4793919324874878,5.892557621002197,74.94149017333984,79.7259750366211,85.81976318359375,70.9537353515625
1771502102.5593007,-31.013139724731445,0.35318443179130554,5.857931137084961,75.06267547607422,79.88015747070312,85.66094207763672,71.158203125
1771502102.5898237,-30.97767448425293,0.23509475588798523,5.735350131988525,75.17706298828125,79.93766784667969,85.53323364257812,71.29029083251953
1771502102.6223428,-31.028032302856445,0.17321711778640747,5.730262756347656,75.16533660888672,79.94082641601562,85.52648162841797,71.33244323730469
1771502102.6533494,-31.11054039001465,0.0997162014245987,5.665422439575195,75.14496612548828,79.7943115234375,85.53080749511719,71.4096908569336
1771502102.684852,-31.10106086730957,0.050990991294384,5.660234451293945,75.29911804199219,79.82431030273438,85.28541564941406,71.59879302978516
1771502102.719023,-31.102182388305664,0.05987191200256348,5.705308437347412,75.41986083984375,79.8939437866211,85.05040740966797,71.76258087158203
1771502102.7527444,-31.20553207397461,0.04710746929049492,5.788125991821289,75.28390502929688,79.83267211914062,85.1348876953125,71.67207336425781
1771502102.7862527,-31.162620544433594,0.014041738584637642,5.814020156860352,75.22167205810547,79.79544067382812,85.12321472167969,71.68569946289062
1771502102.8322546,-31.27750015258789,-0.08373203873634338,5.777726173400879,75.16252899169922,79.69841766357422,85.20628356933594,71.5709228515625
1771502102.8642323,-31.233802795410156,-0.11679064482450485,5.718404769897461,75.15069580078125,79.75176239013672,85.22590637207031,71.55628967285156
1771502102.8967378,-31.221717834472656,-0.044023241847753525,5.792491912841797,75.25595092773438,79.84419250488281,85.04410552978516,71.630859375
1771502102.9274602,-31.185243606567383,-0.0767902061343193,5.763796329498291,75.25910949707031,79.749755859375,85.18717193603516,71.543701171875
1771502102.96046,-31.102853775024414,-0.026809267699718475,5.678369522094727,75.36115264892578,79.72918701171875,85.04315185546875,71.44938659667969
1771502102.9919784,-31.16831398010254,0.03288079798221588,5.647278308868408,75.33973693847656,79.68862915039062,85.14776611328125,71.34534454345703
1771502103.0230052,-31.14906883239746,0.020882342010736465,5.565164566040039,75.4386978149414,79.68160247802734,85.14581298828125,71.09930419921875
1771502103.0540078,-31.239004135131836,0.011955514550209045,5.537497043609619,75.39772033691406,79.59935760498047,85.25132751464844,71.04229736328125
1771502103.085611,-31.239896774291992,-0.02672726660966873,5.565369606018066,75.3791732788086,79.60700988769531,85.22976684570312,71.03373718261719
1771502103.1166174,-31.148273468017578,-0.11493116617202759,5.5741095542907715,75.46510314941406,79.60054016113281,85.19540405273438,71.05879974365234
1771502103.1486557,-31.1663818359375,-0.05638566613197327,5.647991180419922,75.52740478515625,79.74195098876953,84.91950988769531,71.10202026367188
1771502103.1806371,-31.19117546081543,-0.005797296762466431,5.605757713317871,75.46749877929688,79.74191284179688,84.92999267578125,71.04812622070312
1771502103.2141335,-31.225616455078125,-0.04310699924826622,5.646718978881836,75.42790985107422,79.7251205444336,85.02700805664062,70.96785736083984
1771502103.2641673,-31.269926071166992,-0.09776093810796738,5.699812889099121,75.40801239013672,79.77840423583984,85.09737396240234,70.91083526611328
1771502103.294671,-31.354339599609375,-0.12416470050811768,5.679275989532471,75.3556137084961,79.71519470214844,85.24896240234375,70.85340881347656
1771502103.3246708,-31.414077758789062,-0.15509569644927979,5.6261887550354,75.29248046875,79.57495880126953,85.47840881347656,70.72444152832031
1771502103.3566701,-31.435222625732422,-0.19175967574119568,5.626378059387207,75.27908325195312,79.53292083740234,85.60640716552734,70.67009735107422
1771502103.3891695,-31.423118591308594,-0.17464092373847961,5.599648475646973,75.29336547851562,79.47602844238281,85.57723236083984,70.75726318359375
1771502103.44593,-31.42435073852539,-0.14440223574638367,5.635522365570068,75.23904418945312,79.47903442382812,85.58590698242188,70.7898941040039
1771502103.476929,-31.58110809326172,-0.2387838065624237,5.564746856689453,75.11192321777344,79.37357330322266,85.70482635498047,70.56636047363281
1771502103.5074382,-31.695457458496094,-0.16101056337356567,5.600895404815674,75.00077056884766,79.45956420898438,85.60896301269531,70.87762451171875
1771502103.5394385,-31.731163024902344,-0.249546080827713,5.659412384033203,74.95671081542969,79.48220825195312,85.65674591064453,71.00202941894531
1771502103.5704455,-31.832897186279297,-0.4386565089225769,5.689657211303711,75.0337905883789,79.51408386230469,85.79989624023438,70.99931335449219
1771502103.6024785,-31.912080764770508,-0.4600292444229126,5.759819984436035,75.15470886230469,79.59182739257812,85.6131362915039,71.29351806640625
1771502103.6344752,-31.833232879638672,-0.5240812301635742,5.747787952423096,75.239013671875,79.67619323730469,85.52088928222656,71.42987823486328
1771502103.6644762,-31.738832473754883,-0.6683933138847351,5.883573532104492,75.59476470947266,79.95931243896484,85.31546020507812,71.62213897705078
1771502103.6969864,-31.665864944458008,-0.7259247303009033,5.999680519104004,75.80594635009766,80.1417007446289,85.2281723022461,71.6616439819336
1771502103.7279851,-31.661842346191406,-0.6566569805145264,6.052854061126709,75.83644104003906,80.20934295654297,85.05431365966797,71.84445190429688
1771502103.7579865,-31.581893920898438,-0.6521904468536377,6.0648112297058105,75.77542877197266,80.20250701904297,85.14080810546875,71.81440734863281
1771502103.7895217,-31.55196762084961,-0.6948338747024536,6.113406181335449,75.72103881835938,80.14546203613281,85.2176284790039,71.74899291992188
1771502103.820513,-31.483936309814453,-0.7212896347045898,6.1131486892700195,75.78643798828125,80.15742492675781,85.06877899169922,71.92630004882812
1771502103.856511,-31.54181480407715,-0.7107483744621277,6.049285888671875,75.63906860351562,80.05722045898438,85.08259582519531,71.9083251953125
1771502103.8890228,-31.544633865356445,-0.7983608245849609,6.145930290222168,75.60740661621094,80.07123565673828,85.16167449951172,71.80552673339844
1771502103.9170356,-31.484865188598633,-0.600248396396637,6.163361549377441,75.48136138916016,80.05912780761719,85.18388366699219,71.87985229492188
1771502103.949674,-31.489225387573242,-0.5282318592071533,6.108065605163574,75.29931640625,80.12476348876953,85.19629669189453,71.94287872314453
1771502103.9806795,-31.50603675842285,-0.43336358666419983,6.176778793334961,75.31829071044922,80.2529296875,85.10353088378906,72.05229949951172
1771502104.0131905,-31.55754280090332,-0.2918512225151062,6.245767593383789,75.2850570678711,80.29597473144531,85.02619934082031,72.29316711425781
1771502104.045279,-31.56814193725586,-0.02990676462650299,6.22051477432251,75.30098724365234,80.40650939941406,84.82243347167969,72.60588836669922
1771502104.077284,-31.649248123168945,0.13860845565795898,6.192485809326172,75.19021606445312,80.42716979980469,84.71672058105469,72.92977905273438
1771502104.1278374,-31.549970626831055,0.04480250924825668,6.076024055480957,75.39973449707031,80.42255401611328,84.86872863769531,72.96572875976562
1771502104.1619449,-31.41661834716797,0.19790151715278625,6.019542217254639,75.25192260742188,80.3873291015625,84.82308197021484,73.19187927246094
1771502104.1954346,-31.425634384155273,0.37453770637512207,6.03034782409668,75.08794403076172,80.24054718017578,84.7624282836914,73.59506225585938
1771502104.2254338,-31.397525787353516,0.3697240352630615,5.964366912841797,74.98271179199219,80.23497772216797,84.7341537475586,73.82429504394531
1771502104.255435,-31.609542846679688,0.5413505434989929,5.944553375244141,74.82251739501953,80.09691619873047,84.77716064453125,74.01341247558594
1771502104.2854395,-31.440420150756836,0.5807579159736633,5.903674602508545,75.00211334228516,80.15495300292969,84.86235046386719,74.12486267089844
1771502104.3189504,-31.16099739074707,0.7277857065200806,5.9183478355407715,75.1619873046875,80.29667663574219,84.69219207763672,74.64698791503906
1771502104.348949,-30.780963897705078,0.7463747262954712,5.903300762176514,75.2633056640625,80.31434631347656,84.92332458496094,74.7386245727539
1771502104.3809576,-30.429786682128906,0.5735926628112793,5.884914398193359,75.20939636230469,80.35649871826172,85.27989196777344,74.89513397216797
1771502104.412476,-30.132492065429688,0.4447118639945984,5.809388160705566,74.92383575439453,80.26016998291016,85.63416290283203,74.91717529296875
1771502104.4444647,-29.852266311645508,0.172166109085083,5.705983638763428,74.796142578125,80.10385131835938,85.96147155761719,75.12751007080078
1771502104.477945,-29.16246795654297,-0.0032361596822738647,5.561553955078125,74.52715301513672,79.83934020996094,86.27678680419922,75.4737319946289
1771502104.5090766,-28.242076873779297,0.04894381761550903,5.473656177520752,74.48481750488281,79.79471588134766,86.09469604492188,75.922607421875
1771502104.5601513,-27.238483428955078,0.09395501762628555,5.356644630432129,74.05465698242188,79.6436767578125,86.06134033203125,76.12272644042969
1771502104.5926762,-25.99262809753418,0.14363308250904083,5.231032848358154,73.869140625,79.75312805175781,85.80462646484375,76.57316589355469
1771502104.6250556,-25.098697662353516,0.2234680950641632,5.0698676109313965,73.80998229980469,79.74549102783203,85.49134826660156,77.01509094238281
1771502104.653057,-24.5939998626709,0.181952565908432,5.105722427368164,73.7884521484375,79.57453918457031,85.34709167480469,77.18645477294922
1771502104.686072,-24.257532119750977,0.2851840853691101,4.993448734283447,73.65591430664062,79.56517791748047,84.77837371826172,77.82769775390625
1771502104.717162,-23.703218460083008,0.3413442373275757,4.917666435241699,73.90386962890625,79.62908172607422,84.265380859375,78.35356140136719
1771502104.749355,-23.36031723022461,0.32499778270721436,4.9462480545043945,73.66545104980469,79.387939453125,84.22055053710938,78.12571716308594
1771502104.80157,-22.958913803100586,0.43954232335090637,4.933960914611816,73.75178527832031,79.46469116210938,83.81067657470703,78.55757141113281
1771502104.8335764,-22.481721878051758,0.584912896156311,5.003680229187012,73.91935729980469,79.5478286743164,83.41511535644531,78.87557983398438
1771502104.86557,-22.042335510253906,0.6911702752113342,4.974465370178223,74.15166473388672,79.58924865722656,83.21841430664062,78.98704528808594
1771502104.8974497,-21.563526153564453,0.8069459199905396,4.9074482917785645,74.1165771484375,79.64109802246094,83.18077087402344,79.01596069335938
1771502104.9275503,-21.234651565551758,0.8892197608947754,4.829899787902832,74.05094909667969,79.61994934082031,83.19062042236328,79.14250183105469
1771502104.959556,-21.36371612548828,0.8269150257110596,4.691689491271973,73.95777130126953,79.39962005615234,83.37702941894531,78.84684753417969
1771502104.9940803,-21.426301956176758,0.7440226674079895,4.5951828956604,73.96208953857422,79.34873962402344,83.41831970214844,78.85763549804688
1771502105.0240881,-21.60771369934082,0.8092357516288757,4.472217082977295,73.93467712402344,79.25439453125,83.28902435302734,78.8661117553711
1771502105.0540776,-21.94590187072754,0.7256917953491211,4.318572521209717,73.67683410644531,79.15270233154297,83.36978149414062,78.81497192382812
1771502105.08511,-21.966299057006836,0.5512940287590027,4.372373580932617,73.82257080078125,79.27816009521484,83.45768737792969,78.7564697265625
1771502105.1166115,-21.720970153808594,0.5190172791481018,4.492871284484863,73.90149688720703,79.46381378173828,83.38562774658203,78.76233673095703
1771502105.1496131,-21.792070388793945,0.6169703006744385,4.590508937835693,73.83696746826172,79.50459289550781,83.0831298828125,79.08783721923828
1771502105.1816237,-22.068397521972656,0.6268665790557861,4.516251087188721,73.44705200195312,79.20130920410156,83.10990142822266,78.89189910888672
1771502105.216127,-22.170455932617188,0.5433962345123291,4.622276782989502,73.35150909423828,79.0204086303711,83.2047119140625,78.74877166748047
1771502105.2451258,-22.314943313598633,0.45455145835876465,4.607389450073242,73.2184066772461,79.08344268798828,83.52061462402344,78.55687713623047
1771502105.2771447,-22.05352783203125,0.42825502157211304,4.654150009155273,73.0379867553711,79.36052703857422,83.6637954711914,78.46207427978516
1771502105.3086605,-21.911535263061523,0.4422897398471832,4.765936851501465,73.0673599243164,79.62047576904297,83.90379333496094,78.41920471191406
1771502105.3404791,-21.75627899169922,0.4678215980529785,4.939972877502441,72.90918731689453,79.7293701171875,84.35276794433594,78.28414916992188
1771502105.3898509,-21.669071197509766,0.5510499477386475,5.070291042327881,73.19416809082031,80.08868408203125,84.50177001953125,78.26351928710938
1771502105.4228733,-21.68560791015625,0.5306131839752197,5.32354736328125,73.32982635498047,80.41462707519531,84.68061828613281,78.1080322265625
1771502105.4528735,-21.93379020690918,0.6226928234100342,5.326514720916748,73.65886688232422,80.66934204101562,84.96455383300781,77.78681182861328
1771502105.4847724,-22.28731918334961,0.780978798866272,5.34640645980835,73.80709075927734,80.93009948730469,84.98915100097656,77.72756958007812
1771502105.5169098,-22.541685104370117,0.9033440351486206,5.460855484008789,74.03675842285156,81.197509765625,84.69849395751953,77.8212890625
1771502105.549911,-22.75955581665039,1.03151535987854,5.529459476470947,74.1512680053711,81.38774108886719,84.56085968017578,77.62918090820312
1771502105.5814364,-22.985116958618164,1.1930876970291138,5.595276832580566,74.10234069824219,81.44831848144531,84.64295959472656,77.29171752929688
1771502105.613461,-23.244842529296875,1.399614930152893,5.610171318054199,74.04607391357422,81.49868774414062,84.58694458007812,77.01233673095703
1771502105.6469715,-23.41753387451172,1.5648458003997803,5.633189678192139,73.96282958984375,81.56415557861328,84.47537994384766,76.9251480102539
1771502105.6799746,-23.396862030029297,1.735876202583313,5.637673377990723,73.83045959472656,81.566162109375,84.4853744506836,76.78839111328125
1771502105.7104805,-23.576522827148438,1.8839530944824219,5.47003173828125,73.99844360351562,81.73957061767578,84.61262512207031,76.74452209472656
1771502105.7404819,-23.5924072265625,2.084028959274292,5.379757404327393,74.15876770019531,82.0303726196289,84.61090087890625,76.45510864257812
1771502105.773488,-23.431089401245117,2.2636802196502686,5.4409990310668945,74.32502746582031,82.33966827392578,84.53221130371094,76.29552459716797
1771502105.8206182,-23.450664520263672,2.519273281097412,5.562786102294922,74.25039672851562,82.48492431640625,84.70392608642578,75.79681396484375
1771502105.857615,-23.218994140625,2.8612003326416016,5.679146766662598,74.14201354980469,82.64018249511719,84.47029113769531,75.56571197509766
1771502105.884627,-23.11155891418457,3.1536338329315186,5.7758073806762695,74.05189514160156,82.73441314697266,84.25554656982422,75.5096206665039
1771502105.9171455,-22.92644500732422,3.2709624767303467,5.814889430999756,74.09674835205078,82.85377502441406,84.15078735351562,75.2353744506836
1771502105.9491463,-22.628908157348633,3.4267661571502686,5.856762886047363,74.07778930664062,82.88069915771484,84.14965057373047,75.09107971191406
1771502105.981162,-22.553186416625977,3.4882254600524902,5.919061660766602,73.93431854248047,82.81990814208984,84.14006042480469,75.06311798095703
1771502106.014766,-22.260831832885742,3.538635730743408,6.037219047546387,74.07867431640625,82.92760467529297,83.96094512939453,75.08307647705078
1771502106.04478,-22.14612579345703,3.6163809299468994,6.119012832641602,74.05056762695312,82.90190887451172,83.92774200439453,75.1361083984375
1771502106.08079,-21.846677780151367,3.6416373252868652,6.157993316650391,74.21353912353516,83.02659606933594,83.66975402832031,75.2597885131836
1771502106.113407,-21.66074562072754,3.5518102645874023,6.241244316101074,74.3024673461914,83.04353332519531,83.7331314086914,75.14463806152344
1771502106.1469889,-21.44947624206543,3.3680355548858643,6.308063983917236,74.48986053466797,83.22588348388672,83.65751647949219,75.18669891357422
1771502106.1780024,-21.474618911743164,3.291804552078247,6.2711992263793945,74.61261749267578,83.27976989746094,83.64494323730469,75.2123794555664
1771502106.2100973,-21.588600158691406,3.2650654315948486,6.251883506774902,74.59625244140625,83.2420883178711,83.70957946777344,75.2874984741211
1771502106.2531228,-21.80569839477539,3.191803216934204,6.237401008605957,74.52024841308594,83.15153503417969,83.88836669921875,75.1763916015625
1771502106.28812,-21.882312774658203,3.1337618827819824,6.19265604019165,74.48416137695312,83.15463256835938,83.88133239746094,75.30999755859375
1771502106.3196447,-21.801136016845703,3.079094171524048,6.200896739959717,74.65145874023438,83.31541442871094,83.74275207519531,75.38578033447266
1771502106.3486474,-21.8288631439209,3.0282669067382812,6.179875373840332,74.72769927978516,83.37704467773438,83.83747863769531,75.38050079345703
1771502106.3806674,-21.865734100341797,2.9959092140197754,6.1379499435424805,74.79732513427734,83.42897033691406,83.8404541015625,75.43379211425781
1771502106.4131963,-21.859527587890625,3.005666732788086,6.1104936599731445,74.7936019897461,83.40877532958984,83.85102844238281,75.39100646972656
1771502106.4456267,-22.012134552001953,2.9866483211517334,6.015018463134766,74.7877197265625,83.47462463378906,83.81446838378906,75.4377212524414
1771502106.4765337,-22.173105239868164,2.9326372146606445,5.957559108734131,74.77313232421875,83.39205932617188,83.9103012084961,75.27680969238281
1771502106.5120332,-22.32349395751953,2.878211498260498,5.882951259613037,74.79781341552734,83.3446044921875,83.98722839355469,75.0953598022461
1771502106.5410326,-22.457752227783203,2.850865364074707,5.760139465332031,74.75163269042969,83.26741027832031,84.01959228515625,74.79475402832031
1771502106.573034,-22.57599639892578,2.861182689666748,5.720818996429443,74.72160339355469,83.2477798461914,83.90817260742188,74.64481353759766
1771502106.60455,-22.66766357421875,2.844998598098755,5.657557487487793,74.63166046142578,83.21419525146484,83.86831665039062,74.55569458007812
1771502106.636546,-22.778377532958984,2.863011360168457,5.622010231018066,74.53903198242188,83.17877197265625,83.79225158691406,74.45233154296875
1771502106.6865766,-22.918790817260742,2.82582426071167,5.5875444412231445,74.42774963378906,83.07041931152344,83.79850006103516,74.47117614746094
1771502106.7216363,-23.107927322387695,2.8603734970092773,5.534426689147949,74.30977630615234,82.91386413574219,83.70870971679688,74.52975463867188
1771502106.7496376,-23.07832145690918,2.883925676345825,5.702087879180908,74.55155944824219,83.03781127929688,83.81169891357422,74.58067321777344
1771502106.781379,-23.30367088317871,2.9227218627929688,5.744590759277344,74.58035278320312,82.88482666015625,83.92130279541016,74.68707275390625
1771502106.8144026,-23.419666290283203,2.889394998550415,5.7334089279174805,74.6319808959961,82.78536224365234,83.99423217773438,74.79277801513672
1771502106.845403,-23.50748062133789,2.897749900817871,5.822765350341797,74.77296447753906,82.83735656738281,84.01255798339844,74.95052337646484
1771502106.8784149,-23.720163345336914,2.9494216442108154,5.913439750671387,74.70926666259766,82.6609115600586,84.0391616821289,74.97036743164062
1771502106.9089372,-23.68780517578125,2.8681187629699707,5.917468547821045,74.84446716308594,82.67645263671875,84.0731430053711,74.96199035644531
1771502106.944981,-23.762399673461914,2.778508424758911,5.889105796813965,74.90314483642578,82.67887115478516,84.0416030883789,74.97734832763672
1771502106.9730368,-23.9649600982666,2.644097089767456,5.883383750915527,74.9142074584961,82.58544158935547,84.23347473144531,74.91876220703125
1771502107.0065582,-24.013113021850586,2.5648820400238037,5.819998264312744,74.93699645996094,82.56752014160156,84.29090881347656,74.75837707519531
1771502107.041569,-24.13347816467285,2.4866623878479004,5.837285041809082,75.08007049560547,82.55047607421875,84.38677978515625,74.7133560180664
1771502107.0745647,-24.199024200439453,2.4718713760375977,5.858151435852051,75.0800552368164,82.55776977539062,84.35900115966797,74.6826171875
1771502107.1190689,-24.22338104248047,2.4216315746307373,5.852830410003662,75.11231994628906,82.69511413574219,84.31118774414062,74.57244110107422
1771502107.1560771,-24.237539291381836,2.4577624797821045,5.89271354675293,75.04962158203125,82.6955795288086,84.3415756225586,74.6304931640625
1771502107.184072,-24.33555030822754,2.4257755279541016,5.827462196350098,75.06111145019531,82.61414337158203,84.44198608398438,74.62532806396484
1771502107.215589,-24.385238647460938,2.404279947280884,5.885355472564697,75.07605743408203,82.62734985351562,84.43920135498047,74.72119903564453
1771502107.2465956,-24.37373161315918,2.494859457015991,5.899599075317383,75.06349182128906,82.63385772705078,84.46690368652344,74.85929870605469
1771502107.278603,-24.34042739868164,2.5397820472717285,5.963643550872803,74.97002410888672,82.55839538574219,84.40890502929688,74.93287658691406
1771502107.3099725,-24.180187225341797,2.4948699474334717,6.032867431640625,75.05805206298828,82.67059326171875,84.38763427734375,74.99518585205078
1771502107.3419764,-24.11444854736328,2.5531580448150635,6.062954425811768,75.14675903320312,82.74581146240234,84.4185562133789,75.08733367919922
1771502107.3769813,-24.190975189208984,2.6050686836242676,6.155814170837402,74.97977447509766,82.70315551757812,84.35505676269531,75.36369323730469
1771502107.406496,-24.020782470703125,2.665480613708496,6.221450328826904,74.86872863769531,82.7967300415039,84.43086242675781,75.51519012451172
1771502107.4365044,-23.823623657226562,2.6576836109161377,6.290654182434082,74.82485961914062,82.87244415283203,84.58634185791016,75.52580261230469
1771502107.4699426,-23.68817710876465,2.6552939414978027,6.357538223266602,74.92274475097656,83.00572204589844,84.53976440429688,75.60871124267578
1771502107.5164068,-23.55980110168457,2.665853500366211,6.445072174072266,74.9895248413086,83.0905532836914,84.49158477783203,75.66685485839844
1771502107.5484042,-23.67269515991211,2.6529715061187744,6.498867034912109,74.79823303222656,82.88088989257812,84.52934265136719,75.71755981445312
1771502107.5855331,-23.85199737548828,2.713036298751831,6.4908061027526855,74.80595397949219,82.87544250488281,84.48164367675781,75.79702758789062
1771502107.614846,-24.20219612121582,2.779932975769043,6.49962043762207,74.73303985595703,82.64425659179688,84.37140655517578,75.77429962158203
1771502107.6448383,-24.317218780517578,2.754096269607544,6.427352428436279,74.73568725585938,82.45648193359375,84.39662170410156,75.70082092285156
1771502107.6769915,-24.3598575592041,2.784409999847412,6.261163234710693,74.69206237792969,82.45104217529297,84.38276672363281,75.7870864868164
1771502107.7087932,-24.440874099731445,2.711287021636963,6.217182159423828,74.6723861694336,82.4168701171875,84.398681640625,75.86795043945312
1771502107.7413197,-24.41002082824707,2.7501134872436523,6.185923099517822,74.8233642578125,82.54650115966797,84.2608413696289,75.96810150146484
1771502107.7735412,-24.479032516479492,2.7563180923461914,6.129024028778076,74.78276062011719,82.48912048339844,84.32108306884766,75.90322875976562
1771502107.8077595,-24.419946670532227,2.7247748374938965,6.120368003845215,74.78557586669922,82.51434326171875,84.24771881103516,75.93986511230469
1771502107.8370397,-24.473983764648438,2.6884632110595703,6.080984592437744,74.80997467041016,82.514892578125,84.29708862304688,75.9664535522461
1771502107.87014,-24.538471221923828,2.5959770679473877,6.099766254425049,74.79991149902344,82.50907897949219,84.39418029785156,75.79524230957031
1771502107.9010332,-24.47579574584961,2.600419044494629,6.120918273925781,74.74553680419922,82.4458999633789,84.52339172363281,75.78751373291016
1771502107.934711,-24.38587188720703,2.665627956390381,6.166836738586426,74.72308349609375,82.44306945800781,84.38591003417969,75.8620834350586
1771502107.9821208,-24.449403762817383,2.6426444053649902,6.206142902374268,74.5924301147461,82.3432846069336,84.2606430053711,75.94691467285156
1771502108.0214756,-24.457801818847656,2.6443703174591064,6.172736167907715,74.53336334228516,82.35952758789062,84.20329284667969,75.93852233886719
1771502108.0470188,-24.474374771118164,2.71368145942688,6.224913597106934,74.6038589477539,82.3851089477539,83.9942626953125,76.03070831298828
1771502108.078051,-24.441375732421875,2.7447848320007324,6.2338032722473145,74.63090515136719,82.33065032958984,83.96415710449219,76.13496398925781
1771502108.1103852,-24.450117111206055,2.679917573928833,6.24880313873291,74.53856658935547,82.33505249023438,84.06611633300781,76.16744232177734
1771502108.1399806,-24.450681686401367,2.6222214698791504,6.237235069274902,74.50994873046875,82.3499984741211,84.2031478881836,76.06671905517578
1771502108.1729517,-24.409801483154297,2.526193857192993,6.159139156341553,74.47965240478516,82.30966186523438,84.40026092529297,75.9941177368164
1771502108.2055497,-24.40542984008789,2.5065038204193115,6.127108573913574,74.4586410522461,82.27826690673828,84.17709350585938,76.12606048583984
1771502108.238895,-24.262083053588867,2.4021027088165283,6.181640625,74.45083618164062,82.285400390625,84.20407104492188,76.06492614746094
1771502108.2708166,-24.04694938659668,2.334169864654541,6.169187068939209,74.53592681884766,82.36592102050781,84.2913818359375,75.73959350585938
1771502108.3001335,-23.93292236328125,2.4536781311035156,6.0630269050598145,74.48568725585938,82.3392105102539,84.10572814941406,75.65081024169922
1771502108.3334334,-23.724884033203125,2.6696770191192627,5.975740909576416,74.40837097167969,82.34896850585938,83.84986877441406,75.65109252929688
1771502108.4159505,-23.860462188720703,2.722425937652588,5.846136569976807,74.53630065917969,82.38469696044922,83.68224334716797,75.79048156738281
1771502108.447716,-24.02802085876465,2.74741268157959,5.968350410461426,74.71444702148438,82.36402893066406,83.91287231445312,75.72442626953125
1771502108.470443,-24.349193572998047,2.7801578044891357,6.063799858093262,74.76717376708984,82.23544311523438,84.00244140625,75.75513458251953
1771502108.502998,-24.57638931274414,2.817685842514038,6.1743483543396,74.72865295410156,82.1397705078125,84.03128814697266,75.8702392578125
1771502108.5340002,-24.589794158935547,2.9256014823913574,6.233548164367676,74.76937103271484,82.1132583618164,84.08894348144531,75.81278991699219
1771502108.5650134,-24.77073097229004,3.0251169204711914,6.2611823081970215,74.7455062866211,82.00611114501953,84.1025619506836,75.79013061523438
1771502108.5975695,-24.89289093017578,3.0235188007354736,6.2833757400512695,74.75653076171875,81.93517303466797,84.05303955078125,75.93917846679688
1771502108.6153061,-24.892929077148438,2.907127618789673,6.309263706207275,74.75053405761719,82.05806732177734,84.10478210449219,76.07085418701172
1771502108.6434608,-25.031124114990234,2.891540050506592,6.290109157562256,74.70006561279297,82.02323150634766,84.10248565673828,76.19102478027344
1771502108.6754875,-25.013381958007812,2.886591672897339,6.308588981628418,74.66829681396484,82.0567855834961,84.0490493774414,76.25520324707031
1771502108.7069738,-24.968486785888672,2.845508575439453,6.332711696624756,74.7428970336914,82.08906555175781,84.10900115966797,76.19181823730469
1771502108.7369752,-24.956008911132812,2.8520750999450684,6.34876012802124,74.69657135009766,82.0898666381836,84.06712341308594,76.1590576171875
1771502108.7670074,-24.913780212402344,2.852215051651001,6.346161365509033,74.69255828857422,82.14435577392578,84.07102966308594,76.18074798583984
1771502108.8447814,-24.935836791992188,2.904548406600952,6.295139312744141,74.90563201904297,82.14381408691406,84.17847442626953,76.09906768798828
1771502108.8943312,-24.895540237426758,3.0151007175445557,6.308286666870117,75.01810455322266,82.14234924316406,84.16236877441406,76.05293273925781
1771502108.9252663,-24.774768829345703,3.041327476501465,6.367008686065674,75.01539611816406,82.14278411865234,84.11680603027344,76.05564880371094
1771502108.9572845,-24.752124786376953,3.061028003692627,6.414865970611572,74.89443969726562,82.08255004882812,83.93586730957031,76.16221618652344
1771502108.9877996,-24.87310028076172,3.0497608184814453,6.421560287475586,74.843505859375,82.09295654296875,83.88599395751953,76.1734619140625
1771502109.0203662,-25.10317611694336,2.929910659790039,6.3883233070373535,74.87035369873047,82.00572204589844,84.00514221191406,76.10972595214844
1771502109.051853,-25.050403594970703,2.9472503662109375,6.3982930183410645,74.91957092285156,82.05182647705078,83.96672058105469,76.1529541015625
1771502109.0818644,-25.05691146850586,2.9134440422058105,6.381805896759033,74.87681579589844,81.975341796875,83.91276550292969,76.2668228149414
1771502109.113442,-25.00743293762207,2.8343937397003174,6.23706579208374,74.90946960449219,81.99315643310547,83.74757385253906,76.12944030761719
1771502109.1454625,-25.052282333374023,2.7044830322265625,6.216141700744629,74.92385864257812,81.98523712158203,83.7297134399414,76.17874145507812
1771502109.1764672,-25.0723819732666,2.6662774085998535,6.160419464111328,74.86581420898438,81.98316955566406,83.70377349853516,76.09749603271484
1771502109.2079923,-25.185497283935547,2.712858200073242,6.0091705322265625,74.78773498535156,81.89384460449219,83.8021469116211,76.01001739501953
1771502109.2409747,-25.16213607788086,2.718526601791382,5.984521389007568,74.8840103149414,81.88458251953125,83.8820571899414,75.86722564697266
1771502109.2771642,-25.24553680419922,2.7536823749542236,6.037487030029297,75.09770202636719,81.91607666015625,84.0706787109375,75.68421936035156
1771502109.3116755,-25.542987823486328,2.8652329444885254,6.067317485809326,75.24910736083984,81.80086517333984,84.11669921875,75.6575927734375
1771502109.3356433,-25.793437957763672,2.891486167907715,6.058117866516113,75.34567260742188,81.6795883178711,84.14547729492188,75.68382263183594
1771502109.3646436,-26.02396583557129,2.8852367401123047,6.049421787261963,75.35078430175781,81.55413818359375,84.30724334716797,75.57491302490234
1771502109.3952444,-26.10148048400879,2.8953189849853516,6.105631351470947,75.36575317382812,81.58683776855469,84.33120727539062,75.47190856933594
1771502109.4252462,-26.337785720825195,2.934948205947876,6.1143646240234375,75.2312240600586,81.46654510498047,84.26949310302734,75.54563903808594
1771502109.458244,-26.272586822509766,2.8662872314453125,6.137022495269775,75.17463684082031,81.4285888671875,84.2140121459961,75.57699584960938
1771502109.489776,-26.26503562927246,2.7584712505340576,6.1413187980651855,75.12442779541016,81.39970397949219,84.33119201660156,75.61582946777344
1771502109.5223181,-26.26828384399414,2.6513969898223877,6.0685038566589355,75.19770812988281,81.4708023071289,84.39146423339844,75.59652709960938
1771502109.5523155,-26.603193283081055,2.6355416774749756,5.906111240386963,75.28355407714844,81.30870819091797,84.4599380493164,75.62369537353516
1771502109.59784,-26.6107177734375,2.4982285499572754,5.822754383087158,75.44947052001953,81.3611831665039,84.51573181152344,75.52706146240234
1771502109.6302426,-26.636255264282227,2.43249773979187,5.960434436798096,75.5760726928711,81.36459350585938,84.60536193847656,75.45663452148438
1771502109.6608522,-26.73042869567871,2.363663911819458,5.960500717163086,75.53353881835938,81.33003997802734,84.56824493408203,75.53409576416016
1771502109.709701,-26.710506439208984,2.288219451904297,6.0106964111328125,75.57821655273438,81.41168212890625,84.46827697753906,75.69316101074219
1771502109.7426796,-26.771221160888672,2.365351676940918,5.980562686920166,75.60026550292969,81.3664779663086,84.26106262207031,75.80116271972656
1771502109.768673,-26.679983139038086,2.3835227489471436,6.047524929046631,75.59396362304688,81.40493774414062,83.99120330810547,75.86257934570312
1771502109.8012025,-26.845375061035156,2.4088804721832275,5.977039337158203,75.58446502685547,81.31454467773438,83.90228271484375,75.99998474121094
1771502109.8318293,-26.68012046813965,2.3328495025634766,6.167963981628418,75.63780975341797,81.46649932861328,83.92326354980469,75.89872741699219
1771502109.8638315,-26.719314575195312,2.3812825679779053,6.196686267852783,75.60598754882812,81.40804290771484,84.10400390625,75.8855972290039
1771502109.894346,-26.65423011779785,2.380739450454712,6.270308017730713,75.60720825195312,81.45671081542969,84.0694580078125,75.8754653930664
1771502109.9253402,-26.576702117919922,2.279171943664551,6.309916019439697,75.57647705078125,81.51377868652344,83.97574615478516,76.06254577636719
1771502109.9583406,-26.600229263305664,2.32678484916687,6.237329959869385,75.3264389038086,81.44163513183594,83.88185119628906,76.2034683227539
1771502109.9983974,-26.641029357910156,2.367790460586548,6.075340270996094,75.2331314086914,81.34693145751953,83.943359375,76.25041961669922
1771502110.0294132,-26.640220642089844,2.3497140407562256,6.0851263999938965,75.11080932617188,81.2800064086914,84.04285430908203,76.17147064208984
1771502110.0610287,-26.60040855407715,2.3319339752197266,6.100887298583984,75.02764892578125,81.30302429199219,84.0986328125,76.11620330810547
1771502110.0916102,-26.596147537231445,2.265681505203247,6.147350311279297,75.06623077392578,81.29133605957031,84.15678405761719,75.97921752929688
1771502110.1407738,-26.50249481201172,2.2677204608917236,6.239067077636719,75.16780090332031,81.40406799316406,84.22798156738281,75.95980072021484
1771502110.1757655,-26.628957748413086,2.405388355255127,6.260773181915283,75.2084732055664,81.35133361816406,84.31754302978516,75.84992218017578
1771502110.2056575,-26.824172973632812,2.505805730819702,6.2386627197265625,75.22286987304688,81.26294708251953,84.37025451660156,75.87466430664062
1771502110.2533062,-27.080488204956055,2.6164605617523193,6.197474002838135,75.0482177734375,81.16791534423828,84.366455078125,75.8428726196289
1771502110.2843082,-27.01657485961914,2.618171453475952,6.239175796508789,75.03411102294922,81.1584243774414,84.4478759765625,75.75894165039062
1771502110.3146813,-26.899314880371094,2.659468173980713,6.249411106109619,75.0934829711914,81.15272521972656,84.40039825439453,75.80422973632812
1771502110.345177,-26.749330520629883,2.6044204235076904,6.217558860778809,75.17330932617188,81.2677993774414,84.39567565917969,75.800048828125
1771502110.3781822,-26.525619506835938,2.602692127227783,6.280442237854004,75.2811050415039,81.35670471191406,84.20616912841797,75.92584228515625
1771502110.4097135,-26.305091857910156,2.5821306705474854,6.337625503540039,75.28191375732422,81.49083709716797,84.19385528564453,75.8766098022461
1771502110.440731,-26.182109832763672,2.508230447769165,6.379644870758057,75.32003784179688,81.54515838623047,84.3018569946289,75.7620620727539
1771502110.4719245,-26.095802307128906,2.5453643798828125,6.488360404968262,75.21147918701172,81.57864379882812,84.35388946533203,75.83889770507812
1771502110.5032246,-25.946950912475586,2.533693790435791,6.662448883056641,75.16996765136719,81.70874786376953,84.31692504882812,75.75721740722656
1771502110.5362232,-26.039230346679688,2.5806868076324463,6.666016101837158,75.1653823852539,81.66026306152344,84.3366928100586,75.69638061523438
1771502110.5742373,-26.006507873535156,2.670936107635498,6.656305313110352,75.18060302734375,81.69635009765625,84.32513427734375,75.66172790527344
1771502110.5987475,-25.959461212158203,2.749789237976074,6.6605024337768555,75.15850830078125,81.71865844726562,84.3449478149414,75.62045288085938
1771502110.6297355,-25.810279846191406,2.802544116973877,6.72572135925293,75.14099884033203,81.78025817871094,84.26902770996094,75.66646575927734
1771502110.6597376,-25.59170913696289,2.8496503829956055,6.789705753326416,75.07561492919922,81.81255340576172,84.19570922851562,75.61116027832031
1771502110.6902862,-25.55672264099121,2.8355960845947266,6.7905473709106445,75.11080169677734,81.85635375976562,84.14632415771484,75.6039047241211
1771502110.7217956,-25.72825050354004,2.8366456031799316,6.732576847076416,74.9718017578125,81.77733612060547,84.11029815673828,75.66646575927734
1771502110.7528012,-25.73775863647461,2.8174684047698975,6.70297908782959,74.90107727050781,81.7385482788086,84.15390014648438,75.72077178955078
1771502110.7848172,-25.69394302368164,2.7263522148132324,6.643463134765625,74.86407470703125,81.82720184326172,84.26486206054688,75.78034210205078
1771502110.8313434,-25.669782638549805,2.637809991836548,6.54205846786499,74.82662200927734,81.8626480102539,84.40935516357422,75.8551025390625
1771502110.8633542,-25.523439407348633,2.560730457305908,6.421329498291016,74.7767562866211,81.84709167480469,84.50888061523438,75.93637084960938
1771502110.8938498,-25.50443458557129,2.638890504837036,6.345048904418945,74.66954803466797,81.77854919433594,84.47484588623047,76.04304504394531
1771502110.925881,-25.580486297607422,2.6724700927734375,6.333985328674316,74.50811767578125,81.75553894042969,84.56889343261719,76.01835632324219
1771502110.9728732,-25.759647369384766,2.831404209136963,6.337852954864502,74.5919189453125,81.6453628540039,84.52687072753906,75.86084747314453
1771502111.0059361,-25.900327682495117,2.9063143730163574,6.335043430328369,74.671142578125,81.59197998046875,84.61064910888672,75.65210723876953
1771502111.0359457,-25.736562728881836,2.9770045280456543,6.402585029602051,74.79935455322266,81.67815399169922,84.58649444580078,75.51829528808594
1771502111.0669382,-25.71776580810547,3.0343189239501953,6.398669719696045,74.97142028808594,81.74014282226562,84.60198974609375,75.4004135131836
1771502111.0970473,-25.878536224365234,3.0321576595306396,6.351625442504883,75.10640716552734,81.74552154541016,84.6226577758789,75.40607452392578
1771502111.1290588,-25.84023666381836,3.0340960025787354,6.375278472900391,75.04617309570312,81.69554901123047,84.49456024169922,75.48480987548828
1771502111.1615884,-25.762331008911133,3.089116096496582,6.394071578979492,75.01456451416016,81.74063110351562,84.23507690429688,75.59833526611328
1771502111.198155,-25.937240600585938,3.1116373538970947,6.335814952850342,75.00066375732422,81.61800384521484,84.4292221069336,75.51903533935547
1771502111.2291691,-25.718807220458984,3.138339042663574,6.415741443634033,75.01947021484375,81.67326354980469,84.33421325683594,75.5538558959961
1771502111.263179,-25.675823211669922,3.203540325164795,6.444762706756592,74.99742126464844,81.65898132324219,84.28779602050781,75.64472198486328
1771502111.2921698,-25.553722381591797,3.2863588333129883,6.4471964836120605,75.01673889160156,81.72319793701172,84.22554016113281,75.66728973388672
1771502111.325572,-25.644166946411133,3.3792223930358887,6.478852272033691,75.14824676513672,81.71670532226562,84.33832550048828,75.49827575683594
1771502111.3565714,-25.777517318725586,3.3352537155151367,6.529115676879883,75.12667083740234,81.62833404541016,84.64015197753906,75.30168151855469
1771502111.4051096,-25.69429588317871,3.340477466583252,6.5150980949401855,75.05012512207031,81.6728515625,84.62347412109375,75.2888412475586
1771502111.438095,-25.543914794921875,3.3421812057495117,6.489225387573242,75.10100555419922,81.7607192993164,84.49951934814453,75.32502746582031
1771502111.4580925,-25.398597717285156,3.3632514476776123,6.471297740936279,75.10690307617188,81.81013488769531,84.34449768066406,75.31170654296875
1771502111.4874842,-25.39272689819336,3.365297794342041,6.4407830238342285,75.1318359375,81.91121673583984,84.26618957519531,75.35237121582031
1771502111.5192924,-25.32533073425293,3.451131820678711,6.435331344604492,75.07614135742188,81.93234252929688,84.44127655029297,75.2693862915039
1771502111.5512922,-24.59403419494629,3.5003714561462402,6.217405319213867,74.15717315673828,81.5055923461914,85.47380065917969,74.56813049316406
1771502111.6148143,-25.479907989501953,3.321850299835205,5.234569549560547,73.39298248291016,80.67955780029297,84.77159118652344,71.76011657714844
1771502111.6458066,-26.226131439208984,3.3929262161254883,4.187655925750732,72.58718872070312,79.8372573852539,84.06414794921875,69.38549041748047
1771502111.6788137,-27.38983726501465,3.431450366973877,3.3501248359680176,71.47727966308594,78.55684661865234,82.59838104248047,66.30647277832031
1771502111.7088494,-28.111785888671875,3.532905340194702,2.6800999641418457,71.35189056396484,77.75636291503906,81.57315063476562,64.32982635498047
1771502111.7408469,-28.709348678588867,3.670959711074829,2.1440799236297607,71.21485137939453,77.1766128540039,80.52649688720703,62.42753219604492
1771502111.7718787,-29.283906936645508,4.042026519775391,1.7152639627456665,70.70683288574219,76.42001342773438,79.2531967163086,60.49807357788086
1771502111.8044438,-29.747295379638672,4.542899131774902,1.372211217880249,69.93524932861328,75.78253173828125,77.76001739501953,58.201751708984375
1771502111.8363695,-29.998266220092773,5.112313747406006,1.097769021987915,69.09545135498047,75.441650390625,76.44786834716797,55.87238693237305
1771502111.8713706,-30.10698127746582,5.515215873718262,0.8782152533531189,68.60902404785156,75.09574127197266,75.3188705444336,53.888916015625
1771502111.9009988,-29.96261978149414,5.984992980957031,0.702572226524353,68.431884765625,75.09449768066406,74.72645568847656,52.47791290283203
1771502111.9309134,-30.25376319885254,6.302679061889648,0.576137900352478,67.19873809814453,74.2088394165039,73.1867446899414,50.108158111572266
1771502111.9629014,-30.15703773498535,6.7765727043151855,0.6004542112350464,65.26854705810547,73.18014526367188,71.1568603515625,46.72500228881836
1771502111.9974174,-29.651573181152344,7.148238658905029,1.2106893062591553,62.508697509765625,70.41297149658203,67.34651184082031,41.54240036010742
1771502112.0294223,-28.749967575073242,7.8810811042785645,2.0353095531463623,59.32015609741211,67.05400848388672,63.401451110839844,37.36381912231445
1771502112.0604148,-27.066131591796875,8.978265762329102,3.0226941108703613,56.44780349731445,63.96961975097656,60.10246276855469,33.946170806884766
1771502112.0929463,-24.849449157714844,10.488117218017578,4.433417797088623,54.2883415222168,61.342281341552734,57.22589874267578,31.58090591430664
1771502112.1269553,-23.337526321411133,11.406281471252441,5.4120049476623535,51.79251480102539,57.78699493408203,53.6235466003418,28.43813705444336
1771502112.1569624,-21.380250930786133,12.366575241088867,6.275859832763672,49.805816650390625,54.803688049316406,50.517032623291016,25.658123016357422
1771502112.1889582,-19.467939376831055,12.917884826660156,6.9257659912109375,47.49710464477539,51.92037582397461,47.68861389160156,23.626338958740234
1771502112.2204719,-17.408857345581055,13.57561206817627,7.543829441070557,45.18503952026367,49.43986129760742,45.15568161010742,22.032636642456055
1771502112.2681766,-16.08956527709961,14.066511154174805,8.184320449829102,43.0210075378418,46.5421257019043,42.41086959838867,20.333797454833984
1771502112.302274,-14.243696212768555,14.985795974731445,8.626348495483398,41.84314727783203,44.25511932373047,40.45915985107422,19.026832580566406
1771502112.326765,-12.755499839782715,15.692093849182129,8.952984809875488,40.83793640136719,42.383216857910156,38.883750915527344,18.02722930908203
1771502112.3577697,-10.806675910949707,16.388011932373047,8.790609359741211,40.479278564453125,41.480892181396484,37.99627685546875,17.310932159423828
1771502112.397274,-7.840583801269531,17.091468811035156,7.567534446716309,41.19479751586914,41.6046028137207,38.157649993896484,17.013729095458984
1771502112.4282842,-4.6867780685424805,17.413572311401367,6.054027557373047,42.098228454589844,42.35486602783203,38.58576202392578,17.130722045898438
1771502112.4602745,-2.134413242340088,17.70625114440918,4.843222141265869,42.70814514160156,43.03421401977539,38.87603759765625,17.210853576660156
1771502112.4934993,0.0433574914932251,17.919111251831055,3.874577760696411,42.728702545166016,43.45123291015625,39.13508605957031,17.39226722717285
1771502112.5256813,1.7633763551712036,18.22882843017578,3.0996623039245605,42.4305534362793,43.53734588623047,39.32407760620117,17.3306941986084
1771502112.5596943,3.2264912128448486,18.52281379699707,2.4797298908233643,41.726444244384766,43.349090576171875,39.128849029541016,16.907634735107422
1771502112.5931914,4.382083415985107,18.77685546875,1.9837839603424072,40.59420394897461,43.048316955566406,38.86476135253906,16.322160720825195
1771502112.6276867,5.236626148223877,19.050071716308594,1.5870271921157837,39.12941360473633,42.66844940185547,38.48210906982422,15.598102569580078
1771502112.6561997,5.761526107788086,19.164173126220703,1.269621729850769,37.52260208129883,42.264190673828125,38.006221771240234,14.902851104736328
1771502112.7018142,6.23301362991333,19.284215927124023,1.0156973600387573,36.0526123046875,41.88312911987305,37.51335144042969,14.205206871032715
1771502112.7378216,6.64816951751709,19.325223922729492,0.8125578761100769,34.61148452758789,41.543216705322266,37.17605209350586,13.710636138916016
1771502112.7668378,7.045318126678467,19.336761474609375,0.6500462889671326,33.4771842956543,41.336273193359375,37.01993179321289,13.464841842651367
1771502112.7973666,7.511322975158691,19.486391067504883,0.520037055015564,32.17329025268555,41.07176208496094,37.062232971191406,13.172411918640137
1771502112.8293667,8.074625968933105,19.64818572998047,0.4160296618938446,30.91353988647461,40.729068756103516,37.233280181884766,13.249786376953125
1771502112.8603678,8.441389083862305,19.778818130493164,0.3328237235546112,29.634193420410156,40.19810104370117,37.33226013183594,13.354695320129395
1771502112.8947394,8.954184532165527,19.823450088500977,0.26625898480415344,28.10498809814453,39.54372787475586,37.45243835449219,13.686145782470703
1771502112.9246876,9.336583137512207,19.87102699279785,0.21300719678401947,26.658802032470703,38.72365188598633,37.26705551147461,13.72159194946289
1771502112.9859486,9.56027603149414,19.834047317504883,0.17040576040744781,25.428720474243164,38.039405822753906,37.105003356933594,13.683568954467773
1771502113.0164607,9.862372398376465,19.757549285888672,0.13632461428642273,24.363121032714844,37.71090316772461,37.148948669433594,13.802291870117188
1771502113.0474606,10.055867195129395,19.670095443725586,0.10905969142913818,23.71822738647461,37.479331970214844,37.08967590332031,13.687819480895996
1771502113.0794747,9.87414836883545,19.532461166381836,0.08724775165319443,23.37946319580078,37.28089141845703,36.99781799316406,13.36011791229248
1771502113.1079838,9.609594345092773,19.397722244262695,0.06979820132255554,22.47834587097168,36.42687225341797,36.56570816040039,13.024478912353516
1771502113.139992,8.981759071350098,19.065088272094727,0.05583856254816055,21.99700355529785,36.01348114013672,36.22380828857422,12.54326057434082
1771502113.1719902,8.69848346710205,19.010196685791016,0.04467085003852844,21.890626907348633,35.74894332885742,36.02308654785156,12.228507995605469
1771502113.2025034,8.26309871673584,18.821107864379883,0.035736680030822754,21.785724639892578,35.45850372314453,35.754241943359375,11.867332458496094
1771502113.2335296,7.87379264831543,18.69049072265625,0.028589343652129173,21.3409481048584,34.867767333984375,35.37348937988281,11.529716491699219
1771502113.2655292,7.533161640167236,18.6481990814209,0.0228714756667614,21.288818359375,34.62381362915039,35.15218734741211,11.236656188964844
1771502113.295362,7.324722766876221,18.58653450012207,0.01829718053340912,21.578691482543945,34.75132369995117,35.21434783935547,11.190571784973145
1771502113.3267949,6.963309288024902,18.351696014404297,0.01463774498552084,21.91565704345703,34.965702056884766,35.28550338745117,11.065693855285645
1771502113.3603137,6.851109981536865,18.268125534057617,0.011710195802152157,22.133176803588867,35.05086135864258,35.361446380615234,11.042990684509277
1771502113.392363,6.577441692352295,18.124584197998047,0.009368157014250755,22.15426254272461,34.98095703125,35.26463317871094,10.912602424621582
1771502113.4232137,6.43001651763916,17.976961135864258,0.007494525518268347,22.190052032470703,34.91447448730469,35.26237869262695,10.967333793640137
1771502113.4562123,6.367539882659912,17.95708656311035,0.005995620507746935,22.301700592041016,34.967041015625,35.24680709838867,10.953478813171387
1771502113.4872181,6.269130229949951,17.880619049072266,0.004796496592462063,22.46133041381836,35.03399658203125,35.30564880371094,11.08863639831543
1771502113.517739,6.210717678070068,17.89508056640625,0.003837197320535779,22.560527801513672,35.00514602661133,35.34833908081055,11.219218254089355
1771502113.5657263,6.0561723709106445,17.818618774414062,0.0030697579495608807,22.500001907348633,34.82520294189453,35.279361724853516,11.21467399597168
1771502113.598234,6.178638458251953,17.9072208404541,0.0024558063596487045,22.67893409729004,34.89790725708008,35.434261322021484,11.250727653503418
1771502113.6322355,6.262682914733887,17.95315933227539,0.00196464522741735,22.71415138244629,34.827213287353516,35.4847297668457,11.261329650878906
1771502113.6612334,6.307099342346191,18.031475067138672,0.0015717161586508155,22.75949478149414,34.789920806884766,35.5543327331543,11.2616548538208
1771502113.693738,6.183230876922607,18.06439781188965,0.001257372903637588,22.787105560302734,34.690025329589844,35.442657470703125,11.142416954040527
1771502113.7247932,6.226291656494141,18.16067123413086,0.0010058983461931348,22.882160186767578,34.7373046875,35.40580368041992,11.035722732543945
1771502113.7577915,6.081705093383789,17.981639862060547,0.0008047187002375722,22.645753860473633,34.50246047973633,35.26175308227539,10.956060409545898
1771502113.7877963,5.929178237915039,17.949491500854492,0.0006437749834731221,22.70476531982422,34.467796325683594,35.14276123046875,10.877510070800781
1771502113.8213525,5.851963996887207,17.949270248413086,0.0005150199867784977,22.652320861816406,34.4117317199707,35.02909851074219,10.834711074829102
1771502113.8563442,5.741859436035156,17.805553436279297,0.00041201600106433034,22.685449600219727,34.48219299316406,34.927085876464844,10.818985939025879
1771502113.8863516,5.419451713562012,17.39737319946289,0.00032961281249299645,23.188417434692383,34.79551696777344,34.65161895751953,10.54753589630127
1771502113.9174197,5.087162017822266,16.981977462768555,0.00026369024999439716,23.339160919189453,34.703704833984375,34.17908477783203,10.024787902832031
1771502113.9484208,5.176318168640137,16.566940307617188,0.00021095220290590078,23.621042251586914,34.839752197265625,33.96465301513672,9.808780670166016
1771502113.998943,5.7045063972473145,16.31969451904297,0.00016876176232472062,24.308984756469727,35.33427047729492,34.09208297729492,9.768370628356934
1771502114.0319405,6.31241512298584,16.13886260986328,0.0001350094098597765,24.508447647094727,35.630943298339844,34.05304718017578,9.664371490478516
1771502114.0629394,6.59188985824585,15.81853199005127,0.00010800753079820424,24.436145782470703,35.65852355957031,33.92560577392578,9.595541954040527
1771502114.0934508,6.6587233543396,15.386701583862305,8.640602754894644e-05,24.342641830444336,35.814476013183594,33.95789337158203,9.63509464263916
1771502114.1244555,6.587955474853516,15.036467552185059,6.912482058396563e-05,24.221525192260742,35.87324142456055,33.926719665527344,9.688545227050781
1771502114.1568544,6.322208404541016,14.668656349182129,5.5299857194768265e-05,23.911945343017578,35.6850471496582,33.74365997314453,9.669418334960938
1771502114.1898572,6.067465782165527,14.414491653442383,4.423988502821885e-05,23.932788848876953,35.755821228027344,33.56913757324219,9.64335823059082
1771502114.2203853,5.649714946746826,14.106216430664062,3.53919094777666e-05,23.89396095275879,35.66081237792969,33.40796661376953,9.67392349243164
1771502114.25241,5.1704583168029785,13.909421920776367,2.8313528673606925e-05,23.867599487304688,35.47264099121094,33.0517692565918,9.604954719543457
1771502114.2864134,4.786371231079102,13.568549156188965,2.26508236664813e-05,23.736186981201172,35.27986145019531,32.919403076171875,9.751748085021973
1771502114.3203638,4.398707866668701,13.257231712341309,1.8120659660780802e-05,23.59683609008789,35.13193893432617,32.673152923583984,9.770318031311035
1771502114.352367,4.201508522033691,13.143244743347168,1.4496527910523582e-05,23.62128257751465,35.06648254394531,32.611629486083984,9.976856231689453
1771502114.3843744,4.119471549987793,13.065530776977539,1.1597222510317806e-05,23.548622131347656,35.01985168457031,32.66178894042969,10.26091194152832
1771502114.428902,3.92549991607666,12.890567779541016,9.277778190153185e-06,23.584415435791016,35.00688171386719,32.6588134765625,10.325968742370605
1771502114.4624598,3.566002368927002,12.522624015808105,7.422222552122548e-06,23.37830924987793,34.910091400146484,32.68610382080078,10.394879341125488
1771502114.4947848,3.401251792907715,12.498821258544922,5.937778041698039e-06,23.669815063476562,35.104698181152344,32.791412353515625,10.485726356506348
1771502114.5265043,3.1203055381774902,12.450267791748047,4.750222615257371e-06,23.827241897583008,35.11711883544922,32.85261535644531,10.621488571166992
1771502114.5565066,2.811002254486084,12.460472106933594,3.800178092205897e-06,23.936826705932617,34.95222091674805,32.75732421875,10.515931129455566
1771502114.589525,2.330448865890503,12.27933406829834,3.0401424737647176e-06,23.861616134643555,34.650733947753906,32.68899154663086,10.393963813781738
1771502114.6335347,2.026216983795166,12.092921257019043,2.4321141154359793e-06,23.658058166503906,34.38432312011719,32.48455810546875,9.963278770446777
1771502114.6675365,1.774631142616272,11.827751159667969,1.9456913378235186e-06,23.112821578979492,34.102359771728516,32.43696212768555,9.88656997680664
1771502114.6997306,1.1622945070266724,11.474346160888672,1.55655311573355e-06,22.105379104614258,33.250831604003906,31.91982078552246,9.52246379852295
1771502114.7292557,0.7104836702346802,11.18117904663086,1.2452425153242075e-06,21.25308609008789,32.582557678222656,31.44607162475586,9.248724937438965
1771502114.760286,-0.16586095094680786,10.996112823486328,9.961939895219984e-07,20.371522903442383,31.73007583618164,30.762271881103516,8.700477600097656
1771502114.791265,-0.8067924976348877,10.865605354309082,7.969551916175988e-07,19.579870223999023,31.143579483032227,30.062164306640625,8.119864463806152
1771502114.8220189,-1.2101671695709229,10.882847785949707,6.375641419253952e-07,19.154394149780273,30.94663429260254,29.500215530395508,7.587268829345703
1771502114.8605347,-1.1246200799942017,11.184041976928711,5.100513362776837e-07,18.93353271484375,30.931005477905273,29.076440811157227,7.103060722351074
1771502114.8925416,-1.2900129556655884,11.645082473754883,4.0804107470648887e-07,18.540414810180664,30.659955978393555,28.32964324951172,6.599444389343262
1771502114.929057,-1.3645715713500977,11.991101264953613,3.264328540808492e-07,18.249544143676758,30.544612884521484,27.81509017944336,6.494861602783203
1771502114.958049,-1.3746757507324219,12.189870834350586,2.6114628326467937e-07,18.078052520751953,30.50847625732422,27.49041175842285,6.473062038421631
1771502114.988066,-0.9815337657928467,12.40823745727539,2.0891702945391444e-07,18.387889862060547,30.74678611755371,27.596317291259766,6.820523262023926
1771502115.0223277,-0.7819423079490662,12.640965461730957,1.671336207209606e-07,18.468610763549805,30.883222579956055,27.56348419189453,6.8785810470581055
1771502115.0543168,-0.5766494870185852,12.87104606628418,1.3370690510328131e-07,18.637104034423828,31.029884338378906,27.67523765563965,7.04172420501709
1771502115.0874279,-0.8578130602836609,12.725950241088867,1.0696552266153958e-07,18.280105590820312,30.76848602294922,27.448041915893555,7.059506893157959
1771502115.116955,-0.6077889204025269,12.720303535461426,8.557241670814619e-08,18.217069625854492,31.036354064941406,27.712499618530273,7.289924144744873
1771502115.1499534,-0.43793973326683044,12.727560043334961,6.84579362086879e-08,18.099559783935547,31.038686752319336,27.682483673095703,7.29830265045166
1771502115.1829572,-0.649011492729187,12.512819290161133,5.4766349677493054e-08,17.86679458618164,30.866300582885742,27.61941146850586,7.1492509841918945
1771502115.2123146,-0.8777536153793335,12.29839038848877,4.3813081163079914e-08,17.666751861572266,30.710580825805664,27.747472763061523,7.01365327835083
1771502115.244289,-0.9488506317138672,12.133687019348145,3.505046564100667e-08,17.61602020263672,30.65664291381836,27.915096282958984,6.95461368560791
1771502115.2927487,-1.0799773931503296,12.007351875305176,2.8040373578619437e-08,17.514625549316406,30.381772994995117,27.961305618286133,6.795318603515625
1771502115.327199,-0.8229162096977234,12.097010612487793,2.2432299573438286e-08,17.564453125,30.344308853149414,28.172101974487305,6.793710708618164
1771502115.3583956,-0.7987774610519409,12.133783340454102,1.7945840369293364e-08,17.93427276611328,30.485408782958984,28.44245719909668,6.849716663360596
1771502115.3894584,-0.7104636430740356,12.156460762023926,1.4356672295434691e-08,18.2650146484375,30.676467895507812,28.727081298828125,6.997532844543457
1771502115.4224658,-0.7045875787734985,12.285341262817383,1.1485338013983437e-08,18.715133666992188,30.818246841430664,28.764324188232422,6.917619705200195
1771502115.4524748,-0.751180112361908,12.309781074523926,9.188270588822434e-09,18.91166114807129,30.85386848449707,28.76968002319336,6.894983768463135
1771502115.4854715,-0.5654336214065552,12.376321792602539,7.350616559875789e-09,19.187143325805664,31.02470588684082,28.910526275634766,7.021854400634766
1771502115.5169814,-0.3809974491596222,12.455141067504883,5.880493425536315e-09,19.383874893188477,31.234638214111328,28.937732696533203,7.143310546875
1771502115.5499876,-0.10886397957801819,12.50476360321045,4.70439465161121e-09,19.54950714111328,31.53662109375,29.14085578918457,7.323505401611328
1771502115.5830147,0.5333306193351746,12.646281242370605,3.763515721288968e-09,19.756500244140625,32.105194091796875,29.561120986938477,7.631508827209473
1771502115.614312,0.8454993963241577,12.538480758666992,3.0108127102579374e-09,19.816326141357422,32.37008285522461,29.842256546020508,7.869359970092773
1771502115.6453135,1.3098199367523193,12.618471145629883,2.40865016820635e-09,19.988494873046875,32.64678192138672,30.12244987487793,8.016671180725098
1771502115.6783123,1.7667546272277832,12.777761459350586,1.926920178974001e-09,20.16619873046875,32.82008743286133,30.269155502319336,8.067914962768555
1771502115.724719,1.8948338031768799,12.783172607421875,1.5415361209747402e-09,19.99144172668457,32.75144577026367,30.282072067260742,8.020427703857422
1771502115.759702,2.268066644668579,12.931600570678711,1.2332289633931737e-09,20.323524475097656,32.94072341918945,30.460744857788086,8.138772010803223
1771502115.7897468,2.467923164367676,13.075041770935059,9.865831485100784e-10,20.742706298828125,33.134132385253906,30.62773895263672,8.215370178222656
1771502115.8211606,2.849564552307129,13.261154174804688,7.892665410125232e-10,21.200075149536133,33.47309875488281,31.029329299926758,8.580334663391113
1771502115.8542495,3.176459312438965,13.423686981201172,6.314132550144791e-10,21.445159912109375,33.695579528808594,31.3613338470459,8.8185396194458
1771502115.8852556,3.4645252227783203,13.579769134521484,5.051306040115833e-10,21.8566951751709,33.97868728637695,31.644054412841797,8.930152893066406
1771502115.916768,3.6900322437286377,13.756637573242188,4.04104499862612e-10,22.037006378173828,34.05657196044922,31.70347785949707,8.886956214904785
1771502115.9487603,3.6661345958709717,13.778695106506348,3.2328359433897447e-10,21.985321044921875,33.96074295043945,31.614931106567383,8.821783065795898
1771502115.980892,3.6053876876831055,13.780437469482422,2.5862686992006445e-10,21.995830535888672,33.9119758605957,31.54996109008789,8.76639461517334
1771502116.0174732,3.4075875282287598,13.746816635131836,2.0690149593605156e-10,21.83356285095215,33.70722198486328,31.376203536987305,8.589812278747559
1771502116.0455647,3.3484559059143066,13.773685455322266,1.6552119397328369e-10,21.781787872314453,33.5899658203125,31.272247314453125,8.510334968566895
1771502116.076571,3.033334493637085,13.708041191101074,1.324169524030694e-10,21.745479583740234,33.42158889770508,31.056842803955078,8.359285354614258
1771502116.1091661,2.869278907775879,13.677776336669922,1.0593356053467673e-10,21.714305877685547,33.310447692871094,30.932235717773438,8.273336410522461
1771502116.157166,2.6015493869781494,13.649202346801758,8.474684842774138e-11,21.62912368774414,33.157958984375,30.802021026611328,8.165431022644043
1771502116.190172,2.403542995452881,13.689068794250488,6.779748290552945e-11,21.70180892944336,33.068763732910156,30.72036361694336,8.040323257446289
1771502116.2233603,2.131896495819092,13.54680061340332,5.423798563053417e-11,21.565919876098633,33.002567291259766,30.70989227294922,7.988739013671875
1771502116.2533603,2.113929510116577,13.611983299255371,4.3390388504427335e-11,21.54782485961914,32.97772216796875,30.718990325927734,7.941368103027344
1771502116.284373,1.93253755569458,13.510241508483887,3.471231288521004e-11,21.262372970581055,32.91304016113281,30.708463668823242,7.941943168640137
1771502116.3158836,2.023913860321045,13.614825248718262,2.7769850655112727e-11,21.166975021362305,32.93809509277344,30.772058486938477,7.8326215744018555
1771502116.3499117,2.3394992351531982,13.764460563659668,2.2215880177145486e-11,21.335063934326172,33.210792541503906,31.068309783935547,7.923733234405518
1771502116.3818889,3.1998884677886963,14.17795181274414,1.7772705182550474e-11,21.7918758392334,33.809967041015625,31.618274688720703,8.300252914428711
1771502116.4134238,4.14502477645874,14.52895450592041,1.4218163972568032e-11,22.485605239868164,34.45687484741211,32.363399505615234,8.945539474487305
1771502116.447434,5.081498146057129,15.016042709350586,1.137453152499912e-11,22.91847801208496,35.05707931518555,32.962032318115234,9.484712600708008
1771502116.4764218,5.74038553237915,15.224347114562988,9.099625566943992e-12,23.41455841064453,35.65773391723633,33.662445068359375,10.129393577575684
1771502116.50913,6.321560859680176,15.299712181091309,7.279700280082846e-12,23.533430099487305,36.012847900390625,34.145423889160156,10.531380653381348
1771502116.5411286,6.1754655838012695,14.99758529663086,5.8237603108024505e-12,22.827892303466797,35.44493103027344,33.73476791381836,10.340953826904297
1771502116.590143,5.570560932159424,14.775755882263184,4.659008422114308e-12,22.177804946899414,34.6395263671875,32.9945182800293,9.807775497436523
1771502116.621669,4.9362874031066895,14.414687156677246,3.727206911163794e-12,21.433019638061523,33.87604522705078,32.27186584472656,9.403585433959961
1771502116.656171,4.572716236114502,14.293227195739746,2.981765659035296e-12,21.05234718322754,33.46223449707031,31.944293975830078,9.119680404663086
1771502116.6852348,4.179355621337891,13.978471755981445,2.3854126139644105e-12,20.50800323486328,32.95777130126953,31.62710952758789,8.973898887634277
1771502116.7170172,3.8416309356689453,13.862443923950195,1.9083300478034415e-12,20.549327850341797,32.76288986206055,31.392967224121094,8.833914756774902
1771502116.7490518,3.640068531036377,13.756124496459961,1.5266641032948836e-12,20.40193748474121,32.61634063720703,31.111652374267578,8.673430442810059
1771502116.781062,3.3377482891082764,13.70882797241211,1.2213313043199503e-12,20.26249122619629,32.4374885559082,30.75122833251953,8.489808082580566
1771502116.8122363,3.078596830368042,13.620075225830078,9.770651085080906e-13,20.195789337158203,32.330875396728516,30.49577522277832,8.37891960144043
1771502116.8462348,3.1118717193603516,13.687004089355469,7.816520868064725e-13,20.340665817260742,32.479557037353516,30.532888412475586,8.322982788085938
1771502116.8812592,3.3333709239959717,13.883094787597656,6.253216802871997e-13,20.573701858520508,32.682090759277344,30.709247589111328,8.367857933044434
1771502116.9087725,3.3747169971466064,13.830575942993164,5.00257333387738e-13,20.696969985961914,32.844268798828125,30.91083526611328,8.513687133789062
1771502116.94179,3.2562592029571533,13.847429275512695,4.00205882973223e-13,20.828296661376953,32.87099838256836,30.959749221801758,8.46190357208252
1771502116.9888105,3.037757635116577,13.793214797973633,3.2016471179958927e-13,20.596797943115234,32.59638595581055,30.7688045501709,8.347586631774902
1771502117.025308,2.7858142852783203,13.823554992675781,2.56131785702704e-13,20.59403419494629,32.46197509765625,30.543594360351562,8.087904930114746
1771502117.0772495,2.567214012145996,13.787668228149414,2.049054285621632e-13,20.144269943237305,32.03665542602539,30.21694564819336,7.8153533935546875
1771502117.1087844,2.3706769943237305,13.801515579223633,1.6392434827074143e-13,19.979154586791992,31.829437255859375,29.916484832763672,7.559781074523926
1771502117.1387842,2.1452245712280273,13.590167045593262,1.31139484037604e-13,19.895402908325195,31.807872772216797,29.824586868286133,7.57710075378418
1771502117.1688747,2.0395050048828125,13.609567642211914,1.0491158994058863e-13,19.93404197692871,31.901758193969727,29.831222534179688,7.680248260498047
1771502117.200403,1.9403996467590332,13.493782043457031,8.392927601822905e-14,19.85174560546875,31.915796279907227,29.95197105407715,7.819986820220947
1771502117.2314048,1.7822890281677246,13.486635208129883,6.714342081458324e-14,19.825014114379883,31.898616790771484,29.928421020507812,7.801707744598389
1771502117.2624037,1.7666823863983154,13.376727104187012,5.3714736651666595e-14,19.545156478881836,31.89004898071289,30.120887756347656,8.054443359375
1771502117.2950165,1.819112777709961,13.423967361450195,4.297179067658599e-14,19.635211944580078,32.16325378417969,30.41510772705078,8.428505897521973
1771502117.3255286,1.7376070022583008,13.33431339263916,3.4377431863642435e-14,19.51570701599121,32.10857391357422,30.63682746887207,8.736591339111328
1771502117.3586097,1.822750449180603,13.244693756103516,2.750194515210077e-14,19.1254940032959,31.908344268798828,30.71315574645996,8.91551399230957
1771502117.3896155,2.2126500606536865,13.241772651672363,2.2001557138120152e-14,18.902896881103516,31.756420135498047,30.998132705688477,9.223034858703613
1771502117.422111,2.5420541763305664,13.43250846862793,1.760124638812248e-14,18.874080657958984,31.818574905395508,31.212039947509766,9.232696533203125
1771502117.454132,2.9359705448150635,13.550870895385742,1.4080996941091394e-14,18.86625862121582,31.841747283935547,31.417509078979492,9.439016342163086
1771502117.4852731,3.464313507080078,13.74018383026123,1.1264797891686294e-14,18.780698776245117,31.9988956451416,31.776201248168945,9.835159301757812
1771502117.5204213,3.547650098800659,13.797431945800781,9.011838482755625e-15,19.036169052124023,32.31663513183594,32.00733184814453,9.824178695678711
1771502117.548423,4.093327522277832,14.133378982543945,7.20947095561109e-15,19.610355377197266,32.94734191894531,32.55185317993164,10.138331413269043
1771502117.5804195,4.804135799407959,14.575462341308594,5.767576933895461e-15,19.94316291809082,33.4401741027832,32.93278121948242,10.239692687988281
1771502117.612956,5.502306938171387,15.084965705871582,4.6140616318196635e-15,20.435585021972656,34.093658447265625,33.365596771240234,10.460116386413574
1771502117.644508,6.132334232330322,15.535065650939941,3.691249305455731e-15,20.669721603393555,34.55716323852539,33.704349517822266,10.692377090454102
1771502117.6765146,7.005559921264648,16.01841163635254,2.9529995290678793e-15,21.07027244567871,35.258853912353516,34.221797943115234,11.015497207641602
1771502117.7090166,7.675135612487793,16.234437942504883,2.362399665605951e-15,21.02580451965332,35.774574279785156,34.60090637207031,11.44199275970459
1771502117.7450237,7.99285364151001,16.2746639251709,1.8899198171880554e-15,21.231815338134766,36.41952896118164,34.893333435058594,11.726417541503906
1771502117.7730498,7.9914093017578125,16.336790084838867,1.5119359172779154e-15,21.756921768188477,36.853031158447266,34.9024658203125,11.574843406677246
1771502117.804561,6.953829288482666,15.908845901489258,1.209548754998156e-15,21.346498489379883,36.07109069824219,34.12216567993164,10.845386505126953
1771502117.8525934,5.738918781280518,16.10260009765625,9.676390039985248e-16,20.83226203918457,35.14891052246094,32.504947662353516,9.506900787353516
1771502117.8856163,4.4720258712768555,15.8900785446167,7.74111192610908e-16,20.40792465209961,34.366722106933594,31.453054428100586,8.562230110168457
1771502117.9181354,3.556865930557251,15.351924896240234,6.192889752645501e-16,20.143970489501953,33.78017044067383,30.858768463134766,8.202680587768555
1771502117.9501405,2.6712422370910645,14.861550331115723,4.954312119753756e-16,20.165321350097656,33.42718505859375,30.367145538330078,7.681419372558594
1771502117.9821246,1.8340415954589844,14.479430198669434,3.963449801682123e-16,20.027999877929688,32.89848327636719,29.766353607177734,7.13224458694458
1771502118.0132163,1.357397437095642,14.034241676330566,3.1707598413456984e-16,19.92333984375,32.67209243774414,29.74766731262207,7.1364593505859375
1771502118.0461013,1.4603139162063599,14.096126556396484,2.536607978955677e-16,20.012521743774414,32.877296447753906,30.06121826171875,7.271998405456543
1771502118.0771065,1.3463282585144043,14.156559944152832,2.0292864625738805e-16,19.77197265625,32.620731353759766,30.0012149810791,7.3475236892700195
1771502118.1096156,1.6354591846466064,14.499065399169922,1.6234291700591044e-16,19.479047775268555,32.426597595214844,30.012176513671875,7.397744655609131
1771502118.1436155,1.8352824449539185,14.588153839111328,1.298743309577504e-16,19.62739372253418,32.69037628173828,30.185470581054688,7.595337867736816
1771502118.175628,1.8214467763900757,14.467705726623535,1.0389946344271133e-16,19.5041446685791,32.68421936035156,30.100553512573242,7.54701042175293
1771502118.207122,1.3835175037384033,14.14276123046875,8.311957472463601e-17,19.766128540039062,32.67714309692383,29.935426712036133,7.298382759094238
1771502118.2381222,0.9394835829734802,13.774165153503418,6.64956597797088e-17,20.037038803100586,32.4799690246582,29.71682357788086,6.973909854888916
1771502118.285125,0.7082210183143616,13.379301071166992,5.3196527823767045e-17,20.028873443603516,32.35472869873047,29.690595626831055,6.911565780639648
1771502118.317649,0.36472684144973755,12.986320495605469,4.2557221597269146e-17,20.259403228759766,32.44691467285156,29.662067413330078,6.91965389251709
1771502118.3491364,-0.03258243203163147,12.510920524597168,3.4045777939559807e-17,20.484642028808594,32.4718132019043,29.560121536254883,6.914968967437744
1771502118.3827746,-0.4361273944377899,12.212315559387207,2.7236622351647845e-17,20.402114868164062,32.4620475769043,29.406600952148438,6.949670314788818
1771502118.4275281,-0.9494706392288208,11.984067916870117,2.178929887393501e-17,20.178035736083984,32.28974914550781,29.09744644165039,6.857382774353027
1771502118.457528,-1.3773691654205322,11.756058692932129,1.7431440091764744e-17,20.006702423095703,32.12531661987305,28.822141647338867,6.694051742553711
1771502118.489552,-1.5685288906097412,11.657013893127441,1.394515174253955e-17,19.92759895324707,32.108863830566406,28.590648651123047,6.625207424163818
1771502118.522064,-2.0633068084716797,11.552461624145508,1.1156121228595518e-17,19.753686904907227,31.885189056396484,28.1739444732666,6.369048118591309
1771502118.553064,-2.6030187606811523,11.48767375946045,8.924897479184782e-18,19.483240127563477,31.50246810913086,27.623106002807617,6.110813617706299
1771502118.584068,-2.668205499649048,11.61841869354248,7.139917817911703e-18,19.648834228515625,31.49868392944336,27.47357749938965,6.097716808319092
1771502118.6167548,-3.2241365909576416,11.473109245300293,5.711934419765485e-18,19.352075576782227,31.00926399230957,26.98966407775879,5.8257622718811035
1771502118.647741,-3.8717384338378906,11.211960792541504,4.569547535812388e-18,19.003177642822266,30.31075096130371,26.331674575805664,5.448167324066162
1771502118.67974,-4.254919052124023,11.047262191772461,3.655638276804094e-18,18.761682510375977,29.845949172973633,26.02840805053711,5.303730487823486
1771502118.718306,-4.44087028503418,11.015382766723633,2.9245107041613365e-18,18.632980346679688,29.63559913635254,25.83661651611328,5.260983467102051
1771502118.7502887,-4.520584583282471,10.99948501586914,0.18145078420639038,18.46839141845703,29.285093307495117,25.55547332763672,5.246893882751465
1771502118.7822993,-4.424696445465088,11.138927459716797,0.17740821838378906,18.655649185180664,29.28860855102539,25.530406951904297,5.1872758865356445
1771502118.8138196,-4.2975993156433105,11.222593307495117,0.141926571726799,18.609968185424805,29.221405029296875,25.55165672302246,5.254532337188721
1771502118.8458252,-4.0285491943359375,11.28599739074707,0.14434558153152466,18.78146743774414,29.290002822875977,25.73633575439453,5.314026832580566
1771502118.8768764,-3.6241021156311035,11.386957168579102,0.11547646671533585,19.08375358581543,29.660964965820312,26.122785568237305,5.528162956237793
1771502118.9075046,-3.243276834487915,11.514236450195312,0.09238117188215256,19.30436897277832,30.03327751159668,26.4029598236084,5.707102298736572
1771502118.9414043,-2.894211530685425,11.61496639251709,0.07390493899583817,19.7326602935791,30.413990020751953,26.771764755249023,5.901303768157959
1771502118.9725504,-2.6838715076446533,11.726293563842773,0.05912395194172859,19.81603240966797,30.576862335205078,26.857315063476562,5.974034786224365
1771502119.0058665,-2.366016387939453,11.900253295898438,0.047299161553382874,20.123117446899414,30.92681121826172,27.124977111816406,6.156235218048096
1771502119.0408714,-2.173536777496338,12.005233764648438,0.03783933073282242,20.22340965270996,31.07370948791504,27.237335205078125,6.261313438415527
1771502119.0728662,-1.9864068031311035,12.126449584960938,0.030271464958786964,20.279970169067383,31.215599060058594,27.31542205810547,6.32001256942749
1771502119.1054387,-2.0145797729492188,12.096447944641113,0.05729633569717407,20.244728088378906,31.163061141967773,27.284862518310547,6.310571193695068
1771502119.148746,-2.1152100563049316,12.05527114868164,0.1349426507949829,20.196765899658203,31.125022888183594,27.25661277770996,6.231413841247559
1771502119.1837907,-2.223698377609253,12.031482696533203,0.35176292061805725,20.073673248291016,30.972618103027344,27.09585189819336,6.144514083862305
1771502119.2135131,-2.406893730163574,12.023517608642578,0.4997571110725403,19.960155487060547,30.83695411682129,26.931415557861328,5.970146656036377
1771502119.2475164,-2.261992931365967,12.085273742675781,0.3998056948184967,20.10795021057129,30.96382713317871,27.007328033447266,6.083990097045898
1771502119.2775154,-2.2660582065582275,12.099186897277832,0.36278077960014343,20.18231201171875,31.06590461730957,27.063499450683594,6.071651458740234
1771502119.3090632,-2.1373131275177,12.29516887664795,0.2902246415615082,20.321624755859375,31.189823150634766,27.08344078063965,6.057961463928223
1771502119.3420794,-2.297762870788574,12.221315383911133,0.33416616916656494,20.19643211364746,31.12702178955078,26.973182678222656,5.958436965942383
1771502119.374084,-2.3589370250701904,12.267167091369629,0.26733294129371643,20.167537689208984,31.13161849975586,26.93575668334961,5.903684616088867
1771502119.404059,-2.4895987510681152,12.184439659118652,0.2764536142349243,20.119232177734375,31.114383697509766,26.88728904724121,5.893682479858398
1771502119.4380596,-2.637547492980957,12.220308303833008,0.24224236607551575,20.06073570251465,31.03472328186035,26.7764949798584,5.762484550476074
1771502119.4700677,-2.5749714374542236,12.193765640258789,0.1937938928604126,20.105331420898438,31.119983673095703,26.88324737548828,5.806944370269775
1771502119.5004206,-2.548887252807617,12.277121543884277,0.1550351232290268,20.108230590820312,31.143798828125,26.89250373840332,5.7845611572265625
1771502119.5337884,-2.3667469024658203,12.308741569519043,0.12402810156345367,20.218618392944336,31.357046127319336,27.060894012451172,5.905149459838867
1771502119.615314,-2.797590970993042,12.16366195678711,0.3948298990726471,19.933828353881836,30.981420516967773,26.689748764038086,5.725672721862793
1771502119.6404483,-2.5686302185058594,12.220488548278809,0.3158639371395111,20.135021209716797,31.24112319946289,26.954151153564453,6.004860877990723
1771502119.6714478,-2.650362014770508,12.167075157165527,0.2526911497116089,20.062122344970703,31.125041961669922,26.89227294921875,5.98396635055542
1771502119.7039695,-2.6082496643066406,12.208507537841797,0.20215292274951935,20.164024353027344,31.179576873779297,26.961002349853516,6.031805038452148
1771502119.735295,-2.5683541297912598,12.209799766540527,0.1617223471403122,20.20915985107422,31.229591369628906,26.999553680419922,6.14190149307251
1771502119.7663953,-2.531661033630371,12.141449928283691,0.2832864820957184,20.241880416870117,31.320602416992188,27.092939376831055,6.174406051635742
1771502119.7973928,-2.5225672721862793,12.020987510681152,0.2729923725128174,20.097017288208008,31.333969116210938,27.17172622680664,6.167847633361816
1771502119.8299048,-2.347684144973755,12.08928394317627,0.21839390695095062,20.166385650634766,31.52710723876953,27.37826156616211,6.293727397918701
1771502119.8619056,-2.2024593353271484,12.13405990600586,0.17471513152122498,20.20619773864746,31.71338653564453,27.582752227783203,6.418214321136475
1771502119.8949044,-2.139608860015869,12.152300834655762,0.20994901657104492,20.263172149658203,31.761070251464844,27.615785598754883,6.439207077026367
1771502119.9244103,-1.8690977096557617,12.419857025146484,0.16795921325683594,20.571664810180664,32.11656188964844,27.857471466064453,6.555787563323975
1771502119.9554398,-1.6526598930358887,12.487861633300781,0.13436737656593323,20.736711502075195,32.36388397216797,28.067792892456055,6.673205852508545
1771502119.9864604,-1.5044188499450684,12.501330375671387,0.10749389976263046,20.839000701904297,32.53664779663086,28.18482780456543,6.728648662567139
1771502120.0476053,-1.6935923099517822,12.425267219543457,0.15080586075782776,20.733795166015625,32.343589782714844,27.94130516052246,6.614415168762207
1771502120.0671265,-1.7874633073806763,12.40333080291748,0.16192173957824707,20.690214157104492,32.22357177734375,27.79881477355957,6.527249813079834
1771502120.1001737,-1.7470488548278809,12.41692066192627,0.12953738868236542,20.627260208129883,32.189598083496094,27.8046817779541,6.494832515716553
1771502120.130686,-1.8118219375610352,12.465904235839844,0.10362990945577621,20.547508239746094,32.11656951904297,27.718914031982422,6.394532680511475
1771502120.1626852,-2.0722968578338623,12.429439544677734,0.08290392905473709,20.445493698120117,31.940143585205078,27.56205940246582,6.247797966003418
1771502120.192689,-2.381732940673828,12.347719192504883,0.06632314622402191,20.31568145751953,31.771984100341797,27.334352493286133,6.078440189361572
1771502120.2242074,-2.3291571140289307,12.369454383850098,0.05305851623415947,20.428401947021484,31.9053897857666,27.381027221679688,6.074975490570068
1771502120.2551978,-2.376958131790161,12.318013191223145,0.042446814477443695,20.37938690185547,31.899681091308594,27.370498657226562,6.0002288818359375
1771502120.2871969,-2.6397624015808105,12.135465621948242,0.033957451581954956,20.186433792114258,31.677579879760742,27.162349700927734,5.904162406921387
1771502120.3178966,-2.697892427444458,12.010177612304688,0.027165962383151054,20.111825942993164,31.589946746826172,27.119768142700195,5.939939498901367
1771502120.3488977,-2.505316734313965,12.114148139953613,0.021732769906520844,20.16451072692871,31.62649917602539,27.21939468383789,6.012148857116699
1771502120.3789392,-2.4213476181030273,12.13627815246582,0.017386216670274734,20.195293426513672,31.694644927978516,27.272808074951172,6.092798709869385
1771502120.445914,-2.3277108669281006,12.148141860961914,0.013908973895013332,20.16482925415039,31.698034286499023,27.351343154907227,6.167098522186279
1771502120.4783845,-2.2145659923553467,12.092695236206055,0.011127179488539696,20.212461471557617,31.740211486816406,27.474502563476562,6.229537010192871
1771502120.5038855,-2.1540913581848145,12.068672180175781,0.008901744149625301,20.296064376831055,31.77762222290039,27.51681137084961,6.252338886260986
1771502120.5375187,-2.1399176120758057,11.931750297546387,0.007121395319700241,20.155519485473633,31.72035026550293,27.51234245300293,6.313492774963379
1771502120.5675178,-2.1670258045196533,11.951286315917969,0.005697116255760193,20.1638240814209,31.657991409301758,27.432035446166992,6.22831916809082
1771502120.601034,-2.0053470134735107,12.096572875976562,0.004557692911475897,20.201013565063477,31.717987060546875,27.46379852294922,6.284371852874756
1771502120.6325982,-1.9956223964691162,12.099283218383789,0.003646154422312975,20.175668716430664,31.74253273010254,27.47640609741211,6.329103469848633
1771502120.6636,-1.9361906051635742,12.1006441116333,0.002916923491284251,20.14078712463379,31.83388900756836,27.556074142456055,6.379994869232178
1771502120.694602,-1.9694136381149292,12.106098175048828,0.0023335388395935297,20.210166931152344,31.848817825317383,27.6186466217041,6.356019973754883
1771502120.724132,-1.9334450960159302,12.230969429016113,0.0018668310949578881,20.378509521484375,31.922597885131836,27.64303970336914,6.209592819213867
1771502120.7571278,-1.688186526298523,12.31552791595459,0.0014934649225324392,20.440698623657227,32.14903259277344,27.948251724243164,6.422886371612549
1771502120.7871277,-1.5428887605667114,12.452924728393555,0.0011947719613090158,20.622535705566406,32.16413116455078,28.02297019958496,6.433323860168457
1771502120.828589,-1.375169277191162,12.488103866577148,0.0009558175806887448,20.789186477661133,32.254215240478516,28.122289657592773,6.538547992706299
1771502120.8765895,-1.456144094467163,12.425699234008789,0.18062816560268402,20.62941551208496,32.09416580200195,28.043046951293945,6.489518165588379
1771502120.9111044,-1.6969811916351318,12.43813419342041,0.2253834456205368,20.68035125732422,31.979412078857422,27.79312515258789,6.305891513824463
1771502120.9421368,-1.7949371337890625,12.376270294189453,0.2074263095855713,20.64055061340332,31.881839752197266,27.749937057495117,6.297931671142578
1771502120.975144,-1.641909122467041,12.481225967407227,0.1659410446882248,20.639326095581055,31.951915740966797,27.835050582885742,6.356473445892334
1771502121.0046494,-1.5584228038787842,12.546056747436523,0.13275283575057983,20.655620574951172,31.994571685791016,27.884428024291992,6.377364158630371
1771502121.0366383,-1.5091240406036377,12.54322338104248,0.10620226711034775,20.595779418945312,31.931987762451172,27.8941707611084,6.340573310852051
1771502121.0676632,-1.5387238264083862,12.529977798461914,0.08496181666851044,20.657875061035156,31.971622467041016,27.879613876342773,6.286308288574219
1771502121.1001737,-1.5563199520111084,12.589692115783691,0.06796945631504059,20.63136100769043,31.952014923095703,27.872652053833008,6.272223472595215
1771502121.163634,-1.639643907546997,12.590457916259766,0.05437556654214859,20.600357055664062,31.94880485534668,27.87152099609375,6.2291154861450195
1771502121.1967711,-1.5884404182434082,12.550353050231934,0.04350045323371887,20.630483627319336,32.04030990600586,27.982763290405273,6.380832672119141
1771502121.2280679,-1.585738182067871,12.566155433654785,0.03480036184191704,20.562105178833008,31.982372283935547,27.885812759399414,6.328728199005127
1771502121.26079,-1.464850664138794,12.610885620117188,0.02784029021859169,20.634075164794922,32.08992004394531,27.934589385986328,6.333945274353027
1771502121.28781,-1.4314697980880737,12.653701782226562,0.022272232919931412,20.63025665283203,32.113468170166016,27.90595054626465,6.340298175811768
1771502121.3189602,-1.5925157070159912,12.590705871582031,0.03342793136835098,20.499309539794922,32.04457092285156,27.76151466369629,6.229921340942383
1771502121.350963,-1.5044180154800415,12.651422500610352,0.026742344722151756,20.415525436401367,32.03306579589844,27.804380416870117,6.206683158874512
1771502121.3819647,-1.6235781908035278,12.57286548614502,0.14412268996238708,20.211105346679688,31.870975494384766,27.673513412475586,6.154809951782227
1771502121.4136798,-1.7490686178207397,12.500782012939453,0.1602623015642166,20.0943546295166,31.80094337463379,27.58722686767578,6.066317558288574
1771502121.443706,-1.8552743196487427,12.493753433227539,0.12820984423160553,19.983802795410156,31.734830856323242,27.50802230834961,5.965001106262207
1771502121.4746795,-1.9342436790466309,12.427847862243652,0.1025678738951683,20.02025604248047,31.77952766418457,27.54129409790039,6.009860038757324
1771502121.5079143,-1.9038740396499634,12.528860092163086,0.08205430209636688,20.102798461914062,31.851573944091797,27.536022186279297,5.963230133056641
1771502121.5364683,-1.6875193119049072,12.613116264343262,0.06564344465732574,20.389869689941406,32.116764068603516,27.79623031616211,6.114007949829102
1771502121.5694668,-1.574784278869629,12.665325164794922,0.052514757961034775,20.587129592895508,32.29533386230469,27.969921112060547,6.228117942810059
1771502121.599471,-1.7497203350067139,12.684279441833496,0.042011808604002,20.495817184448242,32.197959899902344,27.84394073486328,6.122636318206787
1771502121.631414,-1.883565902709961,12.642784118652344,0.03360944613814354,20.497882843017578,32.15863800048828,27.778717041015625,6.042151927947998
1771502121.6619716,-1.9853029251098633,12.566621780395508,0.0268875565379858,20.43431282043457,32.08861541748047,27.73900604248047,6.031428337097168
1771502121.6929848,-1.8843116760253906,12.585149765014648,0.0215100459754467,20.544151306152344,32.17918395996094,27.790203094482422,6.088141918182373
1771502121.7415285,-1.897862195968628,12.63768482208252,0.01720803789794445,20.593111038208008,32.17914581298828,27.787012100219727,6.1246137619018555
1771502121.773533,-1.9984409809112549,12.631768226623535,0.01376643031835556,20.599008560180664,32.15669250488281,27.72249412536621,6.015096187591553
1771502121.8040693,-2.064856767654419,12.664186477661133,0.011013144627213478,20.630786895751953,32.1435432434082,27.66434097290039,5.953337669372559
1771502121.837071,-2.1396243572235107,12.6004056930542,0.008810515515506268,20.53709602355957,32.05675506591797,27.59387969970703,5.90203332901001
1771502121.865071,-2.2199480533599854,12.518268585205078,0.007048412691801786,20.446300506591797,32.017433166503906,27.607954025268555,5.847527027130127
1771502121.8967414,-2.340043306350708,12.458868980407715,0.005638730246573687,20.38037109375,31.95864486694336,27.548540115356445,5.780228137969971
1771502121.9268284,-2.305330753326416,12.48792839050293,0.004510984290391207,20.46051788330078,31.96896743774414,27.577640533447266,5.743812561035156
1771502121.9458303,-2.181779623031616,12.489458084106445,0.0036087874323129654,20.497922897338867,32.03975296020508,27.714967727661133,5.776350021362305
1771502121.9999325,-2.2224817276000977,12.471086502075195,0.0028870298992842436,20.406827926635742,31.976613998413086,27.67926788330078,5.7357025146484375
1771502122.0300531,-2.210742235183716,12.483026504516602,0.002309623872861266,20.312480926513672,31.911949157714844,27.633317947387695,5.769270420074463
1771502122.064045,-2.1245524883270264,12.598978042602539,0.001847699168138206,20.360050201416016,31.919095993041992,27.6171817779541,5.784210205078125
1771502122.0930736,-2.140780210494995,12.602712631225586,0.0014781593345105648,20.316173553466797,31.921754837036133,27.583457946777344,5.822327136993408
1771502122.1252687,-2.0662827491760254,12.667033195495605,0.0011825275141745806,20.364368438720703,31.956401824951172,27.617345809936523,5.855014324188232
1771502122.1732912,-2.1956655979156494,12.563371658325195,0.000946022046264261,20.32231903076172,31.924888610839844,27.53229522705078,5.826043128967285
1771502122.1962833,-2.3164613246917725,12.489594459533691,0.0007568176370114088,20.274089813232422,31.89206314086914,27.436674118041992,5.778975486755371
1771502122.2253556,-2.2257654666900635,12.543670654296875,0.0006054541445337236,20.3439998626709,31.924142837524414,27.48245620727539,5.780679225921631
1771502122.2568834,-2.1477231979370117,12.47618293762207,0.00048436332144774497,20.391294479370117,31.893341064453125,27.619003295898438,5.889969825744629
1771502122.2864037,-2.022029161453247,12.52649211883545,0.00038749066879972816,20.465364456176758,31.895519256591797,27.70075225830078,5.941442966461182
1771502122.3171573,-2.1134536266326904,12.4739408493042,0.0003099925525020808,20.367740631103516,31.781932830810547,27.654478073120117,5.952835559844971
1771502122.3482933,-2.119563579559326,12.502988815307617,0.0002479940594639629,20.39101791381836,31.812482833862305,27.635757446289062,5.89727258682251
1771502122.39727,-2.0932626724243164,12.509553909301758,0.00019839525339193642,20.416629791259766,31.90847396850586,27.719863891601562,5.979312419891357
1771502122.4287732,-2.0453829765319824,12.536367416381836,0.00015871621144469827,20.466266632080078,31.980510711669922,27.781612396240234,6.028872489929199
1771502122.4608407,-2.002027750015259,12.610309600830078,0.00012697296915575862,20.565139770507812,32.058441162109375,27.80687141418457,6.054542541503906
1771502122.5204697,-2.0585813522338867,12.652235984802246,0.00010157837823498994,20.573226928710938,32.07166290283203,27.796167373657227,5.975407123565674
1771502122.551472,-1.956071376800537,12.766489028930664,8.126270404318348e-05,20.653364181518555,32.19491958618164,27.87547492980957,6.022022247314453
1771502122.5814707,-2.0616533756256104,12.759317398071289,6.50101646897383e-05,20.50527572631836,32.16169357299805,27.771671295166016,5.9112629890441895
1771502122.613984,-2.091576099395752,12.711591720581055,5.200813393457793e-05,20.4892520904541,32.10343933105469,27.686979293823242,5.943775653839111
1771502122.6445808,-2.229532480239868,12.582242965698242,4.1606508602853864e-05,20.291484832763672,32.01454544067383,27.633602142333984,5.941054821014404
1771502122.6765845,-2.4862351417541504,12.506305694580078,3.328520688228309e-05,20.07522964477539,31.769723892211914,27.35588264465332,5.70438814163208
1771502122.708103,-2.5508830547332764,12.45040512084961,2.6628165869624354e-05,19.971332550048828,31.727880477905273,27.273157119750977,5.556423664093018
1771502122.7401586,-2.6616857051849365,12.416872024536133,2.1302532331901602e-05,19.836816787719727,31.67414093017578,27.221240997314453,5.515931129455566
1771502122.7711058,-2.7787818908691406,12.38665771484375,1.7042026229319163e-05,19.777158737182617,31.565692901611328,27.12790298461914,5.437392711639404
1771502122.8026803,-2.964364767074585,12.220827102661133,1.363362116535427e-05,19.56374168395996,31.427566528320312,27.03326988220215,5.352866172790527
1771502122.8346853,-2.832915782928467,12.259016990661621,1.0906896932283416e-05,19.583066940307617,31.526241302490234,27.24204444885254,5.473789215087891
1771502122.8656864,-2.777021646499634,12.258319854736328,8.725517545826733e-06,19.629262924194336,31.550081253051758,27.250099182128906,5.537418365478516
1771502122.8957155,-2.5180118083953857,12.332734107971191,6.980414127610857e-06,19.698711395263672,31.703922271728516,27.509750366210938,5.668512344360352
1771502122.9262261,-2.375131368637085,12.352703094482422,5.584331574937096e-06,19.82375144958496,31.847427368164062,27.6402587890625,5.786400318145752
1771502122.9562266,-2.287706136703491,12.397381782531738,4.467465259949677e-06,19.85835075378418,31.847740173339844,27.710124969482422,5.815948486328125
1771502123.0057335,-2.2510852813720703,12.40873908996582,3.5739722079597414e-06,19.847557067871094,31.85947036743164,27.663951873779297,5.773550510406494
1771502123.036735,-2.1853508949279785,12.452982902526855,2.859177811842528e-06,19.83162498474121,31.91585922241211,27.723981857299805,5.8518195152282715
1771502123.0678434,-2.1001627445220947,12.43118667602539,2.2873423404234927e-06,19.821229934692383,32.01850128173828,27.79829978942871,5.956996440887451
1771502123.0967689,-2.0505852699279785,12.454459190368652,1.8298738950761617e-06,19.872119903564453,32.053749084472656,27.84624671936035,5.994147777557373
1771502123.1308265,-2.3315491676330566,12.237030029296875,0.015936385840177536,19.634817123413086,31.783145904541016,27.687063217163086,5.957918167114258
1771502123.1608264,-2.3079590797424316,12.21850872039795,0.012749108485877514,19.589366912841797,31.766307830810547,27.707740783691406,6.008788108825684
1771502123.1968307,-2.2707791328430176,12.216185569763184,0.010199286974966526,19.62730598449707,31.855587005615234,27.781295776367188,6.037633895874023
1771502123.228357,-2.2082839012145996,12.254246711730957,0.008159429766237736,19.679035186767578,31.94972038269043,27.90720558166504,6.1392621994018555
1771502123.260337,-2.3034918308258057,12.253726959228516,0.0065275439992547035,19.630638122558594,31.893970489501953,27.822250366210938,6.097543716430664
1771502123.2923431,-2.405590057373047,12.293755531311035,0.005222035106271505,19.495281219482422,31.742586135864258,27.72211265563965,6.006856441497803
1771502123.3265324,-2.664259910583496,12.24908447265625,0.004177628085017204,19.402507781982422,31.530588150024414,27.500354766845703,5.854422569274902
1771502123.3600347,-2.7446672916412354,12.34034538269043,0.003342102514579892,19.475139617919922,31.529674530029297,27.417980194091797,5.818498611450195
1771502123.3900602,-2.6845920085906982,12.30108642578125,0.0026736820582300425,19.572540283203125,31.650205612182617,27.532711029052734,5.962377548217773
1771502123.4386318,-2.536879301071167,12.399701118469238,0.0021389457397162914,19.731246948242188,31.74726104736328,27.63699722290039,6.046870231628418
1771502123.469671,-2.7948970794677734,12.204559326171875,0.0017111565684899688,19.518320083618164,31.507671356201172,27.453168869018555,5.97756290435791
1771502123.4942703,-2.8053438663482666,12.154518127441406,0.0013689253246411681,19.50966453552246,31.55874252319336,27.422534942626953,5.987841606140137
1771502123.5250652,-2.6567888259887695,12.285261154174805,0.0010951402364298701,19.727087020874023,31.730823516845703,27.592077255249023,6.055863380432129
1771502123.556066,-2.6854629516601562,12.247905731201172,0.0008761122007854283,19.723249435424805,31.675323486328125,27.599895477294922,6.038449287414551
1771502123.5980713,-2.7723000049591064,12.220015525817871,0.0007008897955529392,19.721933364868164,31.59238052368164,27.497526168823242,5.967958450317383
1771502123.6305957,-2.6395647525787354,12.30766487121582,0.0005607118364423513,19.86302947998047,31.67685317993164,27.528461456298828,6.013768196105957
1771502123.6625776,-2.7294321060180664,12.214228630065918,0.00044856948079541326,19.763938903808594,31.64152717590332,27.54291534423828,6.008788585662842
1771502123.693426,-2.677293062210083,12.243879318237305,0.0003588555846363306,19.73855209350586,31.682910919189453,27.574337005615234,6.035098552703857
1771502123.7249222,-2.6544604301452637,12.199934005737305,0.0002870844618882984,19.72316551208496,31.745159149169922,27.64153289794922,6.03984260559082
1771502123.7569265,-2.4595823287963867,12.302966117858887,0.00022966756660025567,19.788867950439453,31.81770133972168,27.72280502319336,6.0540266036987305
1771502123.7919302,-2.458117723464966,12.28421401977539,0.00018373405328020453,19.872774124145508,31.915189743041992,27.80637550354004,6.127479553222656
1771502123.8210428,-2.322395086288452,12.404826164245605,0.00014698725135531276,20.022308349609375,32.017486572265625,27.86501121520996,6.13222074508667
1771502123.880988,-2.198618173599243,12.369887351989746,0.00011758979962905869,19.974746704101562,32.04667663574219,27.996309280395508,6.286160469055176
1771502123.9125001,-2.242117404937744,12.293588638305664,9.407183824805543e-05,19.844627380371094,31.927310943603516,27.93408203125,6.307764053344727
1771502123.9434993,-2.2988266944885254,12.313851356506348,7.525747059844434e-05,19.722074508666992,31.83984375,27.836437225341797,6.275482177734375
1771502123.9745512,-2.4171388149261475,12.306207656860352,6.0205977206351236e-05,19.66204071044922,31.815067291259766,27.773324966430664,6.2508320808410645
1771502124.0050898,-2.4591188430786133,12.333282470703125,4.816478394786827e-05,19.60753631591797,31.77426528930664,27.74068260192871,6.198983192443848
1771502124.0370927,-2.460254192352295,12.421859741210938,3.853182715829462e-05,19.690702438354492,31.7327880859375,27.71611213684082,6.190874099731445
1771502124.0691824,-2.4631569385528564,12.444334030151367,3.082546390942298e-05,19.75796127319336,31.743703842163086,27.690574645996094,6.137545585632324
1771502124.1011891,-2.629227638244629,12.488943099975586,2.4660372218932025e-05,19.641639709472656,31.604642868041992,27.483327865600586,5.969546794891357
1771502124.134266,-2.7135674953460693,12.446953773498535,1.9728298866539262e-05,19.460540771484375,31.551589965820312,27.472204208374023,5.8555006980896
1771502124.1652987,-2.6277806758880615,12.579852104187012,1.578263982082717e-05,19.52443504333496,31.605804443359375,27.475059509277344,5.786200046539307
1771502124.1972864,-2.6543047428131104,12.618796348571777,1.2626112038560677e-05,19.415252685546875,31.585376739501953,27.409984588623047,5.680424690246582
1771502124.2288127,-2.733682155609131,12.565381050109863,1.0100889994646423e-05,19.272377014160156,31.4769287109375,27.380956649780273,5.696385383605957
1771502124.2598138,-2.611342430114746,12.457405090332031,8.080712177616078e-06,19.115720748901367,31.41086196899414,27.453327178955078,5.778215408325195
1771502124.3018157,-2.53228759765625,12.496612548828125,6.4645696511433925e-06,19.19011688232422,31.50528335571289,27.505903244018555,5.797064781188965
1771502124.3373244,-2.4991328716278076,12.56323528289795,5.171655629965244e-06,19.293222427368164,31.599912643432617,27.519363403320312,5.803881645202637
1771502124.371325,-2.56060791015625,12.61053466796875,4.137324594921665e-06,19.24976921081543,31.65212631225586,27.468992233276367,5.721185684204102
1771502124.402328,-2.712135076522827,12.465798377990723,3.3098597214120673e-06,19.042390823364258,31.556884765625,27.45611000061035,5.739810943603516
1771502124.4336145,-2.489645481109619,12.55003547668457,2.647887868079124e-06,19.26705551147461,31.658775329589844,27.558727264404297,5.8417744636535645
1771502124.4656544,-2.341162919998169,12.686448097229004,2.118310248988564e-06,19.460451126098633,31.774492263793945,27.597293853759766,5.850743293762207
1771502124.498679,-2.3421456813812256,12.740452766418457,1.6946481764534838e-06,19.47806739807129,31.75518035888672,27.554548263549805,5.7757792472839355
1771502124.5297537,-2.443654775619507,12.735198974609375,1.3557186093748896e-06,19.394264221191406,31.69971466064453,27.489246368408203,5.698215484619141
1771502124.561042,-2.4442567825317383,12.71121883392334,1.0845749329746468e-06,19.292999267578125,31.685855865478516,27.552532196044922,5.747505187988281
1771502124.594047,-2.255441188812256,12.782623291015625,8.676599350110337e-07,19.35208511352539,31.857587814331055,27.735254287719727,5.889338493347168
1771502124.6252,-2.0983760356903076,12.865772247314453,6.941279480088269e-07,19.504213333129883,31.99939727783203,27.842334747314453,5.954575061798096
1771502124.6567059,-2.280144691467285,12.767983436584473,5.553023925131129e-07,19.454435348510742,31.885086059570312,27.645862579345703,5.860233783721924
1771502124.688123,-2.3428640365600586,12.64200496673584,4.442419196948322e-07,19.316375732421875,31.82805824279785,27.691987991333008,5.895956993103027
1771502124.7333622,-2.3238754272460938,12.602280616760254,3.553935528088914e-07,19.267988204956055,31.775354385375977,27.72216033935547,5.913073539733887
1771502124.7663286,-2.2685465812683105,12.682901382446289,2.8431483656277123e-07,19.33321189880371,31.860273361206055,27.770381927490234,5.9615044593811035
1771502124.7973344,-2.144181489944458,12.626504898071289,2.2745187777672982e-07,19.341405868530273,31.94943618774414,27.9215087890625,6.107682228088379
1771502124.8294077,-2.230360269546509,12.598603248596191,1.8196151074789668e-07,19.320152282714844,31.880128860473633,27.869285583496094,6.072395324707031
1771502124.8647583,-2.213268756866455,12.59856128692627,1.4556921712483017e-07,19.33187484741211,31.857471466064453,27.874486923217773,6.035923957824707
1771502124.8928654,-2.2669477462768555,12.570433616638184,1.1645537512094961e-07,19.3218936920166,31.86260414123535,27.839595794677734,6.015268325805664
1771502124.925394,-2.3092117309570312,12.57101821899414,9.316430293893063e-08,19.27992057800293,31.85279083251953,27.834335327148438,5.992209434509277
1771502124.9573915,-2.255033493041992,12.534892082214355,7.45314423511445e-08,19.22528076171875,31.80902099609375,27.870725631713867,6.067310810089111
1771502124.989935,-2.1650853157043457,12.65369701385498,5.962515814417202e-08,19.407251358032227,31.88620376586914,27.844375610351562,6.084846496582031
1771502125.021474,-2.0784966945648193,12.80102825164795,4.7700126515337615e-08,19.528583526611328,31.977548599243164,27.848112106323242,6.118891716003418
1771502125.0535164,-1.938690423965454,12.785137176513672,3.8160102633355564e-08,19.655874252319336,32.043766021728516,27.970706939697266,6.302672386169434
1771502125.0864427,-1.861855387687683,12.773457527160645,3.0528081396141715e-08,19.778894424438477,32.10311508178711,28.03038215637207,6.345282554626465
1771502125.1170409,-1.86190927028656,12.674376487731934,2.4422465827456108e-08,19.67093849182129,32.057064056396484,28.0556640625,6.429370880126953
1771502125.1650364,-1.8327529430389404,12.684264183044434,1.9537973017236254e-08,19.704015731811523,32.14127731323242,28.066875457763672,6.468017101287842
1771502125.198584,-1.8564114570617676,12.603522300720215,1.563037876906037e-08,19.621456146240234,32.04648208618164,28.057222366333008,6.444741249084473
1771502125.238833,-1.7650032043457031,12.575915336608887,1.2504303370519665e-08,19.5799617767334,32.053977966308594,28.149200439453125,6.570095062255859
1771502125.2698483,-1.6447489261627197,12.615860939025879,1.0003442518780048e-08,19.656314849853516,32.120182037353516,28.228069305419922,6.693381309509277
1771502125.3018525,-1.5275508165359497,12.705801963806152,8.002754015024038e-09,19.8197078704834,32.22209167480469,28.323144912719727,6.731959819793701
1771502125.3347561,-1.4971861839294434,12.66404914855957,6.402203212019231e-09,19.806833267211914,32.266544342041016,28.395767211914062,6.785261631011963
1771502125.3653772,-1.393580436706543,12.743751525878906,5.1217625696153846e-09,19.90369987487793,32.327491760253906,28.445384979248047,6.882726669311523
1771502125.3975296,-1.3275128602981567,12.690879821777344,4.097409966874466e-09,19.82725715637207,32.31444549560547,28.526569366455078,6.898420333862305
1771502125.4280174,-1.4191348552703857,12.65324878692627,3.2779279290906516e-09,19.751758575439453,32.25602340698242,28.47507667541504,6.936308860778809
1771502125.4600194,-1.4746277332305908,12.530367851257324,2.6223423432725212e-09,19.6573486328125,32.16212463378906,28.443988800048828,6.921133995056152
1771502125.4909852,-1.4253671169281006,12.627731323242188,2.097873874618017e-09,19.777019500732422,32.228851318359375,28.48114013671875,6.971078872680664
1771502125.5212584,-1.6399399042129517,12.45138168334961,1.678299166307795e-09,19.56603240966797,32.07373046875,28.369495391845703,6.894241809844971
1771502125.551768,-1.4867016077041626,12.524504661560059,1.342639333046236e-09,19.575822830200195,32.152320861816406,28.461288452148438,6.952483654022217
1771502125.597829,-1.6057072877883911,12.524947166442871,1.0741114664369888e-09,19.52751350402832,32.08243942260742,28.441944122314453,6.808877468109131
1771502125.6304383,-1.5065737962722778,12.484811782836914,8.592891953540516e-10,19.46462631225586,32.09156036376953,28.547887802124023,6.893292427062988
1771502125.6604476,-1.4464672803878784,12.42624282836914,6.87431389589932e-10,19.415990829467773,31.983055114746094,28.567441940307617,6.906336784362793
1771502125.6934445,-1.233413577079773,12.50677490234375,5.499451449786363e-10,19.632705688476562,32.11006164550781,28.76188850402832,7.071883201599121
1771502125.7286875,-1.2454150915145874,12.662169456481934,4.399561270851393e-10,19.847713470458984,32.25312805175781,28.718700408935547,7.008368015289307
1771502125.7590616,-1.429054856300354,12.649224281311035,3.5196490166811145e-10,19.690547943115234,32.165409088134766,28.557777404785156,6.859306812286377
1771502125.7909317,-1.6792535781860352,12.685060501098633,2.815719324367194e-10,19.575191497802734,32.063785552978516,28.34345817565918,6.676578521728516
1771502125.8214335,-1.6713504791259766,12.716265678405762,2.252575487249331e-10,19.526836395263672,32.09120178222656,28.415321350097656,6.64210844039917
1771502125.8534358,-1.7434545755386353,12.712031364440918,1.802060445310616e-10,19.4317626953125,32.121158599853516,28.42600440979004,6.593743801116943
1771502125.8849065,-1.818937063217163,12.714520454406738,1.4416483284929171e-10,19.355709075927734,32.120853424072266,28.364662170410156,6.53666877746582
1771502125.9159908,-1.9875435829162598,12.757489204406738,1.1533186905499093e-10,19.29737091064453,32.0648307800293,28.265460968017578,6.396424770355225
1771502125.9499755,-1.9351420402526855,12.788801193237305,9.226549385621396e-11,19.32460594177246,32.12164306640625,28.2884578704834,6.395868301391602
1771502125.9819753,-2.0449507236480713,12.76123332977295,7.381239369719239e-11,19.2371883392334,32.0738525390625,28.2698917388916,6.387261867523193
1771502126.0296016,-2.108963966369629,12.73518180847168,5.904991773331147e-11,19.242090225219727,32.08907699584961,28.176513671875,6.35093355178833
1771502126.0616024,-2.18934965133667,12.699464797973633,4.723993418664918e-11,19.199413299560547,32.0692138671875,28.122337341308594,6.306311130523682
1771502126.0926063,-2.232325792312622,12.694541931152344,3.7791946655429953e-11,19.16738510131836,32.014163970947266,28.07723617553711,6.287686347961426
1771502126.125191,-2.285984516143799,12.706022262573242,3.0233558712122743e-11,19.200468063354492,32.063289642333984,28.07171058654785,6.273693084716797
1771502126.161191,-2.20261812210083,12.724153518676758,2.4186846969698195e-11,19.23111343383789,32.097023010253906,28.118816375732422,6.259095668792725
1771502126.1891897,-2.2859275341033936,12.740429878234863,1.934947861659264e-11,19.247634887695312,32.06944274902344,28.05368995666504,6.219454765319824
1771502126.2208004,-2.4942221641540527,12.70444393157959,1.5479582893274113e-11,19.109806060791016,31.932498931884766,27.918697357177734,6.056198596954346
1771502126.2527163,-2.3727307319641113,12.7521333694458,1.2383666141146943e-11,19.243928909301758,32.06859588623047,28.07300567626953,6.136953830718994
1771502126.2847173,-2.4696359634399414,12.595015525817871,9.906932912917554e-12,19.107704162597656,31.905929565429688,27.974525451660156,6.107017517089844
1771502126.3172936,-2.4274847507476807,12.608793258666992,7.925546503806391e-12,19.14444351196289,31.862159729003906,27.936382293701172,6.112873554229736
1771502126.3492868,-2.3720524311065674,12.621877670288086,6.340437289781287e-12,19.241050720214844,31.843421936035156,27.986316680908203,6.132162570953369
1771502126.3812897,-2.3056015968322754,12.685311317443848,5.072350092033551e-12,19.39583969116211,31.90284538269043,28.003273010253906,6.171126842498779
1771502126.4118795,-2.2954649925231934,12.716238021850586,4.057880333835362e-12,19.42599105834961,31.891807556152344,28.043392181396484,6.214852809906006
1771502126.461856,-2.0702908039093018,12.901883125305176,3.2463042670682896e-12,19.558923721313477,32.01994323730469,28.228351593017578,6.376155853271484
1771502126.4944487,-1.9511433839797974,12.955467224121094,2.5970434570227185e-12,19.724563598632812,32.07720184326172,28.272401809692383,6.435315132141113
1771502126.527776,-1.9814441204071045,12.853816986083984,2.077634722250088e-12,19.50741958618164,31.975391387939453,28.255094528198242,6.482106685638428
1771502126.5608025,-2.0936660766601562,12.76663589477539,1.6621078428522007e-12,19.407407760620117,31.812755584716797,28.109539031982422,6.391638278961182
1771502126.5927806,-2.3045239448547363,12.756351470947266,1.3296862525977171e-12,19.31156349182129,31.653902053833008,27.837650299072266,6.1429057121276855
1771502126.623293,-2.0999755859375,12.760212898254395,1.0637490237622171e-12,19.363601684570312,31.81414031982422,28.026779174804688,6.257123947143555
1771502126.6548083,-2.137995719909668,12.649040222167969,8.509992298517954e-13,19.191295623779297,31.655120849609375,27.987953186035156,6.303467750549316
1771502126.685353,-2.2357935905456543,12.560649871826172,6.807993838814363e-13,19.174596786499023,31.59844398498535,27.919200897216797,6.2836503982543945
1771502126.7179215,-2.1726021766662598,12.572786331176758,5.446395287891925e-13,19.26216697692871,31.578813552856445,27.948606491088867,6.302862644195557
1771502126.7499402,-2.091672658920288,12.650375366210938,4.3571163387337575e-13,19.453765869140625,31.644309997558594,27.98997688293457,6.321835041046143
1771502126.7809358,-2.0252373218536377,12.592879295349121,3.485693179407223e-13,19.465408325195312,31.712139129638672,28.09758186340332,6.411932945251465
1771502126.816471,-2.108842372894287,12.613308906555176,2.7885547061561045e-13,19.430194854736328,31.62264633178711,27.953369140625,6.300573348999023
1771502126.8444664,-2.1559038162231445,12.601612091064453,2.2308438191349922e-13,19.32318878173828,31.65904426574707,27.974079132080078,6.292731285095215
1771502126.8935335,-2.297039270401001,12.56598949432373,1.7846751095181024e-13,19.212749481201172,31.537134170532227,27.82512664794922,6.104703426361084
1771502126.925798,-2.321096897125244,12.588475227355957,1.4277401689296448e-13,19.24404525756836,31.603836059570312,27.82520294189453,6.049626350402832
1771502126.9578369,-2.189298152923584,12.679910659790039,1.1421922164588788e-13,19.327560424804688,31.7392520904541,27.936744689941406,6.103829383850098
1771502126.9897923,-2.228477954864502,12.709525108337402,9.137538002721574e-14,19.287038803100586,31.794506072998047,27.930320739746094,6.068870544433594
1771502127.0253077,-2.0938241481781006,12.748451232910156,7.31003053770253e-14,19.375152587890625,31.869394302368164,28.07392692565918,6.1711955070495605
1771502127.0583196,-2.012907028198242,12.737194061279297,5.848024565687296e-14,19.419172286987305,31.860069274902344,28.14581871032715,6.212528705596924
1771502127.0883114,-2.0525896549224854,12.637303352355957,4.678419788075108e-14,19.241785049438477,31.803516387939453,28.112808227539062,6.214364528656006
1771502127.1200025,-1.9673956632614136,12.626782417297363,3.742736033747994e-14,19.199369430541992,31.799053192138672,28.147775650024414,6.347128391265869
1771502127.1530018,-1.8265807628631592,12.695109367370605,2.994188962523667e-14,19.36119842529297,31.93389320373535,28.234596252441406,6.414851188659668
1771502127.183004,-1.5452574491500854,12.834782600402832,2.3953512377815692e-14,19.47601890563965,32.106807708740234,28.374834060668945,6.5279130935668945
1771502127.213513,-1.4845085144042969,12.904362678527832,1.916281091869209e-14,19.511579513549805,32.1673583984375,28.410907745361328,6.54593563079834
1771502127.2465112,-1.4662996530532837,12.864826202392578,1.533024941258003e-14,19.549869537353516,32.20418930053711,28.49658966064453,6.595445156097412
1771502127.2765114,-1.5871264934539795,12.876957893371582,1.2264199360657434e-14,19.536178588867188,32.11638259887695,28.367151260375977,6.473351955413818
1771502127.3260236,-1.7944109439849854,12.824454307556152,9.811359657932537e-15,19.453216552734375,31.977787017822266,28.18787384033203,6.282930374145508
1771502127.3580225,-1.7231523990631104,12.98083782196045,7.84908755693944e-15,19.64395523071289,32.15788269042969,28.316753387451172,6.301044464111328
1771502127.3889556,-1.7495737075805664,13.022069931030273,6.279269960848257e-15,19.650634765625,32.07316207885742,28.271053314208984,6.20521879196167
1771502127.4210835,-1.7593847513198853,12.936580657958984,5.023416138085195e-15,19.579282760620117,32.01422882080078,28.26970672607422,6.231614112854004
1771502127.4540865,-1.9037044048309326,12.92517375946045,4.018732995171451e-15,19.525074005126953,31.952417373657227,28.14693832397461,6.2370805740356445
1771502127.486078,-1.8912166357040405,13.021566390991211,3.214986396137161e-15,19.628196716308594,32.06222152709961,28.157623291015625,6.198039531707764
1771502127.5177214,-1.8907252550125122,13.063529968261719,2.5719890745580813e-15,19.66242790222168,32.033599853515625,28.08847999572754,6.105705738067627
1771502127.5497193,-1.9283320903778076,13.04324722290039,2.057591259646465e-15,19.68782615661621,32.08751678466797,28.093490600585938,6.0615739822387695
1771502127.5817285,-2.0337345600128174,12.939253807067871,1.646073007717172e-15,19.610164642333984,32.1213493347168,28.169918060302734,6.1528801918029785
1771502127.6132371,-2.062483310699463,13.021926879882812,1.3168584061737376e-15,19.737773895263672,32.22789764404297,28.184188842773438,6.125749111175537
1771502127.646228,-1.8367286920547485,13.148386001586914,1.0534867461148138e-15,19.839813232421875,32.38009262084961,28.3353214263916,6.1899871826171875
1771502127.6782305,-1.6849372386932373,13.098600387573242,8.427894180676747e-16,19.7064266204834,32.32057571411133,28.49285888671875,6.320866584777832
1771502127.7097385,-1.584953784942627,13.25328254699707,6.742315556299634e-16,19.701444625854492,32.29488754272461,28.496904373168945,6.299156188964844
1771502127.7558432,-1.612024188041687,13.319986343383789,5.393852339160589e-16,19.668212890625,32.35943603515625,28.619003295898438,6.257368564605713
1771502127.7898767,-1.5312213897705078,13.201685905456543,4.315082030147149e-16,19.60849380493164,32.4195556640625,28.771345138549805,6.352223873138428
1771502127.8208957,-1.5612496137619019,13.265419006347656,3.45206557117816e-16,19.531158447265625,32.44307327270508,28.779340744018555,6.191218852996826
1771502127.853895,-1.5755703449249268,13.15534782409668,2.761652456942528e-16,19.35593032836914,32.414588928222656,28.837980270385742,6.326503753662109
1771502127.8860042,-1.748723030090332,13.141785621643066,2.209321992023802e-16,19.307767868041992,32.376556396484375,28.808246612548828,6.193173408508301
1771502127.9174807,-1.8558053970336914,13.217473030090332,1.7674575936190416e-16,19.29010772705078,32.33115005493164,28.70723533630371,6.032664775848389
1771502127.9689794,-1.7456369400024414,13.300617218017578,1.4139661278347925e-16,19.321056365966797,32.321937561035156,28.72464942932129,6.019737243652344
1771502128.0009804,-1.6377397775650024,13.353447914123535,1.1311729287376136e-16,19.47287940979004,32.49456787109375,28.859142303466797,6.023794174194336
1771502128.0315142,-1.6932485103607178,13.329167366027832,9.049383694598705e-17,19.444469451904297,32.43258285522461,28.824769973754883,5.988912105560303
1771502128.0625308,-1.697453498840332,13.308917999267578,7.23950722037676e-17,19.385770797729492,32.40764236450195,28.849376678466797,6.058418273925781
1771502128.093537,-1.6286487579345703,13.320183753967285,5.79160564395251e-17,19.40773582458496,32.41954040527344,28.908966064453125,6.0918073654174805
1771502128.1230552,-1.6489932537078857,13.247664451599121,4.633284448987559e-17,19.227733612060547,32.293251037597656,28.924453735351562,6.089961051940918
1771502128.1550446,-1.6195011138916016,13.203692436218262,3.706627757713394e-17,19.220233917236328,32.334774017333984,29.02393341064453,6.1573262214660645
1771502128.1910565,-1.4142823219299316,13.252697944641113,2.965302206170715e-17,19.36382293701172,32.449462890625,29.192047119140625,6.288116455078125
1771502128.2213433,-1.48807692527771,13.168107032775879,2.3722418311110212e-17,19.26035499572754,32.36259460449219,29.1434383392334,6.261201858520508
1771502128.2533298,-1.465612769126892,13.278426170349121,1.897793531063266e-17,19.37125015258789,32.35348129272461,29.069442749023438,6.202513217926025
1771502128.2843347,-1.6264582872390747,13.242722511291504,1.5182349241122863e-17,19.339630126953125,32.26909637451172,28.869516372680664,5.996982574462891
1771502128.3198676,-1.7050279378890991,13.267086029052734,1.2145879227462168e-17,19.286853790283203,32.24062728881836,28.778989791870117,5.841261863708496
1771502128.3499506,-1.8873677253723145,13.216185569763184,9.716703712841979e-18,19.16393280029297,32.070640563964844,28.653635025024414,5.711724758148193
1771502128.3819578,-1.8002556562423706,13.28273868560791,7.773362804837461e-18,19.297677993774414,32.15910339355469,28.714143753051758,5.8357319831848145
1771502128.4124749,-1.9049746990203857,13.071008682250977,6.2186904920241524e-18,19.192913055419922,32.14823913574219,28.72362518310547,5.915544033050537
1771502128.44548,-1.772575855255127,13.042474746704102,4.974952476337383e-18,19.26056671142578,32.19947814941406,28.771394729614258,6.00875186920166
1771502128.476477,-1.7344037294387817,12.99533462524414,3.979962146506029e-18,19.332015991210938,32.18918991088867,28.756187438964844,6.035645484924316
1771502128.5101736,-1.6016488075256348,13.033563613891602,3.183969758563854e-18,19.496063232421875,32.22129440307617,28.771385192871094,6.032861232757568
1771502128.5416994,-1.5481233596801758,13.003379821777344,2.547175930928175e-18,19.557056427001953,32.24445343017578,28.782377243041992,6.13138484954834
1771502128.5886977,-1.5491256713867188,13.016958236694336,2.0377408274606012e-18,19.578231811523438,32.23448181152344,28.795169830322266,6.138975143432617
1771502128.6222112,-1.498147964477539,13.049322128295898,1.630192661968481e-18,19.588071823120117,32.290855407714844,28.855619430541992,6.237079620361328
1771502128.655803,-1.3432118892669678,13.176755905151367,1.3041541502543001e-18,19.752796173095703,32.41981506347656,28.960891723632812,6.2962141036987305
1771502128.6878047,-1.2990074157714844,13.134116172790527,1.04332332020344e-18,19.680620193481445,32.403377532958984,28.977371215820312,6.348474502563477
1771502128.7193277,-1.3391027450561523,13.143451690673828,8.34658687182025e-19,19.64116668701172,32.366477966308594,28.88876724243164,6.297604560852051
1771502128.7523332,-1.2981295585632324,13.215511322021484,6.677269704251353e-19,19.68515396118164,32.4116325378418,28.861722946166992,6.237971305847168
1771502128.7824054,-1.3206802606582642,13.152240753173828,5.341816073593812e-19,19.585567474365234,32.38142395019531,28.888647079467773,6.255147933959961
1771502128.812922,-1.347898244857788,13.085346221923828,4.27345285887505e-19,19.507305145263672,32.33369827270508,28.89665985107422,6.200802326202393
1771502128.8471475,-1.2547858953475952,13.0795259475708,3.41876228710004e-19,19.55728530883789,32.404151916503906,28.96965217590332,6.265833854675293
1771502128.8788517,-1.1945658922195435,13.0836181640625,2.7350098813788203e-19,19.555368423461914,32.43718719482422,29.04373550415039,6.308444499969482
1771502128.9083297,-1.2527414560317993,13.05135726928711,2.188008008500633e-19,19.560617446899414,32.417266845703125,29.00811004638672,6.259221076965332
1771502128.9408407,-1.2684292793273926,12.945148468017578,1.7504064584992945e-19,19.54050064086914,32.36021041870117,29.01003646850586,6.247066497802734
1771502128.9748416,-1.0853023529052734,12.849861145019531,1.4003251409500415e-19,19.595027923583984,32.41606521606445,29.14151382446289,6.404236316680908
1771502129.02205,-1.069174885749817,12.724000930786133,1.1202601386094273e-19,19.405345916748047,32.35432815551758,29.197925567626953,6.452342987060547
1771502129.0551481,-1.4031970500946045,12.652206420898438,8.962081238122389e-20,19.193687438964844,32.17433547973633,29.005178451538086,6.310227394104004
1771502129.0850744,-1.4533227682113647,12.731149673461914,7.169664861250941e-20,19.25444221496582,32.21444320678711,28.973976135253906,6.243942737579346
1771502129.1163352,-1.3387528657913208,12.781749725341797,5.735731759753782e-20,19.309083938598633,32.30684280395508,29.034215927124023,6.27357292175293
1771502129.1513193,-1.1792248487472534,12.786565780639648,4.5885854078030255e-20,19.374027252197266,32.50577926635742,29.120811462402344,6.281721591949463
1771502129.1833446,-1.2478541135787964,12.726816177368164,3.670868261618935e-20,19.264406204223633,32.46149826049805,29.07599449157715,6.2905120849609375
1771502129.2128322,-1.4386141300201416,12.77412223815918,2.936694738542119e-20,19.2685489654541,32.4087028503418,28.915613174438477,6.140222549438477
1771502129.2448332,-1.4685956239700317,12.829644203186035,2.349355790833695e-20,19.270376205444336,32.42144775390625,28.86217498779297,6.0861406326293945
1771502129.276832,-1.2792692184448242,12.812494277954102,1.879484729602184e-20,19.32171630859375,32.506038665771484,28.980308532714844,6.238320827484131
1771502129.3089309,-1.2084132432937622,12.763528823852539,1.5035878483052326e-20,19.26629638671875,32.48188400268555,29.063884735107422,6.424099922180176
1771502129.3456824,-1.1081794500350952,12.754401206970215,1.2028702948000574e-20,19.260053634643555,32.50845718383789,29.17226791381836,6.598716735839844
1771502129.3776867,-1.195371389389038,12.801352500915527,9.6229628430766e-21,19.282806396484375,32.49552917480469,29.148969650268555,6.5885515213012695
1771502129.4088047,-1.284804105758667,12.65130615234375,7.698370436019993e-21,19.079940795898438,32.309879302978516,29.0880069732666,6.672313690185547
1771502129.4529696,-1.2219367027282715,12.71898078918457,6.158696510374708e-21,19.18988800048828,32.362403869628906,29.13530921936035,6.704373836517334
1771502129.4897108,-1.2081694602966309,12.746376037597656,4.9269571275204094e-21,19.23063087463379,32.36744689941406,29.12439727783203,6.68653678894043
1771502129.519362,-1.2727783918380737,12.77527904510498,3.9415657020163275e-21,19.22517204284668,32.34803009033203,29.087718963623047,6.620023250579834
1771502129.5523667,-1.1531355381011963,12.832180976867676,3.153252682782097e-21,19.41460418701172,32.480316162109375,29.218505859375,6.754302978515625
1771502129.5823576,-1.2536537647247314,12.84094524383545,2.522602186615356e-21,19.435962677001953,32.48419189453125,29.192312240600586,6.774571418762207
1771502129.6158922,-1.0540883541107178,12.9077730178833,2.018081789681963e-21,19.51051902770996,32.55655288696289,29.31646728515625,6.934369087219238
1771502129.6480181,-1.1979223489761353,12.704839706420898,1.6144654115507313e-21,19.260534286499023,32.35335922241211,29.239545822143555,6.945950984954834
1771502129.6790264,-1.1230010986328125,12.660850524902344,1.2915723494354243e-21,19.292354583740234,32.341060638427734,29.2857723236084,7.051394462585449
1771502129.7095482,-0.9327448010444641,12.685324668884277,1.033257940132857e-21,19.2441349029541,32.24882888793945,29.294078826904297,7.128843784332275
1771502129.7405636,-0.8910260796546936,12.728497505187988,8.266063723011247e-22,19.3515625,32.30118942260742,29.369956970214844,7.101022720336914
1771502129.7729313,-0.8113576173782349,12.713783264160156,6.612851079383194e-22,19.307262420654297,32.292327880859375,29.480487823486328,7.221573829650879
1771502129.8060024,-0.6977236270904541,12.751651763916016,5.290280964480751e-22,19.173738479614258,32.1034049987793,29.427356719970703,7.237799644470215
1771502129.8393984,-0.554661750793457,12.821893692016602,4.2322248725587964e-22,19.25889778137207,32.097999572753906,29.502235412597656,7.3131184577941895
1771502129.8848872,-0.586749792098999,12.733438491821289,3.385779898047037e-22,19.02313232421875,31.936176300048828,29.432798385620117,7.283724308013916
1771502129.9184778,-0.6384788751602173,12.66938591003418,2.7086239689247277e-22,19.02118492126465,31.981826782226562,29.473989486694336,7.3192009925842285
1771502129.9490623,-0.5036067962646484,12.69990348815918,2.166899175139782e-22,18.94279670715332,31.935604095458984,29.531543731689453,7.392620086669922
1771502129.9816096,-0.35678520798683167,12.76256275177002,1.7335193148682767e-22,19.008386611938477,31.871137619018555,29.56487464904785,7.42411994934082
1771502130.013524,-0.251456081867218,12.821966171264648,1.3868154518946214e-22,19.185470581054688,31.978134155273438,29.633808135986328,7.479544639587402
1771502130.046527,-0.11294659227132797,12.865653038024902,1.1094523362721481e-22,19.25543785095215,32.10000991821289,29.78670883178711,7.607405185699463
1771502130.079552,-0.18470579385757446,12.872200965881348,8.87561856395944e-23,19.355405807495117,32.15571212768555,29.780603408813477,7.61345911026001
1771502130.1114452,-0.18787440657615662,12.871904373168945,7.100494724949807e-23,19.386171340942383,32.254493713378906,29.869369506835938,7.65927791595459
1771502130.1425402,-0.11813657730817795,12.94694709777832,5.68039615861308e-23,19.548274993896484,32.4664192199707,29.996234893798828,7.724681854248047
1771502130.1735609,-0.1560065597295761,12.93976879119873,4.544316863781592e-23,19.608613967895508,32.557621002197266,30.020009994506836,7.723084449768066
1771502130.2063632,0.027699925005435944,13.006895065307617,3.6354534910252735e-23,19.778121948242188,32.697208404541016,30.114723205566406,7.809271812438965
1771502130.236508,0.03623537719249725,12.998078346252441,2.9083629190379637e-23,19.84190559387207,32.775413513183594,30.14068603515625,7.880242347717285
1771502130.2725098,0.18619848787784576,13.063416481018066,2.326690335230371e-23,19.91611099243164,32.83675003051758,30.184080123901367,7.986381530761719
1771502130.3170583,0.24169772863388062,12.986028671264648,1.8613523312931692e-23,19.883264541625977,32.92644500732422,30.293521881103516,8.123435020446777
1771502130.3510497,0.31524816155433655,13.052213668823242,1.4890819281434078e-23,20.015684127807617,32.99958801269531,30.372705459594727,8.202249526977539
1771502130.3820221,0.22731336951255798,13.057206153869629,1.1912655582919443e-23,19.981571197509766,32.97146987915039,30.36787223815918,8.159872055053711
1771502130.4135282,0.2266395390033722,12.957140922546387,9.530124466335554e-24,19.66693115234375,32.755699157714844,30.29745101928711,8.157684326171875
1771502130.4455323,0.3054511249065399,13.023823738098145,7.624100046384987e-24,19.569351196289062,32.57040023803711,30.265321731567383,8.217779159545898
1771502130.477562,0.46470436453819275,13.036504745483398,6.099280037107989e-24,19.23798179626465,32.24773406982422,30.241485595703125,8.309450149536133
1771502130.5098515,0.7424113750457764,13.110339164733887,4.8794241874585725e-24,19.109338760375977,32.13166427612305,30.344650268554688,8.467533111572266
1771502130.541006,0.9167178869247437,13.175210952758789,3.903539349966858e-24,19.259212493896484,32.17815399169922,30.37458038330078,8.578577995300293
1771502130.5730045,0.8205472230911255,13.173707008361816,3.1228315194165317e-24,19.151182174682617,32.10740280151367,30.25106430053711,8.462827682495117
1771502130.6060119,0.8804070353507996,13.297298431396484,2.498265294419316e-24,19.400997161865234,32.272708892822266,30.310575485229492,8.44101333618164
1771502130.6375227,0.9375908374786377,13.365182876586914,1.9986122355354527e-24,19.54474449157715,32.440242767333984,30.4246883392334,8.460258483886719
1771502130.6699696,1.0033137798309326,13.446343421936035,1.5988898081498848e-24,19.807695388793945,32.575260162353516,30.458576202392578,8.440986633300781
1771502130.7019851,1.0442694425582886,13.471458435058594,1.2791118267983852e-24,19.949382781982422,32.80121994018555,30.609291076660156,8.469301223754883
1771502130.7495074,0.9633684158325195,13.427576065063477,1.0232894614387082e-24,19.998640060424805,32.90374755859375,30.63976287841797,8.400476455688477
1771502130.7815154,0.9647887349128723,13.49069595336914,8.186315790117278e-25,20.26569366455078,33.044376373291016,30.68303871154785,8.384623527526855
1771502130.8130574,0.932158350944519,13.545938491821289,6.549052730701436e-25,20.304725646972656,33.18224334716797,30.695589065551758,8.385153770446777
1771502130.845058,0.6439079642295837,13.468188285827637,5.239242381776375e-25,20.231040954589844,33.13319396972656,30.506406784057617,8.193526268005371
1771502130.8760564,0.5166006684303284,13.3563871383667,4.191394004028713e-25,20.001157760620117,33.08110809326172,30.419963836669922,8.213939666748047
1771502130.9112256,0.5315788388252258,13.328401565551758,3.353115153919164e-25,19.922670364379883,32.98872375488281,30.366914749145508,8.230749130249023
1771502130.943456,0.5742086172103882,13.259919166564941,2.6824921724391377e-25,19.72110366821289,32.796173095703125,30.285306930541992,8.231901168823242
1771502130.9765425,0.4285580515861511,13.14072036743164,2.1459937872551168e-25,19.481014251708984,32.538055419921875,30.152511596679688,8.164966583251953
1771502131.0065508,0.3061598837375641,13.105438232421875,1.7167950298040934e-25,19.377948760986328,32.34584426879883,30.02044105529785,8.062186241149902
1771502131.0390692,0.24530892074108124,13.019319534301758,1.373436048495178e-25,19.364774703979492,32.32933807373047,30.0156192779541,8.052815437316895
1771502131.0684018,0.28152161836624146,13.042524337768555,1.098748888099949e-25,19.406246185302734,32.40427017211914,30.07388687133789,8.14110279083252
1771502131.1004262,0.2849019467830658,13.047325134277344,8.789991104799592e-26,19.428102493286133,32.3718147277832,30.06246566772461,8.152256965637207
1771502131.1339357,0.2707609534263611,13.110018730163574,7.03199300709919e-26,19.533672332763672,32.46162033081055,29.997173309326172,8.029199600219727
1771502131.1799648,0.2550069987773895,13.187957763671875,5.625594528938868e-26,19.705141067504883,32.669063568115234,29.98274040222168,7.942600250244141
1771502131.2145133,0.08581658452749252,13.157352447509766,4.5004758080403694e-26,19.744558334350586,32.76118469238281,29.904874801635742,7.768067836761475
1771502131.2445104,-0.06969206035137177,13.189048767089844,3.6003805848025373e-26,19.89398956298828,32.90107345581055,29.918533325195312,7.606994152069092
1771502131.2765214,-0.30741605162620544,13.151171684265137,2.8803046527313045e-26,19.853954315185547,32.869380950927734,29.80650520324707,7.428828716278076
1771502131.3085186,-0.1644570231437683,13.292036056518555,2.3042437529999227e-26,19.97723388671875,33.01083755493164,29.877063751220703,7.4059038162231445
1771502131.3440306,-0.178676038980484,13.344919204711914,1.8433950640296964e-26,20.128719329833984,33.1092414855957,29.857566833496094,7.408676624298096
1771502131.3731215,-0.12827877700328827,13.312110900878906,1.4747161436683944e-26,20.1336669921875,33.22148513793945,29.96775245666504,7.488677978515625
1771502131.405145,-0.22651180624961853,13.1746826171875,1.1797729149347156e-26,19.972869873046875,33.07506561279297,29.87825584411621,7.437530040740967
1771502131.437367,-0.33093345165252686,13.121095657348633,9.438183781700911e-27,20.069961547851562,33.13901138305664,29.845813751220703,7.3897552490234375
1771502131.4703333,-0.23181261122226715,13.15485668182373,7.550547487583916e-27,20.142301559448242,33.27439880371094,29.940208435058594,7.458586692810059
1771502131.50124,-0.21813823282718658,12.986725807189941,6.040438144141528e-27,19.84614372253418,33.19709396362305,29.93878936767578,7.529609680175781
1771502131.533458,-0.24579304456710815,13.011015892028809,4.8323504382760246e-27,19.900222778320312,33.176204681396484,29.923587799072266,7.51677131652832
1771502131.613969,-0.2173524796962738,13.049076080322266,3.865880273583622e-27,19.877178192138672,33.1649284362793,29.857147216796875,7.475085258483887
1771502131.6459706,-0.4168771505355835,12.995816230773926,3.0927043344226942e-27,19.700162887573242,33.010406494140625,29.692081451416016,7.337809085845947
1771502131.6779702,-0.3349783718585968,13.075725555419922,2.4741634290195565e-27,19.741317749023438,33.0107536315918,29.6793270111084,7.302964687347412
1771502131.7097502,-0.3559377193450928,13.067902565002441,1.979330781734244e-27,19.694496154785156,32.98039627075195,29.682083129882812,7.349216461181641
1771502131.7392766,-0.3484479784965515,13.090740203857422,1.5834646446466947e-27,19.715816497802734,32.92249298095703,29.63405418395996,7.325205326080322
1771502131.7722774,-0.23216864466667175,13.225337028503418,1.2667717542359546e-27,19.923946380615234,33.044105529785156,29.69301986694336,7.328177452087402
1771502131.8013012,-0.2387966364622116,13.287832260131836,1.0134174033887637e-27,19.905153274536133,33.01445007324219,29.640352249145508,7.302324295043945
1771502131.832851,-0.31765997409820557,13.287134170532227,8.107339804889093e-28,19.881765365600586,32.98202896118164,29.604766845703125,7.244717121124268
1771502131.8628545,-0.37284350395202637,13.244614601135254,6.485871940207772e-28,19.827926635742188,32.96108627319336,29.591447830200195,7.236349582672119
1771502131.894859,-0.38991567492485046,13.229455947875977,5.18869745586972e-28,19.811574935913086,32.95724105834961,29.642141342163086,7.235929012298584
1771502131.9249272,-0.2954820990562439,13.305456161499023,4.150958253585268e-28,19.98733901977539,33.063865661621094,29.763059616088867,7.334309101104736
1771502131.9569275,-0.3087432384490967,13.304277420043945,3.320766651016463e-28,19.907760620117188,32.97108459472656,29.772850036621094,7.369665145874023
1771502131.9989681,-0.1589735448360443,13.310586929321289,2.6566133208131702e-28,19.86150360107422,32.93631362915039,29.847244262695312,7.4708757400512695
1771502132.0462062,-0.19091933965682983,13.207235336303711,2.125290656650536e-28,19.762767791748047,32.84224319458008,29.841957092285156,7.514956474304199
1771502132.0781322,-0.03735707700252533,13.285122871398926,1.7002325012463046e-28,19.80101776123047,32.91007614135742,29.95653533935547,7.6022162437438965
1771502132.1002343,-0.006121432408690453,13.229084968566895,1.3601859769229194e-28,19.588903427124023,32.76417922973633,29.926427841186523,7.67000150680542
1771502132.1317773,0.04018041118979454,13.061397552490234,1.0881488537607084e-28,19.489946365356445,32.67341995239258,30.002777099609375,7.808252811431885
1771502132.1617947,0.10952585935592651,13.087773323059082,8.705190709715046e-29,19.563283920288086,32.67353057861328,30.02195167541504,7.840220928192139
1771502132.1948338,0.15190306305885315,13.179197311401367,6.964152447401415e-29,19.642776489257812,32.77358627319336,30.04951286315918,7.833007335662842
1771502132.2252603,0.21850748360157013,13.19316291809082,5.571322319032997e-29,19.731056213378906,32.95878219604492,30.20458221435547,7.861805438995361
1771502132.254926,0.21785840392112732,13.197885513305664,4.4570577950410867e-29,19.744434356689453,32.98869705200195,30.252750396728516,7.854829788208008
1771502132.2870204,0.09191665798425674,13.303434371948242,3.5656462360328693e-29,19.877422332763672,33.04460525512695,30.223278045654297,7.717863082885742
1771502132.3190694,0.08203747868537903,13.474527359008789,2.852517109196917e-29,20.070728302001953,33.16059875488281,30.18877410888672,7.526774883270264
1771502132.350061,-0.09314239770174026,13.432727813720703,2.2820137776354997e-29,20.03147315979004,33.03318786621094,30.0696964263916,7.335811614990234
1771502132.3970656,-0.048173077404499054,13.568984031677246,1.825611112386366e-29,20.18556022644043,33.1226921081543,30.054954528808594,7.265183448791504
1771502132.4306703,-0.060242488980293274,13.668691635131836,1.4604889500944035e-29,20.313899993896484,33.18109893798828,29.998483657836914,7.162380695343018
1771502132.4776692,0.020227819681167603,13.801956176757812,1.1683912052145059e-29,20.405420303344727,33.30007553100586,30.04871368408203,7.220829486846924
1771502132.5134711,-0.10556062310934067,13.73123836517334,9.347130093105878e-30,20.28248405456543,33.28691864013672,30.00581169128418,7.187112808227539
1771502132.5396638,-0.15179204940795898,13.569774627685547,7.477704375411256e-30,20.16082000732422,33.28387451171875,30.00625991821289,7.30147647857666
1771502132.5696332,-0.16663672029972076,13.6896390914917,5.98216372602392e-30,20.295127868652344,33.374996185302734,29.9765625,7.177967071533203
1771502132.6016386,0.07748362421989441,13.802352905273438,4.785730905587498e-30,20.456146240234375,33.647621154785156,30.244361877441406,7.34678840637207
1771502132.6341417,0.04865456372499466,13.78063678741455,3.828584724469998e-30,20.40665626525879,33.589195251464844,30.23282814025879,7.3809685707092285
1771502132.6651418,0.017771467566490173,13.706215858459473,3.0628678924234562e-30,20.370742797851562,33.4733772277832,30.206180572509766,7.411678791046143
1771502132.6961582,0.08587648719549179,13.628368377685547,2.4502942763229457e-30,20.350746154785156,33.43519973754883,30.21475601196289,7.509285926818848
1771502132.7266712,0.0703950747847557,13.609478950500488,1.9602353834425374e-30,20.342456817626953,33.447105407714844,30.213775634765625,7.498551368713379
1771502132.7576728,0.15514390170574188,13.656488418579102,1.5681883631777587e-30,20.390939712524414,33.48366928100586,30.239852905273438,7.543100357055664
1771502132.7986994,0.07026995718479156,13.693746566772461,1.2545506717342974e-30,20.387014389038086,33.45925521850586,30.166622161865234,7.4191718101501465
1771502132.830222,0.04227462410926819,13.763744354248047,1.0036405561953475e-30,20.46706771850586,33.49738311767578,30.128829956054688,7.335326194763184
1771502132.864215,-0.10217484831809998,13.687707901000977,8.029124825720972e-31,20.409927368164062,33.45671081542969,30.074739456176758,7.2485527992248535
1771502132.910209,-0.029714591801166534,13.852523803710938,6.423299860576778e-31,20.610248565673828,33.59431457519531,30.167804718017578,7.220499038696289
1771502132.943007,-0.0010888651013374329,13.947689056396484,5.1386401705800665e-31,20.63568115234375,33.65321731567383,30.171815872192383,7.163563251495361
1771502132.975707,0.03469398245215416,14.076164245605469,4.110912042424505e-31,20.725502014160156,33.74113464355469,30.150121688842773,7.088218688964844
1771502133.0057266,0.07248124480247498,14.09226131439209,3.288729680959378e-31,20.77244758605957,33.81435012817383,30.235034942626953,7.0881805419921875
1771502133.0352678,-0.14510774612426758,13.955558776855469,2.6309836977477285e-31,20.537233352661133,33.688720703125,30.12627601623535,6.981433868408203
1771502133.0683277,-0.18126413226127625,13.90859317779541,2.104787052237731e-31,20.5137939453125,33.72849655151367,30.140043258666992,6.895052909851074
1771502133.0988786,-0.15568682551383972,13.929323196411133,1.6838297123198457e-31,20.531532287597656,33.7443733215332,30.197214126586914,6.928558826446533
1771502133.130384,-0.243821382522583,13.85822868347168,1.3470637463459896e-31,20.455921173095703,33.7396354675293,30.231679916381836,7.003920078277588
1771502133.162503,-0.28611239790916443,13.77847957611084,1.0776510205866787e-31,20.392108917236328,33.69273376464844,30.212352752685547,7.025396823883057
1771502133.1976576,-0.347406268119812,13.641833305358887,8.6212083997923e-32,20.22356605529785,33.67416000366211,30.219526290893555,7.076998710632324
1771502133.2281826,-0.2759639024734497,13.628931045532227,6.896966837383275e-32,20.24005126953125,33.72770690917969,30.259193420410156,7.103943824768066
1771502133.2611697,0.025722220540046692,13.670710563659668,5.517573587456055e-32,20.293724060058594,33.94696044921875,30.49114990234375,7.324055194854736
1771502133.2973516,0.09322096407413483,13.531582832336426,4.414058869964844e-32,20.167160034179688,33.89519500732422,30.51664161682129,7.514312744140625
1771502133.341572,0.19440513849258423,13.425610542297363,3.5312470371971575e-32,19.94761848449707,33.775177001953125,30.576587677001953,7.729280948638916
1771502133.3742754,0.301908940076828,13.337900161743164,2.8249976885324436e-32,19.921749114990234,33.742488861083984,30.589122772216797,7.931739330291748
1771502133.4301817,0.4118605852127075,13.324752807617188,2.2599982389880312e-32,19.86235237121582,33.68140411376953,30.61853790283203,8.093189239501953
1771502133.460179,0.5279465317726135,13.26375961303711,1.8079986205777837e-32,19.760276794433594,33.56209945678711,30.63980484008789,8.192153930664062
1771502133.492181,0.6676894426345825,13.347658157348633,1.4463989258495857e-32,19.67915916442871,33.57473373413086,30.685453414916992,8.289546012878418
1771502133.5216932,0.7061688899993896,13.245331764221191,1.1571191700670274e-32,19.502819061279297,33.38872528076172,30.643699645996094,8.331290245056152
1771502133.5536942,0.9124106764793396,13.414450645446777,9.256953360536219e-33,19.76861572265625,33.523311614990234,30.812175750732422,8.44371223449707
1771502133.5847073,1.0276650190353394,13.486536979675293,7.405562982302563e-33,19.89168930053711,33.665855407714844,30.904098510742188,8.470418930053711
1771502133.6157873,1.1461800336837769,13.506120681762695,5.92445038584205e-33,19.736305236816406,33.554996490478516,30.916994094848633,8.544061660766602
1771502133.6487784,1.352913737297058,13.587430953979492,4.739560529078831e-33,19.525999069213867,33.34332275390625,30.87327003479004,8.624000549316406
1771502133.6787798,1.428138256072998,13.585274696350098,3.791648496731462e-33,19.49542236328125,33.23577117919922,30.812633514404297,8.646276473999023
1771502133.7097812,1.2974745035171509,13.56833553314209,3.0333189075877648e-33,19.51752471923828,33.26927947998047,30.7666072845459,8.544877052307129
1771502133.7392907,1.3207075595855713,13.589609146118164,2.4266550893360133e-33,19.41895294189453,33.22112274169922,30.745277404785156,8.531667709350586
1771502133.773292,1.5388832092285156,13.624879837036133,1.9413241449372076e-33,19.363311767578125,33.14777755737305,30.846223831176758,8.672850608825684
1771502133.8053036,1.589211344718933,13.6787748336792,1.5530592792155676e-33,19.416597366333008,33.06018829345703,30.740375518798828,8.623993873596191
1771502133.832418,1.513005018234253,13.702771186828613,1.2424474784737518e-33,19.48912811279297,33.04631042480469,30.680580139160156,8.519086837768555
1771502133.8634121,1.539203405380249,13.681848526000977,9.939579827790014e-34,19.61016082763672,33.06033706665039,30.64181900024414,8.483543395996094
1771502133.8954134,1.5330724716186523,13.606254577636719,7.951663678561019e-34,19.462013244628906,33.00163269042969,30.578222274780273,8.467999458312988
1771502133.9279315,1.6832973957061768,13.661493301391602,6.361330942848815e-34,19.504077911376953,33.03285217285156,30.646068572998047,8.55649185180664
1771502133.957931,1.5925583839416504,13.594256401062012,5.0890649379500446e-34,19.382221221923828,32.87583923339844,30.53761100769043,8.52750301361084
1771502133.9969292,1.7148059606552124,13.61490535736084,4.071252134031028e-34,19.41287612915039,32.834434509277344,30.576845169067383,8.655261993408203
1771502134.029486,1.7008397579193115,13.546344757080078,3.2570016613070743e-34,19.33940315246582,32.66590118408203,30.4921817779541,8.746099472045898
1771502134.0614917,1.695658564567566,13.601336479187012,2.6056014667989037e-34,19.572790145874023,32.75984191894531,30.481197357177734,8.774898529052734
1771502134.0924864,1.2503150701522827,13.484773635864258,2.084481173439123e-34,19.407875061035156,32.6616325378418,30.147689819335938,8.480767250061035
1771502134.1249924,1.0751558542251587,13.433937072753906,1.6675849846690464e-34,19.333715438842773,32.61700439453125,29.965862274169922,8.316194534301758
1771502134.1579938,0.9223734736442566,13.362356185913086,1.334067964776363e-34,19.33464241027832,32.62318801879883,29.901342391967773,8.161765098571777
1771502134.2059948,0.9648780822753906,13.375043869018555,1.0672543947799645e-34,19.380796432495117,32.65080642700195,29.94291877746582,8.177986145019531
1771502134.2345018,0.9976298809051514,13.46607780456543,8.538035043445346e-35,19.490245819091797,32.69355010986328,29.947755813598633,8.119592666625977
1771502134.266511,1.119352102279663,13.61907958984375,6.830428034756277e-35,19.749448776245117,32.881446838378906,29.966033935546875,8.052253723144531
1771502134.2975137,0.9504473209381104,13.602736473083496,5.464342313010651e-35,19.751850128173828,32.747737884521484,29.771732330322266,7.8975019454956055
1771502134.3298504,0.8855043649673462,13.795661926269531,4.371473793011336e-35,20.002180099487305,32.80660629272461,29.55377960205078,7.6636643409729
1771502134.361989,0.7466259002685547,13.869234085083008,3.497179206600624e-35,19.996604919433594,32.79429244995117,29.33230972290039,7.5727128982543945
1771502134.3919895,0.49025583267211914,13.968442916870117,2.7977434226776843e-35,20.047767639160156,32.500526428222656,28.90560531616211,7.338696002960205
1771502134.4288993,-0.05396181344985962,13.888511657714844,2.23819476684074e-35,19.9643497467041,31.88568878173828,28.029834747314453,6.794617176055908
1771502134.461597,-0.35993674397468567,14.040761947631836,1.7905558421711845e-35,19.95521354675293,31.38872718811035,27.280475616455078,6.286515235900879
1771502134.4916103,-0.7456614971160889,13.958549499511719,1.4324447598327253e-35,19.922626495361328,31.046630859375,26.674423217773438,5.908874988555908
1771502134.5267305,-0.8050655722618103,14.109968185424805,1.1459558222154765e-35,20.1177978515625,30.943178176879883,26.308197021484375,5.67956018447876
1771502134.5607316,-1.0384491682052612,14.077066421508789,9.1676470082027e-36,20.1619815826416,30.805004119873047,25.97213363647461,5.42885684967041
1771502134.6077392,-1.0950438976287842,14.206283569335938,7.33411760656216e-36,20.23989486694336,30.703367233276367,25.707937240600586,5.180064678192139
1771502134.6390004,-1.1528860330581665,14.244826316833496,5.8672941569962095e-36,20.361907958984375,30.71658706665039,25.523571014404297,5.015007972717285
1771502134.6710005,-1.082924246788025,14.365927696228027,4.693835253850486e-36,20.45361328125,30.779476165771484,25.432472229003906,4.873641014099121
1771502134.703008,-0.9718620181083679,14.525580406188965,3.755068418319833e-36,20.436201095581055,30.815383911132812,25.366107940673828,4.748836994171143
1771502134.7325096,-0.8076068162918091,14.712285995483398,3.0040547705291072e-36,20.604421615600586,31.00787353515625,25.371755599975586,4.751849174499512
1771502134.7820299,-0.7490611672401428,14.739359855651855,2.4032438164232857e-36,20.757366180419922,31.16243553161621,25.454620361328125,4.7375946044921875
1771502134.811035,-0.5925391912460327,14.75629997253418,1.92259512488511e-36,20.864709854125977,31.4676570892334,25.804805755615234,4.901064872741699
1771502134.8415444,-0.508543074131012,14.677324295043945,1.5380761357813287e-36,20.87009048461914,31.645740509033203,26.159423828125,5.014859676361084
1771502134.874541,-0.45405831933021545,14.59566879272461,1.2304609444983036e-36,20.984371185302734,31.874353408813477,26.579051971435547,5.181011199951172
1771502134.905548,-0.43772104382514954,14.457769393920898,9.84368809408504e-37,21.037450790405273,32.058231353759766,26.922401428222656,5.331378936767578
1771502134.935077,-0.3160623013973236,14.332592010498047,7.874950295901828e-37,21.286537170410156,32.16925048828125,27.22308349609375,5.569606781005859
1771502134.9670854,-0.24125458300113678,14.262374877929688,6.299960326404564e-37,21.79511070251465,32.38671875,27.497434616088867,5.8426737785339355
1771502135.0000908,-0.37558406591415405,14.0615234375,5.039968350806753e-37,22.182153701782227,32.49980545043945,27.66070556640625,5.951984405517578
1771502135.0376043,-0.059450119733810425,14.143342971801758,4.031974680645402e-37,22.965354919433594,33.10602569580078,28.26520538330078,6.273301124572754
1771502135.0706027,0.11292038857936859,13.887687683105469,3.2255798790409745e-37,23.615877151489258,33.67884826660156,29.056594848632812,6.648448467254639
1771502135.092624,0.1830713152885437,13.72411060333252,2.5804639929158813e-37,24.241722106933594,34.14314270019531,29.58125877380371,6.79302978515625
1771502135.122933,0.21338510513305664,13.391008377075195,2.064371149491154e-37,24.71356773376465,34.73640823364258,30.28692626953125,7.03286075592041
1771502135.1539333,0.4477267563343048,13.100032806396484,1.6514969420136988e-37,25.32799530029297,35.64169692993164,31.3800048828125,7.464345455169678
1771502135.1990957,0.7764031291007996,12.69260025024414,1.321197553610959e-37,26.033668518066406,37.053470611572266,33.2568473815918,8.378999710083008
1771502135.2315993,0.9218137264251709,12.186795234680176,1.0569580653095426e-37,26.355361938476562,38.260040283203125,34.92053985595703,9.160585403442383
1771502135.2635112,0.6732783913612366,11.728649139404297,8.455664746684095e-38,26.684974670410156,39.14915084838867,36.36388397216797,9.874540328979492
1771502135.2945685,0.35983994603157043,11.143640518188477,6.764531797347276e-38,26.631610870361328,39.872318267822266,37.73298263549805,10.587566375732422
1771502135.3271062,0.3695334196090698,10.888961791992188,5.411625774189453e-38,26.968717575073242,40.678245544433594,39.038509368896484,11.354637145996094
1771502135.3581073,0.3014930188655853,10.747087478637695,4.3293006754035006e-38,27.07370376586914,41.234928131103516,39.97548294067383,11.873468399047852
1771502135.3891282,0.21076299250125885,10.617876052856445,3.463440596374739e-38,27.122879028320312,41.644371032714844,40.78815460205078,12.410921096801758
1771502135.4217265,0.1214791089296341,10.596752166748047,2.7707524210478527e-38,27.215049743652344,41.94134521484375,41.42844772338867,12.791969299316406
1771502135.4707644,-0.10350821912288666,10.474900245666504,2.2166019368382821e-38,27.249740600585938,42.1029052734375,41.9339714050293,13.187549591064453
1771502135.5007997,-0.26355698704719543,10.555416107177734,1.7732815494706257e-38,27.299808502197266,42.25008773803711,42.45001983642578,13.691800117492676
1771502135.5305598,-0.2948550581932068,10.640064239501953,1.4186252395765006e-38,27.509092330932617,42.606117248535156,42.91151428222656,14.027810096740723
1771502135.5625572,-0.38199156522750854,10.724143981933594,1.1349002757391083e-38,27.469940185546875,42.589813232421875,43.2126350402832,14.443438529968262
1771502135.6000364,-0.6811020374298096,10.867572784423828,9.079201925653174e-39,27.2130069732666,42.168758392333984,43.24729537963867,15.108316421508789
1771502135.630461,-1.291453242301941,11.050435066223145,0.1683245450258255,26.798673629760742,41.422847747802734,42.87895584106445,15.515032768249512
1771502135.6620593,-1.757781982421875,11.30542278289795,0.4216281771659851,26.493732452392578,40.7960090637207,42.67796325683594,16.298498153686523
1771502135.6930587,-2.2149343490600586,11.49087142944336,0.5801759362220764,26.10498809814453,40.17414093017578,42.607337951660156,17.318559646606445
1771502135.7245717,-2.7687151432037354,11.6759033203125,0.9012480974197388,25.670146942138672,39.540931701660156,42.414093017578125,18.050138473510742
1771502135.7567992,-3.177990436553955,11.974752426147461,1.0598270893096924,25.419281005859375,38.97062301635742,42.33292007446289,18.793201446533203
1771502135.7888043,-3.2945284843444824,12.419967651367188,1.1954436302185059,25.359676361083984,38.69255447387695,42.384368896484375,19.69508934020996
1771502135.8203573,-3.3391363620758057,12.962957382202148,1.3366127014160156,25.336265563964844,38.467926025390625,42.68829345703125,20.808378219604492
1771502135.8523266,-3.4697206020355225,13.51850700378418,1.543696641921997,25.019094467163086,38.067928314208984,42.715118408203125,21.558191299438477
1771502135.9034698,-3.4547884464263916,14.222342491149902,1.9026427268981934,24.7841796875,37.92768478393555,42.88090896606445,22.442659378051758
1771502135.9339647,-3.4932055473327637,14.693597793579102,2.2342166900634766,24.4459228515625,37.867061614990234,43.196998596191406,23.287023544311523
1771502135.9639342,-3.5769784450531006,15.060131072998047,2.397697687149048,24.120840072631836,37.8138313293457,43.400108337402344,23.964635848999023
1771502135.996938,-3.8063244819641113,15.452624320983887,2.7562098503112793,23.746599197387695,37.48541259765625,43.555747985839844,24.489530563354492
1771502136.029509,-3.9567689895629883,15.921876907348633,2.9992687702178955,23.593795776367188,37.25503921508789,43.674896240234375,24.984100341796875
1771502136.061509,-4.242046356201172,16.341650009155273,3.278982162475586,23.288164138793945,36.893184661865234,43.718414306640625,25.245512008666992
1771502136.0950592,-4.2520904541015625,16.6344051361084,3.4933717250823975,23.02960968017578,36.86398696899414,43.987892150878906,25.856075286865234
1771502136.1542873,-4.649626731872559,16.789649963378906,3.7270045280456543,22.567371368408203,36.45646667480469,43.8511962890625,26.099716186523438
1771502136.1872835,-4.897104263305664,17.08873176574707,4.030346393585205,22.190467834472656,36.0000114440918,43.6306037902832,26.16140365600586
1771502136.2179182,-5.183743476867676,17.107097625732422,4.18996000289917,21.85215187072754,35.705509185791016,43.58790588378906,26.26634407043457
1771502136.2489686,-5.380282878875732,17.11734390258789,4.288860321044922,21.67672348022461,35.624961853027344,43.73039245605469,26.33694076538086
1771502136.2809463,-5.453568458557129,17.183860778808594,4.397112846374512,21.51451873779297,35.48737716674805,43.871856689453125,26.449623107910156
1771502136.3099513,-5.22152042388916,17.328392028808594,4.40317440032959,21.530426025390625,35.65252685546875,44.32561492919922,26.63802719116211
1771502136.3412218,-5.088007926940918,17.50986671447754,4.420816421508789,21.604524612426758,35.83793640136719,44.958160400390625,26.663713455200195
1771502136.3732216,-5.257797718048096,17.59426498413086,4.562718868255615,21.485231399536133,35.75950622558594,45.159969329833984,26.502330780029297
1771502136.4042907,-5.36549711227417,17.6044921875,4.528685569763184,21.40081024169922,35.91953659057617,45.59750747680664,26.326416015625
1771502136.4362147,-5.4127092361450195,17.63358497619629,4.3559956550598145,21.637845993041992,36.32836151123047,46.182857513427734,26.264678955078125
1771502136.4682097,-5.479081153869629,17.678281784057617,4.289004325866699,21.786039352416992,36.65920639038086,46.59367370605469,26.42136573791504
1771502136.4992342,-5.7445268630981445,17.65251922607422,4.3563714027404785,21.715877532958984,36.80522537231445,47.07276916503906,26.547697067260742
1771502136.5308068,-5.7214508056640625,17.31632423400879,4.231404781341553,21.792940139770508,37.65471267700195,48.188697814941406,27.27311134338379
1771502136.5618043,-5.529481887817383,17.12468910217285,4.296989440917969,21.936290740966797,38.553924560546875,49.382720947265625,28.105939865112305
1771502136.5938072,-5.394045829772949,16.856555938720703,4.113679885864258,22.24233627319336,39.49346160888672,50.33415222167969,28.969924926757812
1771502136.625725,-5.286534786224365,16.546796798706055,4.013194561004639,22.522165298461914,40.26546096801758,51.1912727355957,29.709686279296875
1771502136.656372,-5.912416458129883,15.981932640075684,3.887134313583374,22.30095672607422,40.472103118896484,51.35486602783203,29.77912139892578
1771502136.6865733,-6.323583602905273,15.639018058776855,3.830622434616089,22.15951919555664,40.768089294433594,51.47795486450195,29.927066802978516
1771502136.7171178,-6.921401023864746,14.990219116210938,3.1923675537109375,22.2520694732666,42.02531051635742,51.918582916259766,30.24294662475586
1771502136.7661135,-7.583163261413574,14.545136451721191,2.9333579540252686,22.494140625,43.157615661621094,52.078609466552734,30.303232192993164
1771502136.7991445,-8.274381637573242,14.050870895385742,2.6197116374969482,22.6356143951416,44.2188720703125,52.30552291870117,30.560739517211914
1771502136.8316643,-8.858636856079102,13.678110122680664,2.4385952949523926,22.919002532958984,45.36970901489258,52.738868713378906,30.821138381958008
1771502136.8606646,-9.258853912353516,13.467058181762695,2.5260579586029053,23.233535766601562,46.48241424560547,53.30088806152344,31.040401458740234
1771502136.8932703,-9.751764297485352,13.071690559387207,2.431718349456787,23.54471206665039,47.52616882324219,53.91477966308594,31.434511184692383
1771502136.9258885,-10.426054954528809,12.727432250976562,2.111393451690674,23.641990661621094,48.33564758300781,54.482421875,31.715131759643555
1771502136.9598858,-11.319246292114258,12.27712631225586,1.6891148090362549,23.83916473388672,48.93785095214844,55.04661178588867,32.12086486816406
1771502136.9899156,-12.589107513427734,11.709440231323242,1.4083638191223145,23.890432357788086,49.04859924316406,55.324134826660156,32.2959098815918
1771502137.0211635,-13.592913627624512,11.127047538757324,1.1691724061965942,24.00417709350586,49.26673889160156,55.75040054321289,32.80986022949219
1771502137.0526404,-14.71667194366455,10.31507396697998,0.9353379607200623,24.294857025146484,49.68512725830078,56.34382629394531,33.702789306640625
1771502137.0846324,-15.606656074523926,9.481277465820312,0.7482703924179077,24.65452003479004,50.285621643066406,57.11121368408203,34.809356689453125
1771502137.1162338,-16.365968704223633,8.786081314086914,0.5986163020133972,25.056865692138672,51.0029182434082,58.06683349609375,35.87004852294922
1771502137.1482313,-17.130355834960938,8.091240882873535,0.4788930416107178,25.329479217529297,51.9551887512207,59.172821044921875,36.995018005371094
1771502137.1982343,-17.917682647705078,7.337852954864502,0.38311442732810974,25.714061737060547,52.75340270996094,60.157711029052734,38.22315216064453
1771502137.2327487,-18.513944625854492,6.613746643066406,0.30649155378341675,26.387968063354492,53.57746505737305,61.05568313598633,39.4586067199707
1771502137.2647486,-19.067970275878906,5.984317779541016,0.2451932430267334,26.916852951049805,54.42528533935547,61.85366439819336,40.36024475097656
1771502137.2934735,-19.391128540039062,5.469536304473877,0.19615459442138672,27.383441925048828,55.45768737792969,62.760040283203125,41.29775619506836
1771502137.3259423,-19.96380615234375,5.144927501678467,0.15692368149757385,27.84066390991211,56.413997650146484,63.56278991699219,41.959388732910156
1771502137.35705,-20.351648330688477,4.9212141036987305,0.12553894519805908,28.392194747924805,57.3832893371582,64.35493469238281,42.666866302490234
1771502137.3900504,-20.85551643371582,4.664344310760498,0.1004311591386795,28.903564453125,58.32075119018555,64.93936920166016,43.37467956542969
1771502137.421623,-21.49618911743164,4.614141464233398,0.08034493029117584,29.99458885192871,59.4417839050293,65.67852783203125,44.06601333618164
1771502137.4521792,-22.17477798461914,4.525348663330078,0.06427594274282455,31.54039192199707,60.75178527832031,66.54618072509766,45.1062126159668
1771502137.5121527,-22.98215103149414,4.343755722045898,0.05142075568437576,33.14942169189453,62.02413558959961,67.3136978149414,45.973838806152344
1771502137.541747,-23.984766006469727,4.202126979827881,0.09162450581789017,34.63005828857422,63.02265167236328,67.80831146240234,46.483707427978516
1771502137.5747347,-24.593400955200195,4.327362537384033,0.19233077764511108,36.0349006652832,64.06108093261719,68.4337387084961,46.86522674560547
1771502137.6048028,-24.90985870361328,4.503734588623047,0.3644740879535675,37.51487350463867,65.02635955810547,69.01520538330078,47.13969421386719
1771502137.6359792,-25.172222137451172,4.607764720916748,0.5986638069152832,38.684356689453125,65.85392761230469,69.28861999511719,47.31797790527344
1771502137.667901,-25.35889434814453,4.54197883605957,0.890586256980896,39.69500732421875,66.7022705078125,69.5696029663086,47.48651123046875
1771502137.6984284,-25.418636322021484,4.4370646476745605,1.297842025756836,40.815185546875,67.61336517333984,69.89895629882812,47.738983154296875
1771502137.7291002,-25.49570083618164,4.425522804260254,1.6395601034164429,41.74843978881836,68.48949432373047,70.10433959960938,47.822418212890625
1771502137.759803,-25.506755828857422,4.4557085037231445,1.8458384275436401,42.713478088378906,69.44236755371094,70.47012329101562,48.056644439697266
1771502137.7908494,-25.51510238647461,4.564206123352051,1.9326229095458984,43.426151275634766,70.20539093017578,70.77743530273438,48.12335968017578
1771502137.8231318,-25.49704933166504,4.60620641708374,1.9160842895507812,44.13484573364258,71.08821105957031,71.26457977294922,48.60219192504883
1771502137.8541412,-25.292539596557617,4.703842639923096,1.8919588327407837,44.67573165893555,71.96056365966797,71.88033294677734,49.177146911621094
1771502137.8865066,-25.290197372436523,4.952772617340088,1.8769500255584717,45.44890594482422,72.6649169921875,72.39447021484375,49.937808990478516
1771502137.9180148,-25.123794555664062,5.1038641929626465,1.8619861602783203,46.26060485839844,73.48992156982422,73.0363540649414,50.75369644165039
1771502137.9499638,-24.834392547607422,5.291177272796631,1.8488365411758423,47.041297912597656,74.35258483886719,73.69688415527344,51.549617767333984
1771502137.9820068,-24.64067268371582,5.416782379150391,1.8123023509979248,47.723384857177734,75.07306671142578,74.25433349609375,52.285362243652344
1771502138.0135953,-24.44529151916504,5.523025989532471,1.804145336151123,47.99798583984375,75.55364990234375,74.68772888183594,52.909698486328125
1771502138.0688226,-24.324810028076172,5.570781707763672,1.786596655845642,47.94823455810547,75.9322738647461,74.97692108154297,53.35950469970703
1771502138.0937698,-24.072608947753906,5.690189838409424,1.8285762071609497,48.7659797668457,76.62635803222656,75.89234161376953,53.99214172363281
1771502138.1240501,-23.658496856689453,5.879136085510254,1.871685266494751,49.61008071899414,77.27900695800781,76.79107666015625,54.57145690917969
1771502138.156829,-23.106054306030273,6.132114410400391,1.9484692811965942,50.52676773071289,78.1036148071289,77.86483001708984,55.5349235534668
1771502138.1904151,-22.555566787719727,6.425561904907227,1.9723204374313354,51.35355758666992,78.76277160644531,78.74918365478516,56.33128356933594
1771502138.222597,-22.05765151977539,6.545279502868652,1.9970766305923462,52.45730972290039,79.55509948730469,79.72246551513672,57.17866134643555
1771502138.2554076,-21.64580726623535,6.704996109008789,2.0609993934631348,53.59358596801758,80.1043472290039,80.53589630126953,57.84074020385742
1771502138.2871542,-21.399600982666016,6.80563497543335,2.1265740394592285,54.47322082519531,80.43724822998047,81.02528381347656,58.117027282714844
1771502138.319545,-21.01673126220703,6.886660575866699,2.2104976177215576,55.79778289794922,80.90904998779297,81.85861206054688,58.72650146484375
1771502138.3518813,-20.52630615234375,6.923797607421875,2.2088394165039062,57.86212921142578,81.38633728027344,82.96989440917969,59.57404708862305
1771502138.3826752,-20.087310791015625,6.992319107055664,2.202582597732544,59.797359466552734,81.80813598632812,83.803466796875,60.02620315551758
1771502138.4139435,-19.611431121826172,6.933269500732422,2.1025733947753906,61.48002624511719,82.11582946777344,84.68211364746094,60.684627532958984
1771502138.4449668,-18.934621810913086,6.870368957519531,1.804700493812561,63.38751220703125,82.31912231445312,85.58911895751953,61.31529235839844
1771502138.4949663,-18.649030685424805,6.812259674072266,1.6384656429290771,64.60565185546875,82.54830169677734,86.15425109863281,61.847415924072266
1771502138.5264845,-18.16509246826172,6.728089809417725,1.5124032497406006,65.94840240478516,82.74922180175781,86.54891967773438,62.43657302856445
1771502138.5564904,-17.820209503173828,6.5191826820373535,1.274806022644043,67.28016662597656,82.94570922851562,86.74209594726562,63.0374641418457
1771502138.588484,-17.898181915283203,6.176836967468262,1.019844889640808,68.13249969482422,82.88912963867188,86.94499206542969,63.123680114746094
1771502138.6214876,-18.637269973754883,5.749814987182617,0.8158759474754333,68.76026153564453,82.57732391357422,86.805908203125,62.609230041503906
1771502138.6540222,-19.52286148071289,5.310019016265869,0.6527007818222046,69.45703125,82.23200988769531,86.65658569335938,62.1181640625
1771502138.6860173,-20.288671493530273,4.769763469696045,0.5221606492996216,70.12452697753906,82.02557373046875,86.48579406738281,61.669891357421875
1771502138.7170222,-20.96803092956543,4.252026081085205,0.4177285134792328,70.6850357055664,81.86430358886719,86.53307342529297,61.5020866394043
1771502138.74853,-21.60332489013672,3.692253828048706,0.33418282866477966,71.30181884765625,81.6971435546875,86.39158630371094,61.464744567871094
1771502138.780541,-22.358966827392578,3.092822551727295,0.26734626293182373,71.75947570800781,81.38555145263672,85.98961639404297,61.40187454223633
1771502138.8135898,-22.650094985961914,2.590841054916382,0.21387700736522675,72.42271423339844,81.21302795410156,85.69344329833984,61.65615463256836
1771502138.8463616,-22.603750228881836,2.040922164916992,0.1711016148328781,73.0660629272461,81.22624969482422,85.46822357177734,62.19609069824219
1771502138.8859923,-22.607101440429688,1.6134049892425537,0.1368812918663025,73.7735824584961,81.22659301757812,85.44341278076172,62.70513916015625
1771502138.9275331,-22.38047981262207,1.3917737007141113,0.10950503498315811,74.50498962402344,81.37570190429688,85.47293853759766,63.323604583740234
1771502138.960533,-22.532503128051758,1.027068018913269,0.08760403096675873,74.822998046875,81.16009521484375,85.57290649414062,63.53387451171875
1771502138.9889452,-22.842124938964844,0.7313714027404785,0.07008322328329086,75.12794494628906,80.9919204711914,85.67945861816406,63.63462448120117
1771502139.0219483,-23.151714324951172,0.5855838060379028,0.05606658011674881,75.38338470458984,80.84799194335938,85.84546661376953,63.76543426513672
1771502139.0540535,-23.566829681396484,0.4001205563545227,0.04485326632857323,75.64127349853516,80.78439331054688,85.98568725585938,63.90890121459961
1771502139.0850646,-23.992666244506836,0.19634467363357544,0.0358826145529747,75.67034912109375,80.62712860107422,85.95008850097656,63.772796630859375
1771502139.118058,-23.889297485351562,0.16035155951976776,0.02870609238743782,76.07159423828125,80.83666229248047,85.98448181152344,63.826499938964844
1771502139.149352,-23.672740936279297,0.104940265417099,0.022964874282479286,76.42823028564453,81.07383728027344,86.3526382446289,64.15394592285156
1771502139.1804018,-23.499452590942383,0.017675727605819702,0.01837190054357052,76.87877655029297,81.3410873413086,86.44850158691406,64.43051147460938
1771502139.2143445,-23.281009674072266,-0.1123773530125618,0.01469752099364996,77.2475814819336,81.76773071289062,86.46343994140625,65.1030044555664
1771502139.2448764,-23.158063888549805,-0.44544708728790283,0.011758017353713512,77.39010620117188,82.04011535644531,86.5987548828125,65.7305679321289
1771502139.2768764,-23.027095794677734,-0.6900767087936401,0.00940641388297081,77.50106048583984,82.37594604492188,86.8239517211914,66.30653381347656
1771502139.310883,-23.0275821685791,-0.9513803720474243,0.10318098962306976,77.64908599853516,82.666259765625,87.09416198730469,66.64471435546875
1771502139.359406,-23.194034576416016,-1.2797917127609253,0.12573900818824768,77.79981994628906,82.69129943847656,87.38783264160156,66.56957244873047
1771502139.3904088,-23.14866065979004,-1.497135877609253,0.17649155855178833,78.001953125,82.89190673828125,87.5136947631836,66.82447814941406
1771502139.421413,-23.028209686279297,-1.5431042909622192,0.3343232572078705,78.25138092041016,83.06344604492188,87.6300048828125,66.81060028076172
1771502139.4529312,-23.237895965576172,-1.6622779369354248,0.47149670124053955,77.95392608642578,82.81050109863281,87.86585235595703,66.51656341552734
1771502139.4849548,-23.41748046875,-1.6407554149627686,0.7998899817466736,77.83037567138672,82.77067565917969,88.01742553710938,66.64170837402344
1771502139.5164614,-23.44522476196289,-1.77626633644104,0.8393844366073608,78.05534362792969,82.54519653320312,88.0137710571289,66.52813720703125
1771502139.5495305,-23.583940505981445,-1.7400761842727661,0.6939358711242676,78.11676788330078,82.15001678466797,87.91177368164062,66.10950469970703
1771502139.5815275,-23.678955078125,-1.6720356941223145,0.6069442629814148,78.29710388183594,81.96515655517578,87.97457885742188,65.96534729003906
1771502139.6175342,-23.710933685302734,-1.6049045324325562,0.6190411448478699,78.25291442871094,81.51568603515625,87.87020111083984,65.69055938720703
1771502139.6460428,-23.67900848388672,-1.5359289646148682,0.7868926525115967,78.26866912841797,81.12196350097656,87.83953094482422,65.52481079101562
1771502139.6770442,-23.82471466064453,-1.4175209999084473,0.9664009809494019,78.08966827392578,80.98168182373047,87.992919921875,66.02861785888672
1771502139.7090454,-23.871912002563477,-1.5536141395568848,1.215032935142517,78.21363067626953,81.00442504882812,88.01846313476562,66.758544921875
1771502139.7403376,-23.873647689819336,-1.6022522449493408,1.5733306407928467,78.27495574951172,81.04600524902344,87.934326171875,67.19215393066406
1771502139.7924447,-23.97880744934082,-1.5292774438858032,1.8544280529022217,78.16544342041016,81.02699279785156,87.78105163574219,67.46058654785156
1771502139.8214602,-24.07073211669922,-1.5555473566055298,2.1733570098876953,78.31256866455078,81.04420471191406,87.7573471069336,67.62223052978516
1771502139.8523374,-24.220970153808594,-1.574068307876587,2.3343756198883057,78.29947662353516,81.0213394165039,87.65620422363281,67.84103393554688
1771502139.8850446,-24.22824478149414,-1.6033295392990112,2.613675832748413,78.2862548828125,81.11470031738281,87.41140747070312,68.37889099121094
1771502139.916082,-24.27545928955078,-1.6669955253601074,2.8612072467803955,78.31392669677734,81.102294921875,87.43318939208984,68.69190216064453
1771502139.9491272,-24.331214904785156,-1.706125020980835,3.060986280441284,78.1673583984375,81.01956939697266,87.37825012207031,69.01908874511719
1771502139.9821303,-24.36130142211914,-1.7012124061584473,3.285142660140991,78.1297378540039,81.0727767944336,87.22834777832031,69.65917205810547
1771502140.0131342,-24.48163604736328,-1.6467498540878296,3.5371177196502686,77.99517822265625,81.05047607421875,87.09220886230469,70.0909652709961
1771502140.0446515,-24.544017791748047,-1.5184509754180908,3.7909646034240723,77.6627197265625,80.98192596435547,86.71026611328125,70.76690673828125
1771502140.0767906,-24.3865966796875,-1.493659496307373,4.161579608917236,77.58390808105469,81.14595031738281,86.31698608398438,71.38230895996094
1771502140.1097999,-24.128238677978516,-1.5001800060272217,4.46351957321167,77.56510162353516,81.32520294189453,85.902587890625,72.06398010253906
1771502140.1408987,-24.039602279663086,-1.4966553449630737,4.685171604156494,77.57424926757812,81.31832885742188,85.57223510742188,72.55908203125
1771502140.172898,-24.007070541381836,-1.497301697731018,4.776447296142578,77.56759643554688,81.2734146118164,85.23294830322266,73.06170654296875
1771502140.226555,-24.098711013793945,-1.5284388065338135,4.748483180999756,77.53094482421875,81.03323364257812,84.88374328613281,73.36591339111328
1771502140.2565587,-24.21091079711914,-1.5635476112365723,4.702881813049316,77.3589859008789,80.81562042236328,84.63859558105469,73.5397720336914
1771502140.2865686,-24.237197875976562,-1.5491713285446167,4.761608123779297,77.3309326171875,80.7581558227539,84.4092788696289,73.89065551757812
1771502140.318564,-24.11477279663086,-1.5779145956039429,4.801048278808594,77.28147888183594,80.67826843261719,84.23754119873047,74.14202117919922
1771502140.3490765,-24.100006103515625,-1.5425807237625122,4.803738594055176,77.20323181152344,80.42769622802734,84.11102294921875,74.29258728027344
1771502140.3810756,-24.149681091308594,-1.5025038719177246,4.754803657531738,77.15953826904297,80.24119567871094,84.15142059326172,74.31031036376953
1771502140.415115,-24.29146385192871,-1.489410400390625,4.728382587432861,77.06689453125,80.01660919189453,84.2376480102539,74.29984283447266
1771502140.4493349,-24.247196197509766,-1.5361202955245972,4.780451774597168,77.14302825927734,80.07476806640625,84.42823028564453,74.362060546875
1771502140.4773352,-24.34789276123047,-1.5042436122894287,4.783758163452148,77.21082305908203,79.93183898925781,84.44498443603516,74.43299102783203
1771502140.5114653,-24.492496490478516,-1.5850058794021606,4.704758644104004,77.30074310302734,79.891845703125,84.54232025146484,74.34471130371094
1771502140.540704,-24.61194610595703,-1.7308778762817383,4.657312393188477,77.43303680419922,79.8212661743164,84.41963958740234,74.54103088378906
1771502140.573702,-24.833229064941406,-1.9851078987121582,4.533829689025879,77.70299530029297,79.8415756225586,84.54107666015625,74.36254119873047
1771502140.6227047,-25.036680221557617,-2.1834592819213867,4.527447700500488,77.82296752929688,79.80671691894531,84.47862243652344,74.39707946777344
1771502140.660231,-25.141510009765625,-2.4529664516448975,4.655521392822266,78.17146301269531,79.95907592773438,84.41104888916016,74.56529998779297
1771502140.6862388,-25.337413787841797,-2.791242837905884,4.687967777252197,78.4018783569336,79.86809539794922,84.54890441894531,74.40811157226562
1771502140.718236,-25.446022033691406,-2.8930418491363525,4.62814474105835,78.44144439697266,79.8885498046875,84.48690795898438,74.50736236572266
1771502140.7487714,-25.589282989501953,-3.0065762996673584,4.6411614418029785,78.4512710571289,79.83511352539062,84.55805206298828,74.35839080810547
1771502140.782773,-25.672725677490234,-3.1042909622192383,4.726977348327637,78.42611694335938,79.8514175415039,84.5098876953125,74.32006072998047
1771502140.8137844,-25.97811508178711,-3.1077651977539062,4.811548709869385,78.23760223388672,79.77459716796875,84.33999633789062,74.207763671875
1771502140.8452954,-26.231197357177734,-3.0595264434814453,4.878172874450684,78.18794250488281,79.628173828125,84.38582611083984,73.87798309326172
1771502140.8783,-26.326229095458984,-3.0550029277801514,4.978311061859131,78.26084899902344,79.6697006225586,84.31742858886719,74.0980224609375
1771502140.909315,-26.465810775756836,-3.134549856185913,4.980899810791016,78.276611328125,79.51849365234375,84.29928588867188,73.98147583007812
1771502140.94134,-26.541574478149414,-3.112987756729126,4.970621109008789,78.17351531982422,79.41795349121094,84.19811248779297,74.05377960205078
1771502140.9733398,-26.611371994018555,-3.0689570903778076,4.935141086578369,78.25700378417969,79.44184112548828,84.1737060546875,74.13461303710938
1771502141.0058737,-26.553367614746094,-3.1342525482177734,4.976984977722168,78.31877136230469,79.48196411132812,84.28819274902344,73.95654296875
1771502141.0524971,-26.725421905517578,-3.1615071296691895,4.9478302001953125,78.43014526367188,79.30203247070312,84.32495880126953,73.93632507324219
1771502141.0904636,-26.719566345214844,-3.1374526023864746,4.978446006774902,78.42817687988281,79.37065124511719,84.42604064941406,73.75576782226562
1771502141.1201596,-26.762300491333008,-3.1805474758148193,5.012229919433594,78.34083557128906,79.33607482910156,84.41094207763672,73.8452377319336
1771502141.1515617,-26.57366180419922,-3.1364450454711914,5.045437812805176,78.54013061523438,79.61827087402344,84.59864807128906,73.82847595214844
1771502141.1835,-26.38053321838379,-3.1426842212677,5.137864589691162,78.58766174316406,79.7813949584961,84.4608154296875,74.1898193359375
1771502141.2145317,-26.246225357055664,-3.0999364852905273,5.183436870574951,78.88043212890625,80.04183959960938,84.55506134033203,74.1715087890625
1771502141.2458537,-26.153213500976562,-2.9661359786987305,5.349443435668945,79.027587890625,80.23054504394531,84.29778289794922,74.58242797851562
1771502141.276461,-26.052114486694336,-2.873497247695923,5.2836689949035645,79.20681762695312,80.42754364013672,84.42082214355469,74.43663024902344
1771502141.3104858,-26.045146942138672,-2.940213441848755,5.471281051635742,79.4716796875,80.4841079711914,84.42091369628906,74.51551055908203
1771502141.3415754,-26.082794189453125,-3.080998659133911,5.465823650360107,79.7268295288086,80.54122161865234,84.4734878540039,74.42239379882812
1771502141.3746474,-26.18029022216797,-3.1278011798858643,5.588740348815918,79.95952606201172,80.61577606201172,84.54399871826172,74.328125
1771502141.4045753,-26.222858428955078,-3.1137213706970215,5.554325580596924,80.08229064941406,80.67109680175781,84.53114318847656,74.27615356445312
1771502141.4371266,-26.158248901367188,-3.1752820014953613,5.66935396194458,80.19507598876953,80.76150512695312,84.52713775634766,74.33690643310547
1771502141.4861035,-26.146682739257812,-3.161742687225342,5.728463172912598,80.2938232421875,80.96170043945312,84.64300537109375,74.21666717529297
1771502141.5198865,-26.230356216430664,-3.1955275535583496,5.829171657562256,80.49189758300781,80.94517517089844,84.53851318359375,74.3822250366211
1771502141.5495846,-26.250883102416992,-3.0920495986938477,5.836725234985352,80.38485717773438,80.99256134033203,84.5566635131836,74.32215118408203
1771502141.5805783,-26.27185821533203,-3.00325345993042,5.831949234008789,80.26875305175781,80.97802734375,84.50174713134766,74.44261169433594
1771502141.6125975,-26.27429962158203,-2.969064950942993,5.802369117736816,80.3018798828125,80.98595428466797,84.73912811279297,74.2061538696289
1771502141.645747,-26.352508544921875,-3.063722610473633,5.7789764404296875,80.60029602050781,80.89822387695312,84.90338134765625,74.12409210205078
1771502141.6767716,-26.35515785217285,-3.1317694187164307,5.711935043334961,80.81092071533203,80.99766540527344,85.02537536621094,74.10427856445312
1771502141.7087703,-26.298070907592773,-3.2329516410827637,5.797417640686035,81.03712463378906,81.16860961914062,85.15788269042969,74.0425796508789
1771502141.7408266,-26.26852035522461,-3.408107280731201,5.952035427093506,81.3205795288086,81.26607513427734,85.19686126708984,74.22438049316406
1771502141.7728329,-26.169166564941406,-3.609846591949463,6.1020660400390625,81.58097839355469,81.33280181884766,85.22210693359375,74.39195251464844
1771502141.8048325,-26.241592407226562,-3.739320993423462,6.125367164611816,81.48611450195312,81.20843505859375,85.22586822509766,74.24737548828125
1771502141.837018,-26.381925582885742,-3.7245123386383057,6.160722732543945,81.47036743164062,81.24203491210938,85.06777954101562,74.32676696777344
1771502141.8700256,-26.40478515625,-3.67413592338562,6.264579772949219,81.39823913574219,81.3567123413086,84.83377075195312,74.36808776855469
1771502141.9170203,-26.375120162963867,-3.633387565612793,6.387861728668213,81.42989349365234,81.47545623779297,84.61841583251953,74.5283203125
1771502141.9515746,-26.391748428344727,-3.503875494003296,6.396788120269775,81.52765655517578,81.45243835449219,84.62503051757812,74.50116729736328
1771502141.9805486,-26.438926696777344,-3.4249439239501953,6.432555198669434,81.4551010131836,81.52161407470703,84.51374053955078,74.6760025024414
1771502142.0135622,-26.528255462646484,-3.2923333644866943,6.585048198699951,81.40870666503906,81.58210754394531,84.33753967285156,74.83839416503906
1771502142.045134,-26.565887451171875,-3.31660795211792,6.706948757171631,81.37682342529297,81.66087341308594,84.15955352783203,74.939208984375
1771502142.0771616,-26.55854606628418,-3.2993016242980957,6.854793548583984,81.40719604492188,81.66312408447266,84.10931396484375,74.8868408203125
1771502142.109177,-26.590303421020508,-3.4029042720794678,6.917462348937988,81.57566833496094,81.69293212890625,84.1360855102539,74.8359375
1771502142.141431,-26.53251075744629,-3.412353992462158,6.895059585571289,81.6790771484375,81.75904083251953,84.18502044677734,74.65180206298828
1771502142.1754415,-26.572460174560547,-3.409632682800293,6.990570545196533,81.76783752441406,81.80216217041016,84.11868286132812,74.70915222167969
1771502142.2045703,-26.59967803955078,-3.3400347232818604,7.171304702758789,81.82395935058594,81.89087677001953,83.93328094482422,74.75648498535156
1771502142.23676,-26.589752197265625,-3.368549346923828,7.317917823791504,82.03436279296875,82.01053619384766,83.80744934082031,74.90326690673828
1771502142.2687578,-26.6035099029541,-3.372089385986328,7.383329391479492,82.04737091064453,82.08890533447266,83.64260864257812,75.01145935058594
1771502142.3007636,-26.51068687438965,-3.3163371086120605,7.334103584289551,82.00082397460938,82.1678466796875,83.64344024658203,74.9088134765625
1771502142.3497987,-26.344213485717773,-3.287477493286133,7.409186363220215,82.19246673583984,82.25841522216797,83.70130157470703,74.9582290649414
1771502142.3833191,-26.3572940826416,-3.2897346019744873,7.388609409332275,82.1275863647461,82.185546875,83.73430633544922,75.08250427246094
1771502142.4163222,-26.369050979614258,-3.3134727478027344,7.270615577697754,82.19853210449219,82.10067749023438,83.91818237304688,74.88421630859375
1771502142.4478824,-26.445789337158203,-3.2555627822875977,7.130101680755615,82.14503479003906,81.92024230957031,84.16912841796875,74.70418548583984
1771502142.4788516,-26.557893753051758,-3.1465606689453125,6.849515438079834,81.70979309082031,81.70384979248047,84.27084350585938,74.41630554199219
1771502142.5137362,-26.681468963623047,-3.047797203063965,6.807175159454346,81.56314086914062,81.61371612548828,84.37608337402344,74.39302825927734
1771502142.5420055,-26.782766342163086,-2.96724271774292,6.524726867675781,81.26011657714844,81.40321350097656,84.59465026855469,74.2740707397461
1771502142.573018,-26.926088333129883,-2.929410696029663,6.394383430480957,80.92843627929688,81.27174377441406,84.79415893554688,74.01847076416016
1771502142.6070113,-27.007484436035156,-2.9576547145843506,6.259547710418701,80.75151062011719,81.11651611328125,85.24960327148438,73.60643768310547
1771502142.6376965,-27.150981903076172,-3.0357627868652344,6.137946605682373,80.49287414550781,80.90592193603516,85.49382019042969,73.52186584472656
1771502142.6707006,-27.31713104248047,-3.011624574661255,5.971004486083984,79.89558410644531,80.56544494628906,85.74877166748047,72.81613159179688
1771502142.700705,-27.397157669067383,-2.9010746479034424,5.789190292358398,79.32858276367188,80.17683410644531,85.93585968017578,72.26789855957031
1771502142.7332275,-27.418012619018555,-2.703016996383667,5.5262603759765625,78.38426208496094,79.67363739013672,85.99386596679688,71.326904296875
1771502142.8162456,-27.6610050201416,-2.6330196857452393,5.3188982009887695,77.45340728759766,79.02642822265625,85.71275329589844,69.80974578857422
1771502142.83901,-27.893587112426758,-2.666276216506958,5.141987323760986,76.66521453857422,78.51304626464844,85.34819030761719,68.64248657226562
1771502142.869489,-28.303308486938477,-2.8412904739379883,4.862703323364258,76.07719421386719,77.8233642578125,84.6772689819336,67.18508911132812
1771502142.9005926,-28.828758239746094,-2.9501237869262695,4.521153926849365,75.67478942871094,77.13626098632812,84.01303100585938,65.65796661376953
1771502142.9331274,-29.29438018798828,-2.9229061603546143,4.2040863037109375,75.42525482177734,76.68053436279297,83.57611846923828,64.33687591552734
1771502142.9651258,-29.49374771118164,-2.860964298248291,3.9756767749786377,75.10399627685547,76.431884765625,83.35499572753906,63.49946975708008
1771502142.995129,-29.64427375793457,-2.7377583980560303,3.6105287075042725,74.53669738769531,75.98351287841797,82.93988037109375,62.53042984008789
1771502143.0271313,-30.019792556762695,-2.7343263626098633,3.299109697341919,74.42081451416016,75.96675872802734,82.79693603515625,61.751258850097656
1771502143.0566382,-30.56055450439453,-2.7404494285583496,2.931081771850586,74.29347229003906,75.76689147949219,82.52965545654297,60.922279357910156
1771502143.0886405,-30.91051483154297,-2.8288016319274902,2.6584503650665283,73.99032592773438,75.63359069824219,82.20945739746094,60.243865966796875
1771502143.1186678,-31.134845733642578,-3.0569207668304443,2.284602642059326,73.89988708496094,75.45266723632812,81.71363830566406,59.257205963134766
1771502143.1501865,-31.384275436401367,-3.434040069580078,1.9983994960784912,73.69132232666016,75.15868377685547,81.25567626953125,58.474464416503906
1771502143.1811852,-31.81720542907715,-3.9322667121887207,1.9178738594055176,72.81381225585938,74.48352813720703,80.16917419433594,57.223388671875
1771502143.248922,-32.363983154296875,-4.174845218658447,1.5924181938171387,71.63975524902344,73.7604751586914,78.9173812866211,55.882328033447266
1771502143.2739317,-32.61320495605469,-4.3637261390686035,1.5194474458694458,71.09347534179688,73.48291778564453,78.4058609008789,55.16898727416992
1771502143.30528,-32.66603469848633,-4.307446479797363,1.5384609699249268,70.64785766601562,73.41130065917969,78.12947082519531,54.7483024597168
1771502143.3358133,-32.552791595458984,-4.297347545623779,1.6986479759216309,69.96099090576172,73.1607666015625,77.70497131347656,54.31478500366211
1771502143.366891,-32.38401794433594,-4.233334541320801,1.8596203327178955,69.1322021484375,72.87738037109375,77.2959976196289,53.79718017578125
1771502143.399445,-32.38688659667969,-4.11906623840332,1.9452738761901855,68.03782653808594,72.49763488769531,76.8600845336914,53.335662841796875
1771502143.433002,-32.60109329223633,-3.9924731254577637,1.9220833778381348,66.86055755615234,72.19969940185547,76.50126647949219,52.987693786621094
1771502143.464778,-32.63945388793945,-3.859043836593628,2.093207359313965,66.13993072509766,72.1541976928711,76.3372802734375,53.03401565551758
1771502143.493023,-32.65749740600586,-3.7848293781280518,2.244626522064209,65.68687438964844,72.13667297363281,75.99401092529297,52.958961486816406
1771502143.5260286,-32.820980072021484,-3.703179121017456,2.454871416091919,65.20945739746094,72.03374481201172,75.43983459472656,52.762184143066406
1771502143.5576591,-33.26150894165039,-3.615262985229492,2.7357044219970703,64.44435119628906,71.63278198242188,74.72817993164062,52.186744689941406
1771502143.5966592,-33.94355392456055,-3.4800398349761963,3.1034140586853027,63.50443649291992,70.8556900024414,73.67643737792969,50.926177978515625
1771502143.6455164,-34.623504638671875,-3.34442138671875,3.3893189430236816,62.222896575927734,69.89230346679688,72.17608642578125,49.494239807128906
1771502143.6795154,-35.36964416503906,-3.282201051712036,3.5720982551574707,60.79384994506836,68.968505859375,70.56063079833984,47.828006744384766
1771502143.7095165,-35.99958038330078,-3.2092783451080322,3.661313533782959,59.726654052734375,68.15098571777344,69.18572998046875,46.15943145751953
1771502143.740716,-36.79254913330078,-3.041471004486084,3.754006862640381,59.07011413574219,67.22650909423828,67.76509094238281,44.301788330078125
1771502143.7717211,-37.514583587646484,-2.867189645767212,3.9776668548583984,58.14036178588867,65.99029541015625,66.12561798095703,42.07699966430664
1771502143.8034112,-38.12088394165039,-2.673579692840576,4.2045674324035645,56.83103942871094,64.6457748413086,64.40744018554688,39.99248504638672
1771502143.835419,-38.83273696899414,-2.60066294670105,4.243969440460205,55.218971252441406,63.21907043457031,62.5822639465332,37.4918327331543
1771502143.866418,-39.121192932128906,-2.409628391265869,4.210245132446289,54.25248336791992,62.23933029174805,61.02363204956055,35.50137710571289
1771502143.8984187,-39.437782287597656,-2.098083972930908,4.41312313079834,52.78569793701172,61.11863327026367,59.2567253112793,33.15617752075195
1771502143.9294224,-39.94313049316406,-2.1312901973724365,4.5299973487854,51.066490173339844,59.86137390136719,57.397926330566406,30.79722785949707
1771502143.9611278,-40.266719818115234,-2.192584276199341,4.6697797775268555,49.074737548828125,58.68107223510742,55.56163024902344,28.195837020874023
1771502143.9908028,-40.42704391479492,-2.0554609298706055,4.9506354331970215,47.32390594482422,57.629188537597656,53.91371154785156,25.718942642211914
1771502144.0302832,-40.6613883972168,-2.1864025592803955,5.204956531524658,45.641544342041016,55.856040954589844,51.98139953613281,23.430931091308594
1771502144.0772943,-40.7576904296875,-2.3705897331237793,5.227573394775391,44.21860885620117,53.93585968017578,50.07244110107422,21.38747787475586
1771502144.112318,-40.737144470214844,-2.5145065784454346,5.30341100692749,42.92292404174805,52.337921142578125,48.60124206542969,19.910755157470703
1771502144.1454644,-40.73664093017578,-2.553624391555786,5.4036736488342285,41.86870193481445,51.09001541137695,47.478450775146484,18.74828338623047
1771502144.1768587,-40.776424407958984,-2.695868492126465,5.530093193054199,41.317604064941406,50.05366516113281,46.60943603515625,18.023815155029297
1771502144.209787,-40.82814025878906,-3.000649929046631,5.581747055053711,40.67277908325195,48.8568229675293,45.776832580566406,17.525123596191406
1771502144.2394416,-40.611873626708984,-2.89437198638916,5.765307426452637,39.45561599731445,47.5938606262207,44.88645935058594,16.939329147338867
1771502144.2693741,-40.47721481323242,-2.970468759536743,5.908705234527588,38.223731994628906,46.209190368652344,43.82292556762695,16.206735610961914
1771502144.3330572,-40.34013748168945,-3.0188591480255127,5.992636680603027,37.190921783447266,45.105438232421875,43.0170783996582,15.598036766052246
1771502144.3640645,-40.145626068115234,-3.014873504638672,6.104432106018066,36.37284469604492,44.25523376464844,42.39162826538086,15.13443374633789
1771502144.3950627,-39.83995056152344,-2.9892706871032715,6.132434368133545,35.76874542236328,43.70970153808594,41.93601608276367,14.842994689941406
1771502144.4251053,-39.692283630371094,-3.007551908493042,6.219302177429199,35.0466423034668,43.051944732666016,41.431617736816406,14.472015380859375
1771502144.455647,-39.61963653564453,-3.012082576751709,6.348232269287109,33.822086334228516,42.31673049926758,40.73112487792969,13.97979736328125
1771502144.4881418,-39.48933792114258,-2.8308987617492676,6.518091201782227,32.748172760009766,41.732845306396484,40.05427169799805,13.255555152893066
1771502144.5189831,-39.328468322753906,-2.597959280014038,6.669812202453613,31.735591888427734,41.04194641113281,39.31126022338867,12.483272552490234
1771502144.5504608,-39.22337341308594,-2.465193748474121,6.93028450012207,30.653465270996094,40.532020568847656,38.59516143798828,11.715672492980957
1771502144.5814614,-39.030303955078125,-2.3805997371673584,7.1239471435546875,29.80164337158203,40.25584030151367,38.1129035949707,11.136445045471191
1771502144.6124618,-38.89870071411133,-2.129991292953491,7.46160364151001,28.632678985595703,39.69261169433594,37.38275146484375,10.183721542358398
1771502144.6439786,-38.73331069946289,-1.879073977470398,7.678356170654297,27.704273223876953,38.96377944946289,36.64620590209961,9.253745079040527
1771502144.6750062,-38.23178482055664,-1.440885066986084,7.874057769775391,27.130897521972656,38.0534782409668,35.55580139160156,8.332420349121094
1771502144.707009,-37.54369354248047,-0.9229046702384949,7.937125205993652,26.76165199279785,37.23587417602539,34.50404739379883,7.280162811279297
1771502144.73908,-36.987464904785156,-0.49207180738449097,7.9803667068481445,26.26420783996582,36.42961502075195,33.43341827392578,6.357517242431641
1771502144.7710738,-36.38518524169922,-0.045361489057540894,8.033379554748535,25.83587646484375,35.69202423095703,32.43115234375,5.633167743682861
1771502144.8030744,-35.74921798706055,0.5090228319168091,8.127781867980957,25.657684326171875,35.15391540527344,31.75341033935547,5.276900291442871
1771502144.833595,-35.44023513793945,0.8999274373054504,8.225263595581055,25.131860733032227,34.3187141418457,30.859914779663086,4.6810688972473145
1771502144.8656552,-34.96888732910156,1.307044506072998,8.559416770935059,24.887605667114258,33.774044036865234,30.541622161865234,4.638511657714844
1771502144.897703,-34.63124465942383,1.388421893119812,8.898884773254395,24.74234390258789,33.357154846191406,30.36090850830078,4.719829559326172
1771502144.9413552,-34.1113395690918,1.567885160446167,9.228734970092773,24.767993927001953,32.95458984375,30.043292999267578,4.467403411865234
1771502144.9753308,-33.829750061035156,1.6721299886703491,9.562849044799805,24.571489334106445,32.324501037597656,29.47452735900879,3.9510464668273926
1771502145.0083165,-33.55451965332031,1.8397514820098877,9.904897689819336,24.434110641479492,31.765594482421875,28.99590301513672,3.516986846923828
1771502145.0408287,-33.229244232177734,1.7008775472640991,9.984764099121094,24.480865478515625,31.397348403930664,28.650758743286133,3.1874284744262695
1771502145.0718293,-33.09332275390625,1.7144695520401,10.121040344238281,24.245906829833984,30.67879867553711,27.953956604003906,2.626445770263672
1771502145.1028497,-33.0757942199707,1.8008906841278076,10.087286949157715,24.085891723632812,30.09454917907715,27.27728271484375,2.101156711578369
1771502145.1333714,-33.0594596862793,2.000335931777954,10.190311431884766,24.00550651550293,29.481094360351562,26.561887741088867,1.6809253692626953
1771502145.1643639,-33.07292556762695,2.00260591506958,10.186018943786621,23.92144012451172,29.08350372314453,25.970962524414062,1.3447402715682983
1771502145.1983697,-32.789039611816406,2.253093957901001,10.422737121582031,23.631128311157227,28.762182235717773,25.434297561645508,1.080675721168518
1771502145.22942,-32.77336120605469,2.4762930870056152,10.646624565124512,23.37575912475586,28.202898025512695,24.79184913635254,0.8645405769348145
1771502145.2612128,-33.0620231628418,2.550093173980713,10.786827087402344,23.02062225341797,27.397871017456055,23.823511123657227,0.6916324496269226
1771502145.293224,-32.71471405029297,2.7178328037261963,10.981171607971191,23.077022552490234,26.771957397460938,23.262588500976562,0.8891910314559937
1771502145.326229,-32.473297119140625,2.975841760635376,11.143646240234375,23.213848114013672,26.331993103027344,22.78630828857422,0.9302607178688049
1771502145.372862,-32.35707473754883,3.212178945541382,11.275453567504883,23.246810913085938,25.741840362548828,22.35161590576172,0.8958227038383484
1771502145.4078727,-32.045780181884766,3.26694917678833,11.269885063171387,23.212787628173828,25.253456115722656,22.135700225830078,1.0072954893112183
1771502145.431373,-31.824695587158203,3.2796523571014404,11.258368492126465,23.10031509399414,24.81068992614746,21.935789108276367,1.0267291069030762
1771502145.4632456,-31.403553009033203,3.5261404514312744,11.434404373168945,22.81121253967285,24.345260620117188,21.9397029876709,1.018539309501648
1771502145.492867,-30.86734962463379,3.8344125747680664,11.578227043151855,22.527084350585938,23.966976165771484,22.043315887451172,1.076497197151184
1771502145.5250344,-30.119401931762695,4.23062801361084,11.666244506835938,22.23865509033203,23.804689407348633,22.121946334838867,1.090002417564392
1771502145.5573132,-28.905189514160156,4.855902671813965,11.394004821777344,21.999799728393555,24.046672821044922,22.600366592407227,1.0206146240234375
1771502145.5988324,-27.128021240234375,5.478097915649414,10.841131210327148,21.894668579101562,24.795124053955078,23.60712242126465,1.3539390563964844
1771502145.63238,-25.49848747253418,5.671737194061279,10.229255676269531,21.73853874206543,25.556819915771484,24.60953140258789,1.879597783088684
1771502145.6606529,-24.419469833374023,5.607301712036133,9.477446556091309,21.179813385009766,25.8531436920166,25.03223991394043,2.259331464767456
1771502145.69264,-23.37772560119629,5.599327087402344,8.657426834106445,20.789955139160156,26.342084884643555,25.385530471801758,2.467343807220459
1771502145.7256448,-21.996992111206055,5.805911064147949,7.777542591094971,20.69107437133789,27.068601608276367,25.961294174194336,3.0920190811157227
1771502145.757184,-20.832778930664062,5.902430534362793,7.119419574737549,20.665613174438477,27.79942512512207,26.492902755737305,3.4760007858276367
1771502145.8049555,-20.066421508789062,5.899991989135742,6.520493030548096,20.505390167236328,28.141212463378906,26.718284606933594,3.689492702484131
1771502145.8382733,-19.49654197692871,5.881240367889404,6.036074638366699,20.412839889526367,28.511629104614258,26.87905502319336,3.7759127616882324
1771502145.869271,-18.857669830322266,6.049048900604248,5.383545398712158,20.364789962768555,28.864028930664062,27.129703521728516,3.890324831008911
1771502145.9011567,-18.513818740844727,6.005867004394531,4.980011940002441,20.07234764099121,29.102678298950195,27.208580017089844,3.871408700942993
1771502145.932772,-18.301149368286133,5.785980701446533,4.308485984802246,19.705074310302734,29.26354217529297,27.19802474975586,3.7597506046295166
1771502145.9654834,-17.43251609802246,5.735974311828613,3.4611356258392334,19.7088623046875,29.828659057617188,27.481929779052734,4.017478942871094
1771502145.9934673,-16.29804229736328,5.861507892608643,2.7689085006713867,20.005826950073242,30.68492317199707,27.742145538330078,4.036779880523682
1771502146.0294626,-15.728178024291992,5.880829334259033,2.2151267528533936,19.815370559692383,30.90024185180664,27.471973419189453,3.688184976577759
1771502146.0619931,-14.552047729492188,6.148831844329834,1.7721014022827148,20.08150291442871,31.472579956054688,27.30592918395996,3.62024188041687
1771502146.0949957,-13.236261367797852,6.785133361816406,1.417681097984314,20.4963321685791,31.90653419494629,27.017200469970703,3.3511056900024414
1771502146.126005,-11.91954517364502,7.539055824279785,1.134144902229309,20.96438980102539,32.14606475830078,26.487058639526367,2.9991989135742188
1771502146.1565278,-10.470903396606445,8.3921480178833,0.9073159098625183,21.494970321655273,32.358299255371094,26.123207092285156,2.863647222518921
1771502146.188534,-9.205679893493652,9.205709457397461,0.7258527278900146,21.899351119995117,32.41722869873047,25.603548049926758,2.566119909286499
1771502146.2376227,-7.890650749206543,10.216763496398926,0.5806822180747986,22.24842071533203,32.40126419067383,25.05851936340332,2.3312110900878906
1771502146.2645798,-6.855401039123535,11.102791786193848,0.4645457863807678,22.586822509765625,32.41944122314453,24.532997131347656,1.9636266231536865
1771502146.2924325,-6.108740329742432,11.961570739746094,0.37163662910461426,22.465972900390625,31.993755340576172,23.812042236328125,1.5709012746810913
1771502146.3244615,-5.55232572555542,12.805379867553711,0.2973093092441559,21.945362091064453,31.322729110717773,22.773975372314453,1.256721019744873
1771502146.3564112,-5.060174465179443,13.505953788757324,0.2378474473953247,21.479623794555664,30.658655166625977,22.071006774902344,1.0053768157958984
1771502146.3874063,-4.579538822174072,14.235099792480469,0.19027796387672424,20.84229278564453,30.09202003479004,21.53313446044922,0.8043014407157898
1771502146.4294655,-4.201598644256592,14.859294891357422,0.1522223800420761,20.139978408813477,29.4554500579834,21.239173889160156,0.6434411406517029
1771502146.4609208,-4.150058269500732,15.125029563903809,0.12177790701389313,19.414690017700195,28.757774353027344,20.97532844543457,0.5147529244422913
1771502146.4939206,-4.20996618270874,15.367569923400879,0.09742232412099838,18.69877052307129,27.973276138305664,20.64314842224121,0.41180235147476196
1771502146.52767,-4.025223255157471,15.834969520568848,0.07793786376714706,18.215906143188477,27.397506713867188,20.35338592529297,0.3294418752193451
1771502146.5575418,-3.891099452972412,16.235849380493164,0.06235029175877571,17.88103675842285,26.965465545654297,20.207992553710938,0.2635535001754761
1771502146.5895402,-3.853628635406494,16.559322357177734,0.04988023266196251,17.577926635742188,26.454421997070312,19.95579719543457,0.2108428031206131
1771502146.637063,-3.7684249877929688,16.91757583618164,0.039904188364744186,17.399730682373047,26.033002853393555,19.788311004638672,0.16867424547672272
1771502146.6687293,-3.7870397567749023,17.10663414001465,0.03192334994673729,17.189918518066406,25.714733123779297,19.758424758911133,0.13493940234184265
1771502146.7017722,-3.9779317378997803,17.072147369384766,0.02553868107497692,16.87437629699707,25.40921974182129,19.662744522094727,0.10795152187347412
1771502146.7345397,-3.9155592918395996,17.217084884643555,0.020430944859981537,16.815723419189453,25.24550437927246,19.628089904785156,0.08636122196912766
1771502146.7655475,-4.071536540985107,17.147214889526367,0.01634475588798523,16.575664520263672,24.973546981811523,19.490943908691406,0.06908898055553436
1771502146.7965462,-3.9971225261688232,17.320804595947266,0.013075805269181728,16.431737899780273,24.841306686401367,19.464643478393555,0.05527118593454361
1771502146.8285873,-3.7823827266693115,17.51129722595215,0.010460644029080868,16.47038459777832,24.984317779541016,19.71334457397461,0.1593361794948578
1771502146.861097,-3.590446949005127,17.62441635131836,0.00836851540952921,16.504833221435547,25.128591537475586,20.02438735961914,0.2895139455795288
1771502146.8921142,-3.5367093086242676,17.674476623535156,0.006694812327623367,16.36202049255371,25.121261596679688,20.12047576904297,0.3734405040740967
1771502146.9271352,-3.429710865020752,17.77141571044922,0.005355849862098694,16.373058319091797,25.14305877685547,20.235422134399414,0.5114196538925171
1771502146.9566596,-3.426954746246338,17.8247013092041,0.004284679889678955,16.23843765258789,25.07919692993164,20.35204315185547,0.5975930690765381
1771502146.9890656,-3.449385643005371,17.597543716430664,0.003427743911743164,16.154294967651367,25.20128631591797,20.544620513916016,0.7067676782608032
1771502147.0221703,-3.503876209259033,17.324071884155273,0.0027421952690929174,15.992063522338867,25.330583572387695,20.710811614990234,0.8145586252212524
1771502147.069504,-3.4216997623443604,17.128868103027344,0.0021937561687082052,16.040813446044922,25.564435958862305,20.956493377685547,1.0053133964538574
1771502147.1027212,-3.5211071968078613,16.72566032409668,0.001755004981532693,16.05742073059082,25.739389419555664,21.209531784057617,1.1800156831741333
1771502147.1287534,-3.6408703327178955,16.393299102783203,0.0014040040550753474,16.032896041870117,25.86602020263672,21.383283615112305,1.2633142471313477
1771502147.1593769,-3.5793256759643555,16.116472244262695,0.001123203313909471,16.336755752563477,26.099184036254883,21.713327407836914,1.4863636493682861
1771502147.1895013,-3.5000782012939453,15.766624450683594,0.000898562662769109,16.470060348510742,26.239248275756836,22.072893142700195,1.7493860721588135
1771502147.2293665,-3.5795741081237793,15.28333854675293,0.000718850118573755,16.399003982543945,26.320886611938477,22.322555541992188,1.964707612991333
1771502147.2610207,-3.395951509475708,14.875944137573242,0.0005750801065005362,16.538328170776367,26.738239288330078,22.950471878051758,2.4939069747924805
1771502147.2941914,-3.486485719680786,14.426981925964355,0.00046006409684196115,16.503437042236328,26.94358253479004,23.296594619750977,2.763711929321289
1771502147.3282154,-3.654646873474121,14.055049896240234,0.0003680512891151011,16.61098289489746,27.18320083618164,23.553321838378906,2.9497718811035156
1771502147.3607712,-3.532560348510742,13.575719833374023,0.00029444103711284697,16.778043746948242,27.588939666748047,24.133472442626953,3.474611282348633
1771502147.3926728,-3.91801118850708,13.213500022888184,0.00023555282677989453,16.733442306518555,27.5887451171875,24.160003662109375,3.3632044792175293
1771502147.4246104,-3.5713045597076416,12.941946983337402,0.00018844226724468172,16.97536849975586,28.117889404296875,24.812963485717773,3.948549270629883
1771502147.455198,-3.4055287837982178,12.721504211425781,0.00015075381088536233,17.128175735473633,28.538597106933594,25.36842155456543,4.333205699920654
1771502147.5011585,-3.209699869155884,12.577486038208008,0.00012060305016348138,17.259292602539062,28.83976173400879,25.77344512939453,4.658807754516602
1771502147.5344732,-3.1739115715026855,12.477404594421387,9.648244304116815e-05,17.354766845703125,29.203128814697266,26.224945068359375,4.9312238693237305
1771502147.5654778,-2.9527204036712646,12.301542282104492,7.718595588812605e-05,17.491044998168945,29.51019287109375,26.724536895751953,5.3959126472473145
1771502147.5974724,-2.8629159927368164,12.356390953063965,6.174876762088388e-05,17.574209213256836,29.774171829223633,27.049299240112305,5.584069728851318
1771502147.6304767,-2.7518434524536133,12.510822296142578,4.939901555189863e-05,17.841552734375,30.054672241210938,27.325973510742188,5.773379325866699
1771502147.6624475,-2.573840379714966,12.725354194641113,3.951921462430619e-05,18.097291946411133,30.391063690185547,27.685100555419922,5.933559417724609
1771502147.692959,-2.5322818756103516,12.697526931762695,3.161537097184919e-05,18.075088500976562,30.467599868774414,27.94321632385254,6.071690082550049
1771502147.7249613,-2.4670166969299316,12.827670097351074,2.529229641368147e-05,18.20013427734375,30.636741638183594,28.083070755004883,6.056127548217773
1771502147.7565596,-2.419340133666992,12.797138214111328,2.0233837858540937e-05,18.066818237304688,30.592222213745117,28.225975036621094,6.148574352264404
1771502147.7906199,-2.4679205417633057,12.793980598449707,1.618707028683275e-05,17.99706268310547,30.556922912597656,28.208904266357422,6.123476028442383
1771502147.8208244,-2.3266398906707764,12.970555305480957,1.294965659326408e-05,18.135046005249023,30.69929313659668,28.281484603881836,6.159382343292236
1771502147.853363,-2.178548574447632,13.13715934753418,1.0359725820308086e-05,18.256362915039062,30.867582321166992,28.415040969848633,6.262997627258301
1771502147.8854022,-2.2628273963928223,13.162114143371582,8.287780474347528e-06,18.25190544128418,30.863035202026367,28.415882110595703,6.1941609382629395
1771502147.9324002,-2.3168015480041504,13.170045852661133,6.630224561376963e-06,18.252281188964844,30.88435173034668,28.454578399658203,6.2431559562683105
1771502147.9661038,-2.379080295562744,13.102734565734863,5.304179921949981e-06,18.237567901611328,30.91170883178711,28.46788215637207,6.248456001281738
1771502147.989106,-2.4490785598754883,13.102068901062012,4.243343937559985e-06,18.22021484375,30.878555297851562,28.408977508544922,6.140361785888672
1771502148.0291438,-2.1485559940338135,13.373722076416016,3.3946751045732526e-06,18.435415267944336,31.078773498535156,28.61290740966797,6.271132946014404
1771502148.0606616,-1.9778084754943848,13.487417221069336,2.715740038183867e-06,18.47684097290039,31.108753204345703,28.680112838745117,6.350500583648682
1771502148.092663,-1.9120428562164307,13.505805015563965,2.1725920760218287e-06,18.407255172729492,31.062252044677734,28.699298858642578,6.372142791748047
1771502148.1257246,-1.6744720935821533,13.643203735351562,1.738073706292198e-06,18.54521942138672,31.22536849975586,28.84497833251953,6.462135314941406
1771502148.1572711,-1.455356478691101,13.770805358886719,1.390459033245861e-06,18.642837524414062,31.34716796875,28.920595169067383,6.530956745147705
1771502148.191262,-1.3291549682617188,13.749319076538086,1.112367272071424e-06,18.418134689331055,31.30654525756836,28.96573257446289,6.6110734939575195
1771502148.2222733,-1.3479206562042236,13.77700138092041,8.898938403945067e-07,18.32230567932129,31.324514389038086,28.96024513244629,6.637162685394287
1771502148.2534308,-1.397977590560913,13.767436981201172,7.119151064216567e-07,18.250986099243164,31.238313674926758,28.837684631347656,6.536062240600586
1771502148.2845066,-1.3959286212921143,13.732162475585938,5.695321192433767e-07,18.175477981567383,31.15575408935547,28.808012008666992,6.496826648712158
1771502148.319436,-1.3207446336746216,13.828639030456543,4.556256953947013e-07,18.256610870361328,31.195863723754883,28.804889678955078,6.472200870513916
1771502148.3657372,-1.366442322731018,13.686643600463867,3.6450055063141917e-07,18.024887084960938,31.06707191467285,28.779508590698242,6.482834815979004
1771502148.4262474,-1.3581379652023315,13.721386909484863,2.91600457558161e-07,18.050954818725586,31.048355102539062,28.727920532226562,6.460629940032959
1771502148.4557765,-1.4743634462356567,13.736794471740723,2.3328037457304163e-07,18.066652297973633,31.117292404174805,28.66522216796875,6.336271286010742
1771502148.486779,-1.4364871978759766,13.744611740112305,1.866243053427752e-07,17.938617706298828,31.09902572631836,28.726009368896484,6.35848331451416
1771502148.520789,-1.4470305442810059,13.792327880859375,1.4929945280073298e-07,17.969091415405273,31.087444305419922,28.68893814086914,6.283137321472168
1771502148.5510356,-1.4148348569869995,13.892794609069824,1.1943956224058638e-07,18.048974990844727,31.14264488220215,28.643253326416016,6.216420650482178
1771502148.5830343,-1.5671591758728027,13.747940063476562,9.555164837138364e-08,18.01961898803711,31.046859741210938,28.52121353149414,6.116920471191406
1771502148.6150372,-1.530275583267212,13.791383743286133,7.644131727602144e-08,17.98849105834961,31.04995346069336,28.567188262939453,6.137479305267334
1771502148.6464145,-1.5459359884262085,13.832601547241211,6.115305239973168e-08,17.950822830200195,31.025049209594727,28.539907455444336,6.171324253082275
1771502148.676877,-1.5842041969299316,13.912839889526367,4.8922441209242606e-08,18.008922576904297,31.047462463378906,28.540367126464844,6.151632308959961
1771502148.7084153,-1.5862257480621338,13.933722496032715,3.913795509902229e-08,17.935449600219727,30.973939895629883,28.484411239624023,6.1173787117004395
1771502148.740939,-1.349102258682251,14.12503719329834,3.1310364079217834e-08,18.15163803100586,31.079906463623047,28.548749923706055,6.193628311157227
1771502148.7709363,-1.2486777305603027,14.256439208984375,2.504829232918837e-08,18.32471466064453,31.19800567626953,28.607328414916992,6.191084384918213
1771502148.8029382,-1.1997015476226807,14.372620582580566,2.0038633863350697e-08,18.37438201904297,31.249967575073242,28.63760757446289,6.124575614929199
1771502148.8339422,-1.312291145324707,14.32031536102295,1.603090815649466e-08,18.331523895263672,31.211322784423828,28.496768951416016,5.973195552825928
1771502148.864533,-1.3080291748046875,14.380660057067871,1.282472705810278e-08,18.345842361450195,31.237600326538086,28.510269165039062,5.9540863037109375
1771502148.8970702,-1.2575875520706177,14.441518783569336,1.025978146884654e-08,18.41170310974121,31.276901245117188,28.53434944152832,5.956632614135742
1771502148.928706,-1.1784242391586304,14.408012390136719,8.2078255303486e-09,18.367534637451172,31.233896255493164,28.574552536010742,6.050210952758789
1771502148.959841,-1.2177389860153198,14.397464752197266,6.56626042427888e-09,18.378379821777344,31.223316192626953,28.55878448486328,6.0244646072387695
1771502148.991849,-1.1365801095962524,14.541821479797363,5.253008250605262e-09,18.446916580200195,31.263225555419922,28.517547607421875,5.9540696144104
1771502149.0238476,-1.1809414625167847,14.596765518188477,4.202406866937736e-09,18.3939208984375,31.22463607788086,28.468595504760742,5.871655464172363
1771502149.0550976,-1.077364444732666,14.723783493041992,3.3619256267769515e-09,18.436511993408203,31.23004150390625,28.436769485473633,5.8616461753845215
1771502149.0880966,-1.1692862510681152,14.704733848571777,2.689540590239403e-09,18.438663482666016,31.196029663085938,28.345003128051758,5.737180709838867
1771502149.1180959,-1.0996577739715576,14.764132499694824,2.1516324277826016e-09,18.4589900970459,31.30973243713379,28.395029067993164,5.838587284088135
1771502149.149246,-1.121509075164795,14.744138717651367,1.7213059866350022e-09,18.460132598876953,31.262290954589844,28.327098846435547,5.783934593200684
1771502149.180473,-1.2358970642089844,14.786904335021973,1.3770448115124623e-09,18.39739990234375,31.198314666748047,28.19228744506836,5.568641185760498
1771502149.2284343,-1.1840118169784546,14.950427055358887,1.1016358936188908e-09,18.43081283569336,31.1395263671875,28.085721969604492,5.477763652801514
1771502149.262007,-1.2111177444458008,14.94882583618164,8.813087482018034e-10,18.322181701660156,31.117721557617188,28.073373794555664,5.421839237213135
1771502149.2963638,-1.312110185623169,15.029258728027344,7.050470207659032e-10,18.273082733154297,31.10213851928711,27.983064651489258,5.313113212585449
1771502149.3264139,-1.2881392240524292,15.012207984924316,5.640376499194133e-10,18.365280151367188,31.14961814880371,27.989606857299805,5.335430145263672
1771502149.3564084,-1.3230655193328857,14.909193992614746,4.51230136588876e-10,18.273353576660156,31.121774673461914,27.986858367919922,5.363002300262451
1771502149.389431,-1.219956636428833,14.975790977478027,3.609841037199857e-10,18.395660400390625,31.249574661254883,28.058055877685547,5.330915451049805
1771502149.4214444,-1.2201582193374634,14.967389106750488,2.887872996293339e-10,18.46497917175293,31.307804107666016,28.062774658203125,5.3696184158325195
1771502149.4529698,-0.9466015696525574,15.221138000488281,2.3102984803013982e-10,18.644914627075195,31.45387077331543,28.128095626831055,5.3407416343688965
1771502149.4844534,-0.7658859491348267,15.207159042358398,1.8482387842411185e-10,18.638290405273438,31.518287658691406,28.257854461669922,5.4781389236450195
1771502149.5175433,-0.6924492120742798,15.362606048583984,1.4785909996373192e-10,18.674713134765625,31.50729751586914,28.21267318725586,5.465546607971191
1771502149.549634,-0.6842882633209229,15.316017150878906,1.182872827465431e-10,18.55036163330078,31.53005027770996,28.21856689453125,5.529221057891846
1771502149.5806346,-0.8067102432250977,15.173402786254883,9.46298248094557e-11,18.299726486206055,31.336204528808594,28.135766983032227,5.562587738037109
1771502149.6136322,-0.8703908920288086,15.229889869689941,7.570385984756456e-11,18.20374870300293,31.224212646484375,28.078989028930664,5.517247676849365
1771502149.6607835,-0.6440434455871582,15.434101104736328,6.056308926583043e-11,18.278104782104492,31.281200408935547,28.2188720703125,5.69675874710083
1771502149.696205,-0.3239637017250061,15.670673370361328,4.845047280044312e-11,18.494415283203125,31.46546745300293,28.453706741333008,5.870821952819824
1771502149.7275457,-0.1693340539932251,15.66185474395752,3.876038032202267e-11,18.502384185791016,31.544132232666016,28.60065460205078,6.07056188583374
1771502149.7597098,-0.14498686790466309,15.693658828735352,3.1008303563728745e-11,18.4888916015625,31.552444458007812,28.594623565673828,6.070137023925781
1771502149.7917101,-0.27799472212791443,15.640335083007812,2.4806642850982996e-11,18.375476837158203,31.45221519470215,28.52971076965332,6.002960681915283
1771502149.8227165,-0.249741330742836,15.706599235534668,1.9845314627731092e-11,18.312232971191406,31.370805740356445,28.441423416137695,5.994844913482666
1771502149.8538685,-0.196271613240242,15.728694915771484,1.5876251702184874e-11,18.382572174072266,31.473554611206055,28.542707443237305,6.0881266593933105
1771502149.884868,-0.2054964005947113,15.736692428588867,1.2701001708692594e-11,18.36307144165039,31.380569458007812,28.45787239074707,6.05128812789917
1771502149.9168673,-0.21382634341716766,15.749889373779297,1.0160801887371118e-11,18.35696029663086,31.414133071899414,28.48868179321289,6.062750339508057
1771502149.9519966,-0.13114383816719055,15.883410453796387,8.12864185684159e-12,18.42902183532715,31.520408630371094,28.5230770111084,6.053627014160156
1771502149.9835126,0.03344487398862839,15.96419620513916,6.502913658945619e-12,18.5249080657959,31.65152931213379,28.68650245666504,6.125988483428955
1771502150.013538,-0.052853912115097046,15.956572532653809,5.202331187365017e-12,18.392885208129883,31.53757667541504,28.58783531188965,6.018333911895752
1771502150.0455983,-0.028887100517749786,16.080068588256836,4.16186486315584e-12,18.373754501342773,31.57501983642578,28.585023880004883,5.9510498046875
1771502150.0950341,-0.14575336873531342,16.108776092529297,3.329491847156585e-12,18.241432189941406,31.495763778686523,28.50759506225586,5.825259208679199
1771502150.1260395,-0.15823152661323547,16.118316650390625,2.6635935210933548e-12,18.190780639648438,31.460678100585938,28.406951904296875,5.778822898864746
1771502150.158549,-0.3356187641620636,16.004837036132812,2.1308749036108576e-12,18.155344009399414,31.39166831970215,28.210769653320312,5.729109764099121
1771502150.188549,-0.5325624942779541,15.832693099975586,1.704699966256773e-12,18.0797119140625,31.323955535888672,28.087135314941406,5.6171064376831055
1771502150.2205572,-1.0135526657104492,15.56277847290039,1.3637600163735053e-12,17.85170555114746,30.950889587402344,27.570486068725586,5.29198694229126
1771502150.2542996,-1.2732174396514893,15.72590446472168,1.0910080347828477e-12,17.75191879272461,30.551042556762695,26.989490509033203,4.78179407119751
1771502150.286299,-1.3173718452453613,15.90498161315918,8.728064386682999e-13,17.702096939086914,30.24968910217285,26.538434982299805,4.43967866897583
1771502150.3171637,-1.389856219291687,16.040508270263672,6.982451726186834e-13,17.566789627075195,29.942684173583984,26.102975845336914,4.100432395935059
1771502150.3496683,-1.219882845878601,16.390531539916992,5.585961380949467e-13,17.543603897094727,29.736730575561523,25.823659896850586,3.8133180141448975
1771502150.383666,-1.037337303161621,16.820432662963867,4.4687691047595735e-13,17.578088760375977,29.56166648864746,25.571308135986328,3.4819865226745605
1771502150.4134698,-0.7636247873306274,17.197086334228516,3.5750154464379846e-13,17.689579010009766,29.64168930053711,25.694137573242188,3.461731195449829
1771502150.4450428,-0.7041901350021362,17.49669075012207,2.860012302940279e-13,17.608213424682617,29.608158111572266,25.71497344970703,3.3124303817749023
1771502150.478052,-0.7510955333709717,17.67506217956543,2.288010004982549e-13,17.466856002807617,29.570491790771484,25.748308181762695,3.175645112991333
1771502150.5271604,-0.7485730051994324,17.965333938598633,1.830407976880985e-13,17.37786102294922,29.676462173461914,25.790142059326172,2.991652488708496
1771502150.5582016,-0.9463396072387695,17.999174118041992,1.4643264357148966e-13,17.19430160522461,29.75520133972168,25.814922332763672,2.8156092166900635
1771502150.5931957,-1.1892143487930298,17.89274024963379,1.171461202782026e-13,17.036958694458008,29.827322006225586,25.906538009643555,2.739392042160034
1771502150.6272104,-1.273660659790039,17.959331512451172,9.371689757781479e-14,17.047653198242188,29.96194839477539,25.988283157348633,2.719000816345215
1771502150.6587198,-1.3557512760162354,17.91868782043457,7.497352212800998e-14,17.01938819885254,30.101795196533203,26.193056106567383,2.8082945346832275
1771502150.6878989,-1.406038761138916,17.679851531982422,5.997881634715527e-14,17.096405029296875,30.34444236755371,26.546327590942383,3.1033096313476562
1771502150.7189047,-1.2162173986434937,17.6168155670166,4.798305443297693e-14,17.460784912109375,30.641185760498047,27.075462341308594,3.5146310329437256
1771502150.7504203,-0.9747431874275208,17.5036678314209,3.838644557926062e-14,18.147327423095703,30.9787654876709,27.667268753051758,4.0016093254089355
1771502150.7834127,-0.8712944984436035,17.086669921875,3.0709155785782136e-14,19.016685485839844,31.489681243896484,28.255088806152344,4.383710861206055
1771502150.815542,-1.3313698768615723,16.265779495239258,2.4567324967438887e-14,19.759052276611328,32.097171783447266,29.1265926361084,4.834649085998535
1771502150.846122,-1.5339651107788086,15.682133674621582,1.965385963513793e-14,20.67658805847168,33.13959884643555,30.206613540649414,5.413081169128418
1771502150.878106,-1.3432286977767944,15.166829109191895,1.5723088046923524e-14,21.86151123046875,34.60197830200195,31.781776428222656,6.500710487365723
1771502150.909102,-1.2227708101272583,14.637781143188477,1.2578470606945408e-14,22.80839729309082,35.86272430419922,33.13612365722656,7.405407905578613
1771502150.9576576,-1.5331101417541504,13.768714904785156,1.0062776824369506e-14,23.29342269897461,36.75163650512695,34.45037078857422,8.285462379455566
1771502150.989649,-2.055172920227051,13.071555137634277,8.050221459495605e-15,23.510040283203125,37.07394027709961,35.22828674316406,8.982488632202148
1771502151.0216498,-2.385589599609375,12.55179500579834,0.08398061990737915,23.68802833557129,37.29589080810547,35.84492492675781,9.69193172454834
1771502151.0521693,-2.5426387786865234,12.287956237792969,0.06718450039625168,24.079240798950195,37.669368743896484,36.49839782714844,10.358266830444336
1771502151.085561,-2.614739418029785,12.046041488647461,0.05374760180711746,24.353103637695312,38.076385498046875,37.02819061279297,10.968944549560547
1771502151.144442,-2.6566078662872314,11.776466369628906,0.04299808293581009,24.66036033630371,38.48097229003906,37.592063903808594,11.524212837219238
1771502151.176093,-2.9645650386810303,11.635135650634766,0.03439846634864807,24.591344833374023,38.54177474975586,37.86463928222656,11.775156021118164
1771502151.2070923,-3.02886962890625,11.452731132507324,0.027518773451447487,24.595182418823242,38.97455978393555,38.47308349609375,12.448006629943848
1771502151.2386382,-3.1008453369140625,11.388086318969727,0.02201501838862896,24.60675621032715,39.363033294677734,38.890926361083984,12.942275047302246
1771502151.269637,-3.2963104248046875,11.302788734436035,0.017612015828490257,24.783830642700195,39.682655334472656,39.15934753417969,13.41775131225586
1771502151.3024454,-3.701918125152588,11.191508293151855,0.025135226547718048,24.741132736206055,39.650787353515625,39.18214797973633,13.9313325881958
1771502151.3324473,-4.349659442901611,11.332992553710938,0.020108181983232498,24.69402313232422,39.33784103393555,38.96063232421875,13.956498146057129
1771502151.3629522,-4.668630599975586,11.515495300292969,0.05011088401079178,24.915014266967773,39.352935791015625,39.10191345214844,14.218549728393555
1771502151.3960714,-4.7373552322387695,11.594409942626953,0.0400887094438076,25.31938362121582,39.839454650878906,39.81193161010742,15.008661270141602
1771502151.4269562,-4.67653751373291,11.818268775939941,0.03207096830010414,25.740947723388672,40.53224563598633,40.55960464477539,15.964598655700684
1771502151.4574604,-5.082885265350342,11.885673522949219,0.025656774640083313,25.762598037719727,40.90938949584961,40.88589096069336,16.55297088623047
1771502151.4894612,-5.879286766052246,11.728906631469727,0.02052542008459568,25.69666290283203,41.238685607910156,41.104496002197266,16.82893943786621
1771502151.5224934,-6.278765678405762,11.644351959228516,0.016420336440205574,25.864316940307617,41.62885284423828,41.50579833984375,17.44915199279785
1771502151.5527112,-7.349261283874512,11.243654251098633,0.013136269524693489,25.55608558654785,41.75835418701172,41.6141357421875,17.762237548828125
1771502151.5847178,-8.627189636230469,10.841436386108398,0.010509015992283821,24.871017456054688,41.6471061706543,41.592376708984375,18.00414276123047
1771502151.6147087,-9.457060813903809,10.914220809936523,0.008407212793827057,24.479616165161133,41.799713134765625,41.76179885864258,18.365684509277344
1771502151.647131,-10.542609214782715,10.75856876373291,0.00672577042132616,24.20657730102539,41.91410446166992,41.66722869873047,18.56589698791504
1771502151.6811461,-11.56204891204834,10.766243934631348,0.005380616523325443,24.073814392089844,42.24317932128906,41.692138671875,18.168746948242188
1771502151.7111328,-12.644031524658203,10.555011749267578,0.004304493311792612,23.965747833251953,42.5399284362793,41.85506820678711,17.9597225189209
1771502151.7436457,-13.628020286560059,10.437212944030762,0.003443594789132476,23.851806640625,42.67730712890625,41.92230224609375,17.638694763183594
1771502151.7746444,-14.617959976196289,9.979479789733887,0.002754875924438238,23.65567398071289,42.84449768066406,42.07378387451172,17.264751434326172
1771502151.8206446,-15.337060928344727,9.535304069519043,0.002203900832682848,23.67266082763672,43.07658386230469,42.386409759521484,17.26894760131836
1771502151.85376,-15.868864059448242,9.183425903320312,0.001763120642863214,23.68439483642578,43.34214782714844,42.82951354980469,17.49620819091797
1771502151.8897605,-16.19507598876953,8.724878311157227,0.0014104965375736356,23.8642520904541,43.936763763427734,43.426673889160156,17.930360794067383
1771502151.9167626,-16.82797622680664,8.371828079223633,0.0011283972999081016,23.765024185180664,44.100067138671875,43.63474655151367,18.065547943115234
1771502151.949306,-17.605083465576172,8.117822647094727,0.0009027178748510778,23.501930236816406,43.99226760864258,43.645408630371094,18.165130615234375
1771502151.9823294,-18.404579162597656,7.828695297241211,0.0007221742998808622,23.27672004699707,43.836280822753906,43.56548309326172,18.301164627075195
1771502152.0132987,-19.017440795898438,7.8329949378967285,0.0005777394399046898,22.96331024169922,43.31627655029297,43.07613754272461,18.30316734313965
1771502152.0448704,-19.478527069091797,7.850325107574463,0.0004621915577445179,22.679805755615234,42.964256286621094,42.769248962402344,18.322105407714844
1771502152.0768719,-19.656938552856445,7.991523742675781,0.00036975325201638043,22.666284561157227,42.752174377441406,42.819358825683594,18.57329750061035
1771502152.1098707,-19.546131134033203,8.27956485748291,0.00029580260161310434,22.920642852783203,42.86906814575195,43.099082946777344,19.122570037841797
1771502152.1429398,-19.428232192993164,8.531357765197754,0.00023664208129048347,23.163400650024414,43.089935302734375,43.50518035888672,19.73881721496582
1771502152.174454,-19.264598846435547,8.735509872436523,0.00018931366503238678,23.54119300842285,43.56586456298828,44.163177490234375,20.551464080810547
1771502152.2221813,-18.99445152282715,8.877156257629395,0.00015145093493629247,23.90631866455078,44.05859375,44.816219329833984,21.27001953125
1771502152.2549467,-18.7974910736084,8.907445907592773,0.00012116075231460854,24.23980140686035,44.563377380371094,45.4600830078125,21.87275505065918
1771502152.2849472,-18.5306396484375,9.028564453125,9.692860476206988e-05,24.651206970214844,45.16832733154297,46.159481048583984,22.56130599975586
1771502152.3209403,-18.06888198852539,9.1910400390625,7.754288526484743e-05,25.310171127319336,45.904808044433594,47.03974151611328,23.510242462158203
1771502152.3494706,-17.834877014160156,9.212392807006836,6.203431257745251e-05,25.952919006347656,46.5080680847168,47.80241394042969,24.408611297607422
1771502152.3811998,-17.487762451171875,9.320073127746582,4.962745151715353e-05,26.65753173828125,47.2200813293457,48.678314208984375,25.353713989257812
1771502152.4137254,-17.49612045288086,9.203363418579102,3.9701961213722825e-05,27.243148803710938,47.70105743408203,49.25139236450195,25.860267639160156
1771502152.445318,-17.233863830566406,8.955370903015137,3.176157042616978e-05,27.84957504272461,48.44763946533203,50.108455657958984,26.51958465576172
1771502152.4781938,-17.11189079284668,8.640403747558594,2.540925743232947e-05,28.61949920654297,49.332393646240234,51.138877868652344,27.476430892944336
1771502152.5192313,-17.161026000976562,8.357645988464355,2.0327406673459336e-05,29.24852180480957,50.1927604675293,52.08977508544922,28.238842010498047
1771502152.5517514,-17.54123306274414,8.057887077331543,1.626192533876747e-05,29.873029708862305,50.998504638671875,52.88484191894531,28.638511657714844
1771502152.58175,-18.100862503051758,7.7713727951049805,1.3009540452912915e-05,30.088274002075195,51.71770477294922,53.378395080566406,28.81954574584961
1771502152.612751,-18.849384307861328,7.239671230316162,1.0407632544229273e-05,30.32133674621582,52.27207946777344,53.72216796875,28.946453094482422
1771502152.6536233,-19.730072021484375,6.707189559936523,8.32610658108024e-06,30.39075469970703,52.8050651550293,54.037837982177734,29.12537384033203
1771502152.6866221,-20.433069229125977,6.050678730010986,6.660885446763132e-06,30.581623077392578,53.583702087402344,54.6722297668457,29.77153778076172
1771502152.7166235,-20.903675079345703,5.398103713989258,5.328708539309446e-06,30.681331634521484,54.41999053955078,55.289512634277344,30.67291831970215
1771502152.7536628,-21.3212890625,4.773853778839111,4.2629667404980864e-06,30.97538948059082,55.2877197265625,56.01378631591797,31.503360748291016
1771502152.7836595,-21.633102416992188,4.20078182220459,3.4103734378732042e-06,31.13547706604004,55.949310302734375,56.64917755126953,32.35664749145508
1771502152.814669,-21.847610473632812,3.6081933975219727,2.7282987957732985e-06,31.360950469970703,56.4713249206543,57.11977005004883,33.15719985961914
1771502152.8471735,-22.167497634887695,3.2217156887054443,2.1826390366186388e-06,31.430782318115234,56.491920471191406,57.24612045288086,33.409732818603516
1771502152.878175,-22.371118545532227,2.77225661277771,1.7461112520322786e-06,31.490137100219727,56.478492736816406,57.48371124267578,33.6780891418457
1771502152.9111948,-22.623760223388672,2.5978920459747314,1.396889047100558e-06,31.593236923217773,56.24390411376953,57.453128814697266,33.540000915527344
1771502152.9410262,-22.827957153320312,2.418649911880493,1.117511260417814e-06,31.813438415527344,56.09894561767578,57.466224670410156,33.504371643066406
1771502152.9740353,-22.8983154296875,2.2410075664520264,8.940090197029349e-07,32.15275573730469,56.10240173339844,57.60783004760742,33.693023681640625
1771502153.0060334,-23.069250106811523,2.073939800262451,7.152072498683992e-07,32.38732147216797,56.11117935180664,57.67637252807617,33.719993591308594
1771502153.0360434,-23.17396354675293,2.0697860717773438,5.721657885260356e-07,32.63284683227539,56.26063537597656,57.863338470458984,33.82865905761719
1771502153.0845685,-23.163923263549805,2.0441744327545166,4.577326251364866e-07,32.86188507080078,56.40278244018555,57.99455261230469,33.94220733642578
1771502153.1175895,-23.274362564086914,1.7841408252716064,3.661861001091893e-07,32.958778381347656,56.615211486816406,58.19686508178711,34.09065246582031
1771502153.1491494,-23.342220306396484,1.6675935983657837,2.929488971403771e-07,33.00290298461914,56.925960540771484,58.523765563964844,34.34182357788086
1771502153.1821375,-23.45210075378418,1.458757996559143,2.343591205544726e-07,33.38764190673828,57.42228317260742,59.08330535888672,34.85251235961914
1771502153.2121372,-23.78658676147461,1.3124847412109375,1.8748730212791997e-07,33.957332611083984,57.91777801513672,59.58293914794922,35.23927688598633
1771502153.2446623,-24.139558792114258,1.1833432912826538,1.4998984454450692e-07,34.93368148803711,58.78368377685547,60.39483642578125,36.17708969116211
1771502153.2776635,-24.34197425842285,0.6477437019348145,1.1999188131994742e-07,36.45209884643555,59.992774963378906,61.48482131958008,37.788536071777344
1771502153.308683,-24.45674705505371,0.16656869649887085,9.599350647704341e-08,37.85962677001953,61.17892074584961,62.61651611328125,39.474647521972656
1771502153.340196,-24.626354217529297,-0.015338048338890076,7.679480518163473e-08,39.52223205566406,62.49889373779297,63.778106689453125,41.06266403198242
1771502153.3722076,-24.62885856628418,-0.03915662318468094,6.14358484085642e-08,41.06510543823242,63.84921646118164,65.0862045288086,42.77814483642578
1771502153.408243,-24.64790916442871,0.06546826660633087,4.914867801630862e-08,42.35023498535156,65.10555267333984,66.19979858398438,44.13655471801758
1771502153.4377942,-25.019184112548828,0.2037683129310608,3.9318944544675105e-08,43.06298828125,65.78353118896484,66.79175567626953,44.90281677246094
1771502153.4688022,-25.153194427490234,0.43745359778404236,3.145515492519735e-08,43.7174072265625,66.40028381347656,67.40681457519531,45.67533874511719
1771502153.5186946,-25.537731170654297,0.6067357063293457,2.5164125005971982e-08,43.87226867675781,66.62188720703125,67.62066650390625,46.0659294128418
1771502153.5505137,-25.885848999023438,0.7716960906982422,0.2101941555738449,44.262176513671875,66.9215087890625,67.91339874267578,46.235084533691406
1771502153.581513,-26.50763511657715,0.862708330154419,0.8257032632827759,44.11224365234375,66.79155731201172,67.73600006103516,46.017242431640625
1771502153.616567,-27.174711227416992,0.990658164024353,1.3928419351577759,43.671653747558594,66.64041900634766,67.51880645751953,45.64733123779297
1771502153.6450257,-27.825780868530273,0.894648551940918,2.0640106201171875,43.550071716308594,66.35116577148438,67.32575225830078,45.20485305786133
1771502153.6785831,-28.512678146362305,0.6825735569000244,2.763265371322632,43.31074142456055,65.93134307861328,66.97793579101562,44.68033981323242
1771502153.7085865,-29.147687911987305,0.4788295328617096,3.4439637660980225,42.90182876586914,65.43486785888672,66.56722259521484,44.140106201171875
1771502153.7411022,-29.577856063842773,0.2917846441268921,4.021439075469971,42.61956787109375,65.0891342163086,66.25433349609375,43.63243865966797
1771502153.7731035,-29.966276168823242,0.1363236904144287,4.588004112243652,42.47697448730469,64.88917541503906,66.0704345703125,43.30150604248047
1771502153.8051145,-30.269405364990234,0.11145342141389847,5.125336170196533,42.124393463134766,64.6011734008789,65.7274169921875,42.75429916381836
1771502153.8384063,-30.54690933227539,-0.06483836472034454,5.60419225692749,41.82583236694336,64.3636703491211,65.45185852050781,42.46205520629883
1771502153.8785756,-30.72210693359375,0.08907663822174072,5.940292835235596,41.69224166870117,64.29209899902344,65.33680725097656,42.13842010498047
1771502153.908586,-30.74402618408203,0.23380064964294434,6.270633220672607,41.33307647705078,64.15361022949219,65.17345428466797,41.74874496459961
1771502153.9498,-30.852813720703125,0.36745762825012207,6.541792869567871,41.585147857666016,64.2435531616211,65.1938247680664,41.65291213989258
1771502153.9824498,-30.82944679260254,0.5890083312988281,6.491837978363037,41.547359466552734,64.27202606201172,65.29493713378906,41.32564163208008
1771502154.0124846,-30.903228759765625,0.8203339576721191,6.5087714195251465,41.42548370361328,64.12922668457031,65.16534423828125,40.87051010131836
1771502154.0470967,-30.820735931396484,0.8206810355186462,6.587437629699707,41.70368957519531,64.4438247680664,65.58123779296875,41.047203063964844
1771502154.0770972,-30.987565994262695,0.677680253982544,6.636941909790039,41.40824890136719,63.964210510253906,65.08293151855469,40.58705139160156
1771502154.1090739,-30.979310989379883,0.8716325163841248,6.748744964599609,41.544456481933594,64.2997817993164,65.51622772216797,40.75858688354492
1771502154.1417797,-30.901477813720703,0.9303885102272034,6.841108798980713,41.416717529296875,64.26699829101562,65.4594497680664,40.8010368347168
1771502154.173777,-30.68802261352539,1.1087700128555298,6.806362628936768,41.527565002441406,64.59223937988281,65.85452270507812,41.15584945678711
1771502154.2047486,-30.666885375976562,1.1508846282958984,6.853905200958252,41.602474212646484,64.62225341796875,65.85237884521484,41.12089920043945
1771502154.236885,-30.66362762451172,1.2131527662277222,6.7768144607543945,41.71582794189453,64.79244995117188,66.01029205322266,41.19965362548828
1771502154.2724023,-30.597217559814453,1.2715809345245361,6.798484802246094,42.26633834838867,65.25609588623047,66.41637420654297,41.45637512207031
1771502154.301401,-30.561811447143555,1.2848896980285645,6.785622596740723,42.498016357421875,65.24764251708984,66.41030883789062,41.365760803222656
1771502154.332413,-30.7202205657959,1.5268421173095703,6.737501621246338,42.430686950683594,65.11402130126953,66.1978759765625,41.02851486206055
1771502154.4146216,-30.739761352539062,1.818817138671875,6.749881744384766,42.750728607177734,65.20520782470703,66.33000946044922,41.130924224853516
1771502154.4386563,-30.741559982299805,1.926578164100647,6.688695907592773,42.641014099121094,65.14630126953125,66.18900299072266,40.96339416503906
1771502154.4716442,-30.65345001220703,2.203563928604126,6.7732062339782715,43.15570068359375,65.50151824951172,66.6830062866211,41.56784439086914
1771502154.5011592,-30.27799415588379,2.491173028945923,6.881455421447754,44.17188262939453,66.41881561279297,67.59005737304688,42.63539505004883
1771502154.5322614,-29.635839462280273,2.9540863037109375,6.995832443237305,45.75749206542969,67.875732421875,69.03483581542969,44.33555603027344
1771502154.563773,-28.96668815612793,3.5137434005737305,7.111806392669678,47.74300765991211,69.62518310546875,70.87657165527344,46.22560501098633
1771502154.5947697,-28.395435333251953,3.8195395469665527,7.1039252281188965,49.03712844848633,70.88826751708984,72.10964965820312,47.61631393432617
1771502154.6247692,-27.930971145629883,4.260084629058838,7.085378646850586,50.50677490234375,72.09550476074219,73.29866027832031,48.74796676635742
1771502154.6562896,-27.387723922729492,4.6393046379089355,6.953588485717773,52.182918548583984,73.25228118896484,74.66658020019531,49.958770751953125
1771502154.6912868,-27.279029846191406,4.891160488128662,6.644851207733154,53.24934387207031,73.92012023925781,75.51828002929688,50.306461334228516
1771502154.720288,-26.926176071166992,5.26582670211792,6.49864387512207,54.02177429199219,74.64111328125,76.41828155517578,50.821163177490234
1771502154.7508156,-26.623027801513672,5.54649543762207,6.26235294342041,54.555030822753906,75.03852081298828,77.05703735351562,51.145877838134766
1771502154.780813,-26.406856536865234,5.8140130043029785,6.145840167999268,55.232669830322266,75.56824493408203,77.82764434814453,51.74693298339844
1771502154.846958,-26.23126220703125,5.972382545471191,6.139725208282471,55.31129455566406,75.71843719482422,78.0494613647461,51.80955123901367
1771502154.8739936,-26.10136604309082,6.048521041870117,6.068188190460205,55.41013717651367,75.87112426757812,78.30897521972656,51.990928649902344
1771502154.9076412,-25.9001522064209,6.272316932678223,6.1171393394470215,55.46172332763672,76.08554077148438,78.5180435180664,52.217674255371094
1771502154.9366145,-25.792970657348633,6.423126220703125,6.083216667175293,55.7108268737793,76.28553771972656,78.73237609863281,52.43581008911133
1771502154.969124,-25.794891357421875,6.442318916320801,6.063215255737305,55.68721008300781,76.29768371582031,78.59273529052734,52.4043083190918
1771502155.0011923,-25.65679168701172,6.37110710144043,5.968777656555176,56.007049560546875,76.61001586914062,78.88068389892578,52.633914947509766
1771502155.033226,-25.608341217041016,6.36369514465332,5.949638843536377,56.164306640625,76.75993347167969,79.0220947265625,52.754669189453125
1771502155.0647726,-25.542469024658203,6.436123847961426,5.888258934020996,56.299598693847656,76.91822814941406,79.15753936767578,52.8651008605957
1771502155.0967727,-25.472646713256836,6.33172607421875,5.876468181610107,56.529972076416016,77.21849060058594,79.39204406738281,53.175479888916016
1771502155.1287804,-25.379467010498047,6.291121006011963,5.790133953094482,56.87108612060547,77.43962860107422,79.54905700683594,53.22765350341797
1771502155.1573634,-25.29046630859375,6.208467483520508,5.750748634338379,57.51934051513672,77.8197021484375,79.73023986816406,53.47422409057617
1771502155.186825,-25.28585433959961,6.3321757316589355,5.619759559631348,58.42298889160156,78.24107360839844,80.1916275024414,53.779876708984375
1771502155.2455084,-25.41769790649414,6.5528459548950195,5.57769250869751,58.59663772583008,78.3270034790039,80.27256774902344,53.7835578918457
1771502155.2775044,-25.6370906829834,6.544186592102051,5.55992317199707,58.38856506347656,78.0797119140625,80.0379409790039,53.66046142578125
1771502155.2995543,-25.85844612121582,6.521990776062012,5.463230609893799,58.018165588378906,77.73214721679688,79.69794464111328,53.452999114990234
1771502155.3315668,-25.96688461303711,6.576784133911133,5.446324348449707,57.982032775878906,77.57220458984375,79.61311340332031,53.43267059326172
1771502155.3640563,-26.136323928833008,6.6846184730529785,5.487112045288086,57.4433708190918,77.22053527832031,79.22310638427734,53.195777893066406
1771502155.3950877,-25.96706771850586,6.689176082611084,5.543118476867676,57.46963119506836,77.37943267822266,79.32526397705078,53.55757141113281
1771502155.4250884,-25.896764755249023,6.677401065826416,5.590864181518555,57.32211685180664,77.39812469482422,79.27608489990234,53.7303466796875
1771502155.4566205,-25.868877410888672,6.727804660797119,5.578147888183594,57.34337615966797,77.40264892578125,79.2273178100586,53.82999038696289
1771502155.489622,-26.0380859375,6.704644203186035,5.663208961486816,57.084251403808594,77.23797607421875,79.06748962402344,53.781707763671875
1771502155.5212877,-26.036712646484375,6.766451358795166,5.722017288208008,57.09529495239258,77.29313659667969,79.05908966064453,53.809444427490234
1771502155.551645,-26.09447479248047,6.677890300750732,5.795223712921143,57.02128219604492,77.3310317993164,79.08109283447266,53.835872650146484
1771502155.5836954,-26.115028381347656,6.665822982788086,5.845658302307129,56.89311599731445,77.34463500976562,79.07243347167969,53.9313850402832
1771502155.6297495,-26.173250198364258,6.636704921722412,5.895515441894531,57.00062561035156,77.43936157226562,79.14375305175781,54.005409240722656
1771502155.6771069,-26.180789947509766,6.561297416687012,5.9534454345703125,57.05791473388672,77.48302459716797,79.1345443725586,53.98923110961914
1771502155.7101097,-26.162519454956055,6.495683193206787,5.946918487548828,56.94972610473633,77.48063659667969,79.04661560058594,53.93986892700195
1771502155.7426221,-26.17089080810547,6.456593990325928,5.949522018432617,56.93912887573242,77.53917694091797,79.04879760742188,53.96845245361328
1771502155.773623,-25.938190460205078,6.435757637023926,5.928186416625977,57.28683853149414,77.88341522216797,79.4130859375,54.267364501953125
1771502155.8046305,-25.811386108398438,6.393138885498047,5.933687210083008,57.31889343261719,78.10362243652344,79.57142639160156,54.51283264160156
1771502155.836637,-25.763805389404297,6.355808734893799,5.954970836639404,57.396156311035156,78.28440856933594,79.66946411132812,54.62992858886719
1771502155.8671784,-25.673324584960938,6.317481994628906,5.960423946380615,57.35678482055664,78.40280151367188,79.81623840332031,54.76837921142578
1771502155.8991673,-25.701637268066406,6.2900590896606445,5.926580905914307,57.18837356567383,78.27238464355469,79.66471099853516,54.659759521484375
1771502155.9311705,-25.628210067749023,6.304488182067871,5.904279708862305,57.326942443847656,78.37452697753906,79.77825927734375,54.768524169921875
1771502155.9606779,-25.59915542602539,6.299856185913086,5.880311489105225,57.36107635498047,78.4432373046875,79.89624786376953,54.901126861572266
1771502155.9936872,-25.600500106811523,6.198995113372803,5.816756248474121,56.86457061767578,78.14605712890625,79.58409118652344,54.665531158447266
1771502156.0286853,-25.547880172729492,6.200072288513184,5.871875286102295,57.257598876953125,78.38790893554688,79.90013885498047,55.13105010986328
1771502156.0610595,-25.465688705444336,6.120673656463623,5.931207180023193,57.14879608154297,78.31871032714844,79.68125915527344,54.99357986450195
1771502156.1090574,-25.469881057739258,6.171579837799072,5.982604503631592,57.414703369140625,78.4461669921875,79.95176696777344,55.40049362182617
1771502156.1415777,-25.46518325805664,6.068572044372559,6.0305023193359375,57.22309875488281,78.42772674560547,79.85669708251953,55.414161682128906
1771502156.1645763,-25.478275299072266,6.070833683013916,6.083888053894043,57.22132873535156,78.40438079833984,79.89346313476562,55.502296447753906
1771502156.1985834,-25.60101318359375,6.00059700012207,6.0462260246276855,56.81688690185547,78.0331039428711,79.48374938964844,55.09611511230469
1771502156.2275882,-25.62015151977539,5.986895561218262,6.064078330993652,56.561302185058594,77.87740325927734,79.2574234008789,54.87934112548828
1771502156.2591116,-25.699460983276367,6.011891841888428,6.085667610168457,56.42351531982422,77.77462768554688,79.13652038574219,54.729713439941406
1771502156.2921133,-25.56442642211914,5.909506320953369,6.076828479766846,56.717220306396484,78.02101135253906,79.30928039550781,54.87826919555664
1771502156.3231134,-25.65447235107422,5.837958812713623,6.111635684967041,56.571571350097656,77.96480560302734,79.28392791748047,54.851200103759766
1771502156.354755,-25.66937255859375,5.807458400726318,6.091148853302002,56.29247283935547,77.72122192382812,79.10087585449219,54.59835433959961
1771502156.3856838,-25.899158477783203,5.726269245147705,6.162670612335205,55.9049186706543,77.38189697265625,78.76339721679688,54.3112907409668
1771502156.4306488,-26.182445526123047,5.670126914978027,6.158205986022949,55.82798767089844,77.13994598388672,78.52653503417969,54.00395202636719
1771502156.4642997,-26.393564224243164,5.6190314292907715,6.248322010040283,55.986106872558594,77.07740783691406,78.51905822753906,54.153621673583984
1771502156.4952917,-26.69668197631836,5.58597993850708,6.255616188049316,55.74114227294922,76.77452087402344,78.27693176269531,53.952335357666016
1771502156.5412369,-26.74860954284668,5.4392523765563965,6.193567752838135,55.51896667480469,76.47809600830078,78.06060028076172,53.620361328125
1771502156.5762646,-26.943256378173828,5.376072406768799,6.200934410095215,54.84500503540039,75.85928344726562,77.55001831054688,53.12697982788086
1771502156.6082447,-27.11949920654297,5.209754943847656,6.170998573303223,53.99702835083008,75.0392074584961,76.85935974121094,52.293174743652344
1771502156.6392467,-27.239652633666992,5.026029586791992,6.111377716064453,53.48634719848633,74.42887115478516,76.28524017333984,51.753414154052734
1771502156.6698508,-27.34859848022461,4.956460952758789,6.152535438537598,53.029441833496094,73.89994049072266,75.8524398803711,51.3220100402832
1771502156.7028778,-27.3568058013916,4.79693078994751,6.156850337982178,52.73573684692383,73.48743438720703,75.47937774658203,50.865692138671875
1771502156.7369437,-27.354616165161133,4.714828968048096,6.104147911071777,52.58407211303711,73.24945831298828,75.24581909179688,50.588924407958984
1771502156.7683668,-27.474750518798828,4.590713024139404,5.977578639984131,52.40476608276367,73.04131317138672,75.04328918457031,50.26762771606445
1771502156.7993734,-27.409656524658203,4.505523681640625,5.728496074676514,52.345096588134766,73.14664459228516,75.08212280273438,50.256378173828125
1771502156.8303933,-27.3183536529541,4.440982818603516,5.559230327606201,52.67589569091797,73.58865356445312,75.41121673583984,50.6547737121582
1771502156.862171,-27.255720138549805,4.309025287628174,5.395445346832275,52.95458221435547,74.10939025878906,75.78157043457031,51.13376235961914
1771502156.8941777,-27.286056518554688,4.133501052856445,5.318124771118164,53.056453704833984,74.42764282226562,75.90055084228516,51.49556350708008
1771502156.9262295,-27.50874137878418,3.9701507091522217,5.246274948120117,52.8244514465332,74.35376739501953,75.68944549560547,51.36380386352539
1771502156.973408,-27.833328247070312,3.922867774963379,5.231390953063965,52.694602966308594,74.1751708984375,75.49150848388672,51.15581512451172
1771502157.0064101,-28.102054595947266,3.934386730194092,5.230575084686279,52.50037384033203,73.94017028808594,75.24138641357422,50.74353790283203
1771502157.0344214,-28.252017974853516,3.9255850315093994,5.243700981140137,52.411895751953125,73.86202239990234,75.15409851074219,50.53791809082031
1771502157.0667214,-28.400096893310547,3.863165855407715,5.26462984085083,52.57554626464844,73.88633728027344,75.18521881103516,50.613258361816406
1771502157.097721,-28.596525192260742,3.723492383956909,5.257614612579346,52.501522064208984,73.6972427368164,75.02462768554688,50.52436447143555
1771502157.129749,-28.95281410217285,3.665601968765259,5.284623146057129,52.2107048034668,73.27433013916016,74.59283447265625,50.256019592285156
1771502157.1608233,-29.35480499267578,3.3307788372039795,5.276084899902344,51.85600662231445,72.70308685302734,73.90779876708984,49.79578399658203
1771502157.193846,-29.654762268066406,3.1058244705200195,5.2682929039001465,51.48909378051758,72.22132873535156,73.214599609375,49.40053176879883
1771502157.2288573,-29.970123291015625,2.956883430480957,5.233276844024658,51.33264923095703,71.78408813476562,72.59613800048828,48.83563995361328
1771502157.261962,-30.42075538635254,2.7998909950256348,5.198817729949951,51.3608283996582,71.1556396484375,71.8704605102539,48.00398254394531
1771502157.2949588,-30.855850219726562,2.7304437160491943,5.234734058380127,51.14487075805664,70.51954650878906,71.09935760498047,47.21221923828125
1771502157.3257349,-31.368465423583984,2.4808714389801025,5.130157947540283,50.79467010498047,69.81491088867188,70.33991241455078,46.25007629394531
1771502157.3579383,-31.68222427368164,2.3190107345581055,5.000725746154785,50.57548141479492,69.35700225830078,69.8179702758789,45.5252571105957
1771502157.406938,-32.020938873291016,2.0153541564941406,4.859650135040283,50.38458251953125,68.75155639648438,69.04513549804688,44.31688690185547
1771502157.4404814,-32.49837875366211,1.8289729356765747,4.790937900543213,50.18167495727539,68.21278381347656,68.37196350097656,43.10763168334961
1771502157.4599926,-32.76784133911133,1.6749788522720337,4.739722728729248,50.208587646484375,67.8237533569336,67.94369506835938,42.14150619506836
1771502157.491994,-33.22352600097656,1.5563008785247803,4.7580952644348145,50.13054656982422,67.34573364257812,67.4273452758789,41.11171340942383
1771502157.5236456,-33.602134704589844,1.30677330493927,4.757900238037109,50.24412536621094,66.96473693847656,66.96739196777344,40.3052978515625
1771502157.5534418,-33.94138717651367,0.9432228803634644,4.762510299682617,50.33933639526367,66.53663635253906,66.42002868652344,39.48728942871094
1771502157.5974543,-34.427574157714844,0.30730926990509033,4.986814498901367,49.69919967651367,65.70932006835938,65.42852020263672,38.709983825683594
1771502157.6315184,-34.672481536865234,-0.11287130415439606,5.184494972229004,49.119468688964844,64.92515563964844,64.39289855957031,37.91087341308594
1771502157.6627944,-35.00163269042969,-0.40262165665626526,5.317198753356934,48.19351577758789,63.98609924316406,63.19710159301758,36.85100555419922
1771502157.6948066,-35.17915344238281,-0.691773533821106,5.344210147857666,47.63716125488281,63.30256652832031,62.36445999145508,36.12472152709961
1771502157.7278144,-35.391910552978516,-0.7080886363983154,5.316679000854492,46.95813751220703,62.55244445800781,61.40321731567383,35.11421585083008
1771502157.7564936,-35.56468200683594,-0.7182602882385254,5.205624103546143,46.07121658325195,61.65681457519531,60.492366790771484,34.11896514892578
1771502157.787724,-35.65277099609375,-0.45194852352142334,5.052645683288574,44.867881774902344,60.80458450317383,59.74095916748047,32.726688385009766
1771502157.836219,-35.633140563964844,-0.3014487624168396,4.802316665649414,43.621822357177734,59.713253021240234,58.676185607910156,31.07636070251465
1771502157.8648145,-35.751739501953125,-0.2630363702774048,4.619931697845459,42.6820068359375,58.792694091796875,57.71552276611328,29.6788330078125
1771502157.8939583,-35.8386344909668,-0.280855655670166,4.374021530151367,41.466041564941406,57.4974250793457,56.176063537597656,28.1223201751709
1771502157.9271064,-35.45901107788086,-0.23613524436950684,3.9585957527160645,40.30402374267578,56.454315185546875,55.03803253173828,26.791231155395508
1771502157.9556165,-35.17774963378906,-0.06673400849103928,3.685297727584839,38.722023010253906,54.803096771240234,53.18769836425781,24.727333068847656
1771502157.9986217,-34.53052520751953,0.5422192811965942,3.8531954288482666,36.889827728271484,52.38713836669922,50.28771209716797,22.027406692504883
1771502158.0296173,-33.59074401855469,1.5175765752792358,4.313982963562012,35.433433532714844,50.408447265625,47.659366607666016,19.578243255615234
1771502158.0611856,-32.37935256958008,2.509951114654541,4.800802230834961,34.292572021484375,48.544776916503906,45.50722885131836,17.824440002441406
1771502158.094194,-31.114173889160156,3.6828227043151855,5.526767253875732,33.40961837768555,46.948883056640625,43.623085021972656,16.41130256652832
1771502158.1266766,-29.89049530029297,4.625814437866211,6.243174076080322,32.83021545410156,45.649261474609375,42.17725372314453,15.435789108276367
1771502158.1581912,-28.920658111572266,5.407577991485596,6.733104705810547,32.51853942871094,44.620643615722656,41.025352478027344,14.678613662719727
1771502158.1891959,-28.017189025878906,6.239768981933594,7.318449974060059,32.22279739379883,43.663448333740234,40.01816940307617,14.11517333984375
1771502158.2361956,-27.212528228759766,7.082939147949219,7.928696155548096,32.016510009765625,42.853126525878906,39.1680908203125,13.693399429321289
1771502158.2717109,-26.5380916595459,7.8100714683532715,8.513945579528809,31.79199981689453,42.034244537353516,38.37578582763672,13.368026733398438
1771502158.2997463,-26.071109771728516,8.356277465820312,8.897562026977539,31.596050262451172,41.30121994018555,37.7133903503418,13.038141250610352
1771502158.3307638,-25.89226722717285,8.73908805847168,9.238566398620605,31.222562789916992,40.40239715576172,36.90843963623047,12.619237899780273
1771502158.362803,-25.810869216918945,9.10634708404541,9.556642532348633,30.758464813232422,39.49209976196289,36.122737884521484,12.14240550994873
1771502158.3935866,-25.65500259399414,9.475937843322754,9.857674598693848,30.422685623168945,38.760013580322266,35.43605041503906,11.79095458984375
1771502158.430608,-26.282894134521484,9.136240005493164,9.856677055358887,29.860553741455078,37.587982177734375,34.37109375,10.67274284362793
1771502158.4595523,-26.911422729492188,9.123333930969238,10.056427955627441,29.348663330078125,36.31753158569336,32.93408203125,9.394134521484375
1771502158.4921834,-27.558151245117188,9.029132843017578,10.125935554504395,28.860013961791992,35.15579605102539,31.695375442504883,8.09316635131836
1771502158.5251834,-28.4119815826416,8.463384628295898,9.912256240844727,28.183937072753906,34.05789566040039,30.751367568969727,6.995976448059082
1771502158.5597012,-28.863391876220703,8.064208984375,9.839550971984863,27.84020233154297,33.278160095214844,29.974750518798828,6.133937835693359
1771502158.5917008,-29.225696563720703,7.743826866149902,9.810522079467773,27.49358367919922,32.583770751953125,29.238000869750977,5.407129287719727
1771502158.6247776,-29.608509063720703,7.421919822692871,9.757295608520508,27.05901336669922,32.05277633666992,28.728965759277344,4.753742694854736
1771502158.669007,-30.106700897216797,7.047882080078125,9.715740203857422,26.450153350830078,31.480491638183594,28.153640747070312,4.012108325958252
1771502158.7020044,-30.466970443725586,6.84727144241333,9.699396133422852,25.94293785095215,30.971572875976562,27.652549743652344,3.406879186630249
1771502158.7230039,-30.743637084960938,6.674221038818359,9.691657066345215,25.57181167602539,30.59136199951172,27.16509246826172,2.9075326919555664
1771502158.752515,-30.827598571777344,6.556951522827148,9.722139358520508,25.30154037475586,30.444639205932617,26.892208099365234,2.6442606449127197
1771502158.796619,-30.94049072265625,6.343811988830566,9.684842109680176,24.87506866455078,30.235483169555664,26.830768585205078,2.428422212600708
1771502158.8266318,-30.926992416381836,6.278223991394043,9.705079078674316,24.75191879272461,30.187938690185547,26.689603805541992,2.2496633529663086
1771502158.8601334,-30.811851501464844,6.28948450088501,9.753822326660156,24.70614242553711,30.170429229736328,26.6683406829834,2.196525812149048
1771502158.894172,-30.66303062438965,6.339481353759766,9.793401718139648,24.667503356933594,30.190073013305664,26.674041748046875,2.201124668121338
1771502158.926192,-30.50942039489746,6.428727149963379,9.845808029174805,24.679594039916992,30.201324462890625,26.6879940032959,2.2136313915252686
1771502158.9590173,-30.468128204345703,6.432731628417969,9.85621166229248,24.819013595581055,30.20436668395996,26.73633575439453,2.2459452152252197
1771502158.9900155,-30.31706428527832,6.515166282653809,9.793099403381348,24.928749084472656,30.185728073120117,26.759571075439453,2.371068000793457
1771502159.0230067,-30.188486099243164,6.53760290145874,9.770541191101074,25.07223129272461,30.333812713623047,26.89922332763672,2.41298508644104
1771502159.0527241,-30.102270126342773,6.6219706535339355,10.012128829956055,25.238176345825195,30.458642959594727,26.95472526550293,2.4977807998657227
1771502159.1008635,-30.21853256225586,6.64310884475708,10.094491958618164,25.522918701171875,30.52802276611328,27.001689910888672,2.553619623184204
1771502159.1338632,-30.477190017700195,6.5136847496032715,9.869460105895996,25.781984329223633,30.581802368164062,27.064348220825195,2.5702149868011475
1771502159.1613634,-30.425535202026367,6.624279975891113,9.907124519348145,25.964393615722656,30.756561279296875,27.20412826538086,2.612722158432007
1771502159.1913419,-30.269319534301758,6.698028087615967,9.7969388961792,25.998397827148438,30.974157333374023,27.42631721496582,2.7405247688293457
1771502159.2303467,-29.988628387451172,6.861075401306152,9.883886337280273,26.19988250732422,31.25959014892578,27.61042594909668,2.9740326404571533
1771502159.260868,-29.75274658203125,6.971889019012451,9.89269733428955,26.389150619506836,31.486949920654297,27.803451538085938,3.181095838546753
1771502159.2943082,-29.629711151123047,6.859568119049072,9.827823638916016,26.507713317871094,31.680591583251953,27.994272232055664,3.362677574157715
1771502159.3321247,-29.532459259033203,6.8198747634887695,9.87074089050293,26.636981964111328,31.843318939208984,28.122344970703125,3.432206869125366
1771502159.3641076,-29.494338989257812,6.870884895324707,9.93513011932373,26.703876495361328,31.9063720703125,28.031574249267578,3.3460276126861572
1771502159.3961065,-29.529481887817383,6.83378791809082,9.980128288269043,26.69844627380371,31.888635635375977,27.917360305786133,3.2364859580993652
1771502159.425116,-29.560213088989258,6.893405914306641,10.070239067077637,26.7186336517334,31.831146240234375,27.789552688598633,3.1607213020324707
1771502159.4566934,-29.685100555419922,6.905445098876953,10.09588623046875,26.64366912841797,31.734418869018555,27.624971389770508,3.022071361541748
1771502159.4876933,-29.905860900878906,6.8404412269592285,10.129456520080566,26.4775333404541,31.649660110473633,27.416990280151367,2.9069573879241943
1771502159.535437,-30.225927352905273,6.817417621612549,10.143558502197266,26.3128662109375,31.31678009033203,27.014408111572266,2.606307029724121
1771502159.5689917,-30.166080474853516,6.977372646331787,10.175920486450195,26.2790584564209,31.20291519165039,26.759857177734375,2.385199785232544
1771502159.5969908,-30.260852813720703,7.076214790344238,10.177306175231934,26.219337463378906,31.013137817382812,26.45488739013672,2.0788509845733643
1771502159.6309986,-30.409900665283203,7.19113826751709,10.238847732543945,26.063396453857422,30.740089416503906,26.046672821044922,1.7618862390518188
1771502159.660505,-30.313074111938477,7.223247051239014,10.213348388671875,26.05226707458496,30.660659790039062,25.90932273864746,1.6395424604415894
1771502159.6925051,-30.361108779907227,7.27155065536499,10.260049819946289,25.72661590576172,30.275407791137695,25.470561981201172,1.4225918054580688
1771502159.7245958,-30.03302764892578,7.450592041015625,10.327377319335938,25.405704498291016,29.94886589050293,25.271413803100586,1.6175765991210938
1771502159.7561302,-29.69996452331543,7.570977210998535,10.325578689575195,25.093368530273438,29.782033920288086,25.126724243164062,1.8792037963867188
1771502159.7891557,-29.101062774658203,7.77672815322876,10.363826751708984,24.941715240478516,29.640167236328125,25.15369415283203,2.460230588912964
1771502159.8221564,-28.116079330444336,8.145271301269531,10.35049057006836,25.21164894104004,29.69672393798828,25.459857940673828,3.324277877807617
1771502159.852601,-26.892333984375,8.293037414550781,10.045906066894531,25.714576721191406,29.954330444335938,26.01858139038086,4.572713851928711
1771502159.887998,-25.655611038208008,8.39775276184082,9.320029258728027,26.165843963623047,30.47852325439453,26.667417526245117,5.7694091796875
1771502159.9169998,-24.466718673706055,8.468769073486328,8.550783157348633,26.753793716430664,31.091293334960938,27.418649673461914,6.83510684967041
1771502159.966613,-23.331710815429688,8.664520263671875,7.789507865905762,27.395172119140625,31.801939010620117,28.126047134399414,7.8240861892700195
1771502159.997735,-22.373716354370117,8.810186386108398,7.046968936920166,27.905441284179688,32.433311462402344,28.753063201904297,8.61647891998291
1771502160.0303254,-21.66561508178711,8.8593168258667,6.389130592346191,28.168519973754883,32.842750549316406,29.197723388671875,9.100812911987305
1771502160.0608296,-21.135339736938477,8.877521514892578,5.619503021240234,28.402873992919922,33.16238784790039,29.573810577392578,9.484317779541016
1771502160.09524,-20.343626022338867,9.160160064697266,4.769367218017578,29.010969161987305,33.63242721557617,30.114154815673828,9.835851669311523
1771502160.1252398,-19.69222640991211,9.34625244140625,4.065974712371826,29.426273345947266,33.929344177246094,30.47281265258789,10.097355842590332
1771502160.1557956,-19.243976593017578,9.447670936584473,3.6879167556762695,29.664669036865234,33.9904670715332,30.647367477416992,10.2044038772583
1771502160.1888745,-18.71416664123535,9.669696807861328,3.2920353412628174,29.97171401977539,34.07997131347656,30.890518188476562,10.39828109741211
1771502160.2209227,-18.22154426574707,9.784570693969727,2.96722149848938,30.15302085876465,34.17331314086914,31.100677490234375,10.610770225524902
1771502160.253093,-17.977359771728516,9.742408752441406,2.913100242614746,30.01917839050293,34.0755500793457,31.140827178955078,10.604028701782227
1771502160.285095,-17.664899826049805,9.709351539611816,2.9207823276519775,30.03162384033203,34.04904556274414,31.206594467163086,10.634757041931152
1771502160.3202002,-17.4619140625,9.675996780395508,2.7485921382904053,30.0196533203125,34.03612518310547,31.274484634399414,10.670465469360352
1771502160.3516922,-17.253360748291016,9.756147384643555,2.7206616401672363,30.00037956237793,34.013545989990234,31.30453872680664,10.441778182983398
1771502160.398693,-17.008455276489258,9.84319019317627,2.625257968902588,30.080768585205078,33.876548767089844,31.19510841369629,10.010211944580078
1771502160.4308183,-16.625652313232422,9.931331634521484,2.58686900138855,29.71855926513672,33.68389129638672,31.055683135986328,9.503105163574219
1771502160.4622395,-16.2511043548584,9.999199867248535,2.489926338195801,29.23354148864746,33.60422897338867,30.886159896850586,9.039752006530762
1771502160.4932394,-15.994951248168945,9.948800086975098,2.655078649520874,28.627290725708008,33.381534576416016,30.549476623535156,8.416501998901367
1771502160.5247798,-15.530777931213379,9.946276664733887,2.8335721492767334,28.447467803955078,33.188446044921875,30.55007553100586,7.956845283508301
1771502160.5571594,-14.726221084594727,9.709514617919922,2.6673977375030518,28.315153121948242,33.276214599609375,30.814720153808594,8.060523986816406
1771502160.5891612,-14.261200904846191,9.470224380493164,3.016284465789795,28.009178161621094,33.095584869384766,30.75088882446289,7.954951286315918
1771502160.622157,-13.85290813446045,9.131967544555664,3.1738789081573486,27.674571990966797,32.94938659667969,30.675413131713867,7.885648727416992
1771502160.6536915,-12.782989501953125,9.115721702575684,2.6716854572296143,27.841224670410156,33.57281494140625,31.289758682250977,8.36328125
1771502160.685687,-11.815729141235352,9.204124450683594,2.3392348289489746,27.70151710510254,34.02975845336914,31.529905319213867,8.447525024414062
1771502160.716684,-11.041220664978027,9.280570983886719,1.8713878393173218,27.6254825592041,34.4744873046875,31.474716186523438,8.157017707824707
1771502160.750776,-10.442232131958008,9.31204605102539,1.4971102476119995,27.748695373535156,34.93534851074219,31.22388458251953,7.703125476837158
1771502160.7808096,-9.415898323059082,9.32451343536377,1.1976882219314575,28.098129272460938,35.57121276855469,31.045917510986328,7.5083441734313965
1771502160.828779,-8.076050758361816,9.705450057983398,0.9581505656242371,28.446687698364258,36.15550231933594,30.762792587280273,7.289450645446777
1771502160.862398,-7.0633931159973145,10.028447151184082,0.7665204405784607,28.633514404296875,36.463382720947266,30.297143936157227,6.936882019042969
1771502160.895364,-5.803263187408447,10.59111499786377,0.6132163405418396,28.919631958007812,36.66744613647461,29.704418182373047,6.575705528259277
1771502160.9253836,-4.56675910949707,11.425710678100586,0.49057307839393616,28.772438049316406,36.64011764526367,28.91187286376953,5.946643829345703
1771502160.9587328,-3.6062965393066406,12.193764686584473,0.3924584686756134,28.33771514892578,36.30997848510742,27.94021224975586,5.099778652191162
1771502160.9887497,-2.6311399936676025,13.012434005737305,0.3139667809009552,28.09644317626953,36.1376953125,27.268951416015625,4.535052299499512
1771502161.0207314,-2.3565704822540283,13.518719673156738,0.2511734366416931,27.440799713134766,35.415611267089844,26.19296646118164,3.680201768875122
1771502161.0532448,-2.2748358249664307,13.97050952911377,0.20093874633312225,26.28700828552246,34.57744598388672,25.1849365234375,2.9441614151000977
1771502161.083597,-2.468080997467041,14.425077438354492,0.16075100004673004,24.685375213623047,33.5977783203125,24.077381134033203,2.3553292751312256
1771502161.1176996,-2.516187906265259,15.079499244689941,0.1286008059978485,23.044925689697266,32.53752899169922,23.014657974243164,1.8842633962631226
1771502161.1482182,-2.4499318599700928,15.606490135192871,0.10288064926862717,21.73383903503418,31.518627166748047,22.12801742553711,1.5074107646942139
1771502161.1822164,-2.8076281547546387,15.942801475524902,0.08230452239513397,20.30045509338379,30.289531707763672,21.0325984954834,1.2059286832809448
1771502161.2142458,-3.5215559005737305,15.875941276550293,0.0658436194062233,18.917768478393555,28.929061889648438,19.89525604248047,0.9647429585456848
1771502161.261766,-4.563668251037598,15.48615837097168,0.05267489701509476,17.47166633605957,27.406925201416016,18.647411346435547,0.7717943787574768
1771502161.2938478,-5.461386680603027,15.100995063781738,0.042139917612075806,16.39415168762207,26.07951545715332,17.71064567565918,0.6174355149269104
1771502161.3247902,-6.108897686004639,14.801305770874023,0.033711936324834824,15.847224235534668,25.06694793701172,17.06349754333496,0.49394842982292175
1771502161.356279,-6.85382080078125,14.298540115356445,0.02696955017745495,15.315571784973145,24.207687377929688,16.608434677124023,0.3951587378978729
1771502161.3922787,-7.173313617706299,13.952929496765137,0.02157564088702202,15.170632362365723,23.760522842407227,16.485397338867188,0.3161270022392273
1771502161.4232988,-7.31421422958374,13.632171630859375,0.017260512337088585,15.234283447265625,23.589664459228516,16.672208786010742,0.2529016137123108
1771502161.453813,-7.320066452026367,13.390653610229492,0.013808409683406353,15.247203826904297,23.532339096069336,16.984691619873047,0.20232129096984863
1771502161.4848194,-7.228708267211914,13.2201509475708,0.011046728119254112,15.311274528503418,23.638578414916992,17.36507797241211,0.16185703873634338
1771502161.5168917,-6.900036811828613,13.222352981567383,0.008837382309138775,15.569971084594727,23.809391021728516,17.818309783935547,0.12948563694953918
1771502161.5504076,-6.438967227935791,13.279756546020508,0.0070699057541787624,15.784527778625488,24.125774383544922,18.368610382080078,0.1483658105134964
1771502161.5814078,-6.4270501136779785,13.13713550567627,0.005655924789607525,15.715485572814941,24.244915008544922,18.750028610229492,0.11869265139102936
1771502161.6174076,-6.480289459228516,12.831191062927246,0.004524739924818277,15.636434555053711,24.42069435119629,19.26532554626465,0.2525732219219208
1771502161.6459243,-6.2447309494018555,12.726359367370605,0.003619791939854622,15.681951522827148,24.779937744140625,19.904644012451172,0.5079678297042847
1771502161.692932,-6.037233829498291,12.636245727539062,0.0028958336915820837,15.591684341430664,24.949350357055664,20.556962966918945,0.7692935466766357
1771502161.7259314,-5.9557695388793945,12.380467414855957,0.0023166669998317957,15.361932754516602,25.087963104248047,21.15036392211914,1.0615315437316895
1771502161.7574425,-5.878110885620117,12.264123916625977,0.0018533336697146297,14.914898872375488,24.996334075927734,21.47002601623535,1.1477874517440796
1771502161.7884436,-5.6675639152526855,12.241440773010254,0.0014826669357717037,14.901738166809082,25.105741500854492,21.861494064331055,1.3464025259017944
1771502161.8224416,-5.528594017028809,12.240888595581055,0.0011861335951834917,14.822530746459961,25.275829315185547,22.26907730102539,1.6429686546325684
1771502161.8529558,-5.1806111335754395,12.289427757263184,0.0009489068761467934,14.881257057189941,25.480201721191406,22.754568099975586,1.9134092330932617
1771502161.8849566,-5.25983190536499,12.039731979370117,0.0007591255125589669,14.603527069091797,25.334060668945312,22.907644271850586,2.0652241706848145
1771502161.9199538,-5.467071056365967,11.837565422058105,0.0006073004333302379,14.440305709838867,25.186840057373047,22.913902282714844,2.0881123542785645
1771502161.9514735,-5.390451908111572,11.760653495788574,0.0004858403408434242,14.53989315032959,25.366928100585938,23.20197868347168,2.302596092224121
1771502161.983473,-5.378665447235107,11.65410327911377,0.00038867228431627154,14.524210929870605,25.397357940673828,23.439048767089844,2.523024559020996
1771502162.0139859,-5.190539836883545,11.713797569274902,0.0003109378449153155,14.572298049926758,25.503671646118164,23.74256706237793,2.799013137817383
1771502162.0604975,-4.899733066558838,11.796442031860352,0.0002487502933945507,14.813940048217773,25.77790069580078,24.103199005126953,3.110119342803955
1771502162.0934956,-4.713069915771484,11.886198043823242,0.00019900023471564054,14.967978477478027,25.970792770385742,24.335311889648438,3.266080617904663
1771502162.1244977,-4.712724208831787,11.857534408569336,0.00015920019359327853,14.945667266845703,25.93705940246582,24.36152458190918,3.2757277488708496
1771502162.1575315,-4.72398567199707,11.801722526550293,0.00012736015196423978,14.982392311096191,25.971330642700195,24.38925552368164,3.2137880325317383
1771502162.1891005,-4.670120716094971,11.856635093688965,0.00010188812302658334,14.854571342468262,25.91377830505371,24.385562896728516,3.201056480407715
1771502162.220843,-4.483563423156738,11.888051986694336,8.151050133164972e-05,14.914129257202148,26.073795318603516,24.567726135253906,3.33415150642395
1771502162.2543523,-4.562950134277344,11.834827423095703,6.520840543089435e-05,14.89287281036377,26.030277252197266,24.508468627929688,3.222433567047119
1771502162.285353,-4.625153064727783,11.945427894592285,5.2166724344715476e-05,14.788774490356445,25.83384895324707,24.336824417114258,3.0624380111694336
1771502162.3163607,-4.379573345184326,12.138774871826172,4.173337947577238e-05,14.867297172546387,25.85648536682129,24.454299926757812,3.154738426208496
1771502162.3499243,-4.440180778503418,12.099738121032715,3.338670285302214e-05,14.754839897155762,25.62428855895996,24.315792083740234,3.0418808460235596
1771502162.3815017,-4.490620136260986,11.980757713317871,2.6709361918619834e-05,14.83962345123291,25.603504180908203,24.297645568847656,3.019548177719116
1771502162.4127247,-4.427252769470215,12.005912780761719,2.136749026249163e-05,14.918644905090332,25.638916015625,24.34335708618164,3.0763750076293945
1771502162.4452114,-4.573302268981934,11.901229858398438,1.7093992937589064e-05,14.963643074035645,25.668678283691406,24.3314151763916,3.068754196166992
1771502162.480217,-4.467013835906982,11.965171813964844,1.3675194168172311e-05,14.97549057006836,25.73531150817871,24.44274139404297,3.2081661224365234
1771502162.5102174,-4.502459526062012,11.950382232666016,1.0940155334537849e-05,15.057480812072754,25.810619354248047,24.44961166381836,3.1585276126861572
1771502162.557446,-4.557572364807129,11.940397262573242,8.7521248133271e-06,15.113896369934082,25.80431365966797,24.4204044342041,3.0542101860046387
1771502162.5944717,-4.566354751586914,11.996109008789062,7.00169994161115e-06,15.265423774719238,25.855302810668945,24.35398292541504,2.9336540699005127
1771502162.6214454,-4.838710308074951,11.940311431884766,5.60136004423839e-06,15.268965721130371,25.816020965576172,24.264673233032227,2.8658556938171387
1771502162.6529589,-4.854029178619385,12.02716064453125,4.4810881263401825e-06,15.337596893310547,25.887840270996094,24.286653518676758,2.8663461208343506
1771502162.6859717,-4.7954535484313965,12.106081008911133,3.584870455597411e-06,15.479524612426758,26.04041862487793,24.379175186157227,2.9217963218688965
1771502162.7169724,-4.75153112411499,12.160321235656738,2.867896455427399e-06,15.590866088867188,26.10710906982422,24.37461280822754,3.023359775543213
1771502162.749494,-4.647559642791748,12.20428466796875,2.2943172552913893e-06,15.74393367767334,26.343708038330078,24.57823371887207,3.12563419342041
1771502162.7804835,-4.516705513000488,12.333617210388184,1.835453872445214e-06,15.915525436401367,26.59006118774414,24.663257598876953,3.1729226112365723
1771502162.8132768,-4.402629852294922,12.446422576904297,1.4683631661682739e-06,16.051725387573242,26.771175384521484,24.727127075195312,3.223947525024414
1771502162.845679,-4.449389457702637,12.48615837097168,1.1746905101972516e-06,16.060659408569336,26.827342987060547,24.671432495117188,3.135425090789795
1771502162.8796878,-4.483055114746094,12.453737258911133,9.397523967891175e-07,16.154451370239258,26.95992660522461,24.753725051879883,3.1688690185546875
1771502162.9136844,-4.600276470184326,12.33936882019043,7.518019060626102e-07,16.085678100585938,26.932212829589844,24.630643844604492,3.1866936683654785
1771502162.9437094,-4.514955520629883,12.302099227905273,6.014415134814044e-07,16.002681732177734,26.92401885986328,24.650733947753906,3.2891557216644287
1771502162.9903038,-4.530229091644287,12.255338668823242,4.811532221538073e-07,15.914225578308105,26.930648803710938,24.596128463745117,3.3304779529571533
1771502163.0242763,-4.5805768966674805,12.188745498657227,3.8492257203870395e-07,15.824207305908203,26.870094299316406,24.540353775024414,3.361595392227173
1771502163.0527995,-4.544993877410889,12.219305038452148,3.0793805194662127e-07,15.968073844909668,27.044719696044922,24.590389251708984,3.4388439655303955
1771502163.0849357,-4.438434600830078,12.292927742004395,2.463504529259808e-07,16.171688079833984,27.205333709716797,24.61874008178711,3.5251965522766113
1771502163.118925,-4.421157360076904,12.2959623336792,1.9708036802512652e-07,16.209205627441406,27.270854949951172,24.603416442871094,3.6047775745391846
1771502163.149614,-4.383318901062012,12.421510696411133,1.5766430294661404e-07,16.291820526123047,27.32862091064453,24.559289932250977,3.5422441959381104
1771502163.1806262,-4.407530307769775,12.48241901397705,1.261314395151203e-07,16.216670989990234,27.267932891845703,24.464025497436523,3.4660747051239014
1771502163.2135632,-4.340307235717773,12.650592803955078,1.0090515445426718e-07,16.291187286376953,27.367202758789062,24.433616638183594,3.4867637157440186
1771502163.2446475,-4.4902191162109375,12.703988075256348,8.072412782667016e-08,16.13618278503418,27.237504959106445,24.230894088745117,3.3891515731811523
1771502163.276854,-4.554738998413086,12.872123718261719,6.45793036824216e-08,16.072389602661133,27.240032196044922,24.031171798706055,3.291947841644287
1771502163.3102548,-4.644285202026367,13.079329490661621,5.1663445077565484e-08,16.07940101623535,27.20262908935547,23.767375946044922,3.1280670166015625
1771502163.3442037,-4.814547538757324,13.228462219238281,4.133075748313786e-08,15.965022087097168,27.051572799682617,23.38104820251465,2.837151288986206
1771502163.3747368,-5.06244421005249,13.24179744720459,3.306460527596755e-08,15.837135314941406,26.89705467224121,22.986709594726562,2.5892038345336914
1771502163.4218285,-5.209546089172363,13.303450584411621,2.6451685286588145e-08,15.79868221282959,26.749635696411133,22.627994537353516,2.3224661350250244
1771502163.4523566,-5.29032039642334,13.445003509521484,2.1161348229270516e-08,15.781167984008789,26.677675247192383,22.27327537536621,1.9828649759292603
1771502163.4855077,-5.212541580200195,13.66591739654541,1.6929078583416413e-08,15.77292537689209,26.694421768188477,22.023090362548828,1.715036153793335
1771502163.5158815,-5.121265888214111,13.92718505859375,1.3543263399640182e-08,15.764371871948242,26.779050827026367,21.926780700683594,1.533484935760498
1771502163.5523212,-5.126776695251465,14.028458595275879,1.0834610542076462e-08,15.602800369262695,26.724018096923828,21.774349212646484,1.3143730163574219
1771502163.5813286,-5.1402435302734375,14.162528991699219,8.667688788932537e-09,15.37643814086914,26.53790855407715,21.4434757232666,1.0514984130859375
1771502163.6133215,-4.834072113037109,14.562603950500488,6.93415103114603e-09,15.377083778381348,26.49608612060547,21.384315490722656,0.9598545432090759
1771502163.644384,-4.50537109375,14.991188049316406,5.547320824916824e-09,15.296104431152344,26.361875534057617,21.32065773010254,0.7758668065071106
1771502163.676443,-4.1617631912231445,15.422245025634766,4.437856748751301e-09,15.385204315185547,26.44918441772461,21.360843658447266,0.6206934452056885
1771502163.708412,-4.101812362670898,15.638044357299805,3.5502853990010408e-09,15.307083129882812,26.473705291748047,21.23714256286621,0.49655476212501526
1771502163.7405033,-4.096547603607178,15.667975425720215,2.8402282747919116e-09,15.2147216796875,26.52313232421875,21.264263153076172,0.4698440134525299
1771502163.776005,-4.213363170623779,15.676716804504395,2.2721826642424503e-09,15.059948921203613,26.349279403686523,21.160053253173828,0.37587520480155945
1771502163.8060055,-4.314439296722412,15.702432632446289,1.8177461758028812e-09,14.942880630493164,26.265613555908203,21.073165893554688,0.3050364851951599
1771502163.8536239,-4.360833644866943,15.812326431274414,1.454196985051226e-09,14.847360610961914,26.139419555664062,20.991344451904297,0.2440291941165924
1771502163.8846421,-4.324657917022705,15.866401672363281,1.1633576324499018e-09,14.823772430419922,26.158994674682617,21.00931167602539,0.254997193813324
1771502163.9166243,-4.285706996917725,16.004724502563477,9.306861392666121e-10,14.710835456848145,25.960514068603516,20.875423431396484,0.20399776101112366
1771502163.949315,-4.013257026672363,16.131399154663086,7.4454892251552e-10,14.958585739135742,26.256181716918945,21.163185119628906,0.4778924584388733
1771502163.985306,-3.9504289627075195,16.255422592163086,5.956391491146462e-10,14.903290748596191,26.162715911865234,21.177146911621094,0.5785224437713623
1771502164.012315,-3.6199302673339844,16.409299850463867,4.765113303939472e-10,15.169010162353516,26.532032012939453,21.547374725341797,0.8386859893798828
1771502164.0443056,-3.5834367275238037,16.444181442260742,3.812090643151578e-10,15.125953674316406,26.686983108520508,21.685583114624023,0.9655745029449463
1771502164.0768075,-3.594710111618042,16.363319396972656,3.049672459010111e-10,15.071821212768555,26.859325408935547,21.838279724121094,0.9513372778892517
1771502164.1087997,-3.604689121246338,16.33053207397461,2.4397381337415425e-10,15.058052062988281,27.078664779663086,22.102052688598633,0.9359053373336792
1771502164.1418252,-3.6629891395568848,16.12575340270996,1.9517905347488096e-10,15.070367813110352,27.329105377197266,22.516231536865234,1.0758293867111206
1771502164.1734476,-3.726050615310669,15.901294708251953,1.5614325110657745e-10,15.064720153808594,27.622493743896484,22.91646957397461,1.2288613319396973
1771502164.2077155,-3.8888723850250244,15.598448753356934,1.2491460643637708e-10,14.972081184387207,27.81611442565918,23.25223159790039,1.3575526475906372
1771502164.253241,-3.9275014400482178,15.409720420837402,9.993168792465923e-11,15.060929298400879,28.04810333251953,23.61886215209961,1.48201584815979
1771502164.2902348,-3.8930253982543945,15.26736068725586,7.99453489519486e-11,15.1989164352417,28.355030059814453,24.085857391357422,1.7587785720825195
1771502164.3182378,-3.8415489196777344,15.175747871398926,6.39562777737801e-11,15.365084648132324,28.603429794311523,24.490549087524414,1.945157766342163
1771502164.3494155,-3.7890682220458984,15.022754669189453,5.116502360680286e-11,15.444114685058594,28.89529800415039,24.934350967407227,2.1438374519348145
1771502164.3814168,-3.6630170345306396,14.920747756958008,4.09320181915529e-11,15.568299293518066,29.222257614135742,25.46394920349121,2.4939301013946533
1771502164.4154172,-3.5917587280273438,14.824115753173828,3.274561524713171e-11,15.712408065795898,29.55965805053711,25.930082321166992,2.79111647605896
1771502164.444427,-3.5074024200439453,14.773772239685059,2.6196492891594758e-11,15.887893676757812,29.83365249633789,26.26261329650879,2.922438621520996
1771502164.4775186,-3.491265058517456,14.61204719543457,2.0957194313275807e-11,15.989012718200684,30.138153076171875,26.624298095703125,3.168619155883789
1771502164.5085506,-3.2736997604370117,14.402632713317871,1.6765755450620645e-11,16.218265533447266,30.708515167236328,27.22317123413086,3.592379093170166
1771502164.5407138,-3.0673999786376953,14.17675495147705,1.3412604360496516e-11,16.346961975097656,31.22579002380371,27.788860321044922,3.9957175254821777
1771502164.5739484,-2.9211666584014893,14.101605415344238,1.0730083488397213e-11,16.57720947265625,31.711570739746094,28.30344581604004,4.286181449890137
1771502164.6049435,-3.057950973510742,13.843423843383789,8.584066617245423e-12,16.604080200195312,31.996278762817383,28.75436019897461,4.619560241699219
1771502164.639962,-3.0989151000976562,13.644990921020508,6.867253293796338e-12,16.67675018310547,32.40907669067383,29.314109802246094,5.072587490081787
1771502164.6854804,-3.4927234649658203,13.230592727661133,5.493802895245592e-12,16.51586151123047,32.71901321411133,29.791471481323242,5.501744747161865
1771502164.717656,-3.802616596221924,12.781965255737305,4.395042489668821e-12,16.519559860229492,33.00434112548828,30.34807586669922,6.09619140625
1771502164.7749248,-4.0461273193359375,12.460833549499512,3.516034035103144e-12,16.64162826538086,33.265625,30.982131958007812,6.683813095092773
1771502164.8059263,-4.140310287475586,12.28377628326416,2.812827228082515e-12,16.88501739501953,33.71684265136719,31.77392578125,7.267098426818848
1771502164.83794,-4.538878440856934,11.962137222290039,2.250261825834099e-12,16.927845001220703,34.01093292236328,32.51137924194336,7.886308670043945
1771502164.867642,-4.918609619140625,11.571206092834473,1.800209504035366e-12,17.11680793762207,34.5484733581543,33.498512268066406,8.801955223083496
1771502164.8987494,-5.154111862182617,11.239997863769531,1.4401676465963797e-12,17.431406021118164,35.0822639465332,34.67302703857422,10.151192665100098
1771502164.928749,-5.804798603057861,11.039201736450195,0.07871376723051071,17.487957000732422,35.27644348144531,35.65117263793945,11.778550148010254
1771502164.9602962,-6.394798755645752,11.040953636169434,0.7054279446601868,17.675920486450195,35.12074279785156,36.433021545410156,13.466011047363281
1771502164.9919078,-7.123659133911133,11.286961555480957,1.7319715023040771,18.019479751586914,34.947059631347656,37.03447723388672,15.119316101074219
1771502165.0238569,-7.722115516662598,11.518766403198242,2.7179999351501465,18.01544761657715,34.7014274597168,37.53804397583008,16.618202209472656
1771502165.0565655,-8.569498062133789,11.600966453552246,3.2481026649475098,17.559511184692383,34.17687225341797,38.483184814453125,17.905176162719727
1771502165.084513,-9.127846717834473,11.349794387817383,3.2994766235351562,17.622512817382812,34.64341735839844,40.59172439575195,19.55196762084961
1771502165.1165261,-9.850982666015625,11.409695625305176,3.570868730545044,17.477825164794922,35.40149688720703,42.17536926269531,21.096599578857422
1771502165.1491747,-10.585539817810059,10.726917266845703,3.2917990684509277,17.53896141052246,38.12394332885742,44.5048828125,23.475868225097656
1771502165.181179,-12.389934539794922,9.558117866516113,2.633439302444458,18.41192054748535,40.78204345703125,46.56180191040039,25.586750030517578
1771502165.214223,-14.188874244689941,8.349512100219727,2.1067514419555664,19.44192123413086,43.098304748535156,48.66592025756836,27.520549774169922
1771502165.2451508,-16.13204002380371,7.287362098693848,1.685401201248169,20.085037231445312,45.332122802734375,51.05168914794922,29.748306274414062
1771502165.2776575,-17.951677322387695,6.137578964233398,1.3483209609985352,21.088279724121094,47.815528869628906,53.31708908081055,32.0933952331543
1771502165.3087294,-19.263811111450195,5.618584632873535,1.078656792640686,23.24765396118164,50.639686584472656,55.52283477783203,34.19780731201172
1771502165.3396814,-20.64657974243164,5.296610355377197,0.8629254698753357,25.827260971069336,53.321449279785156,57.53242492675781,35.944374084472656
1771502165.3723576,-21.940513610839844,5.138443946838379,0.6903403997421265,28.5340576171875,55.83228302001953,59.626853942871094,37.81731414794922
1771502165.4053183,-23.209543228149414,4.916794300079346,0.5522723197937012,31.224143981933594,58.106895446777344,61.578216552734375,39.77225112915039
1771502165.4383254,-24.401588439941406,4.6490960121154785,0.7830239534378052,33.78129959106445,60.207481384277344,63.201263427734375,41.122108459472656
1771502165.4689476,-25.318805694580078,4.484280586242676,0.9232879877090454,36.151954650878906,62.042476654052734,64.50341796875,42.37584686279297
1771502165.501949,-25.81306266784668,4.377779960632324,1.0491063594818115,38.59186553955078,63.94683837890625,65.97249603271484,43.77022933959961
1771502165.5498066,-25.441858291625977,4.544199466705322,1.2428629398345947,41.430973052978516,66.43936157226562,68.08740997314453,45.89228820800781
1771502165.5828266,-25.22323989868164,4.898664474487305,1.4149298667907715,43.483036041259766,68.45513916015625,69.62763977050781,47.542999267578125
1771502165.612554,-24.741405487060547,5.215812683105469,1.6156953573226929,45.924095153808594,70.59454345703125,71.46810913085938,49.347164154052734
1771502165.6445477,-24.288761138916016,5.554832458496094,1.588679313659668,48.74230194091797,72.62273406982422,73.3828353881836,50.963314056396484
1771502165.6767964,-23.070932388305664,6.198552131652832,1.3230860233306885,51.674137115478516,74.82374572753906,75.96541595458984,53.27948760986328
1771502165.7128234,-22.36260414123535,6.671907424926758,1.0817424058914185,54.361541748046875,76.36115264892578,78.07852172851562,55.142059326171875
1771502165.7438004,-21.475738525390625,7.158950328826904,0.8653939366340637,57.201690673828125,77.4779052734375,80.30239868164062,57.232200622558594
1771502165.775306,-20.30784797668457,7.435344219207764,0.6923151612281799,60.02931594848633,78.45951080322266,82.00070190429688,59.188011169433594
1771502165.8073077,-19.0562744140625,7.451679229736328,0.5538521409034729,62.73422622680664,79.25444793701172,83.08349609375,60.95051193237305
1771502165.8393104,-18.970163345336914,7.0925445556640625,0.44308170676231384,64.5340347290039,79.8873519897461,84.30720520019531,62.15255355834961
1771502165.869855,-19.249181747436523,6.729083061218262,0.3544653654098511,66.11727905273438,80.33697509765625,85.20477294921875,62.93899154663086
1771502165.9028888,-18.619070053100586,6.412527084350586,0.2835722863674164,67.8231430053711,80.85325622558594,85.71382904052734,64.27059936523438
1771502165.9339337,-17.489198684692383,6.160495758056641,0.22685782611370087,69.32948303222656,81.26709747314453,85.57202911376953,66.10453033447266
1771502166.0135772,-16.526243209838867,5.887646675109863,0.6543819308280945,70.1684341430664,81.5837631225586,85.13797760009766,67.51229858398438
1771502166.0426369,-15.77902603149414,5.505066394805908,0.9338068962097168,70.9879150390625,82.05816650390625,84.84827423095703,68.43795776367188
1771502166.0741343,-15.659322738647461,5.20867919921875,1.1891213655471802,71.73982238769531,82.58432006835938,84.853515625,68.5841064453125
1771502166.137782,-15.58944320678711,5.094606399536133,1.4764492511749268,72.65516662597656,82.89864349365234,84.43600463867188,69.04796600341797
1771502166.166392,-15.33114242553711,5.070881366729736,1.844994068145752,73.4250717163086,83.12123107910156,83.96082305908203,69.35558319091797
1771502166.1984184,-14.916257858276367,4.982025146484375,2.2579078674316406,74.12996673583984,83.24172973632812,83.40552520751953,69.7879867553711
1771502166.2294424,-14.355648040771484,4.953826904296875,2.7379751205444336,74.63502502441406,83.23127746582031,82.79815673828125,70.14696502685547
1771502166.2619638,-13.912226676940918,4.778923034667969,3.0894763469696045,75.0399169921875,83.41341400146484,82.4909439086914,70.26586151123047
1771502166.2929702,-13.796245574951172,4.554623603820801,3.386970043182373,75.4476547241211,83.55827331542969,82.26757049560547,70.46815490722656
1771502166.3249662,-13.966562271118164,4.394970417022705,3.309140682220459,75.76766204833984,83.75056457519531,82.306640625,70.20281982421875
1771502166.3594759,-14.243244171142578,4.237671375274658,3.220430850982666,75.89891815185547,83.8929443359375,82.55559539794922,69.93993377685547
1771502166.389476,-14.504706382751465,4.09110164642334,3.1463840007781982,75.97781372070312,83.99772644042969,82.62757873535156,69.68624877929688
1771502166.420479,-15.018746376037598,3.9520370960235596,3.030226230621338,76.10025024414062,84.08468627929688,82.94476318359375,69.42222595214844
1771502166.4525433,-15.117518424987793,3.7648754119873047,2.8616178035736084,76.12548828125,84.13137817382812,83.0489273071289,69.32246398925781
1771502166.4834511,-15.296253204345703,3.678701639175415,2.714487075805664,76.12649536132812,84.17485046386719,83.233154296875,69.07704162597656
1771502166.5156476,-15.36253833770752,3.6282105445861816,2.5518321990966797,76.05577087402344,84.12731170654297,83.33027648925781,68.95879364013672
1771502166.5451915,-15.491472244262695,3.53059458732605,2.394317150115967,75.91793060302734,84.10742950439453,83.52299499511719,68.8670654296875
1771502166.577231,-15.739001274108887,3.447714328765869,2.271796464920044,75.90965270996094,84.0936050415039,83.68437194824219,68.75785827636719
1771502166.6082294,-15.793121337890625,3.429382562637329,2.301325798034668,75.96685028076172,84.14450073242188,83.64295959472656,68.77556610107422
1771502166.6392353,-15.939796447753906,3.3604164123535156,2.1868808269500732,75.8736572265625,84.04153442382812,83.71682739257812,68.81873321533203
1771502166.6708388,-15.925371170043945,3.382662057876587,2.17496919631958,75.69904327392578,83.95292663574219,83.8477783203125,68.86344909667969
1771502166.7028594,-16.050992965698242,3.428680419921875,2.1739425659179688,75.63612365722656,83.976806640625,83.99333190917969,68.80036163330078
1771502166.7333846,-16.185314178466797,3.5805652141571045,2.217965602874756,75.65321350097656,84.2255859375,84.12774658203125,68.59833526611328
1771502166.7639256,-16.424808502197266,3.5931313037872314,1.9694329500198364,75.4974136352539,84.40542602539062,84.38554382324219,68.50943756103516
1771502166.7979262,-19.16376495361328,3.382180690765381,1.575546383857727,72.75202178955078,81.54940032958984,81.29422760009766,62.5484733581543
1771502166.8449368,-21.945974349975586,3.014838933944702,1.2786368131637573,69.17259216308594,77.83892822265625,76.71827697753906,55.80854415893555
1771502166.880459,-24.131038665771484,2.717958688735962,1.2774078845977783,64.88056945800781,73.3533935546875,71.32522583007812,49.322940826416016
1771502166.9044561,-25.291954040527344,2.8765265941619873,1.0219262838363647,60.92011260986328,70.22256469726562,67.55903625488281,44.615379333496094
1771502166.9353704,-25.85558319091797,3.0632517337799072,1.2447552680969238,57.56712341308594,66.98507690429688,63.706478118896484,40.4759635925293
1771502166.9674416,-25.988567352294922,3.52946138381958,1.6086184978485107,54.693092346191406,63.97626876831055,60.06587600708008,36.697723388671875
1771502166.9981449,-25.505170822143555,4.3469390869140625,2.301455020904541,51.886573791503906,61.14143753051758,57.11432647705078,34.00419616699219
1771502167.030145,-23.997852325439453,5.681973457336426,3.057014226913452,49.63123321533203,57.981258392333984,54.11027526855469,31.43585968017578
1771502167.0606577,-22.174297332763672,7.095852851867676,3.65733003616333,47.03357696533203,54.49152755737305,50.64287567138672,28.866683959960938
1771502167.0907981,-19.905567169189453,8.506710052490234,4.32122802734375,43.738059997558594,50.72610855102539,47.219947814941406,26.756874084472656
1771502167.1227984,-17.31100845336914,9.531853675842285,4.5630693435668945,41.48355484008789,48.04513931274414,44.847503662109375,25.000303268432617
1771502167.1553075,-13.608736991882324,10.699676513671875,4.177766799926758,40.698028564453125,47.192176818847656,43.438968658447266,23.40614128112793
1771502167.1871455,-10.763322830200195,11.723942756652832,3.3422133922576904,39.25334167480469,46.09848403930664,41.583065032958984,21.252033233642578
1771502167.230426,-8.293225288391113,12.902900695800781,2.6737706661224365,36.400543212890625,43.893043518066406,38.767784118652344,18.202306747436523
1771502167.2767391,-6.844244003295898,13.494928359985352,2.139016628265381,33.300559997558594,41.56448745727539,36.062957763671875,15.441408157348633
1771502167.3124256,-5.561119556427002,13.96117877960205,1.7112133502960205,30.84747886657715,39.740814208984375,34.31116485595703,13.587038040161133
1771502167.3434253,-4.74693489074707,14.337615013122559,1.3689707517623901,28.697038650512695,37.88111114501953,32.37259292602539,11.645987510681152
1771502167.3739512,-3.531855821609497,15.06229305267334,1.0951765775680542,27.269685745239258,36.766597747802734,31.347305297851562,10.395223617553711
1771502167.4069526,-2.7715041637420654,15.347969055175781,0.8761412501335144,25.910707473754883,35.7126579284668,30.482362747192383,9.468424797058105
1771502167.437955,-1.6086984872817993,15.882878303527832,0.7009130120277405,24.927780151367188,35.33517837524414,30.673355102539062,9.109659194946289
1771502167.4669833,-0.8408718109130859,16.009096145629883,0.5607303977012634,24.069984436035156,34.89114761352539,30.767744064331055,8.78538703918457
1771502167.5181706,-0.009092450141906738,16.15797233581543,0.44858431816101074,23.297094345092773,34.46238327026367,30.850112915039062,8.600253105163574
1771502167.5462525,0.7517703771591187,16.190507888793945,0.35886746644973755,22.348281860351562,33.97121047973633,30.83106231689453,8.558629035949707
1771502167.5777607,1.3657312393188477,16.101530075073242,0.28709396719932556,21.58478355407715,33.632843017578125,30.888370513916016,8.612374305725098
1771502167.6097631,1.2537012100219727,15.809866905212402,0.22967517375946045,21.058000564575195,33.29660415649414,30.708938598632812,8.332615852355957
1771502167.6396623,1.8654111623764038,15.902188301086426,0.18374013900756836,20.791950225830078,33.26679992675781,30.93958282470703,8.372519493103027
1771502167.6721961,1.9749531745910645,15.630474090576172,0.14699211716651917,20.31313705444336,33.01524353027344,31.020450592041016,8.373289108276367
1771502167.7083602,2.422262191772461,15.405314445495605,0.11759369820356369,19.88247299194336,32.95811462402344,31.144012451171875,8.571188926696777
1771502167.7424338,2.7173779010772705,15.27114486694336,0.09407495707273483,19.469249725341797,33.01288986206055,31.284191131591797,8.801193237304688
1771502167.7644527,3.0883302688598633,15.358796119689941,0.0752599686384201,19.12857437133789,32.8452262878418,31.362876892089844,8.943702697753906
1771502167.7963586,3.490992546081543,15.53507137298584,0.060207974165678024,19.04532814025879,32.97721481323242,31.5677490234375,9.121241569519043
1771502167.8260624,3.4013514518737793,15.57988166809082,0.04816637933254242,19.100887298583984,33.0032844543457,31.633947372436523,9.0623779296875
1771502167.859953,3.0761048793792725,15.326074600219727,0.038533102720975876,19.020132064819336,32.97164535522461,31.62049102783203,9.017988204956055
1771502167.8899837,2.549464702606201,14.923091888427734,0.03082648292183876,18.69359588623047,32.63068771362305,31.355915069580078,8.738801956176758
1771502167.9259205,1.988427996635437,14.577807426452637,0.024661187082529068,18.5159912109375,32.41323471069336,31.130859375,8.486029624938965
1771502167.9537027,1.3648415803909302,14.25727653503418,0.019728949293494225,18.312286376953125,32.1412239074707,30.81771469116211,8.158265113830566
1771502167.9853952,1.1638658046722412,14.04656982421875,0.01578315906226635,18.287822723388672,32.16657257080078,30.82375717163086,8.089590072631836
1771502168.038641,0.7226781249046326,13.762391090393066,0.012626527808606625,18.063655853271484,31.857769012451172,30.578834533691406,7.854920387268066
1771502168.0631158,0.5534178018569946,13.814126968383789,0.010101222433149815,18.1170597076416,31.81582260131836,30.43548583984375,7.608318328857422
1771502168.0940793,0.17248788475990295,13.69766616821289,0.008080977946519852,17.96870231628418,31.587257385253906,30.19735336303711,7.339027404785156
1771502168.1442244,0.06095501035451889,13.736274719238281,0.006464782636612654,18.01500129699707,31.51271629333496,30.09930992126465,7.222165584564209
1771502168.175107,-0.24260313808918,13.660163879394531,0.005171826109290123,17.993879318237305,31.416078567504883,29.98798370361328,6.969606876373291
1771502168.1999636,-0.4725341796875,13.562833786010742,0.004137461073696613,18.058490753173828,31.342884063720703,29.915918350219727,6.834208011627197
1771502168.2316782,-0.7189935445785522,13.59522819519043,0.0033099688589572906,18.212326049804688,31.268573760986328,29.678752899169922,6.5903401374816895
1771502168.2627306,-0.9427927732467651,13.768028259277344,0.0026479752268642187,18.314367294311523,31.18462371826172,29.27178192138672,6.291518688201904
1771502168.296348,-1.0523560047149658,13.923396110534668,0.0021183802746236324,18.604671478271484,31.17119598388672,28.837268829345703,6.086950778961182
1771502168.326025,-1.0186052322387695,14.282227516174316,0.001694704289548099,18.77555274963379,31.030038833618164,28.36356544494629,5.801900863647461
1771502168.3542383,-1.181089162826538,14.536884307861328,0.0013557634083554149,18.387697219848633,30.755752563476562,27.604429244995117,5.329823017120361
1771502168.397729,-0.9394299983978271,15.02219295501709,0.0010846107034012675,18.274831771850586,30.526222229003906,26.773422241210938,4.805774688720703
1771502168.429816,-0.5207504034042358,15.710546493530273,0.000867688562721014,18.23415184020996,30.59847640991211,26.220226287841797,4.627100944519043
1771502168.4633338,0.08744248747825623,16.136384963989258,0.0015617555472999811,18.4106388092041,31.29823875427246,26.53557777404785,5.395150661468506
1771502168.4943337,0.5035015940666199,15.60413932800293,0.38622117042541504,18.44701385498047,32.19367218017578,28.238719940185547,7.268767356872559
1771502168.5280063,0.9786891341209412,14.736812591552734,0.7175970077514648,18.19847297668457,33.314388275146484,30.918289184570312,10.100202560424805
1771502168.5734942,0.9100066423416138,13.941546440124512,0.7241756319999695,18.156145095825195,34.38755798339844,33.272857666015625,12.87553596496582
1771502168.605526,0.7285739183425903,13.608063697814941,1.3010505437850952,18.82778549194336,35.26941680908203,35.376895904541016,15.918004989624023
1771502168.636493,0.11967292428016663,13.399848937988281,2.254307270050049,19.24130630493164,35.61077117919922,36.80967712402344,17.855405807495117
1771502168.6681252,-0.24655091762542725,13.912109375,3.438188076019287,19.66061019897461,35.53147888183594,37.746971130371094,19.367219924926758
1771502168.6991267,-0.4602627158164978,14.779273986816406,4.550222396850586,20.37611198425293,35.819740295410156,39.099456787109375,20.823591232299805
1771502168.7311575,-0.45074889063835144,15.585331916809082,5.210605621337891,21.09185028076172,36.45218276977539,40.43580627441406,22.334043502807617
1771502168.7606554,-2.124950885772705,16.254638671875,6.034656047821045,21.075838088989258,37.049232482910156,41.10251235961914,23.028738021850586
1771502168.791659,-4.544156074523926,16.14712905883789,6.473651885986328,20.93447494506836,38.22676086425781,41.99238967895508,22.945640563964844
1771502168.8284183,-6.505045413970947,15.716767311096191,6.339105129241943,21.087867736816406,41.031681060791016,44.75404357910156,24.560285568237305
1771502168.869212,-8.363546371459961,15.227700233459473,6.197966575622559,21.719079971313477,42.972312927246094,46.79057693481445,25.860809326171875
1771502168.9002326,-10.270894050598145,14.617843627929688,5.817990779876709,22.970626831054688,45.15910339355469,48.70570373535156,26.723983764648438
1771502168.9312391,-12.713674545288086,13.740096092224121,5.260837078094482,23.999645233154297,46.9808464050293,50.15354919433594,27.32469367980957
1771502168.9637742,-14.879014015197754,12.823003768920898,4.756536483764648,25.523279190063477,48.99984359741211,51.67716979980469,27.8493595123291
1771502169.0037732,-16.42392349243164,12.238079071044922,4.225860595703125,26.991607666015625,50.791419982910156,53.14796447753906,28.509628295898438
1771502169.0377934,-17.564653396606445,11.666423797607422,3.6895833015441895,29.27217674255371,53.19292068481445,55.06377410888672,29.618654251098633
1771502169.0710416,-18.749343872070312,11.119584083557129,3.249556541442871,30.8072452545166,54.88101577758789,56.336551666259766,30.303817749023438
1771502169.1020408,-19.566837310791016,10.487906455993652,3.0934269428253174,33.71255111694336,57.341392517089844,58.41145324707031,32.04841613769531
1771502169.1340406,-20.02198028564453,10.164267539978027,2.813624143600464,36.22371292114258,59.54164123535156,60.48922348022461,33.77759552001953
1771502169.1638093,-19.80716323852539,10.131065368652344,2.7746405601501465,39.50347137451172,62.29964828491211,63.33626174926758,36.4381103515625
1771502169.1968093,-19.33048439025879,10.342897415161133,2.8785812854766846,42.94028091430664,65.08294677734375,66.2811279296875,39.15326690673828
1771502169.2288327,-19.12924575805664,10.791632652282715,2.8778622150421143,46.00389099121094,67.30184173583984,68.6861801147461,41.38235092163086
1771502169.2613487,-19.37386131286621,11.112184524536133,2.7397234439849854,48.745391845703125,69.01387786865234,70.4341049194336,43.007843017578125
1771502169.2923477,-19.228742599487305,11.397821426391602,2.629913568496704,51.1634635925293,70.5962905883789,72.16301727294922,44.796905517578125
1771502169.3243468,-19.11726951599121,11.633071899414062,2.5293188095092773,53.114479064941406,71.85072326660156,73.7442626953125,46.30607223510742
1771502169.3578753,-18.31183624267578,12.074393272399902,2.4480180740356445,55.194339752197266,73.33982849121094,75.78075408935547,48.42726516723633
1771502169.3898687,-17.952211380004883,12.337112426757812,2.5262019634246826,56.81379699707031,74.5865707397461,77.48693084716797,50.159507751464844
1771502169.4378726,-17.974403381347656,12.341263771057129,2.6634912490844727,58.22148895263672,75.62696838378906,78.73613739013672,51.54804992675781
1771502169.4651933,-18.06568717956543,12.223980903625488,2.834152936935425,59.27384948730469,76.31723022460938,79.67353057861328,52.581668853759766
1771502169.4941928,-17.515283584594727,12.335214614868164,3.0140202045440674,60.36418914794922,77.25920104980469,80.97468566894531,54.262939453125
1771502169.5262961,-16.7930850982666,12.357608795166016,3.1026952266693115,61.587345123291016,78.01183319091797,82.34552001953125,55.93760299682617
1771502169.557386,-16.20389747619629,12.296765327453613,3.3173775672912598,63.023101806640625,78.75022888183594,83.68162536621094,57.61415100097656
1771502169.601387,-15.494185447692871,12.197877883911133,3.421483039855957,63.602806091308594,79.49706268310547,84.72019958496094,58.92013931274414
1771502169.6343842,-15.012701034545898,12.107466697692871,3.4771835803985596,64.54682159423828,80.14942169189453,85.56590270996094,59.95815658569336
1771502169.666339,-14.745380401611328,12.060833930969238,3.5016465187072754,64.8701400756836,80.52938842773438,86.21231079101562,60.73284912109375
1771502169.69617,-14.430486679077148,12.1378755569458,3.585035800933838,64.9271240234375,80.75999450683594,86.70467376708984,61.357173919677734
1771502169.728171,-14.333687782287598,12.102652549743652,3.6799421310424805,65.1700668334961,81.00548553466797,86.99024200439453,61.78059768676758
1771502169.7597055,-14.146015167236328,12.107999801635742,3.662111282348633,65.29032135009766,81.14608001708984,87.23883056640625,62.100738525390625
1771502169.790707,-14.08269214630127,12.026447296142578,3.667764663696289,65.31343078613281,81.27011108398438,87.53609466552734,62.50489044189453
1771502169.840295,-13.973002433776855,12.039525985717773,3.6705565452575684,65.02925872802734,81.32809448242188,87.76073455810547,62.777610778808594
1771502169.8704388,-14.083215713500977,12.065277099609375,3.6565027236938477,64.61524963378906,81.21215057373047,87.74957275390625,62.742008209228516
1771502169.900321,-14.112460136413574,12.082710266113281,3.6794943809509277,64.48421478271484,81.1396484375,87.76724243164062,62.79498291015625
1771502169.9328437,-14.214896202087402,12.08487606048584,3.7448909282684326,64.34331512451172,81.02532196044922,87.69713592529297,62.692386627197266
1771502169.9638336,-14.449918746948242,12.025710105895996,3.7288246154785156,64.44544219970703,80.99563598632812,87.62359619140625,62.43536376953125
1771502169.9963899,-16.616065979003906,11.25321102142334,3.2163071632385254,62.25456237792969,78.45621490478516,83.31845092773438,57.178829193115234
1771502170.0324407,-17.74819564819336,11.344062805175781,3.0321547985076904,58.621028900146484,74.42996978759766,77.60449981689453,51.19320297241211
1771502170.0607176,-18.399627685546875,10.979668617248535,3.0800013542175293,53.350074768066406,69.47461700439453,71.58486938476562,46.007118225097656
1771502170.092713,-17.737939834594727,10.85002326965332,3.3170483112335205,47.39391326904297,62.737369537353516,64.24982452392578,40.239383697509766
1771502170.124715,-16.363672256469727,11.072979927062988,4.13924503326416,42.375667572021484,56.98714065551758,58.23320388793945,35.82282257080078
1771502170.1572745,-14.755013465881348,11.364702224731445,4.57343864440918,38.91242218017578,52.5611686706543,53.25969696044922,31.481382369995117
1771502170.1896925,-12.43300724029541,11.76118278503418,4.303518772125244,36.57954025268555,49.531822204589844,49.201904296875,27.504968643188477
1771502170.2280343,-9.72159194946289,12.687827110290527,3.442815065383911,34.72439193725586,47.322242736816406,45.82228469848633,24.00390625
1771502170.2715564,-7.494880199432373,13.62360954284668,2.7542521953582764,32.915348052978516,45.36112976074219,42.671913146972656,20.826414108276367
1771502170.3045537,-5.640443325042725,14.438989639282227,2.203401803970337,31.266998291015625,43.52809524536133,39.89955520629883,18.064985275268555
1771502170.336134,-3.8763766288757324,15.208440780639648,1.7627214193344116,30.158220291137695,42.23310470581055,37.8732795715332,16.012550354003906
1771502170.367663,-2.99896502494812,15.447555541992188,1.4101771116256714,28.60478401184082,40.722530364990234,36.06853485107422,14.206993103027344
1771502170.4006436,-1.819350242614746,16.008825302124023,1.1281417608261108,27.587839126586914,39.49379348754883,34.73969268798828,12.914162635803223
1771502170.4306543,-0.7238427996635437,16.512252807617188,0.9025134444236755,26.759838104248047,38.59800720214844,33.82140350341797,12.099175453186035
1771502170.464175,0.23953497409820557,16.90418815612793,0.7220107913017273,25.741718292236328,37.71637725830078,33.30756378173828,11.544904708862305
1771502170.494177,1.0026001930236816,17.282344818115234,0.5776086449623108,25.236536026000977,36.83979797363281,32.67013168334961,10.751840591430664
1771502170.5261016,1.6542134284973145,17.291410446166992,0.46208691596984863,24.363624572753906,36.11039733886719,32.23625946044922,10.152402877807617
1771502170.558184,2.5526607036590576,17.398744583129883,0.36966952681541443,23.665454864501953,35.82773971557617,32.197845458984375,9.945609092712402
1771502170.5891814,3.1972761154174805,17.27978515625,0.295735627412796,22.780912399291992,35.63862991333008,32.1502571105957,9.686367988586426
1771502170.6221843,3.735048294067383,17.028606414794922,0.2365885078907013,21.948999404907227,35.59019088745117,32.238929748535156,9.709007263183594
1771502170.6531873,3.978886127471924,16.714338302612305,0.18927080929279327,21.23338508605957,35.44285583496094,32.16211700439453,9.666658401489258
1771502170.7041883,4.329961776733398,16.37374496459961,0.15141664445400238,20.68526840209961,35.4781608581543,32.35285949707031,9.922249794006348
1771502170.7361894,4.481925964355469,16.016525268554688,0.12113332003355026,19.852205276489258,35.08011245727539,32.19574737548828,10.041102409362793
1771502170.7606997,4.734285354614258,15.836520195007324,0.09690665453672409,19.349035263061523,35.07088088989258,32.24521255493164,10.185284614562988
1771502170.7968032,4.490708351135254,15.34309196472168,0.07752532511949539,18.307233810424805,34.458351135253906,31.824892044067383,10.086442947387695
1771502170.829556,4.313845634460449,15.182284355163574,0.06202026084065437,17.625011444091797,33.82645797729492,31.2778263092041,9.628182411193848
1771502170.860107,4.194973945617676,14.974533081054688,0.04961621016263962,16.972618103027344,33.13254165649414,30.794857025146484,9.317322731018066
1771502170.895106,3.9468307495117188,14.696606636047363,0.039692968130111694,16.358314514160156,32.45587921142578,30.329212188720703,9.007837295532227
1771502170.9251397,3.6509084701538086,14.296989440917969,0.031754374504089355,15.397050857543945,31.371870040893555,29.535717010498047,8.627958297729492
1771502170.9556668,3.094365358352661,13.712207794189453,0.025403499603271484,14.205063819885254,30.267812728881836,28.647037506103516,8.093477249145508
1771502170.9886672,2.8530070781707764,13.657800674438477,0.020322799682617188,14.291099548339844,30.245805740356445,28.612953186035156,7.867227077484131
1771502171.0206726,2.488952875137329,13.335197448730469,0.01625823974609375,14.436342239379883,30.49167823791504,28.841453552246094,7.981590747833252
1771502171.051706,2.131483554840088,13.133437156677246,0.01300659216940403,14.601439476013184,30.744571685791016,28.959285736083984,7.92630672454834
1771502171.0843127,1.3979387283325195,12.676708221435547,0.010405274108052254,14.75792121887207,30.78966522216797,28.9208984375,7.727725028991699
1771502171.1343236,1.0456438064575195,12.361665725708008,0.008324219845235348,14.73149585723877,30.986129760742188,28.99404525756836,7.65253210067749
1771502171.1674318,0.7914372086524963,12.228193283081055,0.006659375969320536,14.956295013427734,31.13855743408203,29.07113265991211,7.642253875732422
1771502171.1984286,0.6272072196006775,12.124414443969727,0.005327500868588686,15.236556053161621,31.375843048095703,29.167137145996094,7.638519287109375
1771502171.2294316,0.3942246735095978,12.120631217956543,0.004262000788003206,15.47407341003418,31.433977127075195,29.233173370361328,7.593882083892822
1771502171.2614856,0.38126158714294434,12.32159423828125,0.0034096005838364363,15.954978942871094,31.678102493286133,29.416982650756836,7.581009864807129
1771502171.292494,0.19053848087787628,12.401443481445312,0.002727680606767535,16.079511642456055,31.553668975830078,29.391658782958984,7.518540382385254
1771502171.3264868,-0.1427946239709854,12.373372077941895,0.0021821444388478994,15.956974029541016,31.30454444885254,29.21624183654785,7.323698043823242
1771502171.3560019,0.040702372789382935,12.644920349121094,0.0017457156209275126,16.725561141967773,31.87113380432129,29.50186538696289,7.3162994384765625
1771502171.3889985,-0.2494623363018036,12.505805015563965,0.0013965725665912032,16.784927368164062,31.595951080322266,29.376609802246094,7.260955810546875
1771502171.4210079,-0.6675918102264404,12.317449569702148,0.0011172580998390913,16.956693649291992,31.41737937927246,29.113544464111328,7.015003204345703
1771502171.4520195,-1.0827500820159912,12.252340316772461,0.0008938065147958696,17.194929122924805,31.239704132080078,28.9028263092041,6.6568708419799805
1771502171.4855318,-1.3248624801635742,12.561065673828125,0.0007150452001951635,17.578994750976562,31.062820434570312,28.459016799926758,6.288027763366699
1771502171.5165293,-1.5012712478637695,13.030252456665039,0.0005720361950807273,17.80925178527832,30.673513412475586,27.631946563720703,5.631468772888184
1771502171.5690482,-1.316846251487732,13.931561470031738,0.0004576289502438158,17.963027954101562,30.388397216796875,26.74081802368164,5.072930812835693
1771502171.6020477,-0.9795472621917725,14.650116920471191,0.0003661031660158187,17.9921817779541,30.180744171142578,26.362815856933594,4.951630592346191
1771502171.633131,-1.1060080528259277,14.792947769165039,0.0002928825269918889,17.91042709350586,30.136930465698242,26.318317413330078,5.222774028778076
1771502171.6655917,-1.2861896753311157,14.47187328338623,0.00023430601868312806,17.76226806640625,30.38666534423828,27.073570251464844,6.334554195404053
1771502171.6976454,-1.4299060106277466,14.120301246643066,0.00018744482076726854,17.692445755004883,30.83905029296875,28.63812255859375,8.225215911865234
1771502171.7276456,-1.917480707168579,13.720489501953125,0.8156827688217163,17.542694091796875,31.033967971801758,30.15191650390625,10.488419532775879
1771502171.7593286,-2.7808804512023926,13.631563186645508,1.8194365501403809,17.88004493713379,31.031129837036133,31.68950843811035,12.732417106628418
1771502171.7893157,-3.3977184295654297,14.124555587768555,2.9839320182800293,18.533245086669922,31.481952667236328,33.418670654296875,15.044239044189453
1771502171.8203206,-3.5565624237060547,14.724016189575195,3.9752016067504883,19.490299224853516,32.511680603027344,35.61695861816406,17.359251022338867
1771502171.8538258,-3.094024896621704,15.342100143432617,4.001326560974121,20.716203689575195,34.71123504638672,38.573158264160156,20.15704917907715
1771502171.8858314,-4.486660003662109,15.474188804626465,3.281538963317871,21.05312728881836,37.17147445678711,41.131202697753906,21.577913284301758
1771502171.9168372,-5.892080307006836,15.030898094177246,2.6252312660217285,21.06241226196289,40.27110290527344,43.94318389892578,23.498863220214844
1771502171.948833,-6.824670314788818,14.625360488891602,2.1001851558685303,21.81441879272461,43.842220306396484,47.518428802490234,26.453624725341797
1771502171.9983819,-8.333999633789062,14.126127243041992,1.6801481246948242,22.264320373535156,46.77010726928711,50.565269470214844,29.230852127075195
1771502172.0293748,-10.049432754516602,13.655250549316406,1.3441184759140015,22.769468307495117,49.0750732421875,52.916805267333984,31.12729835510254
1771502172.060984,-11.864444732666016,12.965644836425781,1.075294852256775,23.266117095947266,51.08961486816406,54.921749114990234,32.876888275146484
1771502172.0930216,-13.341739654541016,12.451896667480469,0.860235869884491,23.835710525512695,53.11009979248047,56.76768493652344,34.366119384765625
1771502172.124578,-14.403257369995117,12.008548736572266,0.6881887316703796,24.742393493652344,54.86543273925781,58.41337203979492,35.64505386352539
1771502172.1582532,-15.43917179107666,11.415209770202637,0.5505509972572327,25.507972717285156,56.473060607910156,60.041046142578125,36.93092346191406
1771502172.1908567,-16.332427978515625,11.027335166931152,0.4404408037662506,26.486804962158203,58.027252197265625,61.53394317626953,38.082279205322266
1771502172.220824,-17.338848114013672,10.751643180847168,0.35235264897346497,27.936100006103516,59.45356750488281,62.81942367553711,38.98451232910156
1771502172.2528484,-18.052921295166016,10.4249849319458,0.2818821370601654,29.99924659729004,61.03358459472656,64.30662536621094,40.18254470825195
1771502172.2853973,-18.704544067382812,10.253260612487793,0.22550570964813232,31.976377487182617,62.66999816894531,65.7623519897461,41.56990051269531
1771502172.3154042,-19.149335861206055,9.89683723449707,0.18040457367897034,34.79079818725586,64.67765808105469,67.52806091308594,43.42772674560547
1771502172.3484044,-19.320852279663086,9.936395645141602,0.1443236619234085,37.737945556640625,66.93557739257812,69.68698120117188,45.23482894897461
1771502172.3809104,-19.3701229095459,9.99935245513916,0.11545892804861069,41.049407958984375,69.34322357177734,71.88365173339844,47.207977294921875
1771502172.4316504,-19.284191131591797,10.079367637634277,0.09236714243888855,44.189727783203125,71.6777114868164,73.98246765136719,49.45586395263672
1771502172.4612014,-18.691255569458008,10.39661693572998,0.0738937184214592,47.40728759765625,74.17406463623047,76.42760467529297,52.150146484375
1771502172.4932094,-17.46747398376465,10.887210845947266,0.0591149739921093,50.806297302246094,76.26095581054688,78.89703369140625,54.94841003417969
1771502172.5271556,-16.882314682006836,10.977967262268066,0.04729197919368744,54.479896545410156,77.84188079833984,80.52009582519531,57.55351257324219
1771502172.5578063,-16.20780372619629,11.061829566955566,0.03783358260989189,57.63133239746094,78.76226806640625,81.49880981445312,59.89646911621094
1771502172.5878046,-15.583686828613281,11.108879089355469,0.030266866087913513,60.286964416503906,79.53431701660156,82.13428497314453,61.86781692504883
1771502172.6238046,-15.424066543579102,10.99337387084961,0.02421349287033081,62.36299133300781,80.13893127441406,82.63818359375,63.27096939086914
1771502172.6528115,-14.904321670532227,10.836545944213867,0.01937079429626465,64.04084777832031,80.48014068603516,82.69099426269531,64.78262329101562
1771502172.6853647,-14.768651962280273,10.606826782226562,0.015496635809540749,65.35382843017578,80.89253997802734,82.91104888916016,65.89970397949219
1771502172.7153716,-14.47436237335205,10.503669738769531,0.012397308833897114,66.49174499511719,81.07974243164062,82.89989471435547,66.96183013916016
1771502172.7483664,-14.347253799438477,10.442161560058594,0.009917846880853176,67.36970520019531,81.25506591796875,82.97566986083984,67.78778076171875
1771502172.7808764,-14.377256393432617,10.28939437866211,0.00793427787721157,68.03115844726562,81.52045440673828,83.05319213867188,68.3095474243164
1771502172.8129056,-14.186227798461914,10.058463096618652,0.0063474224880337715,68.88826751708984,81.71234893798828,82.90415954589844,68.99089813232422
1771502172.862433,-13.971268653869629,9.906497955322266,0.005077938083559275,69.73065185546875,81.80233764648438,82.77626037597656,69.68994903564453
1771502172.8924305,-14.095973014831543,9.684779167175293,0.004062350373715162,70.32950592041016,81.998779296875,82.79780578613281,70.10266876220703
1771502172.9243538,-14.170330047607422,9.527838706970215,0.0032498803921043873,70.82154846191406,82.08325958251953,83.1104965209961,70.74946594238281
1771502172.9599426,-14.338695526123047,9.440999031066895,0.00259990431368351,71.15786743164062,82.08451080322266,83.23811340332031,71.01145935058594
1771502172.9901857,-14.370244026184082,9.369346618652344,0.002079923404380679,71.46455383300781,82.0423583984375,83.24209594726562,71.38814544677734
1771502173.0221877,-14.704373359680176,9.148232460021973,0.0016639387467876077,71.80890655517578,82.19512176513672,83.34911346435547,71.38540649414062
1771502173.0555584,-14.745218276977539,9.000799179077148,0.0013311509974300861,72.10880279541016,82.20097351074219,83.33912658691406,71.50235748291016
1771502173.0855622,-14.759397506713867,8.902298927307129,0.001064920797944069,72.3519515991211,82.16851806640625,83.28290557861328,71.6800537109375
1771502173.1165714,-14.59089469909668,8.753949165344238,0.0008519366383552551,72.60555267333984,82.0904541015625,83.08380126953125,71.976806640625
1771502173.1485696,-14.475088119506836,8.605486869812012,0.0006815493106842041,72.88133239746094,82.14682006835938,82.97101593017578,72.03121948242188
1771502173.1820781,-14.501859664916992,8.459699630737305,0.0005452394834719598,72.97871398925781,82.19471740722656,82.90040588378906,72.1024398803711
1771502173.2165945,-14.501916885375977,8.445137023925781,0.00043619159259833395,72.97174072265625,82.3014907836914,83.10064697265625,72.1083755493164
1771502173.2446253,-14.665846824645996,8.359702110290527,0.00034895326825790107,72.92910766601562,82.48473358154297,83.27055358886719,71.97640228271484
1771502173.2974017,-14.983282089233398,8.267496109008789,0.00027916263206861913,72.69529724121094,82.6737289428711,83.6585922241211,71.6604232788086
1771502173.32541,-15.318614959716797,8.279928207397461,0.0002233301056548953,72.65596771240234,82.7546615600586,83.88763427734375,71.4310073852539
1771502173.3589118,-15.381277084350586,8.294976234436035,0.00017866409325506538,72.68071746826172,82.673828125,83.884033203125,71.35777282714844
1771502173.388924,-15.737688064575195,8.44762134552002,0.00014293128333520144,72.32464599609375,82.77552032470703,84.43611145019531,70.77117156982422
1771502173.4209378,-15.452936172485352,8.72979736328125,0.00011434502812335268,72.14928436279297,82.71979522705078,84.82559204101562,70.5910873413086
1771502173.4536345,-15.566256523132324,8.921276092529297,9.147602395387366e-05,71.73915100097656,82.74642944335938,85.25642395019531,70.10873413085938
1771502173.487808,-15.138355255126953,9.283151626586914,7.318081770790741e-05,71.82161712646484,82.66722106933594,85.37364959716797,69.99209594726562
1771502173.5218284,-14.920431137084961,9.745176315307617,5.854465416632593e-05,71.50658416748047,82.50838470458984,85.87196350097656,69.36573791503906
1771502173.5541961,-16.497901916503906,9.654415130615234,0.060881223529577255,69.40048217773438,80.87944030761719,83.85025024414062,64.7453384399414
1771502173.585706,-17.341020584106445,9.748494148254395,0.30855175852775574,63.83055877685547,76.10013580322266,78.03825378417969,58.08384704589844
1771502173.617705,-15.772558212280273,10.55067253112793,1.4240654706954956,56.69847106933594,69.35816955566406,71.24359130859375,51.607479095458984
1771502173.6477149,-12.750398635864258,11.577046394348145,2.1274304389953613,51.3205680847168,63.172828674316406,64.91664123535156,46.18512725830078
1771502173.6796765,-9.885043144226074,12.278112411499023,1.9814536571502686,46.9598388671875,58.4114990234375,59.29452896118164,40.72035217285156
1771502173.728677,-7.062755584716797,13.405172348022461,1.5851629972457886,43.5238037109375,54.76988983154297,54.55180358886719,35.47903060913086
1771502173.7572658,-4.700472831726074,14.455917358398438,1.2681304216384888,40.54525375366211,51.79130172729492,50.140682220458984,30.305620193481445
1771502173.789234,-2.694863796234131,15.595019340515137,1.014504313468933,37.664100646972656,48.99247360229492,46.27861785888672,25.80355453491211
1771502173.8212337,-0.8935596942901611,16.703277587890625,0.8116034865379333,35.35084915161133,46.7797737121582,43.10220718383789,22.162046432495117
1771502173.8543053,0.13535737991333008,17.257991790771484,0.6492828130722046,32.921112060546875,44.57300567626953,40.358802795410156,19.199037551879883
1771502173.8844492,0.8088271021842957,17.6021671295166,0.5194262862205505,30.824199676513672,42.711341857910156,37.9854621887207,16.503578186035156
1771502173.9194837,1.58646559715271,18.021785736083984,0.41554102301597595,29.35894012451172,41.19614791870117,36.056396484375,14.234772682189941
1771502173.949454,1.399078130722046,17.733205795288086,0.3324328362941742,27.714269638061523,39.376869201660156,34.03166580200195,12.060807228088379
1771502173.9806051,0.5606318116188049,17.06863021850586,0.26594626903533936,25.775230407714844,37.22304153442383,31.865222930908203,9.792043685913086
1771502174.0126061,0.38364070653915405,16.68738555908203,0.21275702118873596,24.56096649169922,35.848567962646484,30.691633224487305,8.473109245300293
1771502174.0447047,0.5869185924530029,16.421838760375977,0.17020562291145325,23.700885772705078,34.94074249267578,30.000614166259766,7.590956211090088
1771502174.077016,0.8844826817512512,16.250377655029297,0.13616450130939484,23.109310150146484,34.48443603515625,29.67254066467285,7.156403541564941
1771502174.109013,0.5900501012802124,15.763423919677734,0.10893160104751587,22.19623565673828,33.72483825683594,29.03683090209961,6.619237899780273
1771502174.1595907,0.32592296600341797,15.171234130859375,0.08714528381824493,21.50271987915039,33.24693298339844,28.664182662963867,6.481592655181885
1771502174.1906347,-0.12947878241539001,14.497251510620117,0.06971623003482819,20.904521942138672,32.80764389038086,28.310813903808594,6.4402618408203125
1771502174.220386,-0.21992388367652893,14.096990585327148,0.05577298626303673,20.785446166992188,32.781742095947266,28.31840705871582,6.586106300354004
1771502174.2532992,-0.1836414486169815,13.79948616027832,0.0446183905005455,20.725048065185547,32.733699798583984,28.29723358154297,6.6426286697387695
1771502174.2848217,-0.6036639213562012,13.281094551086426,0.03569471463561058,20.291410446166992,32.43923568725586,28.052000045776367,6.538628578186035
1771502174.3163357,-0.8698163628578186,12.886642456054688,0.028555771335959435,19.834793090820312,32.20396041870117,27.932079315185547,6.5954999923706055
1771502174.3523629,-0.967064619064331,12.817557334899902,0.022844618186354637,19.509166717529297,31.924945831298828,27.82868766784668,6.537988662719727
1771502174.3809276,-0.9198872447013855,12.822213172912598,0.01827569492161274,19.410066604614258,31.885175704956055,27.839834213256836,6.506626605987549
1771502174.4129179,-0.9504925012588501,12.630022048950195,0.014620556496083736,19.061294555664062,31.776779174804688,27.878599166870117,6.672642230987549
1771502174.4450781,-0.8524506688117981,12.699836730957031,0.011696445755660534,18.909318923950195,31.70212173461914,27.95046043395996,6.751342296600342
1771502174.476496,-0.8097701072692871,12.648035049438477,0.009357157163321972,18.83754539489746,31.58678436279297,28.084619522094727,6.847241401672363
1771502174.5085187,-0.5712561011314392,12.799713134765625,0.0074857259169220924,18.986120223999023,31.784847259521484,28.356216430664062,6.901212215423584
1771502174.541552,-0.3871486485004425,12.973599433898926,0.0059885806404054165,19.165353775024414,31.96521759033203,28.444561004638672,6.94593620300293
1771502174.5900462,-0.16833919286727905,13.071399688720703,0.004790864419192076,19.376096725463867,32.32059097290039,28.71712303161621,7.174412727355957
1771502174.6220348,-0.4024773836135864,12.936917304992676,0.0038326915819197893,19.31496810913086,32.37089920043945,28.653745651245117,7.072693824768066
1771502174.6530406,-0.37256261706352234,12.97422981262207,0.0030661532655358315,19.223398208618164,32.47895812988281,28.766462326049805,7.185057640075684
1771502174.685567,-0.17878976464271545,13.043198585510254,0.0024529227521270514,19.307762145996094,32.59156799316406,28.947546005249023,7.385545253753662
1771502174.7165678,0.023739591240882874,13.125187873840332,0.0019623383414000273,19.634044647216797,32.89749526977539,29.082904815673828,7.490073204040527
1771502174.7485642,-0.7147552371025085,12.637089729309082,0.001569870742969215,19.38823699951172,32.52606201171875,28.48395347595215,7.033252239227295
1771502174.7840867,-0.7782802581787109,12.860458374023438,0.0012558966409415007,19.54050064086914,32.45516586303711,27.97847557067871,6.515670299530029
1771502174.8160932,-0.8025609254837036,13.278160095214844,0.0010047173127532005,19.890493392944336,32.628177642822266,27.610300064086914,6.017401695251465
1771502174.8490896,0.05422401428222656,14.3761568069458,0.14169824123382568,21.1033935546875,33.846397399902344,28.32071304321289,6.243189334869385
1771502174.8785355,1.690370798110962,15.054984092712402,0.47462812066078186,23.398712158203125,36.46091842651367,30.7822322845459,8.33471393585205
1771502174.9099119,3.237791061401367,16.32837677001953,1.218217372894287,26.34487533569336,39.16571044921875,34.31309127807617,11.059142112731934
1771502174.9419165,4.2953715324401855,18.3996524810791,1.2613270282745361,28.876066207885742,41.25848388671875,37.375404357910156,14.14480209350586
1771502174.9733174,4.188467979431152,19.787418365478516,1.1983433961868286,30.18638801574707,42.95953369140625,39.61747741699219,16.62150764465332
1771502175.0230086,3.3550772666931152,21.927217483520508,0.9586747288703918,30.68659019470215,44.612186431884766,42.027198791503906,19.925418853759766
1771502175.0540237,2.4259705543518066,23.540634155273438,0.7669398188591003,31.743194580078125,46.92133331298828,45.488746643066406,23.85805320739746
1771502175.0845435,2.0016751289367676,24.1645565032959,0.6135518550872803,33.13764953613281,50.630306243896484,50.731807708740234,28.822654724121094
1771502175.1165428,1.1512829065322876,23.607587814331055,0.49084147810935974,34.756614685058594,53.93365478515625,55.103111267089844,33.534942626953125
1771502175.1485457,-0.17687773704528809,22.504480361938477,0.39267319440841675,36.477291107177734,56.30119323730469,58.43589782714844,37.15919876098633
1771502175.182085,-1.5278878211975098,21.66318702697754,0.6012558937072754,38.56298828125,58.78435134887695,61.55031204223633,40.300697326660156
1771502175.2170765,-2.950580596923828,20.82405662536621,0.9828380942344666,41.25139236450195,61.425750732421875,64.5237045288086,43.37521743774414
1771502175.2451184,-4.701372146606445,19.792850494384766,1.439805269241333,43.70871353149414,63.53770446777344,66.77806091308594,45.54395294189453
1771502175.2756262,-6.720757484436035,18.918628692626953,2.1122002601623535,46.24736404418945,65.43084716796875,68.67760467529297,47.18157196044922
1771502175.3086495,-8.563340187072754,18.372726440429688,2.692431926727295,48.00936508178711,67.2784652709961,70.40445709228516,48.620094299316406
1771502175.3416653,-9.933298110961914,18.016284942626953,3.1308751106262207,49.45207214355469,69.02584838867188,72.14639282226562,49.81660461425781
1771502175.3738708,-11.227415084838867,17.731494903564453,3.4808032512664795,51.151737213134766,70.68302917480469,73.72151184082031,50.95246887207031
1771502175.4035594,-12.722475051879883,17.60527229309082,4.0904388427734375,53.00993347167969,71.92920684814453,75.05615234375,51.8024787902832
1771502175.45357,-14.2357816696167,17.53243064880371,4.76497745513916,54.286293029785156,72.48921966552734,75.72955322265625,52.11662292480469
1771502175.483721,-15.526236534118652,17.370290756225586,5.493411540985107,55.35641098022461,72.98634338378906,76.19361114501953,52.26377868652344
1771502175.5167325,-16.508434295654297,17.103565216064453,6.104062557220459,56.55841064453125,73.66080474853516,76.91497802734375,52.66429901123047
1771502175.5507574,-17.513954162597656,16.74773597717285,6.526281356811523,57.58930587768555,74.07408905029297,77.20285034179688,52.5847053527832
1771502175.5832973,-18.226102828979492,16.501201629638672,6.89032506942749,58.179168701171875,74.39075469970703,77.32196044921875,52.44624710083008
1771502175.6162968,-18.961538314819336,16.364469528198242,7.220919132232666,58.319976806640625,74.38447570800781,77.14520263671875,52.00206756591797
1771502175.645233,-19.630191802978516,16.135778427124023,7.461054801940918,58.5675048828125,74.37728118896484,76.97346496582031,51.625343322753906
1771502175.6797495,-20.32351303100586,15.96510124206543,7.788641929626465,58.48489761352539,74.17330932617188,76.66863250732422,51.131309509277344
1771502175.7087479,-21.05257225036621,15.675676345825195,8.060751914978027,58.45305252075195,73.93434143066406,76.23998260498047,50.54753112792969
1771502175.740757,-21.9257755279541,15.329708099365234,8.237640380859375,58.7509651184082,73.68978881835938,75.77252197265625,49.938472747802734
1771502175.7718935,-22.716827392578125,15.037713050842285,8.296344757080078,59.19734191894531,73.29759216308594,75.15120697021484,49.304466247558594
1771502175.8048913,-23.46525001525879,14.796424865722656,8.43133544921875,59.640342712402344,72.97215270996094,74.61323547363281,48.65919494628906
1771502175.852884,-24.08514404296875,14.587663650512695,8.627246856689453,60.133827209472656,72.74858856201172,74.1952133178711,48.191062927246094
1771502175.8878236,-24.578893661499023,14.360511779785156,8.817225456237793,60.62535095214844,72.64166259765625,73.95323944091797,47.90586853027344
1771502175.9168224,-25.048507690429688,14.218424797058105,9.00015926361084,60.953880310058594,72.48783111572266,73.61003112792969,47.57198715209961
1771502175.9498246,-25.361919403076172,14.160386085510254,9.185890197753906,61.388160705566406,72.62921905517578,73.60238647460938,47.61902618408203
1771502175.9819717,-25.677757263183594,14.12169075012207,9.245349884033203,61.726593017578125,72.72002410888672,73.66268920898438,47.69739532470703
1771502176.012949,-25.91933250427246,14.040383338928223,9.315409660339355,62.099483489990234,72.72566986083984,73.66314697265625,47.671627044677734
1771502176.0459595,-25.999738693237305,14.103203773498535,9.356701850891113,62.27891159057617,72.76544952392578,73.6845474243164,47.582096099853516
1771502176.0760136,-26.082780838012695,14.098855018615723,9.461997032165527,62.037147521972656,72.6236572265625,73.50830078125,47.44192886352539
1771502176.1100163,-26.12358856201172,14.137918472290039,9.51127815246582,61.89776611328125,72.40670776367188,73.32933044433594,47.292320251464844
1771502176.1440163,-26.172529220581055,14.137969017028809,9.458945274353027,61.87260818481445,72.29853057861328,73.23570251464844,47.143287658691406
1771502176.1759908,-26.19573211669922,14.219112396240234,9.502143859863281,61.60763931274414,72.1114273071289,73.05992889404297,46.98588943481445
1771502176.2070148,-26.220869064331055,14.306049346923828,9.494328498840332,61.45691680908203,72.02680969238281,73.02079772949219,46.95214080810547
1771502176.2390118,-26.11847686767578,14.311026573181152,9.44716739654541,61.411495208740234,72.10502624511719,73.16194152832031,47.09446716308594
1771502176.2850075,-26.136043548583984,14.13963508605957,9.366216659545898,61.01726150512695,72.05846405029297,73.0783920288086,46.8397216796875
1771502176.3180027,-25.908336639404297,13.575333595275879,9.356252670288086,60.219791412353516,71.59249877929688,72.89978790283203,46.70109558105469
1771502176.349003,-26.146446228027344,13.146998405456543,9.384085655212402,56.740482330322266,68.86231994628906,69.78105926513672,43.32908248901367
1771502176.3810859,-26.627914428710938,12.398717880249023,9.130483627319336,51.70029830932617,63.7266960144043,64.65047454833984,38.68910217285156
1771502176.4130867,-25.409116744995117,12.623749732971191,9.235401153564453,47.02232360839844,59.22311782836914,59.83478927612305,34.048072814941406
1771502176.4451458,-22.17978858947754,13.72065544128418,9.17156982421875,43.08119201660156,54.97364044189453,55.18856430053711,30.66370964050293
1771502176.4776068,-18.6119441986084,14.133365631103516,8.964310646057129,40.39167785644531,51.94888687133789,51.50309753417969,27.551380157470703
1771502176.5086055,-15.597426414489746,14.244378089904785,7.677802085876465,38.20866775512695,49.32514190673828,47.693946838378906,23.81008529663086
1771502176.5460854,-12.61174488067627,14.388689994812012,6.241973400115967,36.058570861816406,46.905670166015625,44.037879943847656,20.353282928466797
1771502176.5727713,-9.84326171875,14.963708877563477,4.993578910827637,33.95964431762695,44.69914627075195,40.7510871887207,17.400014877319336
1771502176.605773,-7.878941059112549,15.210890769958496,3.994863271713257,31.917125701904297,42.302703857421875,37.67657470703125,14.852665901184082
1771502176.6368167,-6.634349822998047,15.29420280456543,3.1958906650543213,29.93990707397461,39.922218322753906,34.91260528564453,12.59471321105957
1771502176.669356,-5.69114351272583,15.473159790039062,2.5567126274108887,28.124101638793945,37.60710906982422,32.344871520996094,10.341161727905273
1771502176.7167022,-4.689061164855957,15.66438102722168,2.045370101928711,26.788494110107422,35.992164611816406,30.624500274658203,8.654932022094727
1771502176.7506976,-4.0272440910339355,15.685123443603516,1.6362961530685425,25.485319137573242,34.720455169677734,29.24858856201172,7.269147872924805
1771502176.7822049,-3.498894453048706,15.464341163635254,1.3090369701385498,24.246606826782227,33.66581344604492,28.10039520263672,6.273488521575928
1771502176.814205,-3.0707647800445557,15.188629150390625,1.0472296476364136,23.363767623901367,32.86030197143555,27.23028564453125,5.486294746398926
1771502176.8442993,-2.2707197666168213,14.978178024291992,0.8377837538719177,22.973173141479492,32.48969268798828,26.972362518310547,5.366559982299805
1771502176.8778002,-1.7965995073318481,14.719889640808105,0.6702269911766052,22.288366317749023,31.688718795776367,26.220542907714844,5.020233154296875
1771502176.908809,-1.1976076364517212,14.561381340026855,0.536181628704071,21.95108413696289,31.228050231933594,25.742963790893555,4.959540367126465
1771502176.940824,-0.7719686031341553,14.482797622680664,0.42894530296325684,21.23785400390625,30.601945877075195,25.30184555053711,4.796806335449219
1771502176.9733377,-0.16402190923690796,14.575993537902832,0.34315624833106995,20.39228057861328,30.1384334564209,25.061492919921875,4.866642951965332
1771502177.0053742,-0.06279441714286804,14.453315734863281,0.2745250165462494,20.09357261657715,29.96082878112793,24.956851959228516,4.920909881591797
1771502177.0390594,-0.1523556411266327,14.369902610778809,0.219620019197464,19.9953556060791,29.90411376953125,24.973173141479492,5.072005748748779
1771502177.069585,0.034566693007946014,14.377633094787598,0.1756960153579712,20.20094871520996,30.114864349365234,25.145906448364258,5.362399578094482
1771502177.0995762,0.10873475670814514,14.289957046508789,0.14055681228637695,20.458053588867188,30.529247283935547,25.52880096435547,5.719919204711914
1771502177.1490924,-0.057501405477523804,14.105352401733398,0.11244545131921768,20.60593032836914,30.814245223999023,25.790830612182617,5.934109210968018
1771502177.185616,-0.14464904367923737,14.014287948608398,0.0899563655257225,20.6657657623291,31.093175888061523,26.086584091186523,6.148879528045654
1771502177.2186208,-0.20535150170326233,13.659852981567383,0.07196509093046188,20.549911499023438,31.188989639282227,26.36551284790039,6.466506004333496
1771502177.250633,-0.10535705089569092,13.785106658935547,0.057572074234485626,20.755292892456055,31.425369262695312,26.59642219543457,6.602403163909912
1771502177.2811306,-0.14752840995788574,13.619253158569336,0.04605766013264656,20.84789276123047,31.74785804748535,26.91302490234375,6.954476833343506
1771502177.3131316,-0.09172271937131882,13.578941345214844,0.03684612736105919,21.026315689086914,31.97201156616211,27.129587173461914,7.042503356933594
1771502177.3451352,-0.29058849811553955,13.336708068847656,0.02947690151631832,21.160531997680664,32.173675537109375,27.371051788330078,7.265337944030762
1771502177.3746612,-0.05003191530704498,13.435635566711426,0.023581521585583687,21.51271629333496,32.56388473510742,27.76078224182129,7.466571807861328
1771502177.4065309,-0.43734851479530334,13.183089256286621,0.01886521838605404,21.24110221862793,32.394935607910156,27.598106384277344,7.406638145446777
1771502177.437531,-0.48815953731536865,13.05420970916748,0.015092174522578716,21.135610580444336,32.26956558227539,27.532751083374023,7.353554725646973
1771502177.4689903,-0.7916929721832275,12.775686264038086,0.012073739431798458,20.851709365844727,32.007015228271484,27.323137283325195,7.2438130378723145
1771502177.503991,-1.2004530429840088,12.608592987060547,0.009658991359174252,20.599454879760742,31.783437728881836,27.082521438598633,7.028347969055176
1771502177.5336952,-1.4559235572814941,12.307558059692383,0.007727193180471659,20.463735580444336,31.616636276245117,26.963403701782227,7.004886150360107
1771502177.616153,-2.2837605476379395,11.894970893859863,0.006181754637509584,20.07866859436035,30.60358428955078,25.689952850341797,6.219594478607178
1771502177.6401527,-3.2123379707336426,11.58958911895752,0.0049454038962721825,19.76776885986328,29.616436004638672,24.47707748413086,5.222713947296143
1771502177.6727312,-3.875697612762451,11.680221557617188,0.0039563230238854885,19.454631805419922,28.84442138671875,23.057138442993164,4.178171157836914
1771502177.7035863,-3.858149766921997,11.802458763122559,0.003165058558806777,19.77157974243164,29.33103370666504,23.234493255615234,3.89060378074646
1771502177.7341044,-2.769425630569458,12.475692749023438,0.002532046986743808,20.550926208496094,31.102388381958008,24.961210250854492,4.780332088470459
1771502177.7656841,-0.5998679399490356,13.953048706054688,0.0020256375428289175,22.40917205810547,34.53000259399414,29.62871551513672,7.717237949371338
1771502177.7967048,1.0854912996292114,15.860004425048828,0.0016205100109800696,24.356460571289062,37.81214904785156,34.313812255859375,12.228477478027344
1771502177.8277025,2.1412148475646973,18.769290924072266,0.0012964080087840557,26.662883758544922,39.85157012939453,37.56711196899414,15.664545059204102
1771502177.859212,2.5752434730529785,21.43997573852539,0.0010371264070272446,27.938432693481445,41.642452239990234,40.17509078979492,18.654796600341797
1771502177.8892355,2.651716947555542,23.738067626953125,0.0008297011372633278,28.69359588623047,43.21145248413086,42.417930603027344,21.33819007873535
1771502177.9202466,2.144970655441284,25.82957649230957,0.0006637609330937266,29.100505828857422,44.58191680908203,44.2064323425293,23.459367752075195
1771502177.953256,1.5486946105957031,27.389909744262695,0.0005310087581165135,29.542118072509766,46.40568542480469,46.40476989746094,25.589208602905273
1771502178.0127625,1.5933091640472412,28.39398193359375,0.000424807018134743,31.83376693725586,49.13383483886719,49.724220275878906,28.039684295654297
1771502178.0477674,1.8808469772338867,29.275283813476562,0.00033984563197009265,34.21157455444336,51.81496047973633,53.0118522644043,30.333452224731445
1771502178.0752778,2.063936233520508,30.129976272583008,0.0002718765172176063,36.05562973022461,53.75997543334961,55.46462631225586,32.25721740722656
1771502178.107282,1.9771642684936523,30.498722076416016,0.00021750121959485114,37.79437255859375,55.432804107666016,57.66179656982422,33.733062744140625
1771502178.139275,1.4218590259552002,30.103368759155273,0.0001740009756758809,38.82190704345703,56.35026550292969,59.096168518066406,34.63242721557617
1771502178.1718144,0.8833967447280884,29.397790908813477,0.00013920078345108777,39.91216278076172,57.04220962524414,60.12362289428711,35.245445251464844
1771502178.2038534,0.021984636783599854,28.412975311279297,0.00011136062676087022,40.58487319946289,57.269962310791016,60.493255615234375,35.54434585571289
1771502178.2328548,-1.1733113527297974,27.14608383178711,8.908850577427074e-05,41.05257034301758,57.31145095825195,60.6937255859375,35.80242156982422
1771502178.2653644,-2.8332903385162354,25.09041976928711,7.127080607460812e-05,41.554931640625,57.279998779296875,60.770835876464844,35.9793701171875
1771502178.2963645,-4.782217979431152,22.742530822753906,5.7016644859686494e-05,42.029815673828125,57.299583435058594,60.865657806396484,36.10446548461914
1771502178.3283637,-6.87536096572876,20.40730857849121,4.5613316615344957e-05,42.732337951660156,57.588958740234375,61.077850341796875,36.19319152832031
1771502178.3592348,-9.022223472595215,18.48318099975586,0.13182909786701202,43.83678436279297,58.331111907958984,61.55950927734375,36.404178619384766
1771502178.4054277,-11.370203018188477,16.65621566772461,0.7087814211845398,46.15565872192383,60.576133728027344,63.4803352355957,37.560028076171875
1771502178.446435,-13.834259033203125,14.967070579528809,1.8992772102355957,48.01333999633789,62.168182373046875,64.45645141601562,38.00012969970703
1771502178.478494,-15.905425071716309,13.540576934814453,2.6727352142333984,50.132850646972656,64.12825012207031,65.85408782958984,38.9507942199707
1771502178.498574,-17.4687442779541,12.660183906555176,3.3592042922973633,51.71874237060547,65.34272003173828,66.77896118164062,39.612247467041016
1771502178.5303729,-18.767641067504883,12.01654052734375,4.080265522003174,53.414058685302734,66.95667266845703,68.01103210449219,40.38395309448242
1771502178.561706,-20.08626937866211,11.55530071258545,4.884875297546387,55.116783142089844,68.23697662353516,68.93577575683594,40.75491714477539
1771502178.5937142,-21.069101333618164,10.953309059143066,5.6979241371154785,56.67148971557617,69.38813781738281,69.65837860107422,41.40250778198242
1771502178.6227055,-21.876358032226562,10.800864219665527,6.509742259979248,58.33209991455078,70.41848754882812,70.44084167480469,42.33546447753906
1771502178.6547196,-22.526132583618164,10.678461074829102,6.913119316101074,59.12396240234375,70.72431945800781,70.37703704833984,42.56916427612305
1771502178.6858282,-23.203014373779297,10.583121299743652,7.256617546081543,59.78804016113281,70.78588104248047,70.2431640625,42.73104476928711
1771502178.7172608,-23.43408966064453,10.664433479309082,7.577937126159668,60.49007034301758,71.20880889892578,70.47630310058594,43.01696014404297
1771502178.7472668,-23.809520721435547,10.727466583251953,7.8176679611206055,61.448463439941406,71.71575927734375,70.9889144897461,43.51304244995117
1771502178.7968,-23.93570327758789,10.802215576171875,8.006097793579102,62.60498809814453,72.47785186767578,71.67765808105469,44.264739990234375
1771502178.8288448,-24.090620040893555,10.841858863830566,8.139862060546875,63.244102478027344,73.00033569335938,72.06973266601562,44.761077880859375
1771502178.8783805,-24.27585220336914,10.990374565124512,8.226917266845703,63.55610275268555,73.19273376464844,72.330078125,45.13176345825195
1771502178.9123683,-24.2878360748291,11.153680801391602,8.280693054199219,64.0296859741211,73.69766998291016,72.79141235351562,45.60875701904297
1771502178.9393716,-24.406715393066406,11.137922286987305,8.237516403198242,64.67279052734375,74.21855926513672,73.29780578613281,46.12437057495117
1771502178.9707866,-24.53044319152832,11.180252075195312,8.328872680664062,65.05574798583984,74.42198181152344,73.49075317382812,46.37287139892578
1771502179.0018005,-24.6665096282959,11.265373229980469,8.252083778381348,65.43269348144531,74.64268493652344,73.7358169555664,46.60742950439453
1771502179.0337694,-24.68702507019043,11.340346336364746,8.282371520996094,65.6934814453125,74.88761901855469,73.87895965576172,46.86522674560547
1771502179.065201,-24.487030029296875,11.247922897338867,8.200292587280273,66.10865783691406,75.17790222167969,74.21141052246094,47.36159133911133
1771502179.0962088,-24.451841354370117,11.100072860717773,8.15316104888916,66.31842803955078,75.3731918334961,74.5061264038086,47.851165771484375
1771502179.1302006,-24.41966438293457,11.017585754394531,8.166210174560547,66.22579193115234,75.30001831054688,74.56936645507812,48.09849548339844
1771502179.159769,-24.43889045715332,10.940144538879395,8.212284088134766,66.10735321044922,75.21314239501953,74.54481506347656,48.296287536621094
1771502179.1971142,-24.544231414794922,10.900670051574707,8.324077606201172,65.53272247314453,74.79238891601562,74.13214111328125,48.24240493774414
1771502179.2288265,-24.739994049072266,10.693666458129883,8.346943855285645,65.01924133300781,74.29891967773438,73.61219024658203,47.80852508544922
1771502179.2610545,-25.56714630126953,10.331520080566406,8.613691329956055,63.10830307006836,72.0899887084961,71.23534393310547,45.953495025634766
1771502179.3090467,-26.136720657348633,9.551111221313477,8.711142539978027,59.86257553100586,69.16734313964844,68.01348114013672,43.430416107177734
1771502179.344288,-26.254791259765625,8.943092346191406,8.359931945800781,55.72372817993164,65.85139465332031,64.56687927246094,40.044559478759766
1771502179.3778193,-26.195884704589844,8.343713760375977,8.341998100280762,52.75668716430664,63.530052185058594,62.21453857421875,37.591575622558594
1771502179.4088511,-24.952308654785156,9.226353645324707,8.008755683898926,49.29364776611328,61.04275894165039,60.103458404541016,35.5046501159668
1771502179.4278517,-22.929401397705078,10.925016403198242,8.148895263671875,45.799171447753906,58.368778228759766,57.58082962036133,33.29174041748047
1771502179.4558125,-20.099145889282227,12.24863052368164,7.785093784332275,42.83449172973633,56.18606948852539,54.81364822387695,30.93584442138672
1771502179.4871626,-16.45872688293457,13.06506633758545,7.68430233001709,39.95853805541992,53.95431900024414,52.22502517700195,28.860376358032227
1771502179.5181618,-12.798524856567383,13.811114311218262,7.360978126525879,38.340030670166016,52.41202163696289,50.05040740966797,26.76436424255371
1771502179.5501053,-9.697358131408691,14.451797485351562,6.460428237915039,37.19687271118164,51.29364013671875,47.811614990234375,24.55265235900879
1771502179.597129,-7.622247219085693,15.094734191894531,5.168342590332031,34.698612213134766,48.29994201660156,43.69728088378906,20.89451026916504
1771502179.6291294,-5.945346832275391,15.64657211303711,4.134674072265625,32.26786804199219,45.511802673339844,40.089134216308594,17.518705368041992
1771502179.661694,-4.69005823135376,16.202024459838867,3.3077392578125,30.171234130859375,42.740299224853516,36.64994430541992,14.456070899963379
1771502179.6921978,-3.6493723392486572,16.565160751342773,2.646191358566284,28.551042556762695,40.25740432739258,33.70008087158203,11.78614616394043
1771502179.7422884,-2.8388924598693848,16.597423553466797,2.116953134536743,27.293315887451172,38.358802795410156,31.57955551147461,9.759108543395996
1771502179.7754693,-2.3380401134490967,16.512075424194336,1.6935625076293945,26.03814125061035,36.614593505859375,29.767574310302734,8.03785228729248
1771502179.7994657,-1.8629631996154785,16.492000579833984,1.3548500537872314,25.066551208496094,35.29338836669922,28.373769760131836,6.737320899963379
1771502179.8304663,-1.6250054836273193,16.315641403198242,1.083880066871643,24.213436126708984,34.13919448852539,27.215410232543945,5.7433953285217285
1771502179.8607156,-1.263773798942566,16.03184700012207,0.8671040534973145,23.585552215576172,33.46760177612305,26.81844711303711,5.390901565551758
1771502179.891625,-0.9368634819984436,15.753278732299805,0.6936832666397095,22.954042434692383,32.97090148925781,26.622791290283203,5.115370750427246
1771502179.9221404,-0.5622528791427612,15.571184158325195,0.5549466013908386,22.421756744384766,32.67131805419922,26.630531311035156,5.024077892303467
1771502179.9531717,-0.12718576192855835,15.419721603393555,0.44395729899406433,22.074066162109375,32.45050048828125,26.70505142211914,4.993156909942627
1771502180.0002227,0.07555320113897324,14.762117385864258,0.35516583919525146,21.282880783081055,32.120933532714844,26.684669494628906,5.342324256896973
1771502180.0322402,-0.011422809213399887,14.16360855102539,0.2841326892375946,20.58567237854004,31.815670013427734,26.706130981445312,5.478282928466797
1771502180.0629244,-0.14292478561401367,13.737991333007812,0.22730615735054016,19.921836853027344,31.53520965576172,26.754894256591797,5.425151824951172
1771502180.0939236,-0.6260659098625183,13.237531661987305,0.18184493482112885,19.23870086669922,31.051193237304688,26.544466018676758,5.323175430297852
1771502180.1249237,-1.125267505645752,12.853649139404297,0.14547595381736755,18.726152420043945,30.559593200683594,26.16839027404785,4.936753273010254
1771502180.173443,-1.559713363647461,12.592906951904297,0.11638076603412628,18.11296272277832,29.914867401123047,25.708492279052734,4.662642955780029
1771502180.2084377,-2.0363643169403076,12.156301498413086,0.09310461580753326,17.514781951904297,29.383880615234375,25.32724380493164,4.396465301513672
1771502180.2344356,-2.457378387451172,11.908082008361816,0.07448369264602661,17.147302627563477,29.139467239379883,25.137893676757812,4.1891045570373535
1771502180.265974,-2.8865253925323486,11.625894546508789,0.05958695337176323,16.744665145874023,28.825057983398438,25.041366577148438,3.9597811698913574
1771502180.2969754,-3.2644317150115967,11.47088623046875,0.04766956344246864,16.477149963378906,28.549453735351562,24.802846908569336,3.69795560836792
1771502180.327992,-3.390929698944092,11.473689079284668,0.038135651499032974,16.613571166992188,28.612457275390625,24.754596710205078,3.5708084106445312
1771502180.3595011,-3.445986032485962,11.448931694030762,0.03050852194428444,16.577190399169922,28.566864013671875,24.799217224121094,3.6858839988708496
1771502180.3978636,-3.56554913520813,11.41707992553711,0.02440681867301464,16.608318328857422,28.500633239746094,24.739225387573242,3.6567513942718506
1771502180.4298573,-3.729429244995117,11.387590408325195,0.019525455310940742,16.716365814208984,28.507034301757812,24.698345184326172,3.6195781230926514
1771502180.4615707,-3.993600845336914,11.230757713317871,0.015620364807546139,16.615280151367188,28.327634811401367,24.576507568359375,3.6125121116638184
1771502180.4945507,-4.050436973571777,11.192439079284668,0.012496291659772396,16.564302444458008,28.233131408691406,24.564481735229492,3.5964462757110596
1771502180.5258844,-3.9646880626678467,11.246623039245605,0.009997033514082432,16.68677520751953,28.266536712646484,24.596965789794922,3.55643367767334
1771502180.557762,-4.259032249450684,11.038311004638672,0.00799762737005949,16.571979522705078,28.042959213256836,24.42253875732422,3.477752685546875
1771502180.605287,-4.376714706420898,11.025040626525879,0.006398101802915335,16.429508209228516,27.89739227294922,24.307533264160156,3.27465558052063
1771502180.6422863,-4.639228820800781,10.886486053466797,0.00511848134920001,16.34038543701172,27.829517364501953,24.1862735748291,3.1999075412750244
1771502180.6728024,-4.81046724319458,10.829541206359863,0.004094785079360008,16.26430892944336,27.765628814697266,24.079259872436523,3.091315746307373
1771502180.703891,-4.908987998962402,10.857361793518066,0.003275828203186393,16.41756248474121,27.869169235229492,24.105815887451172,3.173966646194458
1771502180.73689,-4.828718185424805,11.203009605407715,0.0026206625625491142,16.737926483154297,27.96889877319336,23.777759552001953,2.9084722995758057
1771502180.7684038,-4.463588237762451,11.827495574951172,0.0020965300500392914,17.244916915893555,28.14519691467285,23.4550724029541,2.6552317142486572
1771502180.799403,-3.6689612865448,12.921838760375977,0.0016772240633144975,17.498802185058594,28.47211265563965,23.192611694335938,2.4655208587646484
1771502180.8304021,-3.462027072906494,13.296284675598145,0.6342433094978333,17.501483917236328,28.75991439819336,23.286720275878906,2.3737621307373047
1771502180.8649518,-3.569084405899048,13.365553855895996,1.345937967300415,17.480514526367188,29.16541862487793,23.76015281677246,2.6024985313415527
1771502180.8929496,-3.841487169265747,13.01357650756836,2.1326842308044434,17.369224548339844,29.9691219329834,24.842172622680664,3.255167007446289
1771502180.9249437,-4.181940078735352,12.74809455871582,3.1569015979766846,17.27789878845215,30.945343017578125,26.704851150512695,5.168326377868652
1771502180.9570382,-4.696836948394775,12.6604585647583,4.301758766174316,17.346248626708984,31.681354522705078,28.380817413330078,7.6202473640441895
1771502180.98977,-5.329662322998047,12.861186981201172,5.124889373779297,17.72529411315918,32.10546875,29.419618606567383,9.468094825744629
1771502181.0359654,-6.071110248565674,13.292448997497559,6.062131404876709,18.166902542114258,32.23051452636719,30.33810806274414,11.163818359375
1771502181.0695198,-6.770456314086914,13.972393035888672,6.9381103515625,18.49560546875,32.38372039794922,31.054244995117188,12.526885032653809
1771502181.1311872,-6.5293049812316895,14.558152198791504,7.4013237953186035,19.14401626586914,32.99863815307617,32.639686584472656,14.724990844726562
1771502181.162779,-6.977568626403809,15.142580032348633,7.598586082458496,19.35146141052246,33.207393646240234,33.466739654541016,15.733431816101074
1771502181.1937933,-7.490131855010986,15.814366340637207,7.5891032218933105,19.67276954650879,33.469329833984375,34.481449127197266,16.35089111328125
1771502181.2236779,-9.807822227478027,15.94820499420166,7.242404460906982,20.073530197143555,34.477806091308594,35.38471221923828,16.24178123474121
1771502181.2546966,-11.518120765686035,16.15346908569336,7.1593918800354,21.41687774658203,36.06386184692383,37.22344207763672,17.08512306213379
1771502181.287305,-12.4675931930542,16.405559539794922,6.875522613525391,23.354862213134766,38.209468841552734,39.47957229614258,18.603466033935547
1771502181.3162956,-13.82542896270752,15.86603832244873,5.947148323059082,24.806541442871094,40.496212005615234,42.08415985107422,20.137176513671875
1771502181.348379,-15.364521026611328,15.206928253173828,4.9370856285095215,26.705089569091797,43.031105041503906,44.755638122558594,22.004886627197266
1771502181.3789647,-16.948806762695312,14.327116966247559,3.9496686458587646,28.854740142822266,45.18214797973633,46.9487419128418,23.727323532104492
1771502181.4109898,-18.524913787841797,13.316195487976074,3.1597349643707275,31.342864990234375,47.300472259521484,49.18772888183594,25.623077392578125
1771502181.4419677,-20.113418579101562,12.380873680114746,2.527787923812866,34.06869125366211,49.58672332763672,51.40705490112305,27.622528076171875
1771502181.4726794,-21.53822898864746,11.460892677307129,2.022230386734009,36.51972961425781,51.3731689453125,53.494537353515625,29.75851821899414
1771502181.5036952,-22.5096378326416,10.715364456176758,1.6177843809127808,38.47786331176758,52.748252868652344,55.24139404296875,31.56023597717285
1771502181.5347395,-23.47368049621582,10.041576385498047,1.2942274808883667,41.033668518066406,54.72955322265625,57.59080505371094,33.66398239135742
1771502181.5671427,-24.4865779876709,9.401062965393066,1.0353820323944092,43.6510009765625,56.74647521972656,59.682151794433594,35.6053466796875
1771502181.5991285,-24.786405563354492,9.206082344055176,0.8283056616783142,46.86617660522461,59.896995544433594,62.812713623046875,39.04621505737305
1771502181.6311297,-25.4091739654541,8.984434127807617,0.6626445651054382,48.956268310546875,62.29220962524414,65.19384765625,41.40955352783203
1771502181.6616397,-25.425519943237305,8.998122215270996,0.6424805521965027,51.14448165893555,64.95230102539062,67.95767211914062,44.23040008544922
1771502181.693622,-25.380592346191406,9.002433776855469,0.7978180646896362,52.6870231628418,66.9463882446289,69.99401092529297,46.272029876708984
1771502181.729644,-25.130084991455078,9.46717643737793,0.9792114496231079,54.19054412841797,68.9602279663086,72.07217407226562,48.440208435058594
1771502181.758632,-24.911190032958984,9.677159309387207,1.2672615051269531,56.19804382324219,70.98087310791016,74.13838195800781,50.53883361816406
1771502181.7921438,-24.788230895996094,9.798749923706055,1.3548502922058105,58.13797378540039,72.69522094726562,76.02147674560547,52.30403137207031
1771502181.8221445,-24.90875244140625,9.694933891296387,1.4260895252227783,59.24980163574219,73.77127075195312,76.85966491699219,52.91984558105469
1771502181.8716886,-25.2098445892334,9.644759178161621,1.707826852798462,59.974849700927734,74.40098571777344,77.3996810913086,53.12271499633789
1771502181.9027202,-25.471797943115234,9.465494155883789,2.1418275833129883,60.94668960571289,74.99989318847656,77.78392028808594,53.28347396850586
1771502181.927718,-25.681316375732422,9.468483924865723,2.5053181648254395,61.64717102050781,75.56200408935547,78.21102905273438,53.505714416503906
1771502181.9577045,-25.691795349121094,9.706559181213379,3.200629234313965,62.560340881347656,76.51253509521484,79.20762634277344,54.47825241088867
1771502181.9972186,-25.66781234741211,9.744485855102539,3.7827515602111816,63.49319839477539,77.44650268554688,80.07672882080078,55.302391052246094
1771502182.0282116,-25.60004234313965,9.906258583068848,4.323886871337891,64.27335357666016,78.33441162109375,80.96393585205078,56.254730224609375
1771502182.0617354,-25.35468292236328,10.101278305053711,4.813304901123047,64.88626098632812,79.0185775756836,81.61982727050781,56.806671142578125
1771502182.092761,-25.39000129699707,10.124238967895508,4.846140384674072,65.23417663574219,79.18219757080078,81.82599639892578,56.90736389160156
1771502182.1258204,-25.34095573425293,10.219090461730957,5.029425621032715,65.71691131591797,79.48411560058594,82.31803131103516,57.35045623779297
1771502182.160005,-25.36955451965332,10.268502235412598,5.105318069458008,65.82997131347656,79.61880493164062,82.3749771118164,57.29879379272461
1771502182.189583,-25.262653350830078,10.377726554870605,5.320046424865723,66.19147491455078,79.8893051147461,82.77667999267578,57.7559814453125
1771502182.2205546,-25.164487838745117,10.417136192321777,5.533168792724609,66.5722427368164,80.20890045166016,83.052490234375,58.06451416015625
1771502182.2526517,-25.057456970214844,10.473814010620117,5.5517964363098145,66.80628967285156,80.31400299072266,83.32295227050781,58.2196044921875
1771502182.3002288,-25.014080047607422,10.58366870880127,5.643150329589844,66.86331176757812,80.35029602050781,83.38673400878906,58.35261535644531
1771502182.3342383,-25.006744384765625,10.688089370727539,5.746398448944092,66.72969818115234,80.22095489501953,83.42987060546875,58.28123474121094
1771502182.3552544,-24.980148315429688,10.785848617553711,5.81300687789917,66.6590805053711,80.13529968261719,83.43865966796875,58.25944900512695
1771502182.396617,-25.01455307006836,10.881324768066406,5.885664463043213,66.48695373535156,79.99358367919922,83.32183837890625,58.127418518066406
1771502182.4296165,-25.020767211914062,10.970558166503906,5.984827995300293,66.50696563720703,79.98789978027344,83.28097534179688,58.0964469909668
1771502182.460611,-25.101797103881836,10.986272811889648,6.007840156555176,66.45496368408203,79.86808776855469,83.0863037109375,58.07862091064453
1771502182.5097022,-25.154644012451172,10.963611602783203,6.052806854248047,66.43891143798828,79.76420593261719,82.98088836669922,58.007362365722656
1771502182.5427022,-25.18482208251953,10.96042537689209,6.051687717437744,66.49893188476562,79.68120574951172,82.80748748779297,57.9393310546875
1771502182.5752192,-25.16611671447754,11.03337287902832,6.121087074279785,66.80162048339844,79.63211059570312,82.72000122070312,57.86564636230469
1771502182.6052191,-25.575246810913086,11.175121307373047,6.26852560043335,66.09663391113281,78.75017547607422,81.69454193115234,56.743072509765625
1771502182.6362185,-26.41872787475586,10.944231033325195,6.265148162841797,64.78117370605469,76.84332275390625,79.38069152832031,53.935001373291016
1771502182.6657524,-27.48957061767578,10.411628723144531,6.350984573364258,62.782562255859375,73.8371353149414,75.80902099609375,50.427555084228516
1771502182.6977518,-28.52544593811035,9.58771800994873,6.283575057983398,58.96794891357422,69.40512084960938,70.2373046875,45.14099884033203
1771502182.7327523,-29.23329734802246,9.450779914855957,6.453643321990967,53.39583206176758,63.44511795043945,63.99752426147461,39.54951477050781
1771502182.766268,-28.698516845703125,9.197352409362793,6.445107460021973,47.90238571166992,58.08858871459961,58.71864700317383,34.6400146484375
1771502182.798269,-25.790449142456055,9.983370780944824,6.595885753631592,42.86915588378906,52.918373107910156,53.22796630859375,30.632099151611328
1771502182.8282678,-22.351764678955078,10.740938186645508,6.793911933898926,39.54200744628906,49.43644332885742,48.93187713623047,27.368741989135742
1771502182.8637943,-19.07082748413086,10.955072402954102,5.63057804107666,36.93211364746094,46.57356643676758,44.8453254699707,23.498598098754883
1771502182.8928208,-15.368413925170898,11.796995162963867,4.504462718963623,34.79816436767578,44.20030975341797,41.14657211303711,19.989809036254883
1771502182.9248226,-12.409902572631836,12.658424377441406,3.6035702228546143,32.42613983154297,41.77604675292969,37.63273620605469,16.5993709564209
1771502182.957832,-9.757994651794434,13.587251663208008,2.8828561305999756,30.573713302612305,39.685752868652344,34.77345657348633,13.895623207092285
1771502182.9883578,-8.127296447753906,14.386240005493164,2.3062849044799805,28.61614990234375,37.26809310913086,31.89638900756836,11.209488868713379
1771502183.024391,-7.269562721252441,14.891432762145996,1.8450279235839844,26.536623001098633,34.840065002441406,29.259502410888672,8.967591285705566
1771502183.0534039,-6.610315799713135,15.165068626403809,1.4760223627090454,24.921031951904297,32.939476013183594,27.2071590423584,7.174073219299316
1771502183.0849519,-6.05336332321167,15.486043930053711,1.18081796169281,23.507383346557617,31.342599868774414,25.513696670532227,5.739258766174316
1771502183.1169515,-5.2623291015625,15.788006782531738,0.9446544051170349,22.486572265625,30.436220169067383,24.47947120666504,4.591407299041748
1771502183.1657453,-4.7543535232543945,15.895271301269531,0.7557235360145569,21.55495262145996,29.663183212280273,23.54758644104004,3.673125982284546
1771502183.1986947,-4.295006275177002,16.0125732421875,0.6045788526535034,20.81544303894043,29.101898193359375,22.87118148803711,2.9385008811950684
1771502183.2334762,-4.098846912384033,15.946460723876953,0.48366308212280273,20.111907958984375,28.53337860107422,22.18342399597168,2.3508007526397705
1771502183.2667046,-3.94671893119812,15.78018569946289,0.3869304656982422,19.541683197021484,28.20460319519043,21.759138107299805,1.8806406259536743
1771502183.2986896,-3.635390520095825,15.744956970214844,0.3095443844795227,19.135690689086914,28.03227996826172,21.546783447265625,1.5045125484466553
1771502183.3287063,-3.361217498779297,15.594094276428223,0.24763551354408264,18.931941986083984,28.088031768798828,21.593435287475586,1.39467453956604
1771502183.3597941,-3.1860218048095703,15.392111778259277,0.19810841977596283,18.774019241333008,28.14152717590332,21.647302627563477,1.255520224571228
1771502183.3913846,-3.0536649227142334,15.133254051208496,0.1584867388010025,18.705886840820312,28.26673698425293,21.768856048583984,1.3119724988937378
1771502183.4233727,-2.9765448570251465,14.780187606811523,0.126789391040802,18.637027740478516,28.356813430786133,21.93790626525879,1.5136257410049438
1771502183.4574099,-2.8439714908599854,14.510451316833496,0.10143151134252548,18.51472282409668,28.385967254638672,22.060455322265625,1.635443925857544
1771502183.4864917,-2.7894318103790283,14.161746978759766,0.08114521205425262,18.401790618896484,28.43741798400879,22.343780517578125,1.8905882835388184
1771502183.5175097,-2.6734752655029297,13.90559196472168,0.06491617113351822,18.337533950805664,28.54702377319336,22.592191696166992,2.102045774459839
1771502183.5497177,-2.511396646499634,13.716432571411133,0.051932938396930695,18.387168884277344,28.82306671142578,22.94462776184082,2.343789577484131
1771502183.597753,-2.291893243789673,13.613411903381348,0.041546352207660675,18.51201820373535,29.050281524658203,23.259639739990234,2.5821340084075928
1771502183.6308029,-2.3444736003875732,13.474597930908203,0.03323708102107048,18.54443359375,29.166261672973633,23.44029426574707,2.6621286869049072
1771502183.6642652,-2.3444392681121826,13.38835620880127,0.026589665561914444,18.620004653930664,29.22313690185547,23.537370681762695,2.6207010746002197
1771502183.6923013,-2.4624390602111816,13.296957015991211,0.021271733567118645,18.565170288085938,29.20294952392578,23.482107162475586,2.5598366260528564
1771502183.725284,-2.5953922271728516,13.202726364135742,0.017017386853694916,18.514314651489258,29.12960433959961,23.368305206298828,2.4712131023406982
1771502183.7572906,-2.813202142715454,13.072932243347168,0.013613909482955933,18.26204490661621,28.91107177734375,23.20355224609375,2.3758106231689453
1771502183.7888,-2.9275906085968018,12.948648452758789,0.010891127400100231,18.12335205078125,28.859493255615234,23.16206169128418,2.2823877334594727
1771502183.821576,-3.1543707847595215,12.770734786987305,0.00871290173381567,17.991703033447266,28.831445693969727,23.151538848876953,2.3145947456359863
1771502183.859715,-3.3406529426574707,12.6354341506958,0.0069703212939202785,17.842426300048828,28.768341064453125,23.012540817260742,2.212376117706299
1771502183.889928,-3.5414297580718994,12.531173706054688,0.00557625712826848,17.769330978393555,28.69683074951172,22.86064910888672,2.0601181983947754
1771502183.9219196,-3.4960689544677734,12.547520637512207,0.004461005795747042,17.8486328125,28.88861083984375,22.990795135498047,2.1375961303710938
1771502183.950946,-3.5477495193481445,12.53510856628418,0.0035688045900315046,17.7977294921875,28.84359359741211,22.97085189819336,2.150195360183716
1771502183.9850552,-3.4270436763763428,12.644639015197754,0.002855043625459075,17.875560760498047,28.949007034301758,23.068077087402344,2.1764731407165527
1771502184.0310414,-3.4450247287750244,12.538375854492188,0.0022840348538011312,17.847900390625,28.90961456298828,23.165597915649414,2.3058128356933594
1771502184.0620484,-3.204011917114258,12.7843017578125,0.001827227883040905,17.993078231811523,29.058685302734375,23.311819076538086,2.2883782386779785
1771502184.0965607,-3.21887469291687,12.743905067443848,0.001461782376281917,17.977569580078125,29.014720916748047,23.241426467895508,2.2952303886413574
1771502184.1255593,-3.465707540512085,12.619425773620605,0.0011694259010255337,17.802072525024414,28.86571502685547,23.089658737182617,2.1944661140441895
1771502184.1565793,-3.695427179336548,12.39919376373291,0.0009355407091788948,17.65537452697754,28.764976501464844,23.024402618408203,2.220468759536743
1771502184.1890886,-3.7319130897521973,12.257600784301758,0.0007484325906261802,17.446781158447266,28.649751663208008,23.09363555908203,2.2872378826141357
1771502184.221088,-3.6580872535705566,12.24604606628418,0.000598746060859412,17.220653533935547,28.61012077331543,23.207738876342773,2.373112440109253
1771502184.2551024,-3.629122257232666,12.219533920288086,0.00047899686614982784,17.070024490356445,28.478656768798828,23.207603454589844,2.3919286727905273
1771502184.2845793,-3.5945920944213867,12.232505798339844,0.00038319750456139445,17.01032257080078,28.42886734008789,23.217531204223633,2.3331055641174316
1771502184.3207598,-3.643745183944702,12.162745475769043,0.00030655800946988165,16.907886505126953,28.308582305908203,23.170969009399414,2.249652147293091
1771502184.3497653,-3.5253422260284424,12.246147155761719,0.0002452464250382036,16.990497589111328,28.35035514831543,23.290231704711914,2.3430140018463135
1771502184.3822742,-3.707653522491455,12.10875415802002,0.00019619714294094592,16.85205841064453,28.251659393310547,23.2407283782959,2.3429505825042725
1771502184.4132812,-3.7598540782928467,12.012004852294922,0.00015695771435275674,16.741579055786133,28.109691619873047,23.213193893432617,2.3442039489746094
1771502184.4603798,-3.611985206604004,12.014986038208008,0.00012556617730297148,16.70977210998535,28.17196273803711,23.376493453979492,2.4228315353393555
1771502184.4934692,-3.569835662841797,12.090343475341797,0.00010045294038718566,16.614784240722656,28.11925506591797,23.357698440551758,2.301534414291382
1771502184.5285053,-3.585667133331299,12.17831039428711,8.036235522013158e-05,16.56255340576172,28.07425308227539,23.282224655151367,2.1106009483337402
1771502184.5564523,-3.737640380859375,12.301934242248535,6.428988854167983e-05,16.563701629638672,28.063749313354492,23.19143295288086,1.9117788076400757
1771502184.5899763,-3.9427521228790283,12.330476760864258,5.1431910833343863e-05,16.500244140625,27.98966407775879,23.003753662109375,1.6935981512069702
