t,wrist_pitch_servo,wrist_roll_servo,THUMB_servo,INDEX_servo,MIDDLE_servo,RING_servo,PINKY_servo
1771501680.742428,132.0,0.0,0.0,35.0,28.0,54.0,47.0
1771501680.7724352,130.0,180.0,0.0,43.0,36.0,67.0,53.0
1771501680.8034272,124.0,180.0,0.0,42.0,33.0,59.0,44.0
1771501680.8350074,119.0,180.0,0.0,31.0,24.0,47.0,37.0
1771501680.8670075,67.0,102.0,0.0,0.0,0.0,0.0,0.0
1771501680.9060137,81.0,111.0,0.0,0.0,5.0,0.0,0.0
1771501680.934531,94.0,130.0,0.0,20.0,25.0,35.0,10.0
1771501680.9655368,88.0,123.0,0.0,12.0,20.0,27.0,0.0
1771501680.997499,87.0,126.0,0.0,19.0,26.0,35.0,4.0
1771501681.0300398,92.0,129.0,0.0,30.0,34.0,45.0,10.0
1771501681.0610464,92.0,125.0,0.0,32.0,36.0,49.0,15.0
1771501681.097038,96.0,127.0,0.0,37.0,39.0,53.0,19.0
1771501681.127692,95.0,128.0,0.0,35.0,38.0,52.0,16.0
1771501681.1577904,94.0,126.0,0.0,33.0,36.0,47.0,12.0
1771501681.1902728,93.0,125.0,0.0,32.0,36.0,46.0,10.0
1771501681.2213032,92.0,122.0,0.0,31.0,35.0,45.0,11.0
1771501681.2518384,92.0,123.0,0.0,29.0,32.0,42.0,11.0
1771501681.2858343,90.0,123.0,0.0,27.0,31.0,42.0,12.0
1771501681.336969,92.0,130.0,0.0,29.0,30.0,43.0,14.0
1771501681.368039,95.0,131.0,0.0,31.0,34.0,50.0,19.0
1771501681.399048,92.0,123.0,0.0,28.0,34.0,51.0,20.0
1771501681.4306808,94.0,131.0,0.0,33.0,36.0,50.0,14.0
1771501681.462669,99.0,141.0,0.0,38.0,39.0,55.0,16.0
1771501681.49565,94.0,136.0,0.0,35.0,35.0,51.0,17.0
1771501681.5271676,94.0,132.0,0.0,31.0,34.0,51.0,19.0
1771501681.5571682,92.0,125.0,0.0,29.0,31.0,48.0,16.0
1771501681.58919,88.0,125.0,0.0,26.0,27.0,43.0,12.0
1771501681.6218708,93.0,124.0,0.0,30.0,32.0,50.0,16.0
1771501681.6544974,92.0,117.0,0.0,31.0,36.0,52.0,15.0
1771501681.685084,93.0,122.0,0.0,36.0,37.0,49.0,14.0
1771501681.7187572,87.0,123.0,0.0,29.0,29.0,38.0,9.0
1771501681.7672703,86.0,124.0,0.0,28.0,28.0,36.0,8.0
1771501681.797306,87.0,124.0,0.0,29.0,29.0,37.0,8.0
1771501681.829849,95.0,123.0,0.0,32.0,36.0,45.0,15.0
1771501681.860812,96.0,123.0,0.0,32.0,35.0,46.0,12.0
1771501681.8937454,96.0,124.0,0.0,32.0,36.0,49.0,14.0
1771501681.9272602,96.0,125.0,0.0,30.0,35.0,48.0,14.0
1771501681.9592655,97.0,127.0,0.0,31.0,36.0,50.0,18.0
1771501681.992735,96.0,125.0,0.0,29.0,36.0,50.0,18.0
1771501682.0237422,96.0,125.0,0.0,30.0,35.0,48.0,16.0
1771501682.0560348,95.0,130.0,0.0,30.0,34.0,47.0,13.0
1771501682.088032,99.0,130.0,0.0,34.0,40.0,56.0,23.0
1771501682.1446493,98.0,130.0,0.0,36.0,39.0,57.0,18.0
1771501682.1786582,105.0,141.0,0.0,40.0,44.0,63.0,19.0
1771501682.2311983,103.0,136.0,0.0,36.0,39.0,56.0,22.0
1771501682.2552114,102.0,136.0,0.0,36.0,41.0,57.0,18.0
1771501682.2866302,98.0,130.0,0.0,32.0,38.0,53.0,17.0
1771501682.3217034,99.0,134.0,0.0,34.0,37.0,49.0,13.0
1771501682.3501832,94.0,130.0,0.0,30.0,34.0,44.0,9.0
1771501682.3831851,95.0,130.0,0.0,30.0,33.0,42.0,8.0
1771501682.4131885,95.0,130.0,0.0,31.0,35.0,45.0,11.0
1771501682.444661,94.0,129.0,0.0,30.0,34.0,44.0,11.0
1771501682.476655,97.0,131.0,0.0,34.0,37.0,48.0,12.0
1771501682.5066543,100.0,133.0,0.0,35.0,39.0,52.0,13.0
1771501682.5382524,99.0,134.0,0.0,34.0,38.0,53.0,14.0
1771501682.569221,100.0,135.0,0.0,35.0,38.0,52.0,14.0
1771501682.6339204,98.0,129.0,0.0,35.0,37.0,51.0,18.0
1771501682.6629648,102.0,135.0,0.0,39.0,38.0,55.0,17.0
1771501682.6929128,102.0,136.0,0.0,36.0,40.0,53.0,15.0
1771501682.7245352,101.0,134.0,0.0,38.0,39.0,55.0,17.0
1771501682.7572615,102.0,133.0,0.0,39.0,40.0,56.0,17.0
1771501682.7872622,101.0,132.0,0.0,38.0,40.0,56.0,16.0
1771501682.8192813,101.0,133.0,0.0,39.0,41.0,56.0,18.0
1771501682.850834,100.0,131.0,0.0,39.0,41.0,57.0,19.0
1771501682.8845837,100.0,131.0,0.0,38.0,40.0,54.0,16.0
1771501682.9125824,100.0,130.0,0.0,37.0,40.0,55.0,17.0
1771501682.9460957,101.0,130.0,0.0,37.0,40.0,55.0,17.0
1771501682.9740946,101.0,132.0,0.0,37.0,40.0,57.0,19.0
1771501683.014106,105.0,144.0,0.0,43.0,41.0,61.0,19.0
1771501683.066545,104.0,142.0,0.0,43.0,42.0,62.0,21.0
1771501683.0985348,104.0,143.0,0.0,41.0,40.0,58.0,19.0
1771501683.1323507,101.0,135.0,0.0,35.0,39.0,54.0,13.0
1771501683.1614287,102.0,140.0,0.0,39.0,40.0,58.0,17.0
1771501683.1923501,104.0,139.0,0.0,41.0,43.0,61.0,19.0
1771501683.224357,104.0,137.0,0.0,41.0,43.0,62.0,19.0
1771501683.254378,103.0,134.0,0.0,38.0,42.0,59.0,17.0
1771501683.2864046,103.0,133.0,0.0,39.0,43.0,60.0,19.0
1771501683.3183868,102.0,129.0,0.0,38.0,43.0,61.0,21.0
1771501683.3490038,100.0,125.0,0.0,36.0,42.0,59.0,21.0
1771501683.3799744,101.0,125.0,0.0,35.0,41.0,60.0,21.0
1771501683.413024,99.0,123.0,0.0,33.0,40.0,59.0,21.0
1771501683.4455583,100.0,123.0,0.0,35.0,41.0,58.0,21.0
1771501683.5059059,101.0,125.0,0.0,35.0,41.0,58.0,19.0
1771501683.5374436,100.0,123.0,0.0,32.0,39.0,55.0,18.0
1771501683.5684426,99.0,123.0,0.0,34.0,40.0,57.0,19.0
1771501683.5994432,99.0,123.0,0.0,33.0,39.0,56.0,18.0
1771501683.6307216,99.0,122.0,0.0,34.0,40.0,57.0,20.0
1771501683.6597333,100.0,122.0,0.0,33.0,39.0,57.0,19.0
1771501683.691743,98.0,121.0,0.0,32.0,38.0,57.0,19.0
1771501683.7247412,98.0,121.0,0.0,32.0,38.0,56.0,18.0
1771501683.7546165,98.0,117.0,0.0,32.0,39.0,57.0,18.0
1771501683.785832,94.0,115.0,0.0,29.0,36.0,53.0,16.0
1771501683.8187952,97.0,119.0,0.0,31.0,39.0,57.0,18.0
1771501683.849302,94.0,114.0,0.0,28.0,36.0,52.0,17.0
1771501683.8933032,93.0,113.0,0.0,26.0,35.0,51.0,17.0
1771501683.9263778,93.0,114.0,0.0,26.0,35.0,49.0,16.0
1771501683.959893,92.0,114.0,0.0,25.0,34.0,49.0,16.0
1771501683.99189,93.0,115.0,0.0,26.0,34.0,49.0,16.0
1771501684.0238988,93.0,114.0,0.0,26.0,35.0,50.0,17.0
1771501684.055432,94.0,116.0,0.0,27.0,35.0,50.0,17.0
1771501684.0874426,93.0,115.0,0.0,26.0,34.0,49.0,16.0
1771501684.1184454,93.0,115.0,0.0,24.0,33.0,48.0,15.0
1771501684.1509688,93.0,116.0,0.0,25.0,34.0,49.0,15.0
1771501684.1789951,92.0,115.0,0.0,24.0,34.0,48.0,16.0
1771501684.212968,92.0,115.0,0.0,24.0,33.0,48.0,14.0
1771501684.2474377,92.0,113.0,0.0,25.0,34.0,49.0,14.0
1771501684.2784483,92.0,113.0,0.0,25.0,33.0,49.0,14.0
1771501684.3254647,92.0,114.0,0.0,25.0,34.0,49.0,14.0
1771501684.3590448,91.0,114.0,0.0,26.0,34.0,50.0,15.0
1771501684.3840628,92.0,113.0,0.0,26.0,34.0,51.0,15.0
1771501684.4140413,92.0,115.0,0.0,25.0,34.0,49.0,15.0
1771501684.4445596,93.0,117.0,0.0,25.0,33.0,50.0,15.0
1771501684.4765604,93.0,115.0,0.0,24.0,33.0,51.0,16.0
1771501684.5085602,95.0,120.0,0.0,26.0,35.0,54.0,17.0
1771501684.538072,97.0,121.0,0.0,26.0,35.0,56.0,16.0
1771501684.5700715,98.0,122.0,0.0,28.0,37.0,58.0,18.0
1771501684.6151667,98.0,124.0,0.0,25.0,35.0,58.0,18.0
1771501684.6486528,100.0,125.0,0.0,27.0,37.0,61.0,21.0
1771501684.679685,99.0,126.0,0.0,25.0,36.0,60.0,21.0
1771501684.7116718,100.0,127.0,0.0,26.0,37.0,60.0,21.0
1771501684.7587056,100.0,127.0,0.0,27.0,38.0,62.0,22.0
1771501684.792704,101.0,128.0,0.0,28.0,38.0,62.0,23.0
1771501684.8217056,101.0,127.0,0.0,28.0,38.0,62.0,23.0
1771501684.8532286,99.0,127.0,0.0,30.0,39.0,62.0,22.0
1771501684.885226,99.0,126.0,0.0,30.0,39.0,61.0,22.0
1771501684.9152298,98.0,124.0,0.0,30.0,39.0,60.0,20.0
1771501684.9472978,99.0,125.0,0.0,31.0,40.0,62.0,22.0
1771501684.9785233,99.0,123.0,0.0,31.0,40.0,62.0,22.0
1771501685.0165286,99.0,125.0,0.0,35.0,41.0,63.0,22.0
1771501685.0446153,101.0,124.0,0.0,32.0,40.0,60.0,20.0
1771501685.076802,99.0,120.0,0.0,30.0,40.0,59.0,19.0
1771501685.1088166,97.0,119.0,0.0,29.0,38.0,58.0,18.0
1771501685.1403692,95.0,117.0,0.0,28.0,38.0,57.0,18.0
1771501685.1893806,97.0,119.0,0.0,28.0,37.0,56.0,17.0
1771501685.2253952,97.0,119.0,0.0,29.0,38.0,57.0,18.0
1771501685.256925,96.0,117.0,0.0,29.0,37.0,56.0,17.0
1771501685.2888823,96.0,118.0,0.0,26.0,37.0,56.0,17.0
1771501685.3208842,97.0,118.0,0.0,28.0,38.0,57.0,18.0
1771501685.3523903,97.0,118.0,0.0,27.0,37.0,56.0,17.0
1771501685.383391,96.0,119.0,0.0,26.0,37.0,56.0,16.0
1771501685.41439,95.0,119.0,0.0,28.0,37.0,54.0,14.0
1771501685.4469078,93.0,117.0,0.0,26.0,35.0,51.0,14.0
1771501685.4779258,92.0,116.0,0.0,26.0,34.0,49.0,13.0
1771501685.5099342,91.0,114.0,0.0,23.0,33.0,48.0,13.0
1771501685.5431051,90.0,115.0,0.0,24.0,33.0,47.0,12.0
1771501685.5731015,89.0,114.0,0.0,23.0,32.0,46.0,12.0
1771501685.6221561,88.0,115.0,0.0,23.0,32.0,45.0,12.0
1771501685.657628,89.0,115.0,0.0,22.0,31.0,46.0,12.0
1771501685.681659,89.0,115.0,0.0,22.0,32.0,47.0,13.0
1771501685.711626,88.0,114.0,0.0,22.0,31.0,46.0,13.0
1771501685.7416291,88.0,114.0,0.0,22.0,32.0,45.0,12.0
1771501685.7742088,89.0,115.0,0.0,23.0,32.0,46.0,13.0
1771501685.813209,88.0,114.0,0.0,22.0,31.0,45.0,14.0
1771501685.8457334,89.0,115.0,0.0,24.0,32.0,47.0,14.0
1771501685.8806407,89.0,114.0,0.0,23.0,31.0,47.0,14.0
1771501685.9146543,90.0,115.0,0.0,25.0,33.0,48.0,15.0
1771501685.946329,89.0,114.0,0.0,24.0,32.0,46.0,13.0
1771501685.9772959,89.0,114.0,0.0,24.0,32.0,46.0,13.0
1771501686.0072987,92.0,118.0,0.0,27.0,33.0,47.0,12.0
1771501686.0528543,92.0,119.0,0.0,29.0,34.0,47.0,12.0
1771501686.0888557,93.0,120.0,0.0,30.0,34.0,46.0,12.0
1771501686.1168785,91.0,117.0,0.0,26.0,33.0,45.0,10.0
1771501686.1484082,90.0,120.0,0.0,27.0,32.0,41.0,9.0
1771501686.1792333,89.0,118.0,0.0,27.0,32.0,42.0,9.0
1771501686.2259676,86.0,117.0,0.0,24.0,30.0,38.0,7.0
1771501686.2574854,87.0,115.0,0.0,24.0,30.0,42.0,9.0
1771501686.2884836,87.0,114.0,0.0,23.0,30.0,42.0,9.0
1771501686.319557,87.0,113.0,0.0,24.0,30.0,42.0,10.0
1771501686.3503,86.0,113.0,0.0,23.0,30.0,41.0,10.0
1771501686.3823378,87.0,115.0,0.0,24.0,30.0,42.0,11.0
1771501686.413301,87.0,116.0,0.0,23.0,29.0,39.0,8.0
1771501686.4438112,83.0,114.0,0.0,21.0,26.0,34.0,6.0
1771501686.484814,83.0,115.0,0.0,19.0,23.0,31.0,3.0
1771501686.5218415,84.0,115.0,0.0,20.0,24.0,32.0,4.0
1771501686.5526059,85.0,116.0,0.0,21.0,24.0,31.0,4.0
1771501686.584694,83.0,114.0,0.0,18.0,23.0,31.0,3.0
1771501686.6167235,85.0,115.0,0.0,20.0,24.0,30.0,4.0
1771501686.648235,85.0,116.0,0.0,21.0,26.0,35.0,6.0
1771501686.681254,88.0,119.0,0.0,24.0,29.0,38.0,7.0
1771501686.7122808,86.0,119.0,0.0,23.0,27.0,34.0,5.0
1771501686.74422,88.0,120.0,0.0,25.0,29.0,39.0,7.0
1771501686.7728817,90.0,122.0,0.0,28.0,32.0,44.0,10.0
1771501686.8048735,92.0,121.0,0.0,29.0,35.0,48.0,13.0
1771501686.8364174,92.0,119.0,0.0,29.0,36.0,51.0,16.0
1771501686.8694212,94.0,119.0,0.0,30.0,37.0,55.0,18.0
1771501686.917451,93.0,117.0,0.0,30.0,37.0,55.0,19.0
1771501686.954119,92.0,117.0,0.0,29.0,36.0,53.0,17.0
1771501686.9766111,92.0,117.0,0.0,29.0,36.0,54.0,18.0
1771501687.0133977,90.0,116.0,0.0,28.0,34.0,50.0,17.0
1771501687.0492105,90.0,117.0,0.0,29.0,35.0,50.0,15.0
1771501687.077945,89.0,116.0,0.0,28.0,33.0,48.0,14.0
1771501687.1116052,90.0,116.0,0.0,28.0,34.0,48.0,13.0
1771501687.1411357,88.0,114.0,0.0,27.0,33.0,47.0,13.0
1771501687.1760929,89.0,115.0,0.0,27.0,33.0,48.0,14.0
1771501687.2077744,88.0,115.0,0.0,27.0,33.0,48.0,13.0
1771501687.23865,89.0,117.0,0.0,29.0,34.0,49.0,15.0
1771501687.2705166,91.0,119.0,0.0,30.0,34.0,51.0,16.0
1771501687.3039849,95.0,123.0,0.0,33.0,37.0,56.0,19.0
1771501687.3523254,96.0,127.0,0.0,33.0,36.0,54.0,18.0
1771501687.384062,93.0,123.0,0.0,30.0,34.0,53.0,19.0
1771501687.4142733,90.0,120.0,0.0,27.0,32.0,50.0,17.0
1771501687.4475358,89.0,119.0,0.0,26.0,32.0,49.0,17.0
1771501687.4787886,87.0,119.0,0.0,25.0,31.0,48.0,15.0
1771501687.5097868,88.0,120.0,0.0,26.0,32.0,48.0,16.0
1771501687.5417807,87.0,117.0,0.0,25.0,31.0,47.0,16.0
1771501687.5990171,88.0,115.0,0.0,25.0,32.0,48.0,17.0
1771501687.6356027,86.0,113.0,0.0,23.0,31.0,46.0,15.0
1771501687.6646035,84.0,112.0,0.0,21.0,29.0,43.0,14.0
1771501687.6956043,85.0,113.0,0.0,22.0,29.0,43.0,12.0
1771501687.7266657,85.0,113.0,0.0,22.0,29.0,42.0,12.0
1771501687.7581735,86.0,112.0,0.0,22.0,29.0,43.0,13.0
1771501687.789172,85.0,111.0,0.0,21.0,28.0,43.0,13.0
1771501687.820179,85.0,110.0,0.0,21.0,28.0,43.0,13.0
1771501687.8516803,84.0,109.0,0.0,20.0,28.0,42.0,12.0
1771501687.8836813,85.0,109.0,0.0,20.0,28.0,42.0,12.0
1771501687.915689,84.0,108.0,0.0,19.0,27.0,42.0,12.0
1771501687.9469926,84.0,108.0,0.0,19.0,27.0,41.0,11.0
1771501687.9780736,85.0,108.0,0.0,21.0,28.0,43.0,13.0
1771501688.0111084,86.0,109.0,0.0,22.0,28.0,43.0,12.0
1771501688.0426354,84.0,107.0,0.0,19.0,27.0,41.0,11.0
1771501688.0742812,83.0,107.0,0.0,18.0,27.0,40.0,12.0
1771501688.105283,84.0,107.0,0.0,19.0,28.0,42.0,14.0
1771501688.1358082,83.0,107.0,0.0,19.0,27.0,41.0,12.0
1771501688.167245,84.0,107.0,0.0,19.0,27.0,41.0,13.0
1771501688.2131863,83.0,106.0,0.0,18.0,26.0,41.0,13.0
1771501688.2497005,83.0,107.0,0.0,19.0,27.0,41.0,12.0
1771501688.2786996,84.0,107.0,0.0,19.0,27.0,42.0,13.0
1771501688.3096979,83.0,107.0,0.0,19.0,26.0,40.0,12.0
1771501688.3412707,83.0,108.0,0.0,19.0,26.0,40.0,11.0
1771501688.373271,84.0,108.0,0.0,19.0,26.0,40.0,11.0
1771501688.406272,82.0,107.0,0.0,17.0,26.0,39.0,11.0
1771501688.437647,82.0,107.0,0.0,17.0,25.0,39.0,11.0
1771501688.4716718,82.0,107.0,0.0,16.0,25.0,39.0,11.0
1771501688.501672,82.0,107.0,0.0,17.0,26.0,40.0,11.0
1771501688.5342815,83.0,107.0,0.0,17.0,27.0,40.0,11.0
1771501688.5653248,82.0,106.0,0.0,17.0,26.0,40.0,11.0
1771501688.5973463,82.0,107.0,0.0,17.0,26.0,39.0,11.0
1771501688.6468632,82.0,107.0,0.0,18.0,26.0,40.0,11.0
1771501688.6798592,81.0,106.0,0.0,17.0,25.0,38.0,10.0
1771501688.707927,82.0,107.0,0.0,17.0,25.0,39.0,10.0
1771501688.7416096,82.0,108.0,0.0,17.0,25.0,38.0,10.0
1771501688.776933,81.0,108.0,0.0,16.0,25.0,38.0,10.0
1771501688.8089366,82.0,108.0,0.0,17.0,25.0,38.0,9.0
1771501688.841463,82.0,107.0,0.0,16.0,25.0,39.0,10.0
1771501688.8724651,82.0,107.0,0.0,16.0,25.0,38.0,10.0
1771501688.904505,81.0,107.0,0.0,15.0,24.0,37.0,9.0
1771501688.9508607,81.0,107.0,0.0,16.0,25.0,38.0,10.0
1771501688.968867,82.0,107.0,0.0,16.0,25.0,39.0,10.0
1771501688.9998775,81.0,107.0,0.0,16.0,25.0,39.0,10.0
1771501689.033053,82.0,107.0,0.0,17.0,25.0,39.0,9.0
1771501689.0772402,81.0,106.0,0.0,16.0,25.0,39.0,10.0
1771501689.1122394,82.0,107.0,0.0,17.0,25.0,39.0,10.0
1771501689.1431162,82.0,107.0,0.0,17.0,26.0,39.0,10.0
1771501689.176127,82.0,107.0,0.0,17.0,26.0,40.0,10.0
1771501689.2061272,83.0,107.0,0.0,18.0,27.0,41.0,11.0
1771501689.237668,83.0,108.0,0.0,18.0,27.0,40.0,11.0
1771501689.2686691,84.0,108.0,0.0,18.0,27.0,42.0,11.0
1771501689.3006618,84.0,107.0,0.0,18.0,28.0,44.0,12.0
1771501689.334241,84.0,106.0,0.0,18.0,30.0,45.0,13.0
1771501689.365245,84.0,107.0,0.0,18.0,29.0,44.0,13.0
1771501689.3982384,83.0,107.0,0.0,18.0,29.0,44.0,12.0
1771501689.4302657,84.0,107.0,0.0,18.0,29.0,44.0,12.0
1771501689.4617934,85.0,107.0,0.0,19.0,30.0,45.0,14.0
1771501689.5097947,84.0,108.0,0.0,19.0,29.0,44.0,13.0
1771501689.5433116,84.0,108.0,0.0,19.0,29.0,44.0,13.0
1771501689.5743077,85.0,108.0,0.0,19.0,30.0,45.0,14.0
1771501689.6054509,85.0,109.0,0.0,20.0,30.0,45.0,14.0
1771501689.6377513,84.0,108.0,0.0,19.0,29.0,44.0,13.0
1771501689.6687753,84.0,107.0,0.0,19.0,30.0,45.0,14.0
1771501689.700893,84.0,107.0,0.0,19.0,30.0,45.0,14.0
1771501689.7324018,84.0,108.0,0.0,19.0,30.0,45.0,13.0
1771501689.7679734,85.0,108.0,0.0,20.0,30.0,45.0,14.0
1771501689.8009741,85.0,108.0,0.0,20.0,30.0,45.0,14.0
1771501689.8319771,84.0,108.0,0.0,19.0,29.0,44.0,13.0
1771501689.8624902,85.0,107.0,0.0,19.0,30.0,46.0,14.0
1771501689.9095018,85.0,107.0,0.0,19.0,30.0,47.0,15.0
1771501689.9430408,85.0,107.0,0.0,20.0,30.0,46.0,16.0
1771501689.9780416,85.0,108.0,0.0,19.0,30.0,47.0,15.0
1771501690.0060406,85.0,107.0,0.0,20.0,30.0,47.0,15.0
1771501690.0375545,85.0,108.0,0.0,20.0,30.0,46.0,15.0
1771501690.068662,85.0,109.0,0.0,21.0,30.0,46.0,14.0
1771501690.1014626,85.0,108.0,0.0,20.0,29.0,45.0,13.0
1771501690.1338978,87.0,109.0,0.0,21.0,31.0,47.0,15.0
1771501690.16483,88.0,110.0,0.0,22.0,32.0,48.0,16.0
1771501690.2014592,87.0,110.0,0.0,21.0,31.0,47.0,15.0
1771501690.229493,86.0,110.0,0.0,21.0,31.0,46.0,15.0
1771501690.26101,86.0,109.0,0.0,20.0,30.0,46.0,15.0
1771501690.293013,85.0,109.0,0.0,20.0,30.0,45.0,15.0
1771501690.3412564,86.0,110.0,0.0,21.0,30.0,46.0,15.0
1771501690.3742568,86.0,111.0,0.0,21.0,31.0,45.0,14.0
1771501690.406746,85.0,110.0,0.0,21.0,31.0,45.0,14.0
1771501690.437269,85.0,111.0,0.0,21.0,30.0,45.0,13.0
1771501690.4692621,86.0,111.0,0.0,21.0,31.0,46.0,14.0
1771501690.5022614,85.0,110.0,0.0,20.0,30.0,44.0,14.0
1771501690.533276,84.0,110.0,0.0,20.0,29.0,43.0,13.0
1771501690.5647817,85.0,109.0,0.0,20.0,29.0,44.0,13.0
1771501690.5967953,85.0,109.0,0.0,20.0,30.0,45.0,14.0
1771501690.6344545,85.0,110.0,0.0,21.0,30.0,45.0,15.0
1771501690.6614618,84.0,109.0,0.0,19.0,28.0,44.0,13.0
1771501690.6934927,85.0,109.0,0.0,20.0,29.0,46.0,14.0
1771501690.7264626,86.0,109.0,0.0,19.0,29.0,46.0,15.0
1771501690.7743022,86.0,110.0,0.0,20.0,31.0,47.0,16.0
1771501690.8072999,87.0,110.0,0.0,21.0,31.0,48.0,16.0
1771501690.8415127,87.0,109.0,0.0,20.0,31.0,48.0,17.0
1771501690.87152,87.0,110.0,0.0,21.0,31.0,47.0,16.0
1771501690.900526,85.0,109.0,0.0,20.0,30.0,45.0,14.0
1771501690.933528,86.0,111.0,0.0,21.0,31.0,47.0,15.0
1771501690.966271,85.0,109.0,0.0,20.0,30.0,47.0,15.0
1771501690.9972725,84.0,108.0,0.0,19.0,29.0,45.0,14.0
1771501691.029286,85.0,109.0,0.0,20.0,30.0,46.0,14.0
1771501691.0658295,86.0,109.0,0.0,20.0,30.0,46.0,15.0
1771501691.092801,87.0,110.0,0.0,21.0,31.0,47.0,16.0
1771501691.1258075,86.0,111.0,0.0,21.0,31.0,46.0,15.0
1771501691.1569142,86.0,111.0,0.0,21.0,31.0,46.0,14.0
1771501691.2049758,86.0,111.0,0.0,21.0,31.0,46.0,14.0
1771501691.2386038,85.0,110.0,0.0,20.0,30.0,45.0,13.0
1771501691.2706118,85.0,110.0,0.0,20.0,30.0,44.0,13.0
1771501691.3005793,85.0,111.0,0.0,21.0,30.0,45.0,14.0
1771501691.3325853,84.0,110.0,0.0,20.0,29.0,42.0,12.0
1771501691.3651283,84.0,111.0,0.0,20.0,29.0,41.0,11.0
1771501691.397134,83.0,111.0,0.0,19.0,28.0,40.0,10.0
1771501691.4286866,83.0,110.0,0.0,19.0,28.0,40.0,10.0
1771501691.461231,86.0,111.0,0.0,21.0,30.0,43.0,11.0
1771501691.495224,87.0,113.0,0.0,23.0,31.0,43.0,10.0
1771501691.5272422,88.0,113.0,0.0,24.0,32.0,45.0,11.0
1771501691.5593061,89.0,114.0,0.0,26.0,32.0,45.0,11.0
1771501691.591133,90.0,116.0,0.0,27.0,33.0,47.0,12.0
1771501691.6381261,92.0,118.0,0.0,27.0,35.0,48.0,13.0
1771501691.6701396,95.0,123.0,0.0,30.0,38.0,51.0,19.0
1771501691.702137,99.0,128.0,0.0,35.0,41.0,56.0,27.0
1771501691.7341437,103.0,129.0,1.0,39.0,43.0,65.0,35.0
1771501691.7656767,103.0,128.0,65.0,41.0,44.0,65.0,36.0
1771501691.7976778,105.0,129.0,100.0,40.0,43.0,66.0,38.0
1771501691.8316822,103.0,133.0,100.0,40.0,41.0,60.0,36.0
1771501691.8617222,104.0,148.0,100.0,45.0,40.0,60.0,39.0
1771501691.8942373,107.0,157.0,100.0,48.0,44.0,65.0,43.0
1771501691.9262452,106.0,161.0,100.0,50.0,49.0,70.0,48.0
1771501691.9597688,107.0,167.0,100.0,49.0,48.0,70.0,48.0
1771501691.9887872,109.0,168.0,100.0,55.0,50.0,70.0,48.0
1771501692.0206835,108.0,168.0,100.0,54.0,50.0,68.0,46.0
1771501692.0687995,109.0,151.0,100.0,52.0,49.0,65.0,42.0
1771501692.101749,110.0,123.0,100.0,49.0,49.0,71.0,47.0
1771501692.135838,98.0,121.0,16.0,37.0,40.0,54.0,26.0
1771501692.1653335,94.0,123.0,0.0,36.0,37.0,49.0,15.0
1771501692.197352,92.0,121.0,0.0,35.0,35.0,45.0,11.0
1771501692.228431,89.0,118.0,0.0,31.0,34.0,43.0,10.0
1771501692.2609785,86.0,115.0,0.0,28.0,32.0,43.0,10.0
1771501692.2929652,87.0,115.0,0.0,27.0,32.0,44.0,10.0
1771501692.3249786,85.0,114.0,0.0,26.0,31.0,41.0,8.0
1771501692.3585885,85.0,112.0,0.0,23.0,30.0,40.0,7.0
1771501692.3905854,86.0,113.0,0.0,22.0,31.0,42.0,8.0
1771501692.4205754,85.0,109.0,0.0,19.0,30.0,42.0,8.0
1771501692.4541125,87.0,112.0,0.0,20.0,31.0,43.0,8.0
1771501692.5011075,87.0,112.0,0.0,18.0,31.0,42.0,8.0
1771501692.534109,87.0,110.0,0.0,16.0,29.0,40.0,6.0
1771501692.567292,86.0,110.0,0.0,16.0,29.0,40.0,6.0
1771501692.5982907,85.0,107.0,0.0,11.0,28.0,40.0,6.0
1771501692.6302948,87.0,111.0,0.0,15.0,29.0,40.0,5.0
1771501692.6614318,85.0,108.0,0.0,12.0,29.0,40.0,5.0
1771501692.6934292,86.0,110.0,0.0,14.0,29.0,41.0,4.0
1771501692.725482,86.0,111.0,0.0,15.0,30.0,42.0,6.0
1771501692.7591236,85.0,109.0,0.0,15.0,29.0,40.0,5.0
1771501692.7964783,86.0,112.0,0.0,15.0,28.0,41.0,5.0
1771501692.8224804,86.0,112.0,0.0,15.0,28.0,43.0,8.0
1771501692.8535295,87.0,112.0,0.0,16.0,29.0,44.0,8.0
1771501692.885538,88.0,114.0,0.0,17.0,30.0,44.0,8.0
1771501692.933543,87.0,112.0,0.0,17.0,29.0,45.0,10.0
1771501692.9670491,87.0,113.0,0.0,19.0,30.0,46.0,10.0
1771501692.9980497,86.0,111.0,0.0,18.0,30.0,45.0,10.0
1771501693.0536878,86.0,110.0,0.0,16.0,29.0,45.0,10.0
1771501693.0917108,86.0,110.0,0.0,18.0,29.0,45.0,10.0
1771501693.1287074,86.0,109.0,0.0,18.0,29.0,44.0,10.0
1771501693.1490388,86.0,110.0,0.0,16.0,29.0,44.0,10.0
1771501693.1810467,86.0,109.0,0.0,19.0,30.0,46.0,11.0
1771501693.2130215,86.0,109.0,0.0,17.0,30.0,45.0,11.0
1771501693.2435386,87.0,111.0,0.0,18.0,30.0,46.0,11.0
1771501693.2737308,88.0,112.0,0.0,20.0,31.0,47.0,12.0
1771501693.3053257,88.0,113.0,0.0,20.0,31.0,47.0,11.0
1771501693.3367178,88.0,113.0,0.0,21.0,31.0,47.0,12.0
1771501693.367817,87.0,111.0,0.0,20.0,31.0,46.0,12.0
1771501693.3998146,88.0,112.0,0.0,21.0,31.0,47.0,12.0
1771501693.4318218,87.0,111.0,0.0,22.0,32.0,47.0,12.0
1771501693.463409,87.0,112.0,0.0,23.0,32.0,47.0,12.0
1771501693.4957461,87.0,112.0,0.0,22.0,32.0,46.0,11.0
1771501693.5257878,85.0,111.0,0.0,21.0,31.0,46.0,11.0
1771501693.5599134,84.0,109.0,0.0,20.0,30.0,45.0,10.0
1771501693.5899112,84.0,109.0,0.0,21.0,31.0,44.0,10.0
1771501693.6219127,84.0,109.0,0.0,20.0,30.0,43.0,9.0
1771501693.6564598,85.0,110.0,0.0,21.0,31.0,44.0,10.0
1771501693.6844273,85.0,112.0,0.0,22.0,31.0,45.0,10.0
1771501693.7162764,86.0,112.0,0.0,22.0,32.0,46.0,11.0
1771501693.7477965,86.0,111.0,0.0,22.0,31.0,46.0,11.0
1771501693.8310878,86.0,113.0,0.0,24.0,32.0,46.0,12.0
1771501693.8551953,84.0,110.0,0.0,23.0,31.0,45.0,10.0
1771501693.8852065,85.0,111.0,0.0,23.0,31.0,45.0,10.0
1771501693.9173896,87.0,114.0,0.0,26.0,32.0,46.0,11.0
1771501693.947901,86.0,113.0,0.0,24.0,31.0,45.0,10.0
1771501693.9788897,84.0,111.0,0.0,22.0,30.0,41.0,7.0
1771501694.0098984,85.0,111.0,0.0,23.0,31.0,43.0,8.0
1771501694.042427,87.0,113.0,0.0,24.0,32.0,45.0,8.0
1771501694.073421,89.0,116.0,0.0,26.0,33.0,46.0,10.0
1771501694.103589,89.0,117.0,0.0,26.0,32.0,45.0,10.0
1771501694.135609,91.0,120.0,0.0,27.0,33.0,46.0,10.0
1771501694.1663918,93.0,124.0,0.0,29.0,35.0,49.0,12.0
1771501694.2294166,92.0,123.0,0.0,27.0,34.0,51.0,14.0
1771501694.2629383,95.0,125.0,0.0,30.0,35.0,50.0,12.0
1771501694.2966778,93.0,123.0,0.0,28.0,35.0,48.0,10.0
1771501694.3231878,92.0,124.0,0.0,29.0,34.0,49.0,11.0
1771501694.3552938,92.0,123.0,0.0,29.0,33.0,48.0,11.0
1771501694.4032152,92.0,122.0,0.0,28.0,32.0,47.0,11.0
1771501694.4342244,88.0,120.0,0.0,24.0,30.0,45.0,11.0
1771501694.4662523,89.0,121.0,0.0,24.0,30.0,43.0,9.0
1771501694.4962516,89.0,120.0,0.0,24.0,30.0,43.0,10.0
1771501694.5272832,89.0,119.0,0.0,22.0,30.0,40.0,8.0
1771501694.55881,88.0,120.0,0.0,22.0,28.0,40.0,7.0
1771501694.5908093,84.0,118.0,0.0,18.0,25.0,36.0,5.0
1771501694.622826,86.0,116.0,0.0,19.0,26.0,35.0,4.0
1771501694.6613612,86.0,116.0,0.0,20.0,27.0,35.0,4.0
1771501694.6953716,86.0,116.0,0.0,20.0,27.0,37.0,4.0
1771501694.7203615,87.0,116.0,0.0,20.0,28.0,38.0,5.0
1771501694.7490728,86.0,115.0,0.0,20.0,27.0,36.0,4.0
1771501694.7815611,85.0,115.0,0.0,20.0,27.0,36.0,4.0
1771501694.812564,85.0,115.0,0.0,21.0,27.0,36.0,4.0
1771501694.8440773,85.0,115.0,0.0,21.0,26.0,35.0,3.0
1771501694.8750782,84.0,115.0,0.0,20.0,26.0,35.0,3.0
1771501694.9080935,84.0,114.0,0.0,19.0,26.0,36.0,4.0
1771501694.9386127,84.0,114.0,0.0,20.0,26.0,36.0,5.0
1771501694.9686198,85.0,114.0,0.0,20.0,27.0,37.0,6.0
1771501695.0134153,85.0,115.0,0.0,20.0,27.0,36.0,4.0
1771501695.0469873,85.0,115.0,0.0,21.0,27.0,37.0,7.0
1771501695.09298,86.0,114.0,0.0,22.0,28.0,39.0,8.0
1771501695.1259196,86.0,115.0,0.0,23.0,29.0,39.0,8.0
1771501695.1595957,86.0,115.0,0.0,23.0,29.0,39.0,8.0
1771501695.1906168,86.0,115.0,0.0,23.0,29.0,39.0,7.0
1771501695.2226155,87.0,115.0,0.0,23.0,30.0,41.0,8.0
1771501695.253786,88.0,116.0,0.0,24.0,31.0,42.0,10.0
1771501695.2847831,89.0,117.0,0.0,24.0,31.0,41.0,10.0
1771501695.3162756,90.0,117.0,0.0,25.0,33.0,44.0,11.0
1771501695.3478618,91.0,117.0,0.0,26.0,34.0,46.0,12.0
1771501695.3798609,90.0,117.0,0.0,25.0,34.0,47.0,12.0
1771501695.4128742,94.0,121.0,0.0,26.0,35.0,51.0,13.0
1771501695.4462073,92.0,117.0,0.0,25.0,35.0,52.0,13.0
1771501695.481207,96.0,120.0,0.0,29.0,38.0,57.0,17.0
1771501695.5251923,96.0,120.0,0.0,28.0,38.0,56.0,17.0
1771501695.551728,95.0,118.0,0.0,27.0,37.0,55.0,16.0
1771501695.582726,96.0,119.0,0.0,29.0,38.0,57.0,17.0
1771501695.6127598,94.0,119.0,0.0,28.0,37.0,54.0,15.0
1771501695.645237,93.0,118.0,0.0,27.0,34.0,51.0,13.0
1771501695.6762445,91.0,119.0,0.0,27.0,33.0,48.0,12.0
1771501695.707241,90.0,118.0,0.0,26.0,32.0,47.0,12.0
1771501695.7387497,91.0,119.0,0.0,27.0,33.0,48.0,13.0
1771501695.7726629,89.0,119.0,0.0,27.0,31.0,45.0,11.0
1771501695.8186615,93.0,120.0,0.0,28.0,33.0,48.0,12.0
1771501695.8522034,89.0,117.0,0.0,25.0,32.0,44.0,10.0
1771501695.8822021,90.0,117.0,0.0,25.0,31.0,44.0,9.0
1771501695.9252074,90.0,117.0,0.0,24.0,30.0,42.0,7.0
1771501695.9587173,90.0,117.0,0.0,24.0,31.0,44.0,8.0
1771501695.9910665,90.0,117.0,0.0,23.0,30.0,42.0,7.0
1771501696.023068,89.0,117.0,0.0,23.0,30.0,42.0,8.0
1771501696.0535834,89.0,116.0,0.0,23.0,30.0,42.0,7.0
1771501696.0845914,90.0,116.0,0.0,24.0,31.0,43.0,9.0
1771501696.1165903,90.0,116.0,0.0,23.0,31.0,43.0,8.0
1771501696.1489637,90.0,116.0,0.0,24.0,31.0,43.0,9.0
1771501696.1793807,89.0,116.0,0.0,23.0,31.0,42.0,8.0
1771501696.213385,89.0,117.0,0.0,23.0,30.0,42.0,8.0
1771501696.2469141,88.0,117.0,0.0,24.0,29.0,41.0,8.0
1771501696.2769058,89.0,116.0,0.0,24.0,30.0,41.0,7.0
1771501696.3089163,90.0,115.0,0.0,24.0,30.0,42.0,7.0
1771501696.3567379,90.0,116.0,0.0,24.0,31.0,42.0,8.0
1771501696.3937385,92.0,119.0,0.0,26.0,32.0,43.0,9.0
1771501696.4137406,92.0,119.0,0.0,26.0,32.0,44.0,10.0
1771501696.4452662,91.0,118.0,0.0,24.0,31.0,42.0,9.0
1771501696.4772654,92.0,117.0,0.0,25.0,33.0,45.0,12.0
1771501696.5072675,94.0,118.0,0.0,27.0,35.0,48.0,14.0
1771501696.5387836,94.0,118.0,0.0,28.0,36.0,49.0,15.0
1771501696.5688033,93.0,118.0,0.0,27.0,34.0,47.0,14.0
1771501696.61479,95.0,120.0,0.0,29.0,35.0,48.0,14.0
1771501696.6479723,94.0,120.0,0.0,29.0,36.0,49.0,14.0
1771501696.6800742,96.0,121.0,0.0,31.0,37.0,51.0,15.0
1771501696.7100809,96.0,121.0,0.0,32.0,38.0,53.0,16.0
1771501696.7416012,97.0,122.0,0.0,31.0,38.0,53.0,16.0
1771501696.7904243,98.0,122.0,0.0,31.0,38.0,54.0,17.0
1771501696.8234322,98.0,124.0,0.0,31.0,39.0,55.0,17.0
1771501696.8529587,99.0,125.0,0.0,32.0,40.0,56.0,16.0
1771501696.8849478,97.0,122.0,0.0,31.0,38.0,55.0,17.0
1771501696.91495,96.0,121.0,0.0,31.0,38.0,55.0,17.0
1771501696.9470403,97.0,122.0,0.0,32.0,40.0,56.0,17.0
1771501696.9790394,95.0,120.0,0.0,30.0,38.0,54.0,16.0
1771501697.013037,95.0,120.0,0.0,30.0,38.0,54.0,16.0
1771501697.0455575,95.0,120.0,0.0,30.0,38.0,54.0,16.0
1771501697.077579,95.0,120.0,0.0,30.0,38.0,55.0,17.0
1771501697.134794,96.0,122.0,0.0,31.0,39.0,55.0,17.0
1771501697.166326,96.0,122.0,0.0,31.0,38.0,54.0,17.0
1771501697.1984885,96.0,122.0,0.0,31.0,38.0,55.0,16.0
1771501697.229494,96.0,121.0,0.0,31.0,39.0,56.0,16.0
1771501697.2586613,94.0,120.0,0.0,29.0,37.0,53.0,15.0
1771501697.2916481,95.0,121.0,0.0,30.0,38.0,54.0,15.0
1771501697.3226137,95.0,121.0,0.0,30.0,38.0,54.0,16.0
1771501697.3532073,96.0,121.0,0.0,30.0,38.0,55.0,16.0
1771501697.3844619,96.0,121.0,0.0,30.0,38.0,55.0,16.0
1771501697.4153323,95.0,119.0,0.0,30.0,38.0,55.0,16.0
1771501697.446303,95.0,121.0,0.0,30.0,37.0,54.0,16.0
1771501697.4782999,96.0,120.0,0.0,30.0,37.0,54.0,16.0
1771501697.5103033,95.0,120.0,0.0,29.0,37.0,52.0,15.0
1771501697.5423684,96.0,120.0,0.0,30.0,38.0,54.0,16.0
1771501697.5728812,95.0,120.0,0.0,28.0,37.0,53.0,15.0
1771501697.604977,95.0,119.0,0.0,29.0,37.0,54.0,16.0
1771501697.6545806,95.0,119.0,0.0,29.0,37.0,54.0,16.0
1771501697.6866655,94.0,118.0,0.0,28.0,36.0,53.0,17.0
1771501697.712597,96.0,120.0,0.0,30.0,38.0,56.0,17.0
1771501697.7442439,93.0,118.0,0.0,27.0,36.0,52.0,15.0
1771501697.7769604,93.0,117.0,0.0,28.0,36.0,53.0,16.0
1771501697.815962,93.0,116.0,0.0,26.0,35.0,52.0,16.0
1771501697.8454757,94.0,118.0,0.0,29.0,37.0,53.0,16.0
1771501697.8794763,94.0,118.0,0.0,28.0,37.0,53.0,16.0
1771501697.9110618,93.0,118.0,0.0,29.0,37.0,54.0,17.0
1771501697.9464045,93.0,118.0,0.0,28.0,36.0,52.0,16.0
1771501697.9784021,93.0,117.0,0.0,28.0,37.0,53.0,16.0
1771501698.0059953,94.0,118.0,0.0,28.0,37.0,53.0,16.0
1771501698.0380285,94.0,119.0,0.0,29.0,37.0,54.0,17.0
1771501698.0855455,93.0,118.0,0.0,28.0,36.0,53.0,16.0
1771501698.1196368,94.0,118.0,0.0,29.0,37.0,53.0,16.0
1771501698.1532457,94.0,118.0,0.0,28.0,37.0,54.0,16.0
1771501698.1840627,95.0,119.0,0.0,29.0,38.0,55.0,17.0
1771501698.2170227,96.0,122.0,0.0,28.0,39.0,59.0,18.0
1771501698.24764,98.0,123.0,0.0,29.0,41.0,61.0,21.0
1771501698.2777052,99.0,124.0,0.0,29.0,42.0,65.0,25.0
1771501698.309765,99.0,124.0,0.0,28.0,41.0,65.0,28.0
1771501698.339781,100.0,126.0,0.0,27.0,40.0,65.0,31.0
1771501698.37329,100.0,124.0,0.0,26.0,39.0,65.0,31.0
1771501698.4063027,99.0,125.0,0.0,28.0,41.0,66.0,32.0
1771501698.4383054,100.0,124.0,0.0,27.0,40.0,65.0,31.0
1771501698.498695,99.0,125.0,0.0,28.0,41.0,65.0,31.0
1771501698.5317142,99.0,123.0,0.0,27.0,40.0,64.0,31.0
1771501698.5622194,99.0,123.0,0.0,28.0,40.0,64.0,30.0
1771501698.5942163,99.0,123.0,0.0,27.0,40.0,64.0,30.0
1771501698.6254168,98.0,122.0,0.0,27.0,39.0,63.0,29.0
1771501698.6559417,99.0,122.0,0.0,27.0,39.0,63.0,30.0
1771501698.686951,98.0,123.0,0.0,28.0,40.0,64.0,30.0
1771501698.7199523,99.0,122.0,0.0,27.0,40.0,64.0,30.0
1771501698.7494664,98.0,122.0,0.0,27.0,39.0,62.0,29.0
1771501698.7819269,98.0,123.0,0.0,27.0,39.0,63.0,29.0
1771501698.8129299,98.0,123.0,0.0,28.0,40.0,63.0,29.0
1771501698.8454406,98.0,120.0,0.0,27.0,40.0,63.0,29.0
1771501698.8774395,98.0,123.0,0.0,29.0,40.0,63.0,28.0
1771501698.9082365,98.0,121.0,0.0,29.0,40.0,62.0,27.0
1771501698.9517472,98.0,121.0,0.0,28.0,40.0,62.0,28.0
1771501698.9847484,97.0,123.0,0.0,29.0,40.0,60.0,26.0
1771501699.0127509,97.0,124.0,0.0,29.0,40.0,60.0,25.0
1771501699.0452611,96.0,122.0,0.0,29.0,39.0,60.0,25.0
1771501699.0772626,96.0,125.0,0.0,30.0,40.0,60.0,24.0
1771501699.109262,96.0,125.0,0.0,30.0,39.0,59.0,23.0
1771501699.14177,96.0,125.0,0.0,31.0,39.0,58.0,23.0
1771501699.1751335,95.0,124.0,0.0,30.0,38.0,56.0,22.0
1771501699.2071395,96.0,126.0,0.0,30.0,38.0,55.0,21.0
1771501699.238163,95.0,125.0,0.0,28.0,35.0,50.0,17.0
1771501699.2706838,93.0,124.0,0.0,26.0,33.0,46.0,15.0
1771501699.3011281,93.0,125.0,0.0,25.0,33.0,44.0,12.0
1771501699.333251,92.0,122.0,0.0,25.0,34.0,45.0,12.0
1771501699.3807583,92.0,120.0,0.0,25.0,34.0,45.0,11.0
1771501699.4137661,90.0,117.0,0.0,24.0,33.0,43.0,9.0
1771501699.4442782,89.0,117.0,0.0,23.0,32.0,41.0,8.0
1771501699.480273,90.0,118.0,0.0,24.0,31.0,40.0,10.0
1771501699.5092788,87.0,116.0,0.0,22.0,29.0,38.0,9.0
1771501699.5417826,87.0,117.0,0.0,22.0,29.0,38.0,8.0
1771501699.574788,86.0,116.0,0.0,22.0,28.0,37.0,8.0
1771501699.6047907,84.0,115.0,0.0,20.0,27.0,32.0,6.0
1771501699.6368036,81.0,111.0,0.0,19.0,23.0,28.0,2.0
1771501699.6689708,83.0,111.0,0.0,21.0,25.0,30.0,4.0
1771501699.7039697,81.0,111.0,0.0,20.0,23.0,27.0,2.0
1771501699.732994,81.0,111.0,0.0,19.0,23.0,26.0,2.0
1771501699.7684941,81.0,110.0,0.0,21.0,23.0,26.0,3.0
1771501699.8135061,78.0,106.0,0.0,17.0,21.0,25.0,2.0
1771501699.8669288,75.0,104.0,0.0,11.0,19.0,23.0,0.0
1771501699.8999367,75.0,105.0,0.0,11.0,20.0,26.0,0.0
1771501699.9309404,76.0,108.0,0.0,11.0,20.0,26.0,0.0
1771501699.963449,80.0,110.0,0.0,14.0,25.0,32.0,1.0
1771501699.9934504,82.0,109.0,0.0,10.0,25.0,34.0,3.0
1771501700.0234587,86.0,114.0,0.0,14.0,28.0,39.0,7.0
1771501700.0559657,91.0,115.0,0.0,12.0,28.0,42.0,11.0
1771501700.0860028,92.0,117.0,0.0,14.0,30.0,44.0,11.0
1771501700.1050012,94.0,118.0,0.0,10.0,27.0,42.0,14.0
1771501700.138015,95.0,119.0,0.0,11.0,29.0,46.0,17.0
1771501700.1665218,95.0,117.0,0.0,4.0,22.0,38.0,14.0
1771501700.2005296,96.0,121.0,0.0,8.0,27.0,43.0,16.0
1771501700.2460654,94.0,120.0,0.0,7.0,25.0,42.0,14.0
1771501700.2828777,94.0,118.0,0.0,6.0,24.0,41.0,14.0
1771501700.3088892,94.0,121.0,0.0,7.0,25.0,41.0,15.0
1771501700.344388,93.0,118.0,0.0,7.0,25.0,41.0,13.0
1771501700.3733864,93.0,117.0,0.0,6.0,24.0,40.0,14.0
1771501700.4053903,93.0,118.0,0.0,4.0,21.0,37.0,13.0
1771501700.43739,93.0,119.0,0.0,5.0,23.0,39.0,14.0
1771501700.4694703,92.0,118.0,0.0,3.0,20.0,35.0,12.0
1771501700.502459,91.0,116.0,0.0,1.0,20.0,34.0,12.0
1771501700.5334613,92.0,120.0,0.0,6.0,24.0,40.0,13.0
1771501700.5666857,92.0,114.0,0.0,2.0,20.0,36.0,13.0
1771501700.5976887,91.0,119.0,0.0,4.0,22.0,39.0,13.0
1771501700.6287098,92.0,117.0,0.0,4.0,24.0,40.0,14.0
1771501700.6772468,93.0,117.0,0.0,2.0,21.0,37.0,13.0
1771501700.7102432,92.0,119.0,0.0,4.0,23.0,39.0,15.0
1771501700.740237,92.0,117.0,0.0,4.0,22.0,39.0,15.0
1771501700.7747552,93.0,119.0,0.0,6.0,24.0,41.0,14.0
1771501700.8077476,92.0,114.0,0.0,1.0,21.0,38.0,17.0
1771501700.842781,95.0,116.0,0.0,6.0,24.0,42.0,19.0
1771501700.8731031,95.0,118.0,0.0,7.0,25.0,43.0,20.0
1771501700.9050949,95.0,118.0,0.0,8.0,24.0,43.0,20.0
1771501700.9361014,96.0,118.0,0.0,10.0,27.0,46.0,21.0
1771501700.9693527,97.0,119.0,0.0,14.0,30.0,50.0,23.0
1771501700.9999003,98.0,121.0,0.0,12.0,27.0,47.0,23.0
1771501701.030912,99.0,128.0,0.0,11.0,26.0,48.0,24.0
1771501701.061432,98.0,126.0,0.0,11.0,25.0,46.0,23.0
1771501701.11153,101.0,132.0,0.0,17.0,30.0,53.0,26.0
1771501701.141543,101.0,135.0,0.0,16.0,29.0,53.0,26.0
1771501701.1730955,102.0,135.0,0.0,14.0,27.0,50.0,26.0
1771501701.2300644,102.0,137.0,0.0,19.0,32.0,57.0,28.0
1771501701.262597,102.0,137.0,0.0,21.0,33.0,58.0,26.0
1771501701.2946017,101.0,131.0,0.0,18.0,32.0,56.0,24.0
1771501701.3245964,101.0,126.0,0.0,17.0,30.0,53.0,25.0
1771501701.358149,100.0,125.0,0.0,13.0,28.0,48.0,22.0
1771501701.3891065,99.0,122.0,0.0,11.0,26.0,46.0,21.0
1771501701.4201038,98.0,124.0,0.0,13.0,27.0,49.0,23.0
1771501701.4516196,100.0,125.0,0.0,17.0,31.0,53.0,25.0
1771501701.4836252,100.0,129.0,0.0,24.0,36.0,60.0,25.0
1771501701.513616,100.0,129.0,0.0,20.0,34.0,57.0,24.0
1771501701.547142,101.0,131.0,0.0,24.0,37.0,61.0,26.0
1771501701.5781417,100.0,129.0,0.0,20.0,33.0,55.0,22.0
1771501701.610143,101.0,132.0,0.0,29.0,40.0,64.0,25.0
1771501701.641153,98.0,132.0,0.0,26.0,37.0,59.0,20.0
1771501701.6716485,99.0,130.0,0.0,24.0,35.0,57.0,22.0
1771501701.7036583,98.0,131.0,0.0,29.0,38.0,58.0,18.0
1771501701.7356534,96.0,125.0,0.0,32.0,39.0,60.0,18.0
1771501701.767194,97.0,125.0,0.0,33.0,39.0,59.0,17.0
1771501701.797187,95.0,121.0,0.0,33.0,39.0,56.0,15.0
1771501701.8282118,92.0,117.0,0.0,32.0,37.0,50.0,10.0
1771501701.8627422,90.0,116.0,0.0,31.0,36.0,46.0,9.0
1771501701.8927429,90.0,117.0,0.0,31.0,35.0,45.0,9.0
1771501701.9407449,90.0,116.0,0.0,30.0,34.0,45.0,9.0
1771501701.9782014,88.0,115.0,0.0,27.0,32.0,41.0,7.0
1771501702.0064895,88.0,115.0,0.0,26.0,33.0,41.0,8.0
1771501702.0374987,89.0,115.0,0.0,26.0,34.0,43.0,9.0
1771501702.0730426,88.0,115.0,0.0,26.0,34.0,43.0,8.0
1771501702.1015894,88.0,115.0,0.0,26.0,32.0,41.0,7.0
1771501702.1346753,88.0,117.0,0.0,27.0,33.0,41.0,7.0
1771501702.1652055,88.0,116.0,0.0,27.0,33.0,42.0,8.0
1771501702.1971965,88.0,116.0,0.0,27.0,33.0,42.0,8.0
1771501702.229191,89.0,116.0,0.0,28.0,33.0,42.0,8.0
1771501702.2616813,88.0,114.0,0.0,26.0,33.0,41.0,8.0
1771501702.2946784,88.0,115.0,0.0,27.0,33.0,41.0,8.0
1771501702.3276796,89.0,115.0,0.0,28.0,33.0,41.0,8.0
1771501702.3742113,88.0,116.0,0.0,28.0,33.0,41.0,8.0
1771501702.4082122,89.0,115.0,0.0,28.0,33.0,41.0,9.0
1771501702.4372141,89.0,115.0,0.0,28.0,33.0,41.0,8.0
1771501702.4692352,87.0,115.0,0.0,27.0,32.0,40.0,8.0
1771501702.5022376,88.0,115.0,0.0,28.0,32.0,41.0,8.0
1771501702.533244,87.0,115.0,0.0,27.0,32.0,41.0,7.0
1771501702.5929387,87.0,115.0,0.0,26.0,31.0,40.0,7.0
1771501702.6249444,87.0,114.0,0.0,27.0,32.0,41.0,8.0
1771501702.6564798,88.0,115.0,0.0,27.0,32.0,41.0,7.0
1771501702.685477,88.0,114.0,0.0,26.0,32.0,43.0,8.0
1771501702.7176795,88.0,115.0,0.0,26.0,33.0,42.0,8.0
1771501702.749209,88.0,114.0,0.0,26.0,33.0,42.0,8.0
1771501702.7800436,88.0,116.0,0.0,28.0,33.0,42.0,8.0
1771501702.8110292,86.0,112.0,0.0,25.0,31.0,39.0,7.0
1771501702.8420322,86.0,113.0,0.0,25.0,30.0,39.0,6.0
1771501702.8735554,85.0,113.0,0.0,24.0,30.0,38.0,6.0
1771501702.9045563,85.0,113.0,0.0,24.0,29.0,38.0,5.0
1771501702.9355795,85.0,113.0,0.0,24.0,29.0,38.0,6.0
1771501702.9659085,85.0,112.0,0.0,25.0,30.0,39.0,6.0
1771501703.0015762,86.0,113.0,0.0,25.0,31.0,39.0,6.0
1771501703.0295706,86.0,113.0,0.0,25.0,31.0,39.0,6.0
1771501703.061726,86.0,113.0,0.0,25.0,31.0,40.0,7.0
1771501703.0927198,86.0,113.0,0.0,25.0,31.0,40.0,7.0
1771501703.1277168,87.0,114.0,0.0,26.0,31.0,40.0,6.0
1771501703.1578507,86.0,113.0,0.0,25.0,30.0,39.0,6.0
1771501703.188849,86.0,113.0,0.0,25.0,30.0,39.0,5.0
1771501703.2375112,86.0,113.0,0.0,25.0,30.0,39.0,6.0
1771501703.27403,86.0,113.0,0.0,25.0,30.0,40.0,6.0
1771501703.30103,85.0,112.0,0.0,25.0,30.0,39.0,6.0
1771501703.3330421,84.0,112.0,0.0,24.0,29.0,37.0,4.0
1771501703.3662264,85.0,113.0,0.0,25.0,30.0,39.0,5.0
1771501703.3962271,86.0,113.0,0.0,26.0,29.0,40.0,5.0
1771501703.4292336,87.0,115.0,0.0,25.0,32.0,42.0,6.0
1771501703.460748,87.0,114.0,0.0,26.0,31.0,41.0,7.0
1771501703.4927475,86.0,113.0,0.0,25.0,31.0,41.0,7.0
1771501703.5247512,86.0,114.0,0.0,25.0,31.0,41.0,7.0
1771501703.5562723,87.0,114.0,0.0,26.0,31.0,42.0,7.0
1771501703.5922625,86.0,114.0,0.0,25.0,32.0,42.0,7.0
1771501703.625272,87.0,115.0,0.0,26.0,32.0,43.0,7.0
1771501703.6698196,87.0,116.0,0.0,26.0,32.0,43.0,7.0
1771501703.7018163,88.0,116.0,0.0,26.0,33.0,45.0,8.0
1771501703.7328286,88.0,116.0,0.0,26.0,33.0,45.0,8.0
1771501703.7683337,86.0,115.0,0.0,24.0,32.0,43.0,7.0
1771501703.8003404,88.0,116.0,0.0,25.0,32.0,44.0,8.0
1771501703.8313289,88.0,117.0,0.0,26.0,33.0,44.0,8.0
1771501703.86142,87.0,118.0,0.0,26.0,32.0,42.0,6.0
1771501703.893422,85.0,115.0,0.0,24.0,30.0,39.0,4.0
1771501703.9562893,86.0,115.0,0.0,25.0,31.0,43.0,5.0
1771501703.9882944,87.0,113.0,0.0,25.0,32.0,45.0,7.0
1771501704.0192952,86.0,113.0,0.0,25.0,32.0,43.0,7.0
1771501704.0508087,87.0,113.0,0.0,25.0,32.0,44.0,8.0
1771501704.081807,87.0,114.0,0.0,25.0,32.0,45.0,8.0
1771501704.1138108,87.0,114.0,0.0,25.0,33.0,45.0,9.0
1771501704.1448328,87.0,115.0,0.0,26.0,33.0,45.0,8.0
1771501704.176357,88.0,115.0,0.0,26.0,33.0,47.0,9.0
1771501704.208363,89.0,117.0,0.0,27.0,35.0,48.0,10.0
1771501704.2393663,90.0,118.0,0.0,28.0,35.0,48.0,10.0
1771501704.2698774,90.0,119.0,0.0,29.0,35.0,48.0,11.0
1771501704.30088,89.0,119.0,0.0,27.0,34.0,45.0,9.0
1771501704.3319027,89.0,118.0,0.0,27.0,33.0,46.0,9.0
1771501704.3635027,87.0,115.0,0.0,24.0,31.0,42.0,8.0
1771501704.3964972,86.0,112.0,0.0,22.0,30.0,41.0,7.0
1771501704.427498,87.0,115.0,0.0,24.0,31.0,42.0,7.0
1771501704.459018,88.0,115.0,0.0,23.0,31.0,43.0,8.0
1771501704.490018,88.0,116.0,0.0,24.0,32.0,44.0,9.0
1771501704.536025,88.0,115.0,0.0,25.0,32.0,45.0,10.0
1771501704.5692635,88.0,115.0,0.0,25.0,32.0,44.0,10.0
1771501704.601236,87.0,114.0,0.0,24.0,31.0,43.0,8.0
1771501704.6332567,87.0,115.0,0.0,25.0,32.0,44.0,9.0
1771501704.665465,88.0,116.0,0.0,25.0,32.0,45.0,9.0
1771501704.6954637,88.0,115.0,0.0,25.0,32.0,44.0,9.0
1771501704.7264621,88.0,115.0,0.0,26.0,33.0,46.0,9.0
1771501704.7585137,88.0,114.0,0.0,24.0,32.0,45.0,11.0
1771501704.7905047,87.0,113.0,0.0,25.0,33.0,45.0,10.0
1771501704.8205116,87.0,114.0,0.0,26.0,33.0,45.0,9.0
1771501704.854037,87.0,115.0,0.0,26.0,32.0,45.0,8.0
1771501704.8861034,87.0,116.0,0.0,26.0,32.0,43.0,7.0
1771501704.9171014,88.0,116.0,0.0,27.0,32.0,44.0,8.0
1771501704.965934,87.0,115.0,0.0,26.0,32.0,43.0,8.0
1771501704.9979892,87.0,115.0,0.0,26.0,32.0,44.0,9.0
1771501705.029953,87.0,115.0,0.0,25.0,32.0,43.0,8.0
1771501705.0616925,86.0,114.0,0.0,25.0,32.0,43.0,8.0
1771501705.0946953,86.0,114.0,0.0,25.0,31.0,42.0,7.0
1771501705.126083,86.0,115.0,0.0,26.0,32.0,43.0,8.0
1771501705.1575985,87.0,115.0,0.0,26.0,32.0,43.0,8.0
1771501705.1895988,86.0,114.0,0.0,25.0,31.0,42.0,8.0
1771501705.223599,85.0,113.0,0.0,24.0,31.0,41.0,7.0
1771501705.2537048,85.0,113.0,0.0,25.0,31.0,42.0,7.0
1771501705.3088634,86.0,113.0,0.0,25.0,31.0,42.0,7.0
1771501705.3408778,85.0,114.0,0.0,24.0,30.0,41.0,6.0
1771501705.3709977,86.0,113.0,0.0,24.0,31.0,42.0,7.0
1771501705.4310546,86.0,114.0,0.0,25.0,31.0,42.0,7.0
1771501705.4626098,86.0,114.0,0.0,25.0,31.0,42.0,7.0
1771501705.493802,86.0,115.0,0.0,25.0,31.0,42.0,7.0
1771501705.5267997,85.0,113.0,0.0,24.0,30.0,41.0,6.0
1771501705.557315,85.0,116.0,0.0,25.0,31.0,41.0,6.0
1771501705.5884755,86.0,113.0,0.0,24.0,31.0,42.0,7.0
1771501705.6214218,85.0,114.0,0.0,24.0,30.0,42.0,7.0
1771501705.6529229,86.0,113.0,0.0,24.0,30.0,42.0,7.0
1771501705.6840444,85.0,113.0,0.0,24.0,30.0,41.0,7.0
1771501705.714021,85.0,112.0,0.0,23.0,30.0,41.0,7.0
1771501705.7475297,86.0,114.0,0.0,24.0,31.0,42.0,7.0
1771501705.776096,85.0,113.0,0.0,23.0,30.0,42.0,7.0
1771501705.8291023,86.0,116.0,0.0,25.0,31.0,42.0,7.0
1771501705.8616383,85.0,111.0,0.0,22.0,30.0,41.0,7.0
1771501705.8856385,86.0,116.0,0.0,25.0,31.0,42.0,7.0
1771501705.9186397,85.0,111.0,0.0,22.0,30.0,41.0,6.0
1771501705.9508085,85.0,114.0,0.0,24.0,30.0,41.0,6.0
1771501705.9832995,86.0,113.0,0.0,23.0,31.0,42.0,7.0
1771501706.013074,85.0,114.0,0.0,24.0,31.0,42.0,7.0
1771501706.0461066,86.0,113.0,0.0,23.0,31.0,43.0,8.0
1771501706.0766206,86.0,114.0,0.0,23.0,31.0,42.0,7.0
1771501706.1076417,87.0,115.0,0.0,24.0,32.0,44.0,8.0
1771501706.1386962,87.0,114.0,0.0,24.0,31.0,43.0,8.0
1771501706.170804,85.0,114.0,0.0,23.0,30.0,41.0,7.0
1771501706.2128005,86.0,115.0,0.0,24.0,31.0,44.0,7.0
1771501706.2614002,86.0,114.0,0.0,23.0,31.0,42.0,7.0
1771501706.294392,87.0,114.0,0.0,24.0,32.0,43.0,7.0
1771501706.3273525,86.0,114.0,0.0,24.0,31.0,43.0,8.0
1771501706.359869,85.0,112.0,0.0,22.0,30.0,43.0,7.0
1771501706.3909447,86.0,113.0,0.0,23.0,30.0,43.0,7.0
1771501706.4228754,86.0,113.0,0.0,22.0,30.0,42.0,6.0
1771501706.454414,86.0,113.0,0.0,21.0,30.0,44.0,7.0
1771501706.4863849,85.0,112.0,0.0,22.0,30.0,42.0,6.0
1771501706.5173984,87.0,114.0,0.0,23.0,31.0,44.0,8.0
1771501706.5489955,86.0,113.0,0.0,22.0,30.0,43.0,7.0
1771501706.5820215,87.0,114.0,0.0,22.0,31.0,44.0,8.0
1771501706.6149879,88.0,114.0,0.0,24.0,32.0,45.0,9.0
1771501706.6450536,89.0,114.0,0.0,24.0,32.0,47.0,10.0
1771501706.6928306,88.0,113.0,0.0,24.0,32.0,46.0,10.0
1771501706.7258441,88.0,115.0,0.0,24.0,31.0,44.0,8.0
1771501706.7553508,88.0,115.0,0.0,25.0,32.0,46.0,9.0
1771501706.791363,89.0,116.0,0.0,24.0,31.0,45.0,9.0
1771501706.8183627,88.0,115.0,0.0,25.0,32.0,45.0,9.0
1771501706.849222,88.0,115.0,0.0,25.0,31.0,45.0,8.0
1771501706.8802264,88.0,116.0,0.0,25.0,32.0,46.0,9.0
1771501706.912238,88.0,115.0,0.0,26.0,32.0,45.0,8.0
1771501706.944181,88.0,117.0,0.0,26.0,32.0,46.0,9.0
1771501706.9740975,88.0,116.0,0.0,26.0,32.0,45.0,8.0
1771501707.0140316,87.0,116.0,0.0,26.0,32.0,45.0,9.0
1771501707.0485458,88.0,116.0,0.0,26.0,33.0,46.0,9.0
1771501707.079563,89.0,116.0,0.0,25.0,33.0,46.0,9.0
1771501707.1246111,89.0,115.0,0.0,25.0,33.0,46.0,10.0
1771501707.147605,89.0,115.0,0.0,25.0,32.0,46.0,9.0
1771501707.1781402,88.0,115.0,0.0,25.0,32.0,46.0,9.0
1771501707.2101421,88.0,115.0,0.0,25.0,33.0,46.0,9.0
1771501707.242146,88.0,116.0,0.0,25.0,32.0,46.0,9.0
1771501707.2747273,88.0,116.0,0.0,25.0,32.0,45.0,9.0
1771501707.3057249,88.0,116.0,0.0,25.0,33.0,45.0,9.0
1771501707.336733,88.0,115.0,0.0,25.0,33.0,45.0,9.0
1771501707.3670309,87.0,114.0,0.0,26.0,33.0,44.0,9.0
1771501707.4140258,88.0,116.0,0.0,26.0,33.0,45.0,9.0
1771501707.4460304,88.0,116.0,0.0,26.0,33.0,44.0,8.0
1771501707.4786735,88.0,116.0,0.0,26.0,33.0,44.0,8.0
1771501707.5246804,89.0,118.0,0.0,28.0,34.0,46.0,9.0
1771501707.5612097,88.0,115.0,0.0,26.0,32.0,44.0,8.0
1771501707.5872142,88.0,116.0,0.0,26.0,33.0,44.0,8.0
1771501707.6173115,88.0,116.0,0.0,26.0,33.0,44.0,8.0
1771501707.6473193,87.0,115.0,0.0,26.0,33.0,43.0,8.0
1771501707.680837,87.0,116.0,0.0,26.0,33.0,44.0,8.0
1771501707.7098367,87.0,115.0,0.0,25.0,32.0,42.0,7.0
1771501707.7418306,87.0,115.0,0.0,26.0,33.0,44.0,9.0
1771501707.7734559,88.0,116.0,0.0,26.0,33.0,44.0,9.0
1771501707.8134744,88.0,117.0,0.0,27.0,33.0,43.0,8.0
1771501707.8454893,87.0,116.0,0.0,26.0,33.0,44.0,9.0
1771501707.878181,88.0,116.0,0.0,26.0,33.0,44.0,9.0
1771501707.9111838,87.0,115.0,0.0,26.0,32.0,43.0,8.0
1771501707.9577088,88.0,117.0,0.0,26.0,33.0,43.0,9.0
1771501707.9884527,88.0,115.0,0.0,26.0,33.0,43.0,9.0
1771501708.0081298,87.0,116.0,0.0,27.0,33.0,43.0,8.0
1771501708.0391474,88.0,115.0,0.0,26.0,33.0,44.0,10.0
1771501708.0704691,88.0,117.0,0.0,27.0,34.0,44.0,9.0
1771501708.101457,88.0,116.0,0.0,27.0,33.0,44.0,9.0
1771501708.1338902,89.0,116.0,0.0,28.0,34.0,46.0,11.0
1771501708.1660326,88.0,116.0,0.0,27.0,33.0,44.0,9.0
1771501708.214034,83.0,111.0,0.0,24.0,30.0,39.0,6.0
1771501708.2471058,82.0,108.0,0.0,22.0,28.0,35.0,4.0
1771501708.2766519,80.0,106.0,0.0,20.0,27.0,33.0,3.0
1771501708.309575,80.0,106.0,0.0,19.0,27.0,33.0,3.0
1771501708.3436618,80.0,107.0,0.0,19.0,26.0,32.0,2.0
1771501708.389179,81.0,108.0,0.0,21.0,28.0,35.0,4.0
1771501708.4281757,81.0,108.0,0.0,21.0,27.0,34.0,4.0
1771501708.4606986,81.0,108.0,0.0,21.0,27.0,34.0,3.0
1771501708.4916916,81.0,107.0,0.0,20.0,26.0,33.0,3.0
1771501708.5246906,80.0,107.0,0.0,20.0,25.0,33.0,3.0
1771501708.555273,80.0,108.0,0.0,20.0,25.0,33.0,3.0
1771501708.5872078,80.0,108.0,0.0,20.0,25.0,33.0,3.0
1771501708.6182103,79.0,106.0,0.0,19.0,23.0,30.0,2.0
1771501708.6503477,79.0,107.0,0.0,19.0,24.0,32.0,2.0
1771501708.682123,82.0,109.0,0.0,21.0,26.0,35.0,4.0
1771501708.7121215,82.0,109.0,0.0,21.0,26.0,34.0,4.0
1771501708.744125,80.0,109.0,0.0,20.0,24.0,31.0,3.0
1771501708.7774885,79.0,107.0,0.0,20.0,24.0,30.0,2.0
1771501708.8204892,78.0,105.0,0.0,18.0,23.0,27.0,2.0
1771501708.853019,78.0,104.0,0.0,17.0,23.0,25.0,1.0
1771501708.8800414,76.0,104.0,0.0,16.0,22.0,23.0,1.0
1771501708.9110405,76.0,102.0,0.0,16.0,21.0,23.0,0.0
1771501708.9430695,74.0,101.0,0.0,13.0,20.0,21.0,0.0
1771501708.976435,72.0,98.0,0.0,10.0,18.0,20.0,0.0
1771501709.013573,71.0,99.0,0.0,9.0,17.0,19.0,0.0
1771501709.0445814,72.0,100.0,0.0,10.0,18.0,18.0,0.0
1771501709.0800972,71.0,99.0,0.0,9.0,17.0,18.0,0.0
1771501709.1110947,71.0,98.0,0.0,10.0,17.0,18.0,0.0
1771501709.141655,70.0,97.0,0.0,9.0,17.0,17.0,0.0
1771501709.1739428,70.0,98.0,0.0,10.0,17.0,17.0,0.0
1771501709.2070355,70.0,98.0,0.0,9.0,16.0,16.0,0.0
1771501709.2535455,71.0,98.0,0.0,10.0,17.0,16.0,0.0
1771501709.285558,71.0,98.0,0.0,11.0,17.0,17.0,0.0
1771501709.316671,71.0,99.0,0.0,11.0,17.0,17.0,0.0
1771501709.3476748,71.0,99.0,0.0,11.0,17.0,16.0,0.0
1771501709.378194,71.0,98.0,0.0,11.0,17.0,17.0,0.0
1771501709.415318,71.0,99.0,0.0,11.0,17.0,17.0,0.0
1771501709.446435,71.0,99.0,0.0,12.0,17.0,16.0,0.0
1771501709.475847,71.0,98.0,0.0,12.0,17.0,17.0,0.0
1771501709.5098479,70.0,97.0,0.0,10.0,17.0,17.0,0.0
1771501709.5418742,71.0,99.0,0.0,10.0,17.0,17.0,0.0
1771501709.573388,71.0,98.0,0.0,10.0,17.0,16.0,0.0
1771501709.6063893,71.0,97.0,0.0,11.0,17.0,18.0,0.0
1771501709.6404035,71.0,99.0,0.0,10.0,17.0,17.0,0.0
1771501709.6864333,70.0,98.0,0.0,10.0,17.0,18.0,0.0
1771501709.7174323,70.0,97.0,0.0,10.0,16.0,16.0,0.0
1771501709.7414398,69.0,97.0,0.0,10.0,15.0,15.0,0.0
1771501709.7759275,69.0,97.0,0.0,9.0,15.0,16.0,0.0
1771501709.8142877,69.0,98.0,0.0,10.0,16.0,16.0,0.0
1771501709.8495724,69.0,97.0,0.0,9.0,15.0,14.0,0.0
1771501709.8816216,69.0,96.0,0.0,8.0,16.0,17.0,0.0
1771501709.9136145,70.0,99.0,0.0,9.0,17.0,18.0,0.0
1771501709.944632,70.0,99.0,0.0,9.0,17.0,18.0,0.0
1771501709.9791574,69.0,98.0,0.0,8.0,15.0,15.0,0.0
1771501710.007169,69.0,99.0,0.0,8.0,15.0,15.0,0.0
1771501710.0381615,69.0,100.0,0.0,9.0,15.0,16.0,0.0
1771501710.0726855,68.0,99.0,1.0,8.0,14.0,14.0,0.0
1771501710.1206732,68.0,100.0,12.0,7.0,14.0,14.0,0.0
1771501710.1491356,69.0,100.0,0.0,8.0,16.0,17.0,0.0
1771501710.1791573,70.0,100.0,0.0,9.0,16.0,17.0,0.0
1771501710.2141569,69.0,100.0,0.0,8.0,16.0,16.0,0.0
1771501710.2451794,70.0,101.0,0.0,10.0,16.0,16.0,0.0
1771501710.2786767,69.0,98.0,0.0,7.0,15.0,14.0,0.0
1771501710.307684,68.0,98.0,18.0,5.0,14.0,14.0,0.0
1771501710.3416874,68.0,98.0,0.0,7.0,15.0,15.0,0.0
1771501710.3728766,69.0,97.0,0.0,5.0,16.0,16.0,0.0
1771501710.404874,71.0,98.0,0.0,5.0,17.0,17.0,0.0
1771501710.4378772,72.0,100.0,0.0,9.0,18.0,20.0,0.0
1771501710.4704056,76.0,103.0,0.0,13.0,21.0,24.0,0.0
1771501710.5018692,76.0,104.0,0.0,15.0,20.0,25.0,0.0
1771501710.5489612,74.0,104.0,0.0,16.0,19.0,23.0,0.0
1771501710.5834715,75.0,103.0,0.0,16.0,19.0,24.0,0.0
1771501710.6124713,78.0,107.0,0.0,18.0,22.0,26.0,0.0
1771501710.6444724,81.0,108.0,0.0,20.0,23.0,29.0,1.0
1771501710.6769876,82.0,110.0,0.0,22.0,25.0,31.0,2.0
1771501710.7099805,82.0,111.0,0.0,22.0,25.0,31.0,3.0
1771501710.7619624,82.0,113.0,0.0,20.0,23.0,29.0,2.0
1771501710.7939727,81.0,110.0,0.0,20.0,24.0,29.0,2.0
1771501710.823973,80.0,107.0,0.0,19.0,24.0,30.0,3.0
1771501710.8564951,81.0,109.0,0.0,20.0,25.0,32.0,4.0
1771501710.8874948,82.0,111.0,0.0,20.0,24.0,30.0,3.0
1771501710.9205735,82.0,109.0,0.0,20.0,24.0,31.0,5.0
1771501710.951579,81.0,109.0,0.0,20.0,24.0,30.0,4.0
1771501710.9855955,82.0,110.0,0.0,21.0,25.0,31.0,4.0
1771501711.0141196,82.0,109.0,0.0,20.0,24.0,31.0,3.0
1771501711.0452425,80.0,107.0,0.0,19.0,25.0,29.0,3.0
1771501711.0777693,79.0,107.0,0.0,19.0,24.0,25.0,0.0
1771501711.1097543,79.0,107.0,0.0,19.0,24.0,26.0,0.0
1771501711.143803,79.0,107.0,0.0,20.0,25.0,26.0,0.0
1771501711.173105,76.0,104.0,0.0,16.0,22.0,21.0,0.0
1771501711.2061105,76.0,103.0,0.0,15.0,22.0,19.0,0.0
1771501711.2385201,75.0,102.0,0.0,14.0,21.0,18.0,0.0
1771501711.2691164,75.0,102.0,0.0,14.0,21.0,19.0,0.0
1771501711.30131,74.0,101.0,0.0,14.0,20.0,18.0,0.0
1771501711.3332891,73.0,101.0,0.0,12.0,19.0,17.0,0.0
1771501711.3688061,73.0,100.0,0.0,11.0,18.0,15.0,0.0
1771501711.4127905,72.0,100.0,0.0,11.0,18.0,16.0,0.0
1771501711.4468334,72.0,98.0,0.0,11.0,18.0,16.0,0.0
1771501711.4773734,72.0,99.0,0.0,12.0,18.0,15.0,0.0
1771501711.5103734,73.0,100.0,0.0,12.0,19.0,16.0,0.0
1771501711.5413861,74.0,101.0,0.0,12.0,19.0,17.0,0.0
1771501711.5776515,73.0,100.0,0.0,12.0,18.0,17.0,0.0
1771501711.608117,75.0,101.0,0.0,15.0,20.0,20.0,0.0
1771501711.6401198,77.0,103.0,0.0,18.0,22.0,24.0,0.0
1771501711.6696496,78.0,106.0,0.0,20.0,24.0,26.0,0.0
1771501711.7016404,78.0,104.0,0.0,18.0,24.0,27.0,0.0
1771501711.7334871,79.0,106.0,0.0,20.0,25.0,28.0,1.0
1771501711.7650998,80.0,106.0,0.0,20.0,26.0,29.0,2.0
1771501711.7991076,81.0,106.0,0.0,20.0,26.0,31.0,3.0
1771501711.8451061,80.0,106.0,0.0,20.0,26.0,30.0,3.0
1771501711.8786108,80.0,106.0,0.0,19.0,26.0,30.0,3.0
1771501711.908612,79.0,105.0,0.0,19.0,25.0,29.0,3.0
1771501711.942616,79.0,105.0,0.0,19.0,24.0,28.0,2.0
1771501711.9774487,79.0,106.0,0.0,19.0,24.0,28.0,2.0
1771501712.0105214,79.0,106.0,0.0,19.0,24.0,28.0,2.0
1771501712.0425274,79.0,106.0,0.0,20.0,24.0,28.0,3.0
1771501712.0740423,78.0,104.0,0.0,19.0,23.0,26.0,1.0
1771501712.1064024,78.0,104.0,0.0,18.0,23.0,25.0,0.0
1771501712.1366572,78.0,103.0,0.0,18.0,22.0,25.0,1.0
1771501712.1691678,78.0,104.0,0.0,18.0,23.0,26.0,1.0
1771501712.2011712,78.0,105.0,0.0,19.0,23.0,26.0,1.0
1771501712.2329082,78.0,105.0,0.0,18.0,22.0,25.0,0.0
1771501712.278331,78.0,105.0,0.0,19.0,23.0,27.0,1.0
1771501712.3123958,77.0,103.0,0.0,18.0,22.0,26.0,1.0
1771501712.342358,77.0,104.0,0.0,18.0,22.0,25.0,1.0
1771501712.3729444,78.0,104.0,0.0,19.0,23.0,26.0,1.0
1771501712.4050815,77.0,103.0,0.0,18.0,23.0,26.0,1.0
1771501712.4401295,79.0,105.0,0.0,19.0,24.0,27.0,1.0
1771501712.468638,78.0,104.0,0.0,18.0,23.0,26.0,1.0
1771501712.4996445,78.0,104.0,0.0,19.0,23.0,27.0,2.0
1771501712.5316238,78.0,105.0,0.0,19.0,24.0,27.0,1.0
1771501712.5651894,79.0,106.0,0.0,20.0,24.0,29.0,2.0
1771501712.5971873,79.0,105.0,0.0,19.0,24.0,28.0,2.0
1771501712.6292222,80.0,106.0,0.0,20.0,25.0,29.0,3.0
1771501712.6657453,80.0,107.0,0.0,21.0,26.0,29.0,3.0
1771501712.7097445,80.0,107.0,0.0,21.0,25.0,29.0,3.0
1771501712.7427597,80.0,107.0,0.0,21.0,25.0,29.0,3.0
1771501712.7732928,80.0,106.0,0.0,20.0,25.0,29.0,3.0
1771501712.8062868,80.0,107.0,0.0,21.0,25.0,29.0,3.0
1771501712.8382947,80.0,106.0,0.0,20.0,25.0,29.0,3.0
1771501712.8718178,80.0,106.0,0.0,20.0,25.0,29.0,3.0
1771501712.9048407,79.0,106.0,0.0,20.0,25.0,28.0,3.0
1771501712.9368324,79.0,106.0,0.0,20.0,24.0,28.0,3.0
1771501712.9683716,80.0,106.0,0.0,20.0,25.0,29.0,3.0
1771501713.0013137,79.0,106.0,0.0,20.0,25.0,29.0,3.0
1771501713.0290208,79.0,105.0,0.0,20.0,24.0,29.0,3.0
1771501713.0615437,79.0,105.0,0.0,19.0,24.0,28.0,3.0
1771501713.0945432,79.0,106.0,0.0,20.0,24.0,28.0,2.0
1771501713.140536,80.0,107.0,0.0,20.0,25.0,29.0,3.0
1771501713.1740427,81.0,108.0,0.0,21.0,26.0,30.0,4.0
1771501713.2050455,80.0,107.0,0.0,21.0,25.0,30.0,4.0
1771501713.2370436,80.0,107.0,0.0,21.0,26.0,30.0,4.0
1771501713.2695637,80.0,107.0,0.0,20.0,25.0,30.0,4.0
1771501713.3035533,80.0,107.0,0.0,21.0,25.0,30.0,4.0
1771501713.334556,80.0,107.0,0.0,20.0,25.0,29.0,3.0
1771501713.3660712,80.0,106.0,0.0,20.0,25.0,29.0,2.0
1771501713.3980653,79.0,105.0,0.0,19.0,24.0,29.0,2.0
1771501713.4300656,80.0,106.0,0.0,21.0,25.0,29.0,3.0
1771501713.4626174,80.0,106.0,0.0,21.0,26.0,30.0,3.0
1771501713.4977763,80.0,106.0,0.0,20.0,25.0,30.0,3.0
1771501713.5427995,80.0,105.0,0.0,20.0,25.0,29.0,3.0
1771501713.5763218,79.0,104.0,0.0,18.0,24.0,28.0,2.0
1771501713.6083364,79.0,105.0,0.0,19.0,25.0,29.0,3.0
1771501713.6393468,80.0,107.0,0.0,20.0,25.0,31.0,4.0
1771501713.6696942,79.0,106.0,0.0,19.0,25.0,30.0,3.0
1771501713.7008314,79.0,104.0,0.0,19.0,24.0,30.0,3.0
1771501713.7337642,79.0,105.0,0.0,19.0,24.0,29.0,3.0
1771501713.7654839,79.0,106.0,0.0,20.0,24.0,29.0,3.0
1771501713.7974157,78.0,105.0,0.0,19.0,24.0,29.0,3.0
1771501713.830416,78.0,104.0,0.0,19.0,24.0,29.0,3.0
1771501713.8619566,79.0,104.0,0.0,19.0,24.0,29.0,3.0
1771501713.8929935,78.0,104.0,0.0,19.0,24.0,29.0,2.0
1771501713.9249668,78.0,104.0,0.0,19.0,23.0,28.0,2.0
1771501713.974523,78.0,105.0,0.0,19.0,24.0,28.0,2.0
1771501714.0072837,78.0,105.0,0.0,19.0,24.0,28.0,2.0
1771501714.0362842,78.0,105.0,0.0,19.0,23.0,28.0,2.0
1771501714.0698786,78.0,105.0,1.0,19.0,24.0,28.0,2.0
1771501714.1018786,78.0,104.0,15.0,18.0,23.0,28.0,2.0
1771501714.1328683,79.0,105.0,0.0,19.0,24.0,29.0,3.0
1771501714.1696653,79.0,106.0,0.0,20.0,25.0,29.0,2.0
1771501714.1981547,80.0,107.0,0.0,20.0,25.0,30.0,3.0
1771501714.2291238,79.0,105.0,0.0,19.0,24.0,29.0,2.0
1771501714.261717,80.0,107.0,0.0,20.0,25.0,30.0,3.0
1771501714.2947228,78.0,104.0,0.0,18.0,23.0,28.0,2.0
1771501714.3245616,79.0,106.0,0.0,20.0,25.0,30.0,3.0
1771501714.358097,79.0,105.0,0.0,19.0,24.0,30.0,3.0
1771501714.4092348,79.0,105.0,0.0,19.0,25.0,30.0,3.0
1771501714.440233,79.0,105.0,0.0,19.0,24.0,30.0,3.0
1771501714.4697533,79.0,105.0,0.0,19.0,24.0,29.0,2.0
1771501714.501754,80.0,105.0,0.0,19.0,25.0,31.0,3.0
1771501714.5347462,79.0,105.0,0.0,19.0,24.0,30.0,3.0
1771501714.5732584,79.0,105.0,0.0,19.0,24.0,30.0,3.0
1771501714.5992584,79.0,105.0,0.0,19.0,24.0,29.0,2.0
1771501714.6292589,79.0,106.0,0.0,19.0,24.0,29.0,2.0
1771501714.6617775,79.0,105.0,0.0,19.0,24.0,30.0,2.0
1771501714.6937826,79.0,106.0,0.0,19.0,24.0,29.0,2.0
1771501714.72579,79.0,106.0,0.0,19.0,25.0,30.0,3.0
1771501714.7583113,79.0,105.0,0.0,20.0,25.0,30.0,3.0
1771501714.7893636,79.0,106.0,0.0,19.0,25.0,29.0,2.0
1771501714.860398,80.0,106.0,0.0,20.0,25.0,30.0,2.0
1771501714.8924031,80.0,106.0,0.0,20.0,25.0,30.0,2.0
1771501714.9234054,80.0,106.0,0.0,20.0,25.0,30.0,2.0
1771501714.9534192,79.0,105.0,0.0,19.0,24.0,30.0,2.0
1771501714.9875407,79.0,106.0,0.0,20.0,25.0,30.0,2.0
1771501715.0190556,79.0,107.0,0.0,19.0,25.0,30.0,2.0
1771501715.0475779,78.0,105.0,0.0,19.0,24.0,29.0,2.0
1771501715.0790894,79.0,105.0,0.0,19.0,24.0,29.0,2.0
1771501715.1091053,79.0,106.0,0.0,19.0,24.0,29.0,1.0
1771501715.1421113,79.0,105.0,0.0,19.0,25.0,30.0,2.0
1771501715.1726496,78.0,105.0,0.0,18.0,24.0,28.0,1.0
1771501715.203649,79.0,105.0,0.0,19.0,24.0,29.0,2.0
1771501715.2349985,79.0,105.0,0.0,19.0,25.0,30.0,2.0
1771501715.2735498,79.0,105.0,0.0,19.0,24.0,30.0,2.0
1771501715.301596,79.0,105.0,0.0,19.0,25.0,30.0,3.0
1771501715.3325646,79.0,106.0,0.0,19.0,24.0,29.0,2.0
1771501715.3652117,79.0,105.0,0.0,19.0,24.0,29.0,2.0
1771501715.3971994,79.0,105.0,0.0,19.0,25.0,30.0,2.0
1771501715.4302113,79.0,106.0,0.0,19.0,24.0,30.0,2.0
1771501715.4628372,80.0,106.0,0.0,20.0,25.0,30.0,2.0
1771501715.4938495,80.0,106.0,0.0,20.0,25.0,31.0,3.0
1771501715.5258422,79.0,105.0,0.0,19.0,25.0,30.0,2.0
1771501715.557373,78.0,105.0,0.0,18.0,24.0,29.0,1.0
1771501715.590373,79.0,105.0,0.0,19.0,24.0,30.0,2.0
1771501715.6223857,79.0,106.0,0.0,19.0,24.0,30.0,2.0
1771501715.6544409,80.0,106.0,0.0,20.0,25.0,31.0,3.0
1771501715.702025,79.0,106.0,0.0,20.0,25.0,31.0,3.0
1771501715.7360148,79.0,106.0,0.0,19.0,25.0,31.0,3.0
1771501715.7657013,79.0,106.0,0.0,19.0,25.0,30.0,2.0
1771501715.7987363,79.0,105.0,0.0,19.0,25.0,30.0,3.0
1771501715.8306704,79.0,105.0,0.0,19.0,24.0,30.0,3.0
1771501715.864359,79.0,105.0,0.0,19.0,24.0,30.0,3.0
1771501715.8972368,78.0,104.0,0.0,17.0,24.0,29.0,2.0
1771501715.9254458,78.0,104.0,0.0,17.0,23.0,28.0,2.0
1771501715.958035,78.0,104.0,0.0,17.0,23.0,28.0,2.0
1771501715.9890547,79.0,105.0,0.0,18.0,25.0,30.0,3.0
1771501716.0210588,79.0,105.0,0.0,19.0,24.0,29.0,2.0
1771501716.0540323,79.0,106.0,0.0,20.0,25.0,30.0,2.0
1771501716.086543,79.0,106.0,0.0,19.0,25.0,29.0,1.0
1771501716.1360261,79.0,105.0,0.0,19.0,24.0,30.0,2.0
1771501716.171579,79.0,106.0,0.0,19.0,25.0,30.0,2.0
1771501716.2216034,79.0,105.0,0.0,19.0,25.0,30.0,2.0
1771501716.2526114,80.0,106.0,0.0,20.0,26.0,32.0,4.0
1771501716.2831204,79.0,106.0,0.0,19.0,25.0,30.0,3.0
1771501716.3151202,81.0,108.0,0.0,22.0,26.0,33.0,4.0
1771501716.3459086,81.0,107.0,0.0,21.0,26.0,32.0,4.0
1771501716.378432,81.0,107.0,0.0,20.0,26.0,33.0,4.0
1771501716.4095342,80.0,108.0,0.0,21.0,26.0,33.0,4.0
1771501716.4404316,80.0,108.0,0.0,20.0,26.0,32.0,3.0
1771501716.473191,81.0,108.0,0.0,21.0,27.0,33.0,4.0
1771501716.5051498,80.0,108.0,0.0,21.0,26.0,32.0,3.0
1771501716.5361414,81.0,106.0,0.0,21.0,27.0,33.0,5.0
1771501716.567853,81.0,105.0,0.0,20.0,26.0,33.0,4.0
1771501716.5988317,81.0,105.0,0.0,20.0,26.0,34.0,5.0
1771501716.6308942,81.0,106.0,0.0,20.0,27.0,34.0,6.0
1771501716.6624,80.0,105.0,0.0,19.0,25.0,32.0,4.0
1771501716.6938708,80.0,105.0,0.0,20.0,26.0,33.0,5.0
1771501716.7257366,81.0,106.0,0.0,19.0,26.0,33.0,5.0
1771501716.7616737,81.0,108.0,0.0,20.0,27.0,34.0,5.0
1771501716.7899866,82.0,108.0,0.0,21.0,27.0,33.0,4.0
1771501716.8210762,82.0,108.0,0.0,21.0,27.0,34.0,5.0
1771501716.8542957,83.0,109.0,0.0,21.0,28.0,35.0,6.0
1771501716.8869262,84.0,109.0,0.0,21.0,29.0,37.0,7.0
1771501716.918486,84.0,109.0,0.0,22.0,30.0,39.0,7.0
1771501716.9512877,85.0,110.0,0.0,23.0,31.0,40.0,8.0
1771501717.0327947,85.0,110.0,0.0,22.0,31.0,40.0,8.0
1771501717.0527987,85.0,109.0,0.0,22.0,32.0,42.0,10.0
1771501717.101308,84.0,108.0,0.0,22.0,31.0,42.0,10.0
1771501717.131827,86.0,108.0,0.0,24.0,33.0,47.0,11.0
1771501717.1633375,87.0,109.0,0.0,25.0,35.0,52.0,14.0
1771501717.1953378,91.0,113.0,0.0,30.0,40.0,61.0,20.0
1771501717.226346,90.0,111.0,0.0,31.0,42.0,67.0,25.0
1771501717.2566261,88.0,110.0,0.0,31.0,42.0,68.0,25.0
1771501717.289706,88.0,112.0,0.0,33.0,43.0,71.0,27.0
1771501717.3191652,89.0,114.0,0.0,35.0,42.0,72.0,29.0
1771501717.349642,89.0,117.0,11.0,35.0,42.0,72.0,29.0
1771501717.381695,87.0,118.0,11.0,35.0,41.0,71.0,28.0
1771501717.435475,85.0,121.0,48.0,34.0,39.0,69.0,31.0
1771501717.465906,85.0,121.0,41.0,33.0,39.0,68.0,33.0
1771501717.4908123,86.0,120.0,28.0,34.0,40.0,70.0,34.0
1771501717.5467649,85.0,121.0,30.0,33.0,39.0,69.0,36.0
1771501717.5892508,84.0,121.0,10.0,33.0,40.0,71.0,36.0
1771501717.6177938,85.0,125.0,0.0,34.0,41.0,72.0,36.0
1771501717.6479557,88.0,125.0,0.0,38.0,46.0,79.0,40.0
1771501717.6784732,86.0,123.0,0.0,40.0,50.0,81.0,42.0
1771501717.7097638,86.0,127.0,0.0,42.0,53.0,82.0,42.0
1771501717.740788,87.0,130.0,0.0,44.0,55.0,84.0,43.0
1771501717.7739196,87.0,132.0,0.0,46.0,55.0,85.0,44.0
1771501717.8038728,87.0,134.0,0.0,45.0,54.0,83.0,44.0
1771501717.8338397,89.0,137.0,0.0,48.0,58.0,93.0,50.0
1771501717.866373,90.0,135.0,0.0,51.0,63.0,99.0,56.0
1771501717.8973737,91.0,133.0,0.0,52.0,66.0,106.0,59.0
1771501717.9283767,91.0,132.0,0.0,51.0,65.0,105.0,61.0
1771501717.9594595,90.0,129.0,0.0,51.0,66.0,106.0,61.0
1771501717.9795117,91.0,128.0,0.0,53.0,69.0,110.0,63.0
1771501718.0120804,90.0,126.0,0.0,55.0,69.0,110.0,63.0
1771501718.043082,90.0,125.0,0.0,55.0,70.0,110.0,64.0
1771501718.0736158,87.0,122.0,0.0,54.0,68.0,110.0,61.0
1771501718.1056123,88.0,122.0,0.0,56.0,69.0,110.0,62.0
1771501718.1362684,85.0,119.0,0.0,55.0,69.0,108.0,60.0
1771501718.1667228,86.0,118.0,0.0,57.0,71.0,110.0,63.0
1771501718.21343,87.0,118.0,0.0,59.0,73.0,110.0,66.0
1771501718.2474327,84.0,114.0,0.0,59.0,73.0,110.0,66.0
1771501718.2939417,86.0,114.0,0.0,63.0,77.0,110.0,72.0
1771501718.325284,83.0,111.0,0.0,66.0,76.0,110.0,70.0
1771501718.3552518,83.0,110.0,0.0,65.0,76.0,110.0,69.0
1771501718.3858101,85.0,112.0,0.0,70.0,80.0,110.0,75.0
1771501718.4178078,85.0,115.0,0.0,69.0,80.0,110.0,77.0
1771501718.4513562,85.0,114.0,0.0,69.0,80.0,110.0,80.0
1771501718.4818916,86.0,117.0,0.0,68.0,81.0,110.0,82.0
1771501718.5129025,86.0,118.0,0.0,68.0,81.0,110.0,83.0
1771501718.5448918,86.0,119.0,0.0,69.0,82.0,110.0,85.0
1771501718.5744185,83.0,117.0,0.0,69.0,82.0,110.0,83.0
1771501718.6151547,81.0,114.0,0.0,72.0,84.0,110.0,93.0
1771501718.6441548,81.0,113.0,0.0,76.0,86.0,110.0,96.0
1771501718.6766844,82.0,112.0,0.0,78.0,88.0,110.0,97.0
1771501718.728731,82.0,112.0,0.0,79.0,88.0,110.0,99.0
1771501718.752692,82.0,112.0,0.0,80.0,89.0,110.0,100.0
1771501718.7823,82.0,110.0,0.0,81.0,89.0,110.0,100.0
1771501718.812559,82.0,110.0,0.0,81.0,89.0,110.0,99.0
1771501718.845523,85.0,109.0,0.0,84.0,87.0,110.0,100.0
1771501718.8780317,85.0,109.0,0.0,84.0,87.0,110.0,100.0
1771501718.9399648,86.0,109.0,0.0,85.0,87.0,110.0,100.0
1771501718.9725115,85.0,108.0,0.0,84.0,88.0,110.0,100.0
1771501719.0045097,86.0,109.0,0.0,83.0,86.0,110.0,100.0
1771501719.0355086,86.0,110.0,0.0,86.0,87.0,110.0,100.0
1771501719.0678499,84.0,110.0,0.0,85.0,88.0,110.0,100.0
1771501719.0988495,85.0,109.0,0.0,86.0,86.0,110.0,100.0
1771501719.1288514,88.0,110.0,0.0,89.0,85.0,110.0,100.0
1771501719.1599019,87.0,109.0,0.0,90.0,86.0,110.0,100.0
1771501719.1945517,86.0,110.0,0.0,87.0,87.0,110.0,100.0
1771501719.223553,87.0,110.0,0.0,87.0,86.0,110.0,100.0
1771501719.2555575,87.0,109.0,0.0,87.0,86.0,110.0,100.0
1771501719.2870984,86.0,110.0,0.0,84.0,88.0,110.0,100.0
1771501719.3181162,87.0,112.0,0.0,87.0,85.0,110.0,100.0
1771501719.3610806,86.0,112.0,0.0,83.0,87.0,110.0,100.0
1771501719.394329,87.0,113.0,0.0,84.0,86.0,110.0,100.0
1771501719.4257724,87.0,113.0,0.0,85.0,85.0,110.0,100.0
1771501719.4607658,86.0,112.0,0.0,85.0,85.0,110.0,100.0
1771501719.492338,85.0,112.0,0.0,85.0,85.0,110.0,100.0
1771501719.5192962,85.0,112.0,0.0,86.0,85.0,110.0,100.0
1771501719.5583088,85.0,113.0,0.0,83.0,86.0,110.0,100.0
1771501719.5924385,84.0,113.0,0.0,84.0,86.0,110.0,100.0
1771501719.6160827,84.0,113.0,0.0,83.0,86.0,110.0,100.0
1771501719.6471608,85.0,114.0,0.0,82.0,86.0,110.0,100.0
1771501719.6786594,85.0,114.0,0.0,81.0,86.0,110.0,100.0
1771501719.7096667,86.0,114.0,0.0,83.0,85.0,110.0,100.0
1771501719.7397811,85.0,114.0,0.0,83.0,86.0,110.0,100.0
1771501719.7706845,85.0,115.0,0.0,85.0,84.0,110.0,100.0
1771501719.8197036,86.0,116.0,0.0,87.0,83.0,110.0,100.0
1771501719.8486834,87.0,117.0,0.0,86.0,83.0,110.0,100.0
1771501719.879267,87.0,117.0,0.0,89.0,82.0,110.0,100.0
1771501719.911263,87.0,117.0,0.0,91.0,81.0,110.0,100.0
1771501719.9429903,86.0,116.0,0.0,91.0,82.0,110.0,100.0
1771501719.9894226,86.0,117.0,0.0,90.0,82.0,110.0,100.0
1771501720.0240734,84.0,116.0,0.0,91.0,83.0,110.0,100.0
1771501720.056042,84.0,115.0,0.0,90.0,83.0,110.0,100.0
1771501720.0841928,83.0,115.0,0.0,92.0,83.0,110.0,100.0
1771501720.1171923,82.0,116.0,0.0,91.0,83.0,110.0,100.0
1771501720.147205,83.0,115.0,0.0,93.0,83.0,110.0,100.0
1771501720.1767292,82.0,115.0,0.0,91.0,83.0,110.0,100.0
1771501720.2147386,81.0,114.0,0.0,94.0,84.0,110.0,100.0
1771501720.2477355,83.0,116.0,0.0,94.0,82.0,110.0,100.0
1771501720.283259,85.0,117.0,0.0,94.0,82.0,110.0,100.0
1771501720.311423,85.0,116.0,0.0,94.0,81.0,110.0,100.0
1771501720.342418,85.0,116.0,0.0,94.0,81.0,110.0,100.0
1771501720.374962,83.0,115.0,0.0,94.0,82.0,110.0,100.0
1771501720.4219975,84.0,114.0,0.0,94.0,82.0,110.0,100.0
1771501720.4579935,83.0,114.0,0.0,94.0,82.0,110.0,100.0
1771501720.4895117,82.0,114.0,0.0,93.0,83.0,110.0,100.0
1771501720.5205276,82.0,114.0,0.0,94.0,82.0,110.0,100.0
1771501720.5515327,82.0,114.0,0.0,93.0,82.0,110.0,100.0
1771501720.5840547,83.0,114.0,0.0,93.0,82.0,110.0,100.0
1771501720.6140542,85.0,114.0,0.0,94.0,80.0,110.0,100.0
1771501720.6450655,85.0,115.0,0.0,94.0,80.0,110.0,100.0
1771501720.6805592,85.0,116.0,12.0,93.0,80.0,110.0,100.0
1771501720.7095518,86.0,116.0,18.0,94.0,79.0,110.0,100.0
1771501720.7416322,87.0,117.0,37.0,94.0,77.0,110.0,100.0
1771501720.7741416,88.0,116.0,47.0,95.0,77.0,109.0,100.0
1771501720.8059368,88.0,117.0,63.0,95.0,77.0,109.0,100.0
1771501720.8529415,89.0,119.0,71.0,94.0,76.0,107.0,100.0
1771501720.8884554,91.0,121.0,100.0,93.0,73.0,103.0,100.0
1771501720.9084558,91.0,121.0,99.0,93.0,73.0,103.0,100.0
1771501720.9394562,92.0,122.0,100.0,92.0,72.0,102.0,100.0
1771501720.970997,92.0,122.0,100.0,92.0,73.0,103.0,100.0
1771501721.014346,91.0,120.0,97.0,92.0,74.0,103.0,100.0
1771501721.0473523,90.0,120.0,84.0,92.0,74.0,104.0,100.0
1771501721.0798624,90.0,119.0,100.0,92.0,74.0,104.0,100.0
1771501721.1148624,90.0,119.0,84.0,93.0,75.0,106.0,100.0
1771501721.1418822,90.0,119.0,81.0,92.0,74.0,105.0,100.0
1771501721.173419,90.0,119.0,85.0,92.0,74.0,104.0,100.0
1771501721.207432,91.0,119.0,84.0,92.0,73.0,104.0,100.0
1771501721.2374203,91.0,119.0,84.0,92.0,73.0,104.0,100.0
1771501721.2849367,90.0,118.0,80.0,92.0,74.0,105.0,100.0
1771501721.3219652,90.0,118.0,79.0,92.0,74.0,105.0,100.0
1771501721.3449562,91.0,118.0,85.0,92.0,74.0,104.0,100.0
1771501721.3754683,91.0,118.0,92.0,92.0,73.0,103.0,100.0
1771501721.4134655,90.0,118.0,81.0,93.0,74.0,104.0,100.0
1771501721.4464684,90.0,118.0,92.0,93.0,74.0,104.0,100.0
1771501721.4777904,90.0,118.0,88.0,93.0,74.0,103.0,100.0
1771501721.5087826,90.0,117.0,84.0,93.0,74.0,103.0,100.0
1771501721.5437918,92.0,118.0,100.0,92.0,72.0,101.0,100.0
1771501721.573319,91.0,118.0,93.0,92.0,73.0,102.0,100.0
1771501721.6053197,91.0,118.0,94.0,92.0,73.0,102.0,100.0
1771501721.637364,92.0,117.0,76.0,92.0,73.0,103.0,100.0
1771501721.672341,92.0,117.0,93.0,92.0,72.0,101.0,100.0
1771501721.717168,92.0,116.0,67.0,92.0,72.0,102.0,100.0
1771501721.7561717,93.0,116.0,69.0,92.0,72.0,100.0,100.0
1771501721.7811902,93.0,116.0,67.0,92.0,72.0,100.0,100.0
1771501721.8133807,93.0,114.0,76.0,92.0,72.0,101.0,100.0
1771501721.8453743,93.0,115.0,79.0,92.0,72.0,100.0,100.0
1771501721.8781435,94.0,115.0,87.0,92.0,71.0,99.0,100.0
1771501721.9090517,94.0,114.0,84.0,92.0,71.0,99.0,100.0
1771501721.9410508,94.0,115.0,98.0,92.0,70.0,99.0,100.0
1771501721.9759696,94.0,115.0,100.0,92.0,70.0,98.0,100.0
1771501722.0058253,96.0,116.0,100.0,91.0,70.0,98.0,100.0
1771501722.0368235,95.0,115.0,100.0,91.0,71.0,101.0,100.0
1771501722.0713458,94.0,114.0,100.0,90.0,71.0,101.0,100.0
1771501722.100338,94.0,114.0,98.0,89.0,71.0,102.0,100.0
1771501722.1487765,94.0,115.0,97.0,89.0,71.0,102.0,100.0
1771501722.1832917,94.0,115.0,100.0,87.0,71.0,102.0,100.0
1771501722.2173011,97.0,116.0,100.0,85.0,69.0,99.0,100.0
1771501722.2492926,97.0,115.0,100.0,83.0,69.0,100.0,100.0
1771501722.2804608,96.0,115.0,91.0,83.0,69.0,101.0,100.0
1771501722.3104584,95.0,113.0,54.0,83.0,70.0,104.0,100.0
1771501722.3414578,93.0,113.0,46.0,84.0,71.0,106.0,100.0
1771501722.3733213,92.0,112.0,25.0,85.0,73.0,108.0,100.0
1771501722.4093168,94.0,112.0,31.0,84.0,71.0,106.0,100.0
1771501722.43917,93.0,112.0,20.0,85.0,72.0,107.0,100.0
1771501722.4697027,93.0,112.0,20.0,85.0,72.0,107.0,100.0
1771501722.5006962,93.0,112.0,9.0,84.0,72.0,107.0,100.0
1771501722.5327275,92.0,111.0,15.0,85.0,72.0,108.0,100.0
1771501722.5813377,92.0,111.0,4.0,84.0,73.0,109.0,100.0
1771501722.6163442,94.0,113.0,20.0,83.0,71.0,106.0,100.0
1771501722.6452823,92.0,113.0,14.0,84.0,72.0,107.0,100.0
1771501722.6766372,92.0,113.0,29.0,83.0,71.0,106.0,100.0
1771501722.7086408,93.0,114.0,28.0,83.0,71.0,106.0,100.0
1771501722.741641,93.0,114.0,28.0,83.0,71.0,105.0,100.0
1771501722.7751546,93.0,115.0,38.0,83.0,70.0,104.0,100.0
1771501722.807155,92.0,115.0,48.0,84.0,71.0,106.0,100.0
1771501722.8401573,92.0,115.0,50.0,84.0,72.0,108.0,100.0
1771501722.8696687,91.0,114.0,47.0,84.0,73.0,110.0,100.0
1771501722.9016721,91.0,115.0,51.0,85.0,73.0,109.0,100.0
1771501722.9326692,90.0,115.0,47.0,85.0,73.0,110.0,100.0
1771501722.964678,89.0,114.0,43.0,87.0,75.0,110.0,100.0
1771501723.0145226,89.0,115.0,56.0,87.0,75.0,110.0,100.0
1771501723.0495224,89.0,115.0,46.0,88.0,76.0,110.0,100.0
1771501723.080055,87.0,115.0,20.0,90.0,78.0,110.0,99.0
1771501723.110075,85.0,114.0,0.0,94.0,80.0,110.0,98.0
1771501723.144154,82.0,114.0,0.0,97.0,82.0,110.0,97.0
1771501723.1741729,81.0,114.0,0.0,98.0,84.0,110.0,99.0
1771501723.2071724,81.0,115.0,0.0,98.0,83.0,110.0,99.0
1771501723.237256,82.0,116.0,0.0,98.0,83.0,110.0,99.0
1771501723.272661,83.0,116.0,0.0,97.0,81.0,110.0,100.0
1771501723.3056817,83.0,116.0,0.0,96.0,80.0,110.0,100.0
1771501723.339682,85.0,117.0,0.0,95.0,79.0,110.0,100.0
1771501723.3701956,86.0,117.0,0.0,93.0,78.0,110.0,100.0
1771501723.4021955,87.0,116.0,0.0,92.0,78.0,110.0,100.0
1771501723.4452186,86.0,116.0,0.0,93.0,78.0,110.0,100.0
1771501723.480728,86.0,116.0,0.0,92.0,78.0,110.0,100.0
1771501723.510729,86.0,115.0,0.0,91.0,78.0,110.0,100.0
1771501723.5417297,86.0,116.0,0.0,91.0,77.0,110.0,100.0
1771501723.5750797,86.0,115.0,0.0,91.0,76.0,110.0,100.0
1771501723.6050766,88.0,116.0,0.0,90.0,75.0,109.0,100.0
1771501723.6370978,87.0,115.0,0.0,91.0,76.0,110.0,100.0
1771501723.6686285,85.0,113.0,0.0,92.0,78.0,110.0,100.0
1771501723.704629,84.0,112.0,0.0,92.0,78.0,110.0,100.0
1771501723.7326298,83.0,112.0,0.0,93.0,80.0,110.0,100.0
1771501723.764645,82.0,112.0,0.0,94.0,80.0,110.0,100.0
1771501723.7971606,82.0,112.0,0.0,96.0,81.0,110.0,100.0
1771501723.829189,82.0,112.0,0.0,96.0,82.0,110.0,100.0
1771501723.877725,79.0,111.0,0.0,98.0,84.0,110.0,98.0
1771501723.9142582,78.0,111.0,0.0,98.0,85.0,110.0,97.0
1771501723.948267,76.0,110.0,0.0,98.0,87.0,110.0,95.0
1771501723.980734,74.0,109.0,0.0,97.0,87.0,110.0,94.0
1771501724.012267,76.0,111.0,0.0,96.0,86.0,110.0,95.0
1771501724.042791,76.0,112.0,0.0,95.0,86.0,110.0,94.0
1771501724.0753078,75.0,111.0,0.0,95.0,86.0,110.0,93.0
1771501724.1063068,73.0,110.0,0.0,92.0,86.0,110.0,92.0
1771501724.1392632,73.0,111.0,0.0,89.0,85.0,110.0,91.0
1771501724.1707861,74.0,112.0,0.0,87.0,85.0,110.0,90.0
1771501724.200993,73.0,110.0,0.0,86.0,84.0,110.0,88.0
1771501724.2330074,73.0,110.0,0.0,85.0,85.0,110.0,88.0
1771501724.2647529,73.0,110.0,0.0,85.0,88.0,110.0,90.0
1771501724.31033,75.0,111.0,0.0,83.0,90.0,110.0,93.0
1771501724.3471699,74.0,108.0,0.0,80.0,90.0,110.0,91.0
1771501724.4047372,72.0,105.0,0.0,77.0,90.0,110.0,88.0
1771501724.4367466,72.0,104.0,0.0,75.0,89.0,110.0,87.0
1771501724.4682672,71.0,105.0,0.0,72.0,89.0,110.0,85.0
1771501724.5002666,70.0,103.0,0.0,72.0,88.0,110.0,83.0
1771501724.5324216,69.0,103.0,0.0,71.0,87.0,110.0,82.0
1771501724.5614505,69.0,103.0,0.0,72.0,87.0,110.0,83.0
1771501724.5925527,68.0,101.0,0.0,72.0,85.0,110.0,80.0
1771501724.6255474,67.0,100.0,0.0,70.0,84.0,110.0,79.0
1771501724.657551,68.0,101.0,0.0,70.0,84.0,110.0,80.0
1771501724.68806,67.0,102.0,0.0,69.0,83.0,110.0,78.0
1771501724.7190628,68.0,102.0,0.0,69.0,82.0,110.0,79.0
1771501724.7510607,70.0,104.0,0.0,71.0,83.0,110.0,81.0
1771501724.783573,71.0,105.0,0.0,75.0,84.0,110.0,82.0
1771501724.8155966,73.0,105.0,0.0,74.0,84.0,110.0,83.0
1771501724.8475955,72.0,104.0,0.0,76.0,83.0,110.0,84.0
1771501724.8801117,73.0,103.0,0.0,74.0,83.0,110.0,84.0
1771501724.910118,73.0,104.0,0.0,78.0,85.0,110.0,85.0
1771501724.9431098,71.0,104.0,0.0,77.0,84.0,110.0,83.0
1771501724.974729,70.0,104.0,0.0,76.0,84.0,110.0,82.0
1771501725.007729,69.0,102.0,0.0,73.0,83.0,110.0,81.0
1771501725.0377393,71.0,104.0,0.0,79.0,86.0,110.0,87.0
1771501725.0689704,72.0,104.0,0.0,81.0,88.0,110.0,89.0
1771501725.1019657,72.0,104.0,0.0,79.0,87.0,110.0,87.0
1771501725.1409645,72.0,105.0,0.0,79.0,87.0,110.0,88.0
1771501725.1745536,72.0,105.0,0.0,77.0,88.0,110.0,88.0
1771501725.2095242,73.0,106.0,0.0,81.0,89.0,110.0,90.0
1771501725.2425072,74.0,107.0,0.0,80.0,90.0,110.0,91.0
1771501725.274105,75.0,107.0,0.0,85.0,90.0,110.0,93.0
1771501725.3051393,75.0,107.0,0.0,85.0,90.0,110.0,92.0
1771501725.3381126,76.0,108.0,0.0,86.0,90.0,110.0,94.0
1771501725.367983,78.0,110.0,0.0,87.0,89.0,110.0,96.0
1771501725.3990617,77.0,110.0,0.0,87.0,89.0,110.0,95.0
1771501725.4350853,78.0,111.0,0.0,89.0,88.0,110.0,96.0
1771501725.4621012,79.0,111.0,0.0,89.0,87.0,110.0,97.0
1771501725.4936075,78.0,111.0,0.0,87.0,88.0,110.0,96.0
1771501725.5256207,78.0,112.0,0.0,87.0,88.0,110.0,96.0
1771501725.5741553,79.0,112.0,0.0,88.0,87.0,110.0,98.0
1771501725.6082962,79.0,112.0,0.0,88.0,87.0,110.0,98.0
1771501725.64115,78.0,111.0,0.0,87.0,87.0,110.0,98.0
1771501725.6686602,79.0,112.0,0.0,87.0,86.0,110.0,99.0
1771501725.7016656,79.0,111.0,0.0,88.0,86.0,110.0,98.0
1771501725.7345076,79.0,111.0,0.0,89.0,86.0,110.0,98.0
1771501725.7645035,79.0,111.0,0.0,87.0,87.0,110.0,99.0
1771501725.797045,79.0,110.0,0.0,87.0,87.0,110.0,98.0
1771501725.8290474,77.0,110.0,0.0,86.0,88.0,110.0,97.0
1771501725.8670309,76.0,109.0,0.0,86.0,89.0,110.0,96.0
1771501725.8993046,75.0,109.0,0.0,84.0,89.0,110.0,96.0
1771501725.9303896,76.0,108.0,0.0,86.0,89.0,110.0,96.0
1771501725.9634066,77.0,110.0,0.0,86.0,88.0,110.0,98.0
1771501726.0055435,78.0,109.0,0.0,87.0,87.0,110.0,98.0
1771501726.0416586,80.0,111.0,0.0,89.0,85.0,110.0,100.0
1771501726.074194,83.0,114.0,0.0,93.0,82.0,110.0,100.0
1771501726.10421,87.0,116.0,0.0,97.0,78.0,110.0,100.0
1771501726.1371956,88.0,117.0,0.0,95.0,77.0,110.0,100.0
1771501726.168718,87.0,117.0,0.0,96.0,78.0,110.0,100.0
1771501726.2007957,87.0,117.0,0.0,95.0,78.0,110.0,100.0
1771501726.2327907,87.0,117.0,0.0,95.0,79.0,110.0,100.0
1771501726.26279,88.0,117.0,0.0,95.0,78.0,110.0,100.0
1771501726.2980435,88.0,118.0,0.0,95.0,77.0,110.0,100.0
1771501726.3250437,88.0,118.0,0.0,95.0,76.0,110.0,100.0
1771501726.3600507,89.0,119.0,0.0,95.0,76.0,110.0,100.0
1771501726.39121,89.0,119.0,0.0,95.0,76.0,110.0,100.0
1771501726.4382186,88.0,118.0,0.0,95.0,77.0,110.0,100.0
1771501726.4706273,88.0,118.0,0.0,94.0,77.0,110.0,100.0
1771501726.5036328,88.0,118.0,0.0,95.0,76.0,110.0,100.0
1771501726.5356202,87.0,117.0,0.0,95.0,77.0,110.0,100.0
1771501726.5656426,89.0,118.0,0.0,95.0,76.0,110.0,100.0
1771501726.5971708,89.0,117.0,0.0,95.0,78.0,110.0,100.0
1771501726.6301684,88.0,118.0,0.0,96.0,77.0,110.0,100.0
1771501726.6611967,88.0,117.0,0.0,96.0,77.0,110.0,100.0
1771501726.6938324,86.0,116.0,0.0,94.0,79.0,110.0,100.0
1771501726.7288246,86.0,115.0,0.0,93.0,80.0,110.0,100.0
1771501726.7615297,84.0,115.0,0.0,90.0,81.0,110.0,100.0
1771501726.7921598,87.0,116.0,0.0,93.0,79.0,110.0,100.0
1771501726.8241577,84.0,116.0,0.0,86.0,83.0,110.0,100.0
1771501726.8681984,84.0,114.0,0.0,91.0,82.0,110.0,100.0
1771501726.9047763,82.0,115.0,0.0,84.0,85.0,110.0,100.0
1771501726.9347212,81.0,115.0,0.0,83.0,85.0,110.0,100.0
1771501726.9647162,80.0,115.0,0.0,83.0,86.0,110.0,100.0
1771501726.997299,80.0,114.0,0.0,82.0,87.0,110.0,99.0
1771501727.0303187,82.0,115.0,0.0,84.0,86.0,110.0,100.0
1771501727.062301,80.0,113.0,0.0,82.0,87.0,110.0,98.0
1771501727.0958955,80.0,114.0,0.0,83.0,86.0,110.0,100.0
1771501727.1258967,80.0,113.0,0.0,82.0,87.0,110.0,99.0
1771501727.162904,81.0,114.0,0.0,90.0,85.0,110.0,100.0
1771501727.197376,82.0,114.0,0.0,86.0,84.0,110.0,100.0
1771501727.2284713,82.0,116.0,0.0,84.0,84.0,110.0,100.0
1771501727.259473,82.0,115.0,0.0,86.0,84.0,110.0,100.0
1771501727.3010092,85.0,117.0,0.0,91.0,81.0,110.0,100.0
1771501727.3340023,85.0,117.0,0.0,91.0,82.0,110.0,100.0
1771501727.3665566,85.0,117.0,0.0,96.0,80.0,110.0,100.0
1771501727.3981051,85.0,118.0,0.0,94.0,81.0,110.0,100.0
1771501727.4291024,84.0,116.0,0.0,95.0,80.0,110.0,100.0
1771501727.462102,84.0,116.0,0.0,93.0,81.0,110.0,100.0
1771501727.4926279,80.0,114.0,0.0,91.0,84.0,110.0,100.0
1771501727.5266244,80.0,115.0,0.0,89.0,84.0,110.0,100.0
1771501727.5566373,80.0,113.0,0.0,91.0,84.0,110.0,100.0
1771501727.5921566,80.0,114.0,0.0,92.0,84.0,110.0,100.0
1771501727.6211498,80.0,115.0,0.0,91.0,83.0,110.0,100.0
1771501727.6531808,80.0,114.0,0.0,92.0,84.0,110.0,100.0
1771501727.6864657,80.0,116.0,0.0,92.0,83.0,110.0,100.0
1771501727.7334666,80.0,116.0,0.0,93.0,83.0,110.0,100.0
1771501727.7684848,78.0,115.0,0.0,92.0,84.0,110.0,99.0
1771501727.8021362,78.0,115.0,0.0,94.0,83.0,110.0,99.0
1771501727.8361542,79.0,115.0,0.0,95.0,82.0,110.0,100.0
1771501727.8671663,79.0,114.0,0.0,96.0,83.0,110.0,99.0
1771501727.8986719,78.0,113.0,0.0,96.0,83.0,110.0,97.0
1771501727.9296703,76.0,113.0,0.0,97.0,84.0,110.0,95.0
1771501727.959744,76.0,113.0,0.0,95.0,84.0,110.0,95.0
1771501727.9908922,77.0,113.0,0.0,95.0,84.0,110.0,96.0
1771501728.026893,77.0,114.0,0.0,95.0,84.0,110.0,98.0
1771501728.0548933,77.0,115.0,0.0,96.0,84.0,110.0,98.0
1771501728.0879319,78.0,115.0,0.0,95.0,83.0,110.0,99.0
1771501728.1219318,81.0,116.0,0.0,97.0,82.0,110.0,100.0
1771501728.1689367,81.0,115.0,0.0,96.0,81.0,110.0,100.0
1771501728.2024472,81.0,114.0,0.0,97.0,82.0,110.0,100.0
1771501728.234446,79.0,113.0,0.0,97.0,84.0,110.0,98.0
1771501728.2634516,80.0,112.0,0.0,97.0,84.0,110.0,98.0
1771501728.2949696,81.0,112.0,0.0,97.0,82.0,110.0,99.0
1771501728.3259635,79.0,112.0,0.0,97.0,84.0,110.0,97.0
1771501728.3589654,80.0,111.0,0.0,98.0,84.0,110.0,97.0
1771501728.3904743,80.0,110.0,0.0,98.0,84.0,110.0,97.0
1771501728.4224753,80.0,110.0,0.0,99.0,83.0,110.0,97.0
1771501728.4584808,82.0,111.0,0.0,98.0,81.0,110.0,100.0
1771501728.4880025,81.0,111.0,0.0,98.0,83.0,110.0,100.0
1771501728.5180092,81.0,111.0,0.0,97.0,82.0,110.0,100.0
1771501728.5520048,80.0,110.0,0.0,97.0,83.0,110.0,100.0
1771501728.6309729,79.0,109.0,0.0,97.0,83.0,110.0,99.0
1771501728.6509705,79.0,109.0,0.0,96.0,83.0,110.0,99.0
1771501728.6814835,79.0,109.0,0.0,97.0,83.0,110.0,98.0
1771501728.712481,77.0,108.0,0.0,97.0,85.0,110.0,97.0
1771501728.7444804,77.0,107.0,0.0,98.0,85.0,110.0,96.0
1771501728.7749937,77.0,107.0,0.0,98.0,85.0,110.0,96.0
1771501728.8069935,76.0,108.0,0.0,98.0,86.0,110.0,95.0
1771501728.8390033,76.0,107.0,0.0,98.0,86.0,110.0,95.0
1771501728.870997,75.0,106.0,0.0,99.0,87.0,110.0,94.0
1771501728.9010625,74.0,105.0,0.0,99.0,87.0,110.0,93.0
1771501728.9331448,73.0,105.0,0.0,99.0,88.0,110.0,92.0
1771501728.9651494,74.0,106.0,0.0,99.0,88.0,110.0,92.0
1771501729.0290194,75.0,107.0,0.0,99.0,88.0,110.0,93.0
1771501729.0620253,75.0,106.0,0.0,99.0,88.0,110.0,94.0
1771501729.0915282,75.0,107.0,0.0,99.0,87.0,110.0,94.0
1771501729.1225297,75.0,106.0,0.0,98.0,87.0,110.0,95.0
1771501729.1530375,76.0,108.0,0.0,98.0,86.0,110.0,96.0
1771501729.1850512,76.0,108.0,12.0,97.0,86.0,110.0,96.0
1771501729.2150512,76.0,108.0,30.0,97.0,86.0,110.0,96.0
1771501729.2470534,77.0,109.0,74.0,96.0,85.0,110.0,95.0
1771501729.277656,78.0,109.0,86.0,95.0,84.0,110.0,96.0
1771501729.310661,78.0,110.0,91.0,94.0,84.0,110.0,96.0
1771501729.3416061,79.0,109.0,100.0,93.0,83.0,110.0,97.0
1771501729.3726325,79.0,109.0,80.0,93.0,83.0,110.0,97.0
1771501729.4137237,80.0,110.0,86.0,93.0,83.0,110.0,98.0
1771501729.4617567,79.0,109.0,79.0,94.0,83.0,110.0,98.0
1771501729.4942796,80.0,110.0,91.0,94.0,84.0,110.0,97.0
1771501729.5252795,79.0,109.0,93.0,94.0,84.0,110.0,97.0
1771501729.5558517,79.0,109.0,89.0,94.0,84.0,110.0,97.0
1771501729.586474,79.0,110.0,77.0,94.0,84.0,110.0,97.0
1771501729.617441,79.0,110.0,88.0,94.0,84.0,110.0,98.0
1771501729.6463463,81.0,111.0,94.0,93.0,83.0,110.0,98.0
1771501729.6803055,80.0,110.0,99.0,93.0,83.0,110.0,98.0
1771501729.7128649,81.0,110.0,97.0,93.0,83.0,110.0,98.0
1771501729.7425914,80.0,110.0,94.0,93.0,84.0,110.0,97.0
1771501729.7791927,80.0,110.0,74.0,93.0,84.0,110.0,97.0
1771501729.8212621,79.0,109.0,89.0,93.0,84.0,110.0,96.0
1771501729.8482742,79.0,109.0,85.0,93.0,85.0,110.0,96.0
1771501729.8957796,78.0,108.0,100.0,93.0,85.0,110.0,95.0
1771501729.929812,79.0,108.0,97.0,93.0,85.0,110.0,95.0
1771501729.9588838,79.0,107.0,92.0,94.0,85.0,110.0,95.0
1771501729.990136,79.0,109.0,100.0,93.0,85.0,110.0,96.0
1771501730.0231285,77.0,108.0,85.0,94.0,85.0,110.0,95.0
1771501730.0541382,79.0,109.0,100.0,93.0,84.0,110.0,96.0
1771501730.0853076,79.0,108.0,100.0,94.0,85.0,110.0,94.0
1771501730.1163304,78.0,108.0,96.0,93.0,86.0,110.0,93.0
1771501730.1483326,79.0,108.0,100.0,93.0,86.0,110.0,94.0
1771501730.1794446,78.0,108.0,100.0,94.0,86.0,110.0,93.0
1771501730.2144344,78.0,108.0,100.0,93.0,85.0,110.0,94.0
1771501730.246443,78.0,107.0,100.0,94.0,86.0,110.0,94.0
1771501730.2779915,78.0,108.0,100.0,93.0,86.0,110.0,94.0
1771501730.3269916,77.0,107.0,100.0,94.0,86.0,110.0,95.0
1771501730.3590016,77.0,107.0,100.0,93.0,86.0,110.0,94.0
1771501730.3815255,77.0,107.0,100.0,93.0,86.0,110.0,94.0
1771501730.4110222,78.0,107.0,99.0,93.0,86.0,110.0,94.0
1771501730.4420302,77.0,107.0,90.0,94.0,86.0,110.0,93.0
1771501730.4748137,78.0,107.0,100.0,93.0,85.0,110.0,94.0
1771501730.5057583,77.0,106.0,92.0,93.0,86.0,110.0,94.0
1771501730.5368278,77.0,106.0,92.0,94.0,86.0,110.0,93.0
1771501730.5678866,77.0,106.0,89.0,94.0,86.0,110.0,93.0
1771501730.6165159,79.0,107.0,100.0,93.0,85.0,110.0,95.0
1771501730.6455183,78.0,107.0,87.0,93.0,86.0,110.0,94.0
1771501730.6780324,77.0,107.0,100.0,94.0,86.0,110.0,95.0
1771501730.7120337,78.0,107.0,93.0,93.0,86.0,110.0,95.0
1771501730.7600393,77.0,107.0,94.0,94.0,86.0,110.0,95.0
1771501730.7885723,78.0,107.0,100.0,93.0,85.0,110.0,95.0
1771501730.817555,78.0,107.0,100.0,93.0,85.0,110.0,95.0
1771501730.8495946,78.0,107.0,93.0,94.0,86.0,110.0,95.0
1771501730.8792353,78.0,107.0,100.0,94.0,86.0,110.0,95.0
1771501730.9102426,77.0,107.0,100.0,94.0,86.0,110.0,95.0
1771501730.9412274,78.0,108.0,100.0,93.0,85.0,110.0,95.0
1771501730.9719193,77.0,107.0,96.0,94.0,86.0,110.0,94.0
1771501731.0165372,77.0,107.0,100.0,94.0,86.0,110.0,95.0
1771501731.050435,77.0,106.0,100.0,94.0,86.0,110.0,94.0
1771501731.0779965,77.0,107.0,100.0,94.0,86.0,110.0,94.0
1771501731.1119962,77.0,107.0,100.0,94.0,86.0,110.0,94.0
1771501731.1580486,77.0,108.0,100.0,94.0,86.0,110.0,94.0
1771501731.19164,77.0,107.0,100.0,94.0,86.0,110.0,94.0
1771501731.2186873,78.0,107.0,100.0,94.0,86.0,110.0,94.0
1771501731.2497234,77.0,107.0,100.0,94.0,86.0,110.0,94.0
1771501731.3459766,77.0,107.0,100.0,94.0,86.0,110.0,94.0
1771501731.3786662,77.0,107.0,100.0,94.0,86.0,110.0,94.0
1771501731.4076078,76.0,107.0,100.0,93.0,86.0,110.0,94.0
1771501731.4376068,77.0,106.0,100.0,94.0,86.0,110.0,95.0
1771501731.4697049,77.0,107.0,100.0,93.0,86.0,110.0,94.0
1771501731.501408,76.0,106.0,100.0,94.0,86.0,110.0,95.0
1771501731.5323608,76.0,107.0,100.0,94.0,86.0,110.0,95.0
1771501731.5634787,76.0,106.0,100.0,93.0,86.0,110.0,95.0
1771501731.5949833,76.0,106.0,100.0,93.0,86.0,110.0,94.0
1771501731.6279514,76.0,107.0,100.0,93.0,86.0,110.0,94.0
1771501731.659001,76.0,106.0,100.0,93.0,86.0,110.0,94.0
1771501731.6908407,75.0,106.0,100.0,93.0,86.0,110.0,94.0
1771501731.7223961,76.0,107.0,100.0,93.0,86.0,110.0,94.0
1771501731.755216,76.0,107.0,100.0,93.0,86.0,110.0,95.0
1771501731.7868407,76.0,107.0,100.0,94.0,86.0,110.0,94.0
1771501731.8178408,76.0,107.0,100.0,94.0,86.0,110.0,95.0
1771501731.8588405,77.0,106.0,100.0,94.0,86.0,110.0,94.0
1771501731.8814468,76.0,107.0,100.0,93.0,86.0,110.0,94.0
1771501731.9124458,76.0,106.0,100.0,93.0,86.0,110.0,95.0
1771501731.9444568,76.0,107.0,100.0,93.0,86.0,110.0,95.0
1771501731.976099,76.0,106.0,100.0,93.0,85.0,110.0,94.0
1771501732.009099,75.0,106.0,100.0,93.0,86.0,110.0,94.0
1771501732.0421414,75.0,106.0,100.0,92.0,86.0,110.0,94.0
1771501732.0711029,75.0,105.0,100.0,93.0,86.0,110.0,93.0
1771501732.1026616,76.0,105.0,100.0,93.0,86.0,110.0,93.0
1771501732.13417,76.0,106.0,100.0,93.0,86.0,110.0,94.0
1771501732.1662939,76.0,106.0,100.0,93.0,86.0,110.0,94.0
1771501732.1968331,76.0,106.0,100.0,93.0,86.0,110.0,94.0
1771501732.2289805,75.0,106.0,94.0,93.0,86.0,110.0,95.0
1771501732.259357,75.0,105.0,100.0,94.0,86.0,110.0,95.0
1771501732.2915792,76.0,106.0,100.0,93.0,85.0,110.0,95.0
1771501732.3235574,75.0,105.0,100.0,93.0,86.0,110.0,94.0
1771501732.3525846,76.0,106.0,100.0,94.0,86.0,110.0,94.0
1771501732.3842669,76.0,106.0,100.0,93.0,86.0,110.0,94.0
1771501732.4162655,77.0,107.0,100.0,94.0,86.0,110.0,94.0
1771501732.4949303,76.0,107.0,100.0,93.0,85.0,110.0,95.0
1771501732.5239573,76.0,107.0,100.0,93.0,86.0,110.0,95.0
1771501732.5549095,76.0,106.0,100.0,93.0,86.0,110.0,95.0
1771501732.5855737,76.0,106.0,100.0,93.0,86.0,110.0,94.0
1771501732.617568,76.0,106.0,100.0,93.0,85.0,110.0,94.0
1771501732.648566,76.0,106.0,99.0,92.0,86.0,110.0,95.0
1771501732.6803179,75.0,106.0,100.0,92.0,85.0,110.0,94.0
1771501732.7124803,75.0,106.0,99.0,93.0,86.0,110.0,94.0
1771501732.7430782,76.0,106.0,98.0,92.0,85.0,110.0,95.0
1771501732.7756484,75.0,106.0,95.0,92.0,85.0,110.0,95.0
1771501732.8056738,75.0,106.0,97.0,92.0,85.0,110.0,95.0
1771501732.8371403,76.0,106.0,100.0,93.0,86.0,110.0,95.0
1771501732.8697426,75.0,106.0,97.0,92.0,85.0,110.0,95.0
1771501732.9012475,76.0,106.0,86.0,93.0,86.0,110.0,94.0
1771501732.933246,76.0,106.0,100.0,93.0,86.0,110.0,95.0
1771501732.9642942,76.0,106.0,97.0,93.0,86.0,110.0,94.0
1771501732.995799,76.0,106.0,100.0,93.0,85.0,110.0,95.0
1771501733.028801,76.0,107.0,100.0,93.0,86.0,110.0,94.0
1771501733.0587995,75.0,106.0,98.0,92.0,86.0,110.0,94.0
1771501733.0904467,75.0,106.0,96.0,92.0,86.0,110.0,93.0
1771501733.121429,75.0,106.0,98.0,93.0,86.0,110.0,94.0
1771501733.1524312,76.0,105.0,100.0,93.0,86.0,110.0,94.0
1771501733.1839893,76.0,106.0,98.0,93.0,85.0,110.0,95.0
1771501733.2159693,76.0,106.0,100.0,93.0,86.0,110.0,94.0
1771501733.247219,77.0,106.0,100.0,92.0,85.0,110.0,95.0
1771501733.2791271,76.0,106.0,91.0,92.0,85.0,110.0,94.0
1771501733.356138,77.0,106.0,100.0,93.0,86.0,110.0,94.0
1771501733.3891459,76.0,106.0,82.0,92.0,86.0,110.0,94.0
1771501733.4200978,77.0,106.0,100.0,92.0,86.0,110.0,95.0
1771501733.4520972,75.0,106.0,93.0,92.0,85.0,110.0,94.0
1771501733.483605,76.0,107.0,98.0,92.0,85.0,110.0,95.0
1771501733.5156038,76.0,106.0,83.0,92.0,85.0,110.0,94.0
1771501733.5456023,76.0,106.0,82.0,91.0,85.0,110.0,94.0
1771501733.577162,76.0,106.0,69.0,92.0,85.0,110.0,94.0
1771501733.6081822,76.0,106.0,100.0,92.0,85.0,110.0,95.0
1771501733.6410227,76.0,106.0,85.0,92.0,86.0,110.0,93.0
1771501733.6730509,76.0,107.0,100.0,92.0,85.0,110.0,95.0
1771501733.7017446,77.0,106.0,100.0,92.0,86.0,110.0,94.0
1771501733.7348406,75.0,106.0,87.0,92.0,85.0,110.0,95.0
1771501733.7638443,75.0,107.0,80.0,92.0,85.0,110.0,94.0
1771501733.7943811,75.0,105.0,89.0,92.0,86.0,110.0,94.0
1771501733.826356,75.0,106.0,71.0,93.0,86.0,110.0,93.0
1771501733.8568988,75.0,106.0,83.0,92.0,85.0,110.0,94.0
1771501733.888935,76.0,106.0,80.0,93.0,85.0,110.0,94.0
1771501733.920854,76.0,105.0,90.0,92.0,86.0,110.0,94.0
1771501733.9508507,76.0,106.0,100.0,93.0,86.0,110.0,94.0
1771501733.98237,75.0,106.0,88.0,92.0,85.0,110.0,95.0
1771501734.0133688,75.0,106.0,87.0,92.0,85.0,110.0,95.0
1771501734.0453708,75.0,107.0,97.0,93.0,86.0,110.0,94.0
1771501734.0733757,75.0,106.0,99.0,94.0,86.0,110.0,95.0
1771501734.1039062,76.0,106.0,100.0,94.0,86.0,110.0,95.0
1771501734.133888,76.0,107.0,100.0,94.0,86.0,110.0,95.0
1771501734.183424,77.0,106.0,100.0,94.0,86.0,110.0,95.0
1771501734.2174284,77.0,106.0,100.0,93.0,86.0,110.0,95.0
1771501734.250426,77.0,106.0,97.0,93.0,85.0,110.0,95.0
1771501734.2819376,77.0,105.0,94.0,94.0,86.0,110.0,93.0
1771501734.3129578,77.0,106.0,100.0,94.0,85.0,110.0,95.0
1771501734.3436103,77.0,106.0,100.0,94.0,86.0,110.0,95.0
1771501734.375204,78.0,106.0,100.0,94.0,86.0,110.0,94.0
1771501734.4067152,78.0,107.0,100.0,94.0,86.0,110.0,95.0
1771501734.4397142,77.0,107.0,100.0,93.0,86.0,110.0,94.0
1771501734.4687424,77.0,106.0,100.0,93.0,86.0,110.0,95.0
1771501734.50425,77.0,106.0,100.0,94.0,86.0,110.0,94.0
1771501734.5345762,77.0,107.0,100.0,94.0,86.0,110.0,94.0
1771501734.5685892,77.0,106.0,100.0,94.0,86.0,110.0,94.0
1771501734.6141222,77.0,106.0,100.0,94.0,86.0,110.0,94.0
1771501734.6461086,78.0,107.0,100.0,94.0,85.0,110.0,95.0
1771501734.6784425,77.0,106.0,100.0,94.0,86.0,110.0,95.0
1771501734.7146966,76.0,106.0,100.0,93.0,86.0,110.0,95.0
1771501734.7447066,76.0,105.0,100.0,93.0,86.0,110.0,95.0
1771501734.7754374,76.0,105.0,88.0,93.0,86.0,110.0,95.0
1771501734.807968,76.0,106.0,100.0,93.0,86.0,110.0,95.0
1771501734.8382971,77.0,106.0,100.0,93.0,85.0,110.0,95.0
1771501734.8703234,76.0,105.0,100.0,94.0,86.0,110.0,94.0
1771501734.9019384,77.0,106.0,100.0,94.0,86.0,110.0,95.0
1771501734.9369333,76.0,105.0,97.0,93.0,86.0,110.0,95.0
1771501734.9699721,76.0,106.0,100.0,94.0,86.0,110.0,95.0
1771501735.0017061,76.0,106.0,100.0,93.0,86.0,110.0,95.0
1771501735.0485165,76.0,107.0,100.0,94.0,85.0,110.0,95.0
1771501735.0800338,78.0,107.0,100.0,93.0,85.0,110.0,95.0
1771501735.111067,76.0,107.0,100.0,94.0,85.0,110.0,95.0
1771501735.1435075,76.0,107.0,100.0,93.0,85.0,110.0,95.0
1771501735.1750789,76.0,107.0,100.0,93.0,85.0,110.0,95.0
1771501735.2363,76.0,106.0,95.0,93.0,85.0,110.0,95.0
1771501735.2703047,75.0,106.0,89.0,92.0,85.0,110.0,95.0
1771501735.3008227,76.0,106.0,100.0,93.0,85.0,110.0,94.0
1771501735.3318226,75.0,106.0,90.0,92.0,85.0,110.0,94.0
1771501735.3638246,76.0,105.0,94.0,92.0,86.0,110.0,94.0
1771501735.394378,75.0,105.0,91.0,92.0,86.0,110.0,94.0
1771501735.4263792,76.0,106.0,100.0,93.0,86.0,110.0,94.0
1771501735.4573965,77.0,106.0,98.0,93.0,86.0,110.0,94.0
1771501735.4895682,77.0,106.0,100.0,94.0,86.0,110.0,94.0
1771501735.520591,76.0,105.0,91.0,92.0,86.0,110.0,94.0
1771501735.552568,77.0,106.0,98.0,93.0,86.0,110.0,94.0
1771501735.5831134,77.0,106.0,93.0,92.0,85.0,110.0,95.0
1771501735.6151123,76.0,106.0,62.0,92.0,85.0,110.0,96.0
1771501735.6461112,76.0,106.0,65.0,92.0,85.0,110.0,96.0
1771501735.6786494,76.0,106.0,63.0,92.0,85.0,110.0,94.0
1771501735.7106469,76.0,105.0,81.0,92.0,86.0,110.0,94.0
1771501735.7386494,76.0,105.0,77.0,92.0,86.0,110.0,95.0
1771501735.7696507,77.0,106.0,90.0,93.0,86.0,110.0,95.0
1771501735.802193,77.0,106.0,94.0,93.0,86.0,110.0,94.0
1771501735.8311658,77.0,107.0,80.0,93.0,85.0,110.0,95.0
1771501735.8612108,77.0,107.0,75.0,93.0,86.0,110.0,94.0
1771501735.908758,76.0,107.0,71.0,93.0,86.0,110.0,94.0
1771501735.9424498,75.0,106.0,86.0,94.0,86.0,110.0,93.0
1771501735.973454,76.0,107.0,66.0,94.0,86.0,110.0,94.0
1771501736.008546,75.0,107.0,40.0,95.0,86.0,110.0,93.0
1771501736.0401163,74.0,106.0,1.0,95.0,87.0,110.0,93.0
1771501736.072123,74.0,107.0,0.0,94.0,87.0,110.0,94.0
1771501736.1016862,75.0,107.0,0.0,95.0,87.0,110.0,93.0
1771501736.1357012,73.0,105.0,0.0,94.0,87.0,110.0,91.0
1771501736.168709,71.0,104.0,0.0,94.0,87.0,110.0,87.0
1771501736.198245,68.0,102.0,0.0,90.0,84.0,110.0,83.0
1771501736.2312427,68.0,102.0,0.0,90.0,84.0,110.0,83.0
1771501736.2612982,66.0,101.0,0.0,88.0,83.0,110.0,81.0
1771501736.293834,67.0,103.0,0.0,89.0,84.0,110.0,82.0
1771501736.3418097,66.0,102.0,0.0,88.0,83.0,110.0,80.0
1771501736.3748193,66.0,102.0,0.0,88.0,83.0,110.0,80.0
1771501736.40923,65.0,102.0,0.0,87.0,81.0,110.0,78.0
1771501736.4402368,65.0,103.0,0.0,84.0,81.0,110.0,78.0
1771501736.471243,65.0,104.0,0.0,81.0,80.0,110.0,77.0
1771501736.5028043,64.0,103.0,0.0,78.0,79.0,110.0,75.0
1771501736.5348651,63.0,104.0,0.0,74.0,78.0,110.0,73.0
1771501736.5660164,63.0,105.0,5.0,69.0,77.0,110.0,73.0
1771501736.5994482,65.0,109.0,31.0,63.0,77.0,110.0,71.0
1771501736.6304467,67.0,110.0,59.0,58.0,77.0,110.0,73.0
1771501736.672653,67.0,109.0,60.0,59.0,76.0,110.0,72.0
1771501736.7041728,69.0,109.0,74.0,55.0,75.0,110.0,71.0
1771501736.7371716,67.0,109.0,73.0,57.0,74.0,110.0,69.0
1771501736.7731743,67.0,110.0,75.0,59.0,74.0,110.0,68.0
1771501736.806242,67.0,111.0,80.0,58.0,73.0,110.0,68.0
1771501736.8372688,69.0,111.0,93.0,56.0,74.0,110.0,70.0
1771501736.8752468,67.0,111.0,89.0,59.0,74.0,110.0,67.0
1771501736.9018047,68.0,111.0,84.0,58.0,74.0,110.0,69.0
1771501736.9338043,68.0,111.0,85.0,57.0,74.0,110.0,69.0
1771501736.964831,68.0,111.0,92.0,58.0,73.0,110.0,68.0
1771501736.9974194,68.0,111.0,95.0,57.0,73.0,110.0,68.0
1771501737.0312018,68.0,110.0,81.0,56.0,73.0,110.0,68.0
1771501737.0628898,68.0,110.0,100.0,57.0,73.0,110.0,68.0
1771501737.1005042,68.0,110.0,100.0,59.0,73.0,110.0,67.0
1771501737.130502,68.0,110.0,100.0,59.0,73.0,110.0,67.0
1771501737.1755457,68.0,110.0,100.0,57.0,72.0,110.0,66.0
1771501737.2064986,68.0,110.0,100.0,56.0,71.0,110.0,65.0
1771501737.2412152,68.0,111.0,100.0,57.0,71.0,110.0,64.0
1771501737.2734058,68.0,110.0,100.0,57.0,69.0,108.0,61.0
1771501737.3067544,67.0,109.0,100.0,58.0,67.0,105.0,57.0
1771501737.3357544,65.0,108.0,100.0,55.0,64.0,98.0,50.0
1771501737.3657582,67.0,111.0,100.0,53.0,63.0,96.0,50.0
1771501737.40027,70.0,115.0,100.0,53.0,60.0,94.0,48.0
1771501737.430267,70.0,118.0,100.0,51.0,59.0,91.0,46.0
1771501737.4622672,71.0,120.0,100.0,51.0,56.0,88.0,44.0
1771501737.4947877,72.0,121.0,100.0,54.0,54.0,83.0,40.0
1771501737.528096,72.0,122.0,100.0,51.0,52.0,82.0,37.0
1771501737.5576777,71.0,126.0,100.0,47.0,48.0,74.0,31.0
1771501737.605837,73.0,128.0,100.0,47.0,45.0,68.0,30.0
1771501737.641816,77.0,131.0,100.0,47.0,46.0,70.0,33.0
1771501737.6753309,80.0,135.0,100.0,46.0,47.0,70.0,34.0
1771501737.7069392,79.0,133.0,100.0,43.0,45.0,67.0,31.0
1771501737.7382286,82.0,131.0,100.0,42.0,45.0,68.0,36.0
1771501737.7702754,82.0,132.0,100.0,43.0,45.0,66.0,32.0
1771501737.8018086,83.0,133.0,100.0,42.0,44.0,64.0,32.0
1771501737.833805,81.0,128.0,100.0,39.0,42.0,60.0,30.0
1771501737.8657532,84.0,132.0,100.0,40.0,42.0,61.0,32.0
1771501737.895942,86.0,135.0,100.0,41.0,42.0,61.0,34.0
1771501737.9277582,84.0,130.0,100.0,38.0,40.0,58.0,32.0
1771501737.9616058,84.0,128.0,100.0,38.0,39.0,57.0,32.0
1771501737.9910548,85.0,127.0,100.0,39.0,39.0,58.0,29.0
1771501738.038054,87.0,129.0,100.0,40.0,41.0,61.0,30.0
1771501738.0760589,87.0,130.0,100.0,40.0,41.0,61.0,28.0
1771501738.1036189,87.0,130.0,100.0,40.0,41.0,60.0,26.0
1771501738.133749,89.0,131.0,100.0,43.0,43.0,63.0,28.0
1771501738.1697495,88.0,129.0,100.0,41.0,40.0,59.0,23.0
1771501738.1980455,88.0,128.0,100.0,41.0,40.0,58.0,22.0
1771501738.2311387,90.0,128.0,75.0,43.0,43.0,60.0,23.0
1771501738.268094,90.0,126.0,74.0,40.0,42.0,58.0,21.0
1771501738.2936044,89.0,124.0,57.0,37.0,41.0,55.0,19.0
1771501738.3255847,88.0,123.0,10.0,35.0,38.0,52.0,17.0
1771501738.3586032,88.0,123.0,0.0,32.0,37.0,51.0,15.0
1771501738.39124,89.0,124.0,0.0,31.0,37.0,51.0,14.0
1771501738.4222414,89.0,123.0,0.0,28.0,36.0,50.0,13.0
1771501738.4700391,88.0,123.0,0.0,27.0,35.0,46.0,11.0
1771501738.5145102,90.0,124.0,0.0,28.0,36.0,48.0,12.0
1771501738.5375092,89.0,122.0,0.0,26.0,35.0,46.0,11.0
1771501738.5679922,90.0,123.0,0.0,27.0,35.0,47.0,12.0
1771501738.6015224,90.0,123.0,0.0,27.0,35.0,48.0,12.0
1771501738.634659,91.0,122.0,0.0,27.0,35.0,49.0,12.0
1771501738.6636055,91.0,123.0,0.0,28.0,35.0,48.0,12.0
1771501738.6972628,92.0,125.0,0.0,30.0,36.0,49.0,12.0
1771501738.726264,92.0,124.0,0.0,29.0,36.0,50.0,13.0
1771501738.7583346,94.0,125.0,0.0,31.0,38.0,54.0,15.0
1771501738.7899299,94.0,124.0,0.0,31.0,38.0,56.0,16.0
1771501738.8246267,95.0,124.0,0.0,31.0,38.0,58.0,18.0
1771501738.8536859,94.0,124.0,0.0,31.0,38.0,57.0,17.0
1771501738.902097,94.0,123.0,0.0,29.0,37.0,59.0,17.0
1771501738.9340749,95.0,125.0,0.0,28.0,38.0,63.0,18.0
1771501738.9649725,95.0,128.0,0.0,27.0,37.0,62.0,18.0
1771501738.9975512,95.0,129.0,0.0,26.0,36.0,62.0,18.0
1771501739.0340223,94.0,127.0,0.0,25.0,36.0,62.0,18.0
1771501739.0667598,95.0,128.0,0.0,29.0,39.0,65.0,20.0
1771501739.1002152,96.0,129.0,0.0,29.0,40.0,66.0,22.0
1771501739.1291242,95.0,129.0,0.0,29.0,39.0,65.0,21.0
1771501739.1601532,96.0,130.0,0.0,30.0,40.0,66.0,22.0
1771501739.1906376,96.0,129.0,0.0,29.0,39.0,65.0,21.0
1771501739.2216957,96.0,129.0,0.0,27.0,38.0,65.0,21.0
1771501739.2566662,97.0,130.0,0.0,29.0,39.0,65.0,21.0
1771501739.2859461,96.0,128.0,0.0,27.0,38.0,64.0,21.0
1771501739.334956,96.0,129.0,0.0,27.0,38.0,64.0,21.0
1771501739.3659446,96.0,128.0,0.0,28.0,38.0,64.0,21.0
1771501739.4001102,95.0,125.0,0.0,26.0,37.0,62.0,20.0
1771501739.430087,95.0,127.0,0.0,26.0,37.0,63.0,20.0
1771501739.4664845,96.0,126.0,0.0,26.0,37.0,63.0,21.0
1771501739.494212,96.0,128.0,0.0,27.0,38.0,62.0,20.0
1771501739.52635,96.0,127.0,0.0,26.0,37.0,63.0,21.0
1771501739.558329,96.0,126.0,0.0,27.0,38.0,64.0,21.0
1771501739.5898705,98.0,128.0,0.0,30.0,39.0,65.0,22.0
1771501739.621873,97.0,128.0,0.0,30.0,40.0,65.0,21.0
1771501739.6528983,96.0,127.0,0.0,30.0,39.0,64.0,20.0
1771501739.6905031,96.0,126.0,0.0,28.0,38.0,63.0,20.0
1771501739.7224464,96.0,126.0,0.0,29.0,39.0,64.0,20.0
1771501739.766466,97.0,126.0,0.0,30.0,40.0,65.0,22.0
1771501739.8011022,97.0,125.0,0.0,31.0,40.0,64.0,21.0
1771501739.8330805,97.0,125.0,0.0,32.0,41.0,65.0,21.0
1771501739.8640425,95.0,122.0,0.0,29.0,39.0,63.0,20.0
1771501739.8967905,95.0,123.0,0.0,28.0,38.0,61.0,19.0
1771501739.926738,96.0,124.0,0.0,29.0,39.0,63.0,20.0
1771501739.956734,96.0,124.0,0.0,28.0,38.0,63.0,20.0
1771501739.990339,95.0,122.0,0.0,27.0,38.0,62.0,20.0
1771501740.0221663,96.0,123.0,0.0,30.0,39.0,62.0,19.0
1771501740.0543382,95.0,121.0,0.0,29.0,38.0,59.0,18.0
1771501740.085852,95.0,121.0,0.0,29.0,38.0,60.0,18.0
1771501740.1208518,95.0,122.0,0.0,28.0,38.0,59.0,18.0
1771501740.1498768,95.0,121.0,0.0,29.0,38.0,60.0,18.0
1771501740.231404,95.0,122.0,0.0,29.0,38.0,59.0,17.0
1771501740.2574446,95.0,121.0,0.0,28.0,37.0,58.0,17.0
1771501740.2870784,95.0,121.0,0.0,28.0,37.0,59.0,18.0
1771501740.3200119,95.0,121.0,0.0,28.0,38.0,59.0,17.0
1771501740.3506386,94.0,120.0,0.0,28.0,37.0,59.0,17.0
1771501740.3892846,94.0,120.0,0.0,28.0,38.0,58.0,17.0
1771501740.4132123,94.0,120.0,0.0,29.0,38.0,59.0,18.0
1771501740.4452507,95.0,120.0,0.0,28.0,38.0,59.0,17.0
1771501740.4772654,94.0,120.0,0.0,28.0,38.0,58.0,17.0
1771501740.5083892,94.0,120.0,0.0,28.0,38.0,59.0,17.0
1771501740.5403643,93.0,119.0,0.0,27.0,36.0,57.0,15.0
1771501740.5703857,93.0,119.0,0.0,27.0,37.0,57.0,16.0
1771501740.6300557,94.0,120.0,0.0,29.0,38.0,59.0,17.0
1771501740.6959379,94.0,121.0,0.0,28.0,37.0,58.0,17.0
1771501740.7351298,94.0,121.0,0.0,28.0,38.0,58.0,16.0
1771501740.7591295,94.0,120.0,0.0,27.0,37.0,58.0,16.0
1771501740.788686,94.0,120.0,0.0,28.0,38.0,59.0,17.0
1771501740.820684,93.0,119.0,0.0,28.0,38.0,58.0,16.0
1771501740.851187,93.0,119.0,0.0,27.0,37.0,57.0,16.0
1771501740.8820043,93.0,119.0,0.0,27.0,37.0,57.0,16.0
1771501740.9131746,92.0,118.0,0.0,27.0,37.0,56.0,15.0
1771501740.9436648,94.0,119.0,0.0,28.0,37.0,58.0,16.0
1771501740.974669,93.0,118.0,0.0,26.0,37.0,57.0,16.0
1771501741.0058773,94.0,119.0,0.0,28.0,37.0,57.0,16.0
1771501741.0367417,93.0,119.0,0.0,27.0,37.0,57.0,16.0
1771501741.0677419,94.0,120.0,0.0,28.0,38.0,58.0,16.0
1771501741.0992565,93.0,119.0,0.0,27.0,37.0,57.0,16.0
1771501741.1302557,94.0,119.0,0.0,28.0,37.0,57.0,16.0
1771501741.1622577,94.0,120.0,0.0,27.0,37.0,58.0,16.0
1771501741.1937711,94.0,119.0,0.0,28.0,38.0,58.0,17.0
1771501741.2237904,94.0,119.0,0.0,27.0,37.0,57.0,17.0
1771501741.2567914,92.0,116.0,0.0,26.0,36.0,56.0,15.0
1771501741.2883284,93.0,117.0,0.0,27.0,37.0,57.0,16.0
1771501741.3193278,94.0,119.0,0.0,28.0,38.0,57.0,16.0
1771501741.3503509,95.0,119.0,0.0,29.0,39.0,59.0,17.0
1771501741.3813772,93.0,118.0,0.0,28.0,37.0,56.0,15.0
1771501741.4169595,95.0,120.0,0.0,28.0,38.0,55.0,15.0
1771501741.4479697,93.0,117.0,0.0,29.0,38.0,56.0,14.0
1771501741.4935172,94.0,118.0,0.0,28.0,36.0,54.0,13.0
1771501741.527712,94.0,119.0,0.0,27.0,36.0,53.0,12.0
1771501741.5527127,94.0,118.0,0.0,27.0,36.0,53.0,12.0
1771501741.5852742,94.0,117.0,0.0,26.0,36.0,52.0,13.0
1771501741.6192741,93.0,115.0,0.0,26.0,35.0,52.0,12.0
1771501741.6472747,93.0,116.0,0.0,26.0,36.0,53.0,13.0
1771501741.678304,95.0,119.0,0.0,27.0,36.0,54.0,13.0
1771501741.7088404,96.0,121.0,0.0,28.0,37.0,54.0,13.0
1771501741.7388403,96.0,120.0,0.0,26.0,36.0,53.0,13.0
1771501741.7698932,97.0,121.0,0.0,28.0,38.0,55.0,14.0
1771501741.8159966,97.0,122.0,0.0,28.0,38.0,56.0,14.0
1771501741.8479981,96.0,121.0,0.0,27.0,36.0,55.0,13.0
1771501741.8783894,97.0,123.0,0.0,27.0,36.0,55.0,13.0
1771501741.9270298,97.0,125.0,0.0,28.0,37.0,56.0,14.0
1771501741.9600077,96.0,124.0,0.0,26.0,36.0,55.0,14.0
1771501741.9893138,97.0,124.0,0.0,28.0,38.0,58.0,15.0
1771501742.0212336,98.0,125.0,0.0,29.0,38.0,57.0,15.0
1771501742.056482,96.0,124.0,0.0,28.0,37.0,56.0,13.0
1771501742.086037,96.0,124.0,0.0,27.0,36.0,55.0,13.0
1771501742.1169991,95.0,122.0,0.0,26.0,35.0,54.0,12.0
1771501742.1490026,95.0,121.0,0.0,26.0,35.0,54.0,13.0
1771501742.1780055,94.0,120.0,0.0,27.0,35.0,53.0,11.0
1771501742.2165358,93.0,119.0,0.0,27.0,35.0,52.0,12.0
1771501742.2463486,93.0,120.0,0.0,26.0,34.0,52.0,11.0
1771501742.2829425,92.0,118.0,0.0,26.0,34.0,52.0,11.0
1771501742.3171234,93.0,120.0,0.0,26.0,34.0,52.0,11.0
1771501742.3581078,92.0,120.0,0.0,27.0,35.0,52.0,11.0
1771501742.381275,92.0,119.0,0.0,27.0,34.0,52.0,11.0
1771501742.4124444,92.0,119.0,0.0,28.0,35.0,53.0,11.0
1771501742.442395,93.0,121.0,0.0,29.0,36.0,54.0,13.0
1771501742.4744637,94.0,121.0,0.0,30.0,37.0,56.0,15.0
1771501742.5049653,94.0,121.0,0.0,32.0,38.0,56.0,14.0
1771501742.5355616,94.0,121.0,0.0,32.0,38.0,56.0,15.0
1771501742.5676682,95.0,122.0,0.0,32.0,38.0,56.0,15.0
1771501742.6167307,94.0,121.0,0.0,31.0,37.0,55.0,14.0
1771501742.645919,94.0,121.0,0.0,33.0,38.0,56.0,15.0
1771501742.6771002,95.0,122.0,0.0,32.0,37.0,55.0,14.0
1771501742.7127151,95.0,122.0,0.0,32.0,38.0,56.0,15.0
1771501742.7417028,94.0,122.0,0.0,32.0,38.0,55.0,15.0
1771501742.790451,95.0,123.0,0.0,32.0,38.0,55.0,15.0
1771501742.818421,94.0,122.0,0.0,32.0,37.0,55.0,14.0
1771501742.8494372,95.0,124.0,0.0,33.0,38.0,55.0,14.0
1771501742.878836,95.0,122.0,0.0,33.0,38.0,55.0,14.0
1771501742.9118943,94.0,121.0,0.0,32.0,38.0,55.0,14.0
1771501742.943894,95.0,122.0,0.0,33.0,38.0,55.0,14.0
1771501742.9749217,95.0,123.0,0.0,33.0,39.0,55.0,14.0
1771501743.0134308,94.0,122.0,0.0,33.0,38.0,54.0,14.0
1771501743.0486424,94.0,122.0,0.0,31.0,38.0,54.0,13.0
1771501743.0777152,94.0,122.0,0.0,31.0,38.0,54.0,14.0
1771501743.1091917,95.0,122.0,0.0,32.0,38.0,54.0,13.0
1771501743.1421933,96.0,124.0,0.0,34.0,39.0,55.0,14.0
1771501743.1924114,96.0,124.0,0.0,33.0,39.0,56.0,14.0
1771501743.2264915,95.0,123.0,0.0,33.0,39.0,56.0,14.0
1771501743.2574131,95.0,123.0,0.0,32.0,39.0,56.0,14.0
1771501743.2890534,96.0,124.0,0.0,32.0,39.0,56.0,14.0
1771501743.319706,96.0,124.0,0.0,32.0,39.0,56.0,14.0
1771501743.3517244,96.0,123.0,0.0,32.0,39.0,56.0,14.0
1771501743.3819692,96.0,124.0,0.0,32.0,39.0,56.0,14.0
1771501743.4134812,96.0,124.0,0.0,32.0,39.0,57.0,14.0
1771501743.446572,96.0,126.0,0.0,32.0,39.0,57.0,14.0
1771501743.489183,94.0,123.0,0.0,31.0,38.0,55.0,13.0
1771501743.521696,96.0,125.0,0.0,32.0,39.0,56.0,13.0
1771501743.5537388,95.0,124.0,0.0,31.0,38.0,56.0,13.0
1771501743.5847838,96.0,124.0,0.0,31.0,39.0,56.0,13.0
1771501743.622375,96.0,125.0,0.0,31.0,39.0,57.0,14.0
1771501743.6554155,96.0,125.0,0.0,32.0,39.0,56.0,13.0
1771501743.6787179,96.0,124.0,0.0,31.0,39.0,56.0,13.0
1771501743.7091439,95.0,123.0,0.0,30.0,38.0,56.0,12.0
1771501743.7401452,95.0,122.0,0.0,31.0,39.0,57.0,13.0
1771501743.7712362,96.0,123.0,0.0,31.0,39.0,57.0,14.0
1771501743.814911,96.0,123.0,0.0,31.0,39.0,57.0,14.0
1771501743.8459105,96.0,123.0,0.0,31.0,39.0,56.0,13.0
1771501743.87994,95.0,122.0,0.0,31.0,39.0,56.0,13.0
1771501743.9095109,96.0,123.0,0.0,31.0,39.0,57.0,14.0
1771501743.9425147,95.0,122.0,0.0,31.0,39.0,57.0,14.0
1771501743.973571,95.0,122.0,0.0,31.0,39.0,56.0,13.0
1771501744.0081,95.0,122.0,0.0,31.0,39.0,56.0,14.0
1771501744.053912,96.0,123.0,0.0,31.0,39.0,57.0,14.0
1771501744.0914223,95.0,123.0,0.0,31.0,39.0,57.0,14.0
1771501744.114428,95.0,123.0,0.0,31.0,39.0,56.0,14.0
1771501744.1474214,95.0,122.0,0.0,31.0,39.0,56.0,14.0
1771501744.17745,96.0,123.0,0.0,31.0,39.0,56.0,14.0
1771501744.2179961,95.0,122.0,0.0,32.0,39.0,57.0,14.0
1771501744.2499845,96.0,124.0,0.0,32.0,39.0,56.0,14.0
1771501744.278064,95.0,122.0,0.0,31.0,39.0,56.0,14.0
1771501744.309521,95.0,122.0,0.0,31.0,39.0,56.0,14.0
1771501744.3467462,96.0,122.0,0.0,31.0,39.0,57.0,14.0
1771501744.379841,95.0,121.0,0.0,31.0,39.0,56.0,13.0
1771501744.4093666,95.0,123.0,0.0,31.0,38.0,56.0,13.0
1771501744.4423466,95.0,122.0,0.0,31.0,39.0,56.0,13.0
1771501744.485711,96.0,124.0,0.0,31.0,39.0,56.0,13.0
1771501744.5202105,96.0,123.0,0.0,31.0,39.0,57.0,13.0
1771501744.5512738,96.0,123.0,0.0,31.0,39.0,56.0,13.0
1771501744.5823002,95.0,122.0,0.0,31.0,39.0,56.0,13.0
1771501744.6167634,95.0,122.0,0.0,31.0,38.0,56.0,13.0
1771501744.647755,95.0,122.0,0.0,31.0,39.0,56.0,13.0
1771501744.6797583,96.0,123.0,0.0,32.0,39.0,57.0,14.0
1771501744.7093363,95.0,122.0,0.0,31.0,39.0,57.0,13.0
1771501744.7423394,95.0,122.0,0.0,30.0,38.0,56.0,13.0
1771501744.7753582,95.0,123.0,0.0,31.0,38.0,56.0,13.0
1771501744.8088677,95.0,123.0,0.0,31.0,39.0,56.0,13.0
1771501744.8378887,96.0,124.0,0.0,32.0,39.0,57.0,14.0
1771501744.8796787,95.0,122.0,0.0,31.0,39.0,57.0,14.0
1771501744.9182377,96.0,122.0,0.0,31.0,39.0,57.0,14.0
1771501744.9502375,95.0,122.0,0.0,30.0,39.0,57.0,13.0
1771501744.9732668,95.0,121.0,0.0,31.0,39.0,57.0,13.0
1771501745.0144718,96.0,123.0,0.0,32.0,39.0,58.0,14.0
1771501745.046474,95.0,121.0,0.0,31.0,39.0,57.0,13.0
1771501745.0794775,95.0,122.0,0.0,31.0,39.0,57.0,14.0
1771501745.1098204,95.0,121.0,0.0,31.0,39.0,57.0,14.0
1771501745.1420093,95.0,122.0,0.0,31.0,39.0,56.0,13.0
1771501745.1724334,95.0,122.0,0.0,31.0,39.0,56.0,13.0
1771501745.2048585,95.0,122.0,0.0,31.0,39.0,57.0,14.0
1771501745.2378566,95.0,121.0,0.0,31.0,39.0,57.0,14.0
1771501745.2688549,96.0,123.0,0.0,31.0,39.0,57.0,14.0
1771501745.3049533,95.0,121.0,0.0,32.0,40.0,57.0,14.0
1771501745.3499458,95.0,122.0,0.0,31.0,40.0,57.0,14.0
1771501745.3819423,96.0,123.0,0.0,31.0,39.0,57.0,14.0
1771501745.413481,95.0,121.0,0.0,31.0,39.0,56.0,14.0
1771501745.4453347,95.0,122.0,0.0,32.0,39.0,57.0,14.0
1771501745.477384,95.0,121.0,0.0,31.0,39.0,56.0,14.0
1771501745.5139384,96.0,122.0,0.0,31.0,39.0,57.0,14.0
1771501745.5409384,95.0,121.0,0.0,31.0,39.0,57.0,14.0
1771501745.5739453,96.0,123.0,0.0,31.0,39.0,57.0,14.0
1771501745.6061134,96.0,122.0,0.0,31.0,39.0,57.0,14.0
1771501745.639114,95.0,121.0,0.0,31.0,39.0,56.0,14.0
1771501745.6691153,95.0,121.0,0.0,31.0,39.0,57.0,14.0
1771501745.701668,95.0,121.0,0.0,31.0,39.0,57.0,14.0
1771501745.7366467,95.0,122.0,0.0,32.0,39.0,56.0,14.0
1771501745.7816494,96.0,122.0,0.0,31.0,39.0,57.0,14.0
1771501745.8172376,95.0,123.0,0.0,32.0,40.0,57.0,14.0
1771501745.8482196,95.0,122.0,0.0,32.0,40.0,57.0,14.0
1771501745.8782227,96.0,123.0,0.0,32.0,40.0,57.0,14.0
1771501745.9087286,96.0,123.0,0.0,32.0,40.0,57.0,15.0
1771501745.9457545,95.0,122.0,0.0,31.0,39.0,56.0,14.0
1771501745.975757,96.0,123.0,0.0,32.0,40.0,57.0,15.0
1771501746.0052705,96.0,123.0,0.0,32.0,40.0,56.0,14.0
1771501746.0411482,95.0,123.0,0.0,31.0,39.0,56.0,14.0
1771501746.071463,95.0,121.0,0.0,31.0,39.0,56.0,14.0
1771501746.1019764,96.0,124.0,0.0,32.0,39.0,56.0,14.0
1771501746.1340063,95.0,122.0,0.0,31.0,39.0,56.0,14.0
1771501746.1659772,96.0,123.0,0.0,31.0,39.0,56.0,14.0
1771501746.2144828,95.0,123.0,0.0,32.0,39.0,56.0,14.0
1771501746.246483,96.0,122.0,0.0,31.0,39.0,56.0,14.0
1771501746.2775066,96.0,123.0,0.0,32.0,40.0,56.0,14.0
1771501746.3090541,96.0,123.0,0.0,32.0,40.0,56.0,14.0
1771501746.3410485,96.0,122.0,0.0,31.0,39.0,57.0,14.0
1771501746.3790326,96.0,122.0,0.0,32.0,39.0,57.0,14.0
1771501746.4105408,96.0,123.0,0.0,32.0,39.0,56.0,14.0
1771501746.4415371,96.0,123.0,0.0,32.0,40.0,57.0,14.0
1771501746.4735377,95.0,122.0,0.0,31.0,39.0,56.0,13.0
1771501746.503557,96.0,124.0,0.0,32.0,39.0,56.0,13.0
1771501746.5365663,95.0,122.0,0.0,31.0,39.0,56.0,13.0
1771501746.5665674,95.0,121.0,0.0,31.0,39.0,56.0,14.0
1771501746.5990746,96.0,124.0,0.0,31.0,39.0,56.0,13.0
1771501746.6465926,95.0,123.0,0.0,30.0,38.0,55.0,13.0
1771501746.679614,96.0,124.0,0.0,32.0,39.0,56.0,14.0
1771501746.710128,95.0,123.0,0.0,31.0,38.0,55.0,13.0
1771501746.7412324,96.0,123.0,0.0,32.0,39.0,56.0,14.0
1771501746.7737217,95.0,123.0,0.0,31.0,38.0,55.0,13.0
1771501746.810559,95.0,123.0,0.0,31.0,39.0,55.0,13.0
1771501746.8374174,95.0,122.0,0.0,31.0,39.0,56.0,13.0
1771501746.8700461,95.0,121.0,0.0,30.0,39.0,56.0,13.0
1771501746.9015234,95.0,122.0,0.0,30.0,39.0,56.0,13.0
1771501746.9348445,95.0,123.0,0.0,31.0,39.0,56.0,13.0
1771501746.9675782,95.0,123.0,0.0,31.0,38.0,56.0,13.0
1771501746.9975524,94.0,121.0,0.0,31.0,38.0,55.0,13.0
1771501747.0330367,94.0,121.0,0.0,31.0,38.0,55.0,13.0
1771501747.0782182,96.0,123.0,0.0,31.0,39.0,57.0,13.0
1771501747.111367,96.0,123.0,0.0,32.0,39.0,56.0,13.0
1771501747.145408,95.0,122.0,0.0,31.0,38.0,56.0,13.0
1771501747.1762218,95.0,122.0,0.0,31.0,39.0,56.0,13.0
1771501747.2083876,95.0,122.0,0.0,30.0,38.0,56.0,13.0
1771501747.2403893,95.0,122.0,0.0,31.0,39.0,56.0,13.0
1771501747.2704258,96.0,123.0,0.0,31.0,39.0,58.0,14.0
1771501747.3020818,96.0,123.0,0.0,30.0,39.0,57.0,14.0
1771501747.3340917,95.0,123.0,0.0,30.0,38.0,56.0,14.0
1771501747.365111,95.0,122.0,0.0,29.0,38.0,56.0,14.0
1771501747.3987665,96.0,123.0,0.0,31.0,39.0,57.0,14.0
1771501747.4296281,96.0,124.0,0.0,30.0,39.0,56.0,13.0
1771501747.4657533,95.0,123.0,0.0,30.0,39.0,56.0,13.0
1771501747.5095093,96.0,123.0,0.0,30.0,39.0,57.0,13.0
1771501747.5445392,95.0,122.0,0.0,31.0,39.0,57.0,14.0
1771501747.5798156,96.0,123.0,0.0,30.0,39.0,57.0,14.0
1771501747.613555,96.0,123.0,0.0,31.0,40.0,58.0,15.0
1771501747.6435683,96.0,123.0,0.0,31.0,40.0,58.0,15.0
1771501747.674561,97.0,125.0,0.0,31.0,40.0,58.0,15.0
1771501747.706101,96.0,123.0,0.0,31.0,39.0,57.0,15.0
1771501747.7390947,96.0,123.0,0.0,32.0,40.0,58.0,15.0
1771501747.7693093,95.0,123.0,0.0,31.0,39.0,57.0,15.0
1771501747.8004472,96.0,123.0,0.0,31.0,39.0,57.0,15.0
1771501747.8324356,97.0,124.0,0.0,33.0,41.0,58.0,16.0
1771501747.8632793,97.0,124.0,0.0,33.0,41.0,60.0,17.0
1771501747.8959126,96.0,123.0,0.0,32.0,40.0,58.0,16.0
1771501747.9412372,97.0,124.0,0.0,32.0,40.0,58.0,16.0
1771501747.9771574,96.0,123.0,0.0,32.0,40.0,58.0,15.0
1771501748.005844,96.0,124.0,0.0,31.0,39.0,58.0,16.0
1771501748.0379353,97.0,125.0,0.0,33.0,41.0,59.0,16.0
1771501748.068937,97.0,124.0,0.0,32.0,40.0,58.0,17.0
1771501748.1024728,96.0,124.0,0.0,33.0,40.0,58.0,16.0
1771501748.1344736,97.0,124.0,0.0,33.0,40.0,59.0,17.0
1771501748.165473,95.0,121.0,0.0,31.0,39.0,57.0,15.0
1771501748.1978102,96.0,123.0,0.0,31.0,39.0,58.0,15.0
1771501748.2288318,96.0,123.0,0.0,31.0,39.0,57.0,15.0
1771501748.260808,96.0,123.0,0.0,32.0,40.0,58.0,16.0
1771501748.2933686,96.0,123.0,0.0,32.0,40.0,58.0,16.0
1771501748.3274622,95.0,122.0,0.0,31.0,39.0,56.0,15.0
1771501748.373834,95.0,123.0,0.0,31.0,39.0,57.0,14.0
1771501748.4075153,96.0,123.0,0.0,32.0,40.0,57.0,15.0
1771501748.441497,95.0,122.0,0.0,31.0,39.0,56.0,14.0
1771501748.4724991,96.0,122.0,0.0,32.0,40.0,58.0,15.0
1771501748.5034132,95.0,122.0,0.0,32.0,39.0,56.0,15.0
1771501748.5340416,96.0,122.0,0.0,32.0,40.0,57.0,15.0
1771501748.5670192,96.0,123.0,0.0,33.0,40.0,57.0,15.0
1771501748.5975506,95.0,121.0,0.0,30.0,39.0,56.0,14.0
1771501748.632571,95.0,121.0,0.0,31.0,39.0,57.0,15.0
1771501748.6605768,94.0,119.0,0.0,29.0,38.0,55.0,14.0
1771501748.6931932,95.0,121.0,0.0,31.0,39.0,57.0,15.0
1771501748.7247746,96.0,123.0,0.0,31.0,39.0,57.0,15.0
1771501748.7758126,96.0,123.0,0.0,31.0,39.0,57.0,15.0
1771501748.805944,95.0,121.0,0.0,31.0,39.0,57.0,15.0
1771501748.8371177,96.0,123.0,0.0,32.0,40.0,58.0,16.0
1771501748.8701851,95.0,121.0,0.0,31.0,39.0,57.0,15.0
1771501748.9018679,96.0,122.0,0.0,32.0,40.0,58.0,16.0
1771501748.9391284,95.0,122.0,0.0,31.0,39.0,57.0,15.0
1771501748.9721785,96.0,122.0,0.0,32.0,40.0,58.0,16.0
1771501749.0037217,96.0,123.0,0.0,32.0,40.0,58.0,16.0
1771501749.0338566,95.0,121.0,0.0,31.0,39.0,57.0,15.0
1771501749.0648563,96.0,123.0,0.0,31.0,39.0,58.0,15.0
1771501749.0963674,96.0,123.0,0.0,31.0,39.0,58.0,15.0
1771501749.1273687,96.0,123.0,0.0,31.0,40.0,58.0,15.0
1771501749.1573703,96.0,123.0,0.0,32.0,40.0,59.0,16.0
1771501749.2079709,96.0,122.0,0.0,32.0,40.0,58.0,15.0
1771501749.2409728,96.0,123.0,0.0,32.0,40.0,58.0,15.0
1771501749.2699733,96.0,123.0,0.0,31.0,40.0,58.0,15.0
1771501749.3014917,96.0,123.0,0.0,32.0,40.0,58.0,15.0
1771501749.332535,95.0,122.0,0.0,31.0,39.0,57.0,15.0
1771501749.3655431,95.0,120.0,0.0,31.0,39.0,57.0,15.0
1771501749.399076,95.0,122.0,0.0,31.0,39.0,57.0,15.0
1771501749.4301255,95.0,121.0,0.0,31.0,39.0,57.0,15.0
1771501749.461129,96.0,123.0,0.0,31.0,40.0,58.0,15.0
1771501749.49264,96.0,122.0,0.0,31.0,39.0,57.0,15.0
1771501749.52466,97.0,124.0,0.0,31.0,40.0,58.0,15.0
1771501749.5566568,96.0,122.0,0.0,30.0,40.0,58.0,15.0
1771501749.5896406,98.0,125.0,0.0,31.0,40.0,59.0,16.0
1771501749.6402054,100.0,126.0,0.0,32.0,41.0,60.0,17.0
1771501749.6729932,100.0,124.0,0.0,32.0,41.0,60.0,17.0
1771501749.7036138,100.0,124.0,0.0,32.0,41.0,60.0,17.0
1771501749.7352428,100.0,124.0,0.0,31.0,40.0,60.0,16.0
1771501749.7652462,100.0,124.0,0.0,30.0,40.0,60.0,16.0
1771501749.797781,101.0,126.0,0.0,31.0,40.0,59.0,15.0
1771501749.8307781,101.0,125.0,0.0,33.0,41.0,60.0,15.0
1771501749.860781,100.0,123.0,0.0,32.0,40.0,59.0,15.0
1771501749.89333,100.0,123.0,0.0,32.0,41.0,59.0,15.0
1771501749.9265661,100.0,123.0,0.0,32.0,40.0,59.0,15.0
1771501749.9582431,99.0,123.0,0.0,31.0,40.0,58.0,14.0
1771501749.9890165,100.0,124.0,0.0,32.0,40.0,59.0,15.0
1771501750.0227625,101.0,125.0,0.0,32.0,40.0,58.0,14.0
1771501750.0697637,101.0,124.0,0.0,33.0,41.0,60.0,15.0
1771501750.102303,100.0,123.0,0.0,32.0,40.0,59.0,14.0
1771501750.1342807,99.0,121.0,0.0,31.0,40.0,58.0,14.0
1771501750.165284,99.0,122.0,0.0,31.0,40.0,59.0,15.0
1771501750.1998162,99.0,122.0,0.0,30.0,39.0,57.0,13.0
1771501750.231818,98.0,121.0,0.0,31.0,40.0,58.0,14.0
1771501750.2938101,98.0,121.0,0.0,29.0,39.0,57.0,13.0
1771501750.3248155,97.0,120.0,0.0,30.0,38.0,56.0,13.0
1771501750.3568344,97.0,120.0,0.0,30.0,38.0,56.0,13.0
1771501750.3876295,96.0,119.0,0.0,30.0,38.0,56.0,13.0
1771501750.418912,97.0,120.0,0.0,29.0,38.0,56.0,13.0
1771501750.4501567,96.0,119.0,0.0,28.0,37.0,54.0,12.0
1771501750.4820678,97.0,120.0,0.0,29.0,37.0,54.0,12.0
1771501750.5126956,96.0,120.0,0.0,29.0,37.0,54.0,12.0
1771501750.5446699,97.0,119.0,0.0,29.0,38.0,54.0,13.0
1771501750.575706,97.0,120.0,0.0,28.0,38.0,55.0,13.0
1771501750.6073928,96.0,119.0,0.0,30.0,38.0,54.0,12.0
1771501750.6393611,97.0,120.0,0.0,29.0,38.0,55.0,13.0
1771501750.670323,96.0,120.0,0.0,29.0,38.0,55.0,13.0
1771501750.7021556,96.0,118.0,0.0,29.0,38.0,55.0,13.0
1771501750.7321525,95.0,119.0,0.0,28.0,37.0,54.0,12.0
1771501750.7631927,96.0,119.0,0.0,29.0,38.0,55.0,13.0
1771501750.7937517,96.0,119.0,0.0,29.0,38.0,56.0,14.0
1771501750.8257654,96.0,120.0,0.0,29.0,38.0,55.0,13.0
1771501750.8557906,95.0,119.0,0.0,28.0,37.0,55.0,13.0
1771501750.8888881,95.0,118.0,0.0,30.0,39.0,56.0,14.0
1771501750.9340487,95.0,119.0,0.0,29.0,38.0,56.0,14.0
1771501750.9670281,96.0,120.0,0.0,29.0,38.0,57.0,14.0
1771501750.9991424,97.0,120.0,0.0,29.0,38.0,57.0,14.0
1771501751.0311074,96.0,120.0,0.0,29.0,38.0,57.0,14.0
1771501751.0621424,96.0,121.0,0.0,28.0,38.0,57.0,13.0
1771501751.0936542,96.0,121.0,0.0,28.0,37.0,56.0,13.0
1771501751.1296613,96.0,121.0,0.0,29.0,38.0,56.0,13.0
1771501751.158321,96.0,122.0,0.0,31.0,39.0,58.0,15.0
1771501751.1895514,96.0,122.0,0.0,29.0,38.0,57.0,14.0
1771501751.2222142,97.0,121.0,0.0,29.0,38.0,58.0,15.0
1771501751.2532156,97.0,122.0,0.0,30.0,39.0,59.0,15.0
1771501751.2862177,97.0,122.0,0.0,30.0,39.0,58.0,14.0
1771501751.3184228,96.0,121.0,0.0,29.0,38.0,57.0,14.0
1771501751.3674319,97.0,122.0,0.0,29.0,38.0,57.0,15.0
1771501751.3981328,97.0,122.0,0.0,28.0,38.0,57.0,15.0
1771501751.4300857,97.0,122.0,0.0,28.0,38.0,57.0,15.0
1771501751.4620945,96.0,122.0,0.0,30.0,39.0,58.0,15.0
1771501751.49364,96.0,122.0,0.0,28.0,38.0,57.0,14.0
1771501751.5246694,97.0,123.0,0.0,29.0,39.0,58.0,15.0
1771501751.5597014,96.0,122.0,0.0,29.0,39.0,58.0,15.0
1771501751.592709,97.0,123.0,0.0,31.0,39.0,58.0,15.0
1771501751.623338,97.0,122.0,0.0,31.0,40.0,58.0,15.0
1771501751.654923,97.0,123.0,0.0,30.0,39.0,59.0,15.0
1771501751.685931,97.0,123.0,0.0,30.0,40.0,59.0,16.0
1771501751.7175193,96.0,122.0,0.0,31.0,40.0,59.0,15.0
1771501751.7485685,97.0,123.0,0.0,31.0,40.0,59.0,16.0
1771501751.8316648,97.0,122.0,0.0,31.0,40.0,60.0,17.0
1771501751.8586144,97.0,122.0,0.0,31.0,40.0,59.0,16.0
1771501751.8890133,98.0,123.0,0.0,31.0,40.0,60.0,16.0
1771501751.921161,98.0,124.0,0.0,32.0,41.0,60.0,17.0
1771501751.9522069,98.0,123.0,0.0,31.0,40.0,59.0,16.0
1771501751.9851599,97.0,122.0,0.0,31.0,40.0,59.0,16.0
1771501752.014595,98.0,124.0,0.0,31.0,40.0,60.0,16.0
1771501752.046726,98.0,124.0,0.0,32.0,40.0,60.0,16.0
1771501752.0771856,98.0,123.0,0.0,31.0,40.0,60.0,16.0
1771501752.1087346,98.0,123.0,0.0,31.0,40.0,60.0,16.0
1771501752.1397352,98.0,123.0,0.0,31.0,40.0,60.0,16.0
1771501752.1697347,98.0,122.0,0.0,32.0,41.0,59.0,16.0
1771501752.231345,96.0,119.0,0.0,30.0,40.0,58.0,15.0
1771501752.2643254,96.0,121.0,0.0,29.0,39.0,57.0,14.0
1771501752.2954962,96.0,121.0,0.0,29.0,39.0,57.0,14.0
1771501752.3280191,96.0,120.0,0.0,30.0,39.0,57.0,14.0
1771501752.3580883,95.0,120.0,0.0,30.0,38.0,56.0,14.0
1771501752.3891113,96.0,121.0,0.0,31.0,39.0,55.0,14.0
1771501752.4214861,95.0,121.0,0.0,31.0,39.0,56.0,14.0
1771501752.4534867,94.0,120.0,0.0,31.0,38.0,54.0,14.0
1771501752.4834926,94.0,120.0,0.0,30.0,38.0,54.0,13.0
1771501752.5144942,95.0,120.0,0.0,31.0,39.0,54.0,14.0
1771501752.5444942,93.0,118.0,0.0,29.0,38.0,52.0,13.0
1771501752.573935,92.0,118.0,0.0,27.0,36.0,48.0,11.0
1771501752.616449,89.0,117.0,0.0,27.0,33.0,44.0,8.0
1771501752.6656058,87.0,115.0,0.0,24.0,32.0,41.0,6.0
1771501752.6991496,88.0,116.0,0.0,26.0,33.0,43.0,8.0
1771501752.730175,87.0,115.0,0.0,25.0,32.0,41.0,6.0
1771501752.7621446,88.0,116.0,0.0,26.0,33.0,43.0,8.0
1771501752.7931557,88.0,115.0,0.0,25.0,32.0,42.0,7.0
1771501752.823066,87.0,115.0,0.0,26.0,32.0,42.0,7.0
1771501752.8540564,87.0,114.0,0.0,25.0,31.0,42.0,7.0
1771501752.8860965,87.0,116.0,0.0,25.0,32.0,41.0,7.0
1771501752.9176328,87.0,115.0,0.0,25.0,32.0,42.0,7.0
1771501752.9486322,86.0,114.0,0.0,24.0,31.0,41.0,6.0
1771501752.9796526,87.0,115.0,0.0,25.0,32.0,42.0,7.0
1771501753.025074,86.0,114.0,0.0,24.0,32.0,42.0,7.0
1771501753.0580883,87.0,116.0,0.0,25.0,32.0,43.0,7.0
1771501753.094596,87.0,117.0,0.0,25.0,32.0,43.0,7.0
1771501753.127601,87.0,116.0,0.0,25.0,32.0,42.0,6.0
1771501753.1516523,87.0,116.0,0.0,26.0,31.0,41.0,6.0
1771501753.1826751,86.0,114.0,0.0,24.0,31.0,41.0,6.0
1771501753.2121933,86.0,115.0,0.0,24.0,32.0,42.0,6.0
1771501753.2446043,87.0,116.0,0.0,25.0,32.0,42.0,7.0
1771501753.2770238,87.0,115.0,0.0,25.0,32.0,42.0,7.0
1771501753.3075542,86.0,115.0,0.0,25.0,32.0,42.0,7.0
1771501753.3365345,88.0,116.0,0.0,26.0,33.0,44.0,8.0
1771501753.3680456,88.0,115.0,0.0,26.0,33.0,46.0,8.0
1771501753.4136467,88.0,116.0,0.0,25.0,33.0,45.0,8.0
1771501753.44781,88.0,116.0,0.0,26.0,34.0,46.0,8.0
1771501753.4788365,87.0,115.0,0.0,25.0,33.0,44.0,7.0
1771501753.52647,88.0,115.0,0.0,25.0,33.0,45.0,8.0
1771501753.5584717,88.0,115.0,0.0,25.0,34.0,45.0,8.0
1771501753.5894735,88.0,115.0,0.0,25.0,34.0,45.0,8.0
1771501753.619986,88.0,117.0,0.0,26.0,34.0,44.0,7.0
1771501753.6509883,88.0,116.0,0.0,26.0,34.0,46.0,8.0
1771501753.6838982,88.0,116.0,0.0,26.0,33.0,45.0,8.0
1771501753.716952,87.0,115.0,0.0,25.0,33.0,44.0,7.0
1771501753.7469535,88.0,116.0,0.0,26.0,34.0,46.0,8.0
1771501753.7779522,89.0,116.0,0.0,26.0,34.0,46.0,8.0
1771501753.814486,89.0,117.0,0.0,27.0,34.0,46.0,9.0
1771501753.845506,89.0,117.0,0.0,26.0,34.0,45.0,8.0
1771501753.8775225,89.0,116.0,0.0,26.0,34.0,45.0,9.0
1771501753.9090524,90.0,117.0,0.0,27.0,34.0,46.0,9.0
1771501753.9597812,89.0,116.0,0.0,26.0,34.0,46.0,9.0
1771501753.9917905,90.0,118.0,0.0,27.0,34.0,46.0,9.0
1771501754.0123618,90.0,117.0,0.0,27.0,34.0,46.0,9.0
1771501754.0443397,90.0,117.0,0.0,27.0,34.0,46.0,9.0
1771501754.0753436,90.0,117.0,0.0,27.0,35.0,47.0,9.0
1771501754.1068878,89.0,117.0,0.0,27.0,34.0,47.0,9.0
1771501754.1388967,89.0,116.0,0.0,26.0,34.0,46.0,9.0
1771501754.1679013,90.0,117.0,0.0,27.0,34.0,47.0,10.0
1771501754.2134144,89.0,116.0,0.0,26.0,34.0,46.0,9.0
1771501754.2494876,90.0,118.0,0.0,27.0,35.0,47.0,10.0
1771501754.2795043,90.0,117.0,0.0,27.0,35.0,47.0,9.0
1771501754.3120706,89.0,117.0,0.0,26.0,34.0,47.0,9.0
1771501754.3431191,89.0,117.0,0.0,26.0,34.0,46.0,9.0
1771501754.3940952,90.0,117.0,0.0,27.0,35.0,47.0,10.0
1771501754.418629,90.0,117.0,0.0,27.0,35.0,48.0,10.0
1771501754.4486287,90.0,118.0,0.0,27.0,35.0,47.0,9.0
1771501754.4786603,90.0,118.0,0.0,27.0,35.0,47.0,10.0
1771501754.510928,90.0,117.0,0.0,27.0,35.0,46.0,9.0
1771501754.540898,90.0,117.0,0.0,27.0,35.0,47.0,10.0
1771501754.5708973,91.0,118.0,0.0,28.0,35.0,48.0,10.0
1771501754.6184146,90.0,118.0,0.0,27.0,35.0,48.0,10.0
1771501754.6514077,90.0,117.0,0.0,28.0,35.0,47.0,10.0
1771501754.682383,90.0,118.0,0.0,28.0,35.0,47.0,10.0
1771501754.7130013,90.0,118.0,0.0,28.0,36.0,48.0,10.0
1771501754.745977,91.0,118.0,0.0,28.0,35.0,48.0,10.0
1771501754.7899656,91.0,118.0,0.0,28.0,36.0,48.0,10.0
1771501754.8251588,91.0,117.0,0.0,27.0,35.0,48.0,11.0
1771501754.8561583,91.0,117.0,0.0,27.0,36.0,48.0,11.0
1771501754.8851604,90.0,117.0,0.0,27.0,35.0,48.0,11.0
1771501754.914672,91.0,118.0,0.0,28.0,36.0,49.0,11.0
1771501754.9480174,91.0,117.0,0.0,28.0,36.0,49.0,12.0
1771501754.978974,92.0,118.0,0.0,28.0,37.0,50.0,11.0
1771501755.0144978,91.0,117.0,0.0,28.0,36.0,50.0,13.0
1771501755.0479136,91.0,117.0,0.0,28.0,36.0,49.0,11.0
1771501755.0779314,91.0,116.0,0.0,26.0,36.0,49.0,11.0
1771501755.1094418,91.0,117.0,0.0,28.0,36.0,49.0,11.0
1771501755.1424415,90.0,117.0,0.0,27.0,36.0,48.0,11.0
1771501755.1734228,90.0,117.0,0.0,27.0,35.0,48.0,11.0
1771501755.2212985,90.0,116.0,0.0,27.0,36.0,48.0,11.0
1771501755.2552955,90.0,116.0,0.0,27.0,35.0,48.0,11.0
1771501755.2772145,91.0,117.0,0.0,28.0,36.0,48.0,10.0
1771501755.3068027,90.0,116.0,0.0,27.0,35.0,48.0,11.0
1771501755.3367965,91.0,117.0,0.0,27.0,36.0,48.0,11.0
1771501755.3680198,90.0,116.0,0.0,27.0,35.0,48.0,11.0
1771501755.4126034,91.0,117.0,0.0,28.0,37.0,49.0,12.0
1771501755.4466355,91.0,117.0,0.0,28.0,36.0,49.0,12.0
1771501755.481785,90.0,116.0,0.0,27.0,36.0,48.0,11.0
1771501755.510331,91.0,117.0,0.0,27.0,36.0,48.0,10.0
1771501755.541298,90.0,116.0,0.0,27.0,36.0,48.0,11.0
1771501755.5742872,91.0,118.0,0.0,28.0,36.0,48.0,10.0
1771501755.6054757,91.0,118.0,0.0,28.0,36.0,49.0,11.0
1771501755.6534758,91.0,116.0,0.0,28.0,36.0,48.0,11.0
1771501755.6865041,92.0,118.0,0.0,29.0,37.0,49.0,11.0
1771501755.7098112,92.0,118.0,0.0,29.0,37.0,49.0,11.0
1771501755.7563572,92.0,118.0,0.0,30.0,37.0,50.0,12.0
1771501755.788363,92.0,117.0,0.0,29.0,36.0,49.0,11.0
1771501755.819951,92.0,118.0,0.0,29.0,37.0,50.0,12.0
1771501755.8529966,91.0,117.0,0.0,28.0,36.0,49.0,12.0
1771501755.883013,91.0,117.0,0.0,28.0,35.0,48.0,10.0
1771501755.915534,91.0,117.0,0.0,28.0,36.0,48.0,11.0
1771501755.9465234,90.0,117.0,0.0,28.0,35.0,48.0,11.0
1771501755.9775243,91.0,118.0,0.0,29.0,36.0,48.0,11.0
1771501756.0090387,91.0,117.0,0.0,28.0,36.0,48.0,11.0
1771501756.041318,90.0,116.0,0.0,27.0,35.0,48.0,10.0
1771501756.0860798,91.0,117.0,0.0,28.0,36.0,49.0,11.0
1771501756.1211095,92.0,118.0,0.0,28.0,36.0,49.0,10.0
1771501756.1521068,91.0,117.0,0.0,28.0,36.0,49.0,11.0
1771501756.182106,91.0,117.0,0.0,28.0,36.0,49.0,11.0
1771501756.2131474,92.0,119.0,0.0,28.0,37.0,49.0,11.0
1771501756.2457738,92.0,119.0,0.0,29.0,37.0,49.0,12.0
1771501756.2771711,92.0,118.0,0.0,28.0,37.0,49.0,12.0
1771501756.309668,91.0,119.0,0.0,27.0,36.0,47.0,10.0
1771501756.342629,93.0,120.0,0.0,29.0,37.0,49.0,12.0
1771501756.3736293,93.0,121.0,0.0,28.0,37.0,49.0,11.0
1771501756.4049642,93.0,121.0,0.0,28.0,37.0,49.0,11.0
1771501756.436898,94.0,123.0,0.0,28.0,37.0,49.0,12.0
1771501756.468943,94.0,122.0,0.0,29.0,37.0,49.0,12.0
1771501756.5184388,94.0,123.0,0.0,28.0,36.0,48.0,11.0
1771501756.5534415,94.0,123.0,0.0,28.0,37.0,49.0,12.0
1771501756.5865564,94.0,122.0,0.0,29.0,37.0,49.0,12.0
1771501756.6191497,93.0,122.0,0.0,28.0,37.0,48.0,11.0
1771501756.6511476,93.0,120.0,0.0,28.0,37.0,48.0,12.0
1771501756.682149,92.0,120.0,0.0,28.0,37.0,49.0,13.0
1771501756.7116654,92.0,119.0,0.0,29.0,37.0,49.0,13.0
1771501756.7426639,92.0,119.0,0.0,28.0,37.0,49.0,13.0
1771501756.777664,92.0,118.0,0.0,29.0,38.0,50.0,14.0
1771501756.8052003,92.0,119.0,0.0,30.0,39.0,53.0,16.0
1771501756.8378892,92.0,119.0,0.0,30.0,39.0,56.0,18.0
1771501756.8689091,91.0,116.0,0.0,29.0,38.0,56.0,18.0
1771501756.901438,91.0,116.0,0.0,29.0,38.0,57.0,19.0
1771501756.9502902,91.0,116.0,0.0,28.0,38.0,58.0,20.0
1771501756.985329,91.0,115.0,0.0,29.0,39.0,59.0,21.0
1771501757.0128355,91.0,115.0,0.0,29.0,39.0,59.0,21.0
1771501757.044959,91.0,116.0,0.0,29.0,39.0,59.0,21.0
1771501757.07803,92.0,115.0,0.0,29.0,40.0,61.0,23.0
1771501757.1105428,91.0,115.0,0.0,28.0,39.0,61.0,22.0
1771501757.1425426,91.0,115.0,0.0,28.0,39.0,61.0,23.0
1771501757.175542,91.0,115.0,0.0,28.0,39.0,61.0,22.0
1771501757.2071521,91.0,115.0,0.0,28.0,39.0,61.0,22.0
1771501757.2371507,90.0,114.0,0.0,28.0,39.0,61.0,22.0
1771501757.269154,89.0,113.0,0.0,28.0,39.0,61.0,22.0
1771501757.3016865,90.0,113.0,0.0,28.0,39.0,62.0,23.0
1771501757.3327153,89.0,112.0,0.0,28.0,39.0,63.0,24.0
1771501757.3811255,89.0,113.0,0.0,29.0,38.0,63.0,24.0
1771501757.416837,89.0,114.0,0.0,30.0,39.0,64.0,25.0
1771501757.4458137,88.0,113.0,0.0,29.0,38.0,65.0,25.0
1771501757.477819,88.0,113.0,0.0,29.0,39.0,65.0,25.0
1771501757.5094419,88.0,114.0,0.0,31.0,40.0,67.0,27.0
1771501757.541439,88.0,114.0,0.0,30.0,40.0,66.0,27.0
1771501757.5734973,89.0,114.0,0.0,31.0,41.0,68.0,28.0
1771501757.605851,89.0,115.0,0.0,31.0,41.0,68.0,29.0
1771501757.6418068,88.0,114.0,0.0,31.0,40.0,67.0,29.0
1771501757.66983,89.0,115.0,0.0,32.0,41.0,68.0,29.0
1771501757.7010105,87.0,115.0,10.0,31.0,39.0,66.0,29.0
1771501757.734007,88.0,116.0,20.0,31.0,40.0,67.0,30.0
1771501757.765007,86.0,115.0,34.0,29.0,38.0,64.0,29.0
1771501757.8125005,85.0,116.0,58.0,28.0,37.0,62.0,29.0
1771501757.8478603,84.0,116.0,88.0,28.0,35.0,61.0,28.0
1771501757.877887,83.0,117.0,89.0,27.0,35.0,61.0,27.0
1771501757.9094176,84.0,118.0,99.0,28.0,35.0,61.0,28.0
1771501757.9413726,84.0,118.0,94.0,28.0,36.0,63.0,29.0
1771501757.9743268,84.0,118.0,100.0,29.0,35.0,62.0,28.0
1771501758.0069232,84.0,120.0,100.0,28.0,35.0,62.0,30.0
1771501758.0379245,83.0,121.0,100.0,27.0,35.0,61.0,29.0
1771501758.071925,84.0,123.0,100.0,28.0,35.0,62.0,30.0
1771501758.102028,83.0,122.0,100.0,27.0,34.0,62.0,32.0
1771501758.13401,84.0,122.0,100.0,29.0,36.0,67.0,36.0
1771501758.1652224,86.0,124.0,100.0,31.0,38.0,70.0,38.0
1771501758.1982088,89.0,128.0,82.0,32.0,41.0,74.0,39.0
1771501758.245418,88.0,128.0,77.0,33.0,40.0,73.0,37.0
1771501758.281419,87.0,128.0,78.0,32.0,39.0,72.0,34.0
1771501758.30949,85.0,126.0,15.0,33.0,42.0,76.0,37.0
1771501758.3411458,85.0,125.0,0.0,34.0,45.0,78.0,39.0
1771501758.372346,85.0,129.0,0.0,37.0,49.0,81.0,41.0
1771501758.4054346,84.0,131.0,0.0,38.0,50.0,82.0,40.0
1771501758.437436,82.0,129.0,0.0,38.0,51.0,83.0,40.0
1771501758.4750838,83.0,131.0,0.0,39.0,52.0,84.0,41.0
1771501758.507457,84.0,131.0,0.0,40.0,54.0,86.0,43.0
1771501758.5394554,85.0,131.0,0.0,43.0,56.0,92.0,46.0
1771501758.5704575,84.0,127.0,0.0,43.0,56.0,92.0,46.0
1771501758.6029692,83.0,125.0,0.0,44.0,56.0,93.0,47.0
1771501758.6339931,82.0,124.0,0.0,45.0,57.0,94.0,46.0
1771501758.67702,82.0,122.0,0.0,47.0,59.0,96.0,46.0
1771501758.7145088,81.0,120.0,0.0,46.0,59.0,97.0,46.0
1771501758.7435093,81.0,120.0,0.0,47.0,60.0,99.0,49.0
1771501758.7755089,80.0,119.0,0.0,47.0,60.0,99.0,50.0
1771501758.807022,79.0,119.0,0.0,46.0,60.0,98.0,49.0
1771501758.838021,79.0,118.0,0.0,46.0,60.0,98.0,47.0
1771501758.869021,79.0,117.0,0.0,47.0,61.0,99.0,49.0
1771501758.9015348,78.0,114.0,0.0,46.0,60.0,99.0,49.0
1771501758.9375546,78.0,114.0,0.0,48.0,61.0,100.0,51.0
1771501758.9655547,76.0,112.0,0.0,47.0,60.0,99.0,50.0
1771501758.9975684,76.0,111.0,0.0,48.0,62.0,101.0,52.0
1771501759.0298069,76.0,109.0,0.0,48.0,61.0,99.0,50.0
1771501759.0616546,75.0,108.0,0.0,48.0,62.0,101.0,50.0
1771501759.1101646,75.0,109.0,0.0,48.0,63.0,103.0,52.0
1771501759.1431644,76.0,109.0,0.0,51.0,66.0,106.0,56.0
1771501759.1741643,77.0,109.0,0.0,52.0,68.0,109.0,58.0
1771501759.2057014,77.0,108.0,0.0,55.0,68.0,110.0,59.0
1771501759.237701,77.0,109.0,0.0,56.0,69.0,110.0,61.0
1771501759.270704,76.0,108.0,0.0,57.0,69.0,110.0,62.0
1771501759.3022642,76.0,108.0,0.0,61.0,71.0,110.0,65.0
1771501759.3332791,77.0,108.0,0.0,65.0,74.0,110.0,68.0
1771501759.367253,77.0,109.0,0.0,67.0,74.0,110.0,71.0
1771501759.3972573,79.0,111.0,0.0,68.0,77.0,110.0,73.0
1771501759.4287953,79.0,113.0,0.0,74.0,79.0,110.0,76.0
1771501759.4617724,81.0,115.0,0.0,79.0,81.0,110.0,77.0
1771501759.4927747,81.0,114.0,4.0,80.0,83.0,110.0,79.0
1771501759.5409217,82.0,114.0,0.0,81.0,83.0,110.0,79.0
1771501759.5789423,80.0,114.0,0.0,80.0,83.0,110.0,79.0
1771501759.6104517,81.0,114.0,0.0,81.0,83.0,110.0,80.0
1771501759.6414535,83.0,115.0,0.0,84.0,84.0,110.0,82.0
1771501759.6734538,85.0,115.0,0.0,86.0,85.0,110.0,83.0
1771501759.7040088,87.0,118.0,0.0,88.0,86.0,110.0,86.0
1771501759.7360086,88.0,118.0,0.0,88.0,86.0,110.0,87.0
1771501759.767165,85.0,116.0,0.0,90.0,85.0,110.0,85.0
1771501759.7999294,86.0,116.0,0.0,90.0,84.0,110.0,87.0
1771501759.8284378,85.0,116.0,0.0,89.0,84.0,110.0,86.0
1771501759.8624392,84.0,117.0,17.0,86.0,83.0,110.0,85.0
1771501759.893443,85.0,118.0,51.0,86.0,83.0,110.0,89.0
1771501759.9259968,87.0,119.0,71.0,89.0,83.0,110.0,93.0
1771501759.9769967,89.0,121.0,92.0,92.0,81.0,110.0,97.0
1771501760.0060782,91.0,122.0,100.0,91.0,79.0,110.0,100.0
1771501760.038077,90.0,121.0,100.0,92.0,80.0,110.0,100.0
1771501760.070079,90.0,122.0,100.0,91.0,79.0,110.0,100.0
1771501760.1016188,91.0,122.0,100.0,91.0,78.0,110.0,100.0
1771501760.1356514,91.0,122.0,100.0,91.0,78.0,110.0,100.0
1771501760.1651459,91.0,121.0,100.0,91.0,79.0,110.0,100.0
1771501760.1971512,90.0,121.0,100.0,91.0,78.0,110.0,100.0
1771501760.230658,90.0,120.0,100.0,92.0,80.0,110.0,100.0
1771501760.2616596,90.0,120.0,100.0,92.0,79.0,110.0,100.0
1771501760.2936618,92.0,120.0,100.0,91.0,77.0,110.0,100.0
1771501760.3251743,92.0,119.0,100.0,91.0,78.0,110.0,100.0
1771501760.357199,91.0,118.0,100.0,93.0,78.0,110.0,100.0
1771501760.4067106,89.0,118.0,100.0,93.0,80.0,110.0,100.0
1771501760.4407115,88.0,118.0,100.0,93.0,80.0,110.0,100.0
1771501760.4717376,88.0,116.0,100.0,93.0,80.0,110.0,100.0
1771501760.501222,88.0,116.0,100.0,93.0,80.0,110.0,100.0
1771501760.5342288,87.0,115.0,100.0,93.0,80.0,110.0,100.0
1771501760.566229,86.0,115.0,100.0,93.0,81.0,110.0,100.0
1771501760.5982428,86.0,116.0,100.0,93.0,80.0,110.0,100.0
1771501760.6303918,87.0,116.0,100.0,94.0,81.0,110.0,100.0
1771501760.6643937,86.0,115.0,100.0,93.0,80.0,110.0,100.0
1771501760.696443,87.0,115.0,100.0,93.0,80.0,110.0,100.0
1771501760.7256382,86.0,114.0,100.0,93.0,80.0,110.0,100.0
1771501760.7576368,85.0,112.0,100.0,93.0,81.0,110.0,100.0
1771501760.8062055,86.0,112.0,100.0,93.0,81.0,110.0,100.0
1771501760.839238,86.0,111.0,100.0,93.0,81.0,110.0,100.0
1771501760.8702369,85.0,111.0,100.0,93.0,81.0,110.0,100.0
1771501760.9016979,85.0,111.0,100.0,92.0,80.0,110.0,100.0
1771501760.932701,85.0,111.0,100.0,93.0,80.0,110.0,100.0
1771501760.964703,85.0,111.0,100.0,92.0,80.0,110.0,100.0
1771501760.9967341,85.0,110.0,100.0,93.0,80.0,110.0,100.0
1771501761.0291557,85.0,110.0,100.0,92.0,80.0,110.0,100.0
1771501761.0634103,85.0,110.0,100.0,93.0,80.0,110.0,100.0
1771501761.0974185,85.0,110.0,100.0,93.0,80.0,110.0,100.0
1771501761.1279695,85.0,110.0,100.0,93.0,80.0,110.0,100.0
1771501761.159973,85.0,110.0,100.0,92.0,80.0,110.0,100.0
1771501761.1908789,85.0,109.0,100.0,93.0,80.0,110.0,100.0
1771501761.2384398,85.0,110.0,100.0,92.0,80.0,110.0,100.0
1771501761.2734153,84.0,109.0,100.0,93.0,81.0,110.0,100.0
1771501761.3030288,85.0,109.0,100.0,93.0,80.0,110.0,100.0
1771501761.3341115,85.0,110.0,100.0,93.0,80.0,110.0,100.0
1771501761.3651135,84.0,109.0,100.0,92.0,81.0,110.0,100.0
1771501761.397144,85.0,109.0,100.0,92.0,80.0,110.0,100.0
1771501761.4287622,83.0,109.0,100.0,92.0,81.0,110.0,100.0
1771501761.4597633,83.0,109.0,100.0,92.0,81.0,110.0,100.0
1771501761.4928138,82.0,108.0,100.0,92.0,81.0,110.0,100.0
1771501761.5263429,83.0,109.0,100.0,92.0,81.0,110.0,100.0
1771501761.558343,83.0,109.0,100.0,93.0,81.0,110.0,100.0
1771501761.590346,84.0,109.0,100.0,93.0,80.0,110.0,100.0
1771501761.6228726,84.0,110.0,100.0,92.0,80.0,110.0,100.0
1771501761.6688526,84.0,109.0,100.0,93.0,80.0,110.0,100.0
1771501761.700858,84.0,109.0,100.0,92.0,80.0,110.0,100.0
1771501761.7343965,84.0,109.0,100.0,92.0,81.0,110.0,100.0
1771501761.765444,83.0,109.0,100.0,92.0,81.0,110.0,100.0
1771501761.7974257,83.0,109.0,100.0,92.0,81.0,110.0,99.0
1771501761.8299341,82.0,109.0,100.0,91.0,81.0,110.0,100.0
1771501761.861933,82.0,109.0,100.0,91.0,81.0,110.0,99.0
1771501761.8949578,82.0,110.0,100.0,91.0,81.0,110.0,99.0
1771501761.9275112,82.0,109.0,100.0,92.0,81.0,110.0,100.0
1771501761.959511,82.0,109.0,100.0,91.0,81.0,110.0,100.0
1771501761.9905229,82.0,109.0,100.0,91.0,81.0,110.0,100.0
1771501762.0220778,81.0,109.0,100.0,92.0,82.0,110.0,98.0
1771501762.0535052,80.0,110.0,100.0,92.0,83.0,110.0,97.0
1771501762.1016197,80.0,110.0,100.0,92.0,83.0,110.0,97.0
1771501762.1341083,78.0,108.0,84.0,91.0,84.0,110.0,93.0
1771501762.1691096,79.0,108.0,68.0,92.0,85.0,110.0,93.0
1771501762.1976545,77.0,106.0,38.0,91.0,86.0,110.0,89.0
1771501762.2292132,75.0,105.0,35.0,91.0,87.0,110.0,87.0
1771501762.2622125,75.0,105.0,34.0,92.0,87.0,110.0,87.0
1771501762.2942212,74.0,104.0,6.0,92.0,87.0,110.0,85.0
1771501762.3247976,73.0,104.0,11.0,91.0,86.0,110.0,84.0
1771501762.3567727,72.0,103.0,0.0,91.0,86.0,110.0,83.0
1771501762.391797,71.0,103.0,8.0,90.0,85.0,110.0,81.0
1771501762.4253252,70.0,105.0,33.0,88.0,83.0,110.0,78.0
1771501762.455131,70.0,106.0,35.0,87.0,83.0,110.0,77.0
1771501762.4874377,70.0,108.0,67.0,84.0,81.0,110.0,76.0
1771501762.5349853,70.0,108.0,95.0,81.0,79.0,110.0,73.0
1771501762.5670073,70.0,109.0,100.0,75.0,77.0,110.0,70.0
1771501762.6009889,69.0,109.0,99.0,74.0,76.0,110.0,68.0
1771501762.6294932,70.0,110.0,100.0,66.0,74.0,110.0,66.0
1771501762.6615076,71.0,110.0,100.0,66.0,74.0,110.0,65.0
1771501762.693509,71.0,108.0,91.0,66.0,73.0,110.0,63.0
1771501762.726015,71.0,108.0,95.0,63.0,72.0,110.0,64.0
1771501762.7570152,69.0,105.0,97.0,59.0,69.0,110.0,59.0
1771501762.790021,67.0,105.0,98.0,57.0,66.0,108.0,56.0
1771501762.8231723,68.0,106.0,100.0,48.0,64.0,107.0,56.0
1771501762.854145,67.0,107.0,100.0,48.0,62.0,105.0,54.0
1771501762.88615,68.0,108.0,100.0,49.0,63.0,104.0,53.0
1771501762.9172697,68.0,111.0,100.0,45.0,60.0,100.0,51.0
1771501762.9662917,69.0,114.0,100.0,44.0,59.0,98.0,49.0
1771501762.9992905,70.0,115.0,100.0,42.0,57.0,95.0,47.0
1771501763.032696,70.0,116.0,100.0,42.0,57.0,92.0,46.0
1771501763.062369,69.0,115.0,100.0,39.0,54.0,88.0,42.0
1771501763.0943742,69.0,115.0,100.0,38.0,50.0,82.0,38.0
1771501763.1279202,68.0,114.0,100.0,36.0,48.0,77.0,32.0
1771501763.1599205,70.0,115.0,100.0,35.0,45.0,74.0,30.0
1771501763.1909246,70.0,116.0,100.0,35.0,43.0,70.0,26.0
1771501763.2224755,68.0,117.0,100.0,33.0,39.0,65.0,21.0
1771501763.257495,67.0,116.0,100.0,32.0,38.0,65.0,21.0
1771501763.2864757,70.0,118.0,100.0,33.0,38.0,63.0,19.0
1771501763.3180156,71.0,118.0,100.0,33.0,39.0,62.0,20.0
1771501763.3500142,72.0,120.0,100.0,37.0,40.0,62.0,20.0
1771501763.4315748,78.0,121.0,100.0,36.0,40.0,61.0,28.0
1771501763.4595904,77.0,118.0,100.0,34.0,38.0,58.0,27.0
1771501763.4902716,78.0,118.0,100.0,33.0,37.0,56.0,27.0
1771501763.5222783,81.0,120.0,100.0,31.0,37.0,57.0,31.0
1771501763.5542777,81.0,120.0,85.0,29.0,36.0,55.0,31.0
1771501763.5857902,85.0,122.0,47.0,33.0,39.0,61.0,36.0
1771501763.61656,86.0,122.0,32.0,35.0,39.0,60.0,34.0
1771501763.647558,85.0,121.0,4.0,34.0,39.0,59.0,32.0
1771501763.6805835,86.0,122.0,0.0,35.0,40.0,61.0,32.0
1771501763.7106519,87.0,123.0,0.0,36.0,42.0,63.0,34.0
1771501763.7410495,87.0,123.0,0.0,37.0,43.0,63.0,33.0
1771501763.7730424,88.0,122.0,0.0,36.0,43.0,63.0,32.0
1771501763.830584,89.0,123.0,0.0,38.0,44.0,64.0,31.0
1771501763.8629544,88.0,119.0,0.0,36.0,42.0,61.0,30.0
1771501763.927815,88.0,120.0,0.0,36.0,42.0,61.0,29.0
1771501763.9598181,86.0,118.0,0.0,34.0,41.0,59.0,27.0
1771501763.9908419,89.0,118.0,0.0,37.0,42.0,62.0,27.0
1771501764.0213404,91.0,119.0,0.0,41.0,44.0,64.0,27.0
1771501764.0533419,92.0,120.0,0.0,43.0,45.0,64.0,27.0
1771501764.0843518,93.0,120.0,0.0,44.0,46.0,63.0,27.0
1771501764.1169531,92.0,119.0,0.0,44.0,46.0,60.0,25.0
1771501764.146954,92.0,119.0,0.0,43.0,45.0,58.0,24.0
1771501764.1779552,92.0,120.0,0.0,40.0,44.0,56.0,21.0
1771501764.2095883,92.0,121.0,0.0,39.0,43.0,55.0,20.0
1771501764.2395868,90.0,119.0,0.0,35.0,40.0,52.0,16.0
1771501764.271589,92.0,122.0,0.0,35.0,41.0,52.0,16.0
1771501764.303596,92.0,123.0,0.0,34.0,39.0,51.0,15.0
1771501764.3351367,92.0,123.0,0.0,33.0,39.0,51.0,15.0
1771501764.3671699,92.0,124.0,0.0,32.0,38.0,50.0,14.0
1771501764.3973186,93.0,126.0,0.0,32.0,38.0,50.0,14.0
1771501764.4279053,93.0,127.0,0.0,31.0,38.0,50.0,14.0
1771501764.4589584,93.0,129.0,0.0,31.0,37.0,49.0,13.0
1771501764.4899085,94.0,128.0,0.0,31.0,38.0,50.0,14.0
1771501764.5214498,93.0,127.0,0.0,30.0,37.0,48.0,12.0
1771501764.5524707,94.0,128.0,0.0,31.0,37.0,48.0,13.0
1771501764.5834727,93.0,127.0,0.0,29.0,36.0,48.0,12.0
1771501764.6160238,93.0,125.0,0.0,28.0,35.0,50.0,13.0
1771501764.6469302,91.0,123.0,0.0,27.0,34.0,47.0,12.0
1771501764.695955,92.0,124.0,0.0,27.0,33.0,47.0,12.0
1771501764.726349,92.0,123.0,0.0,27.0,34.0,49.0,12.0
1771501764.757348,91.0,120.0,0.0,25.0,33.0,48.0,11.0
1771501764.7883468,91.0,121.0,0.0,25.0,33.0,49.0,11.0
1771501764.8199704,93.0,123.0,0.0,26.0,34.0,49.0,11.0
1771501764.8519588,95.0,126.0,0.0,25.0,34.0,50.0,11.0
1771501764.883959,95.0,126.0,0.0,26.0,34.0,50.0,11.0
1771501764.9175923,93.0,122.0,0.0,23.0,33.0,49.0,11.0
1771501764.9475834,95.0,125.0,0.0,25.0,35.0,52.0,13.0
1771501764.9805832,95.0,124.0,0.0,25.0,36.0,53.0,14.0
1771501765.0132828,95.0,121.0,0.0,23.0,36.0,55.0,17.0
1771501765.0452285,95.0,120.0,0.0,21.0,34.0,54.0,17.0
1771501765.0790417,95.0,120.0,0.0,20.0,33.0,53.0,18.0
1771501765.1267216,95.0,118.0,0.0,18.0,31.0,52.0,18.0
1771501765.159723,95.0,119.0,0.0,18.0,31.0,51.0,18.0
1771501765.1807227,94.0,117.0,0.0,18.0,31.0,52.0,18.0
1771501765.212313,95.0,117.0,0.0,17.0,31.0,52.0,18.0
1771501765.2430632,94.0,116.0,0.0,17.0,30.0,52.0,18.0
1771501765.2887285,94.0,120.0,0.0,19.0,31.0,53.0,18.0
1771501765.3212771,94.0,118.0,0.0,18.0,31.0,53.0,20.0
1771501765.3522804,94.0,119.0,0.0,20.0,33.0,55.0,19.0
1771501765.3844051,94.0,120.0,0.0,22.0,35.0,58.0,21.0
1771501765.4186223,95.0,122.0,0.0,23.0,35.0,58.0,21.0
1771501765.4476604,95.0,120.0,0.0,22.0,35.0,58.0,22.0
1771501765.4776192,95.0,120.0,0.0,22.0,34.0,57.0,21.0
1771501765.5112875,95.0,120.0,0.0,22.0,35.0,58.0,22.0
1771501765.5582628,95.0,120.0,0.0,21.0,34.0,57.0,22.0
1771501765.589261,95.0,119.0,0.0,21.0,34.0,58.0,22.0
1771501765.618787,95.0,122.0,0.0,21.0,34.0,56.0,21.0
1771501765.6497824,94.0,119.0,0.0,22.0,34.0,57.0,21.0
1771501765.6828039,94.0,119.0,0.0,22.0,35.0,58.0,21.0
1771501765.7133434,94.0,120.0,0.0,22.0,35.0,57.0,21.0
1771501765.7453458,94.0,120.0,0.0,22.0,34.0,57.0,20.0
1771501765.7759502,94.0,122.0,0.0,23.0,35.0,57.0,20.0
1771501765.8171206,93.0,120.0,0.0,21.0,34.0,56.0,20.0
1771501765.847126,95.0,123.0,0.0,22.0,34.0,57.0,21.0
1771501765.8801022,93.0,120.0,0.0,21.0,34.0,56.0,20.0
1771501765.9106984,94.0,121.0,0.0,21.0,34.0,57.0,20.0
1771501765.9413016,94.0,122.0,0.0,21.0,34.0,56.0,20.0
1771501765.9903042,93.0,121.0,0.0,22.0,34.0,56.0,19.0
1771501766.0158644,93.0,121.0,0.0,23.0,35.0,57.0,19.0
1771501766.0457826,94.0,120.0,0.0,21.0,34.0,56.0,20.0
1771501766.076377,94.0,122.0,0.0,21.0,34.0,56.0,19.0
1771501766.1080363,93.0,120.0,0.0,20.0,33.0,55.0,18.0
1771501766.13899,93.0,121.0,0.0,21.0,33.0,55.0,18.0
1771501766.1709883,93.0,123.0,0.0,22.0,35.0,56.0,18.0
1771501766.2135663,92.0,119.0,0.0,20.0,33.0,54.0,18.0
1771501766.246211,93.0,123.0,0.0,22.0,34.0,55.0,18.0
1771501766.2797394,93.0,120.0,0.0,21.0,33.0,56.0,19.0
1771501766.3106863,92.0,120.0,0.0,22.0,34.0,55.0,19.0
1771501766.3426526,92.0,122.0,0.0,24.0,35.0,55.0,18.0
1771501766.3916712,91.0,121.0,0.0,22.0,33.0,54.0,18.0
1771501766.4258585,91.0,121.0,0.0,22.0,34.0,54.0,18.0
1771501766.4539127,91.0,121.0,0.0,22.0,33.0,54.0,17.0
1771501766.4845283,91.0,120.0,0.0,21.0,33.0,54.0,17.0
1771501766.5160413,91.0,121.0,0.0,22.0,34.0,54.0,17.0
1771501766.5459933,90.0,122.0,0.0,23.0,34.0,53.0,16.0
1771501766.5769691,91.0,122.0,0.0,22.0,33.0,52.0,16.0
1771501766.616791,91.0,125.0,0.0,22.0,34.0,51.0,15.0
1771501766.6535413,92.0,125.0,0.0,23.0,35.0,54.0,17.0
1771501766.6856987,91.0,124.0,0.0,24.0,36.0,54.0,17.0
1771501766.7162547,91.0,125.0,0.0,22.0,34.0,51.0,14.0
1771501766.7483253,91.0,126.0,0.0,22.0,35.0,51.0,14.0
1771501766.778431,93.0,128.0,0.0,25.0,36.0,54.0,16.0
1771501766.8216836,93.0,128.0,0.0,27.0,38.0,56.0,17.0
1771501766.8537056,92.0,124.0,0.0,25.0,37.0,56.0,17.0
1771501766.8747075,91.0,124.0,0.0,24.0,37.0,55.0,16.0
1771501766.9047122,92.0,125.0,0.0,25.0,37.0,56.0,17.0
1771501766.9353664,91.0,124.0,0.0,24.0,37.0,55.0,17.0
1771501766.9643543,92.0,124.0,0.0,26.0,39.0,57.0,18.0
1771501767.0138853,92.0,124.0,0.0,26.0,39.0,58.0,19.0
1771501767.0458317,92.0,123.0,0.0,26.0,39.0,59.0,19.0
1771501767.0766966,91.0,121.0,0.0,26.0,38.0,56.0,18.0
1771501767.108876,92.0,123.0,0.0,27.0,39.0,59.0,19.0
1771501767.1448748,91.0,122.0,0.0,27.0,38.0,58.0,18.0
1771501767.172875,92.0,122.0,0.0,27.0,39.0,59.0,18.0
1771501767.2063015,90.0,120.0,0.0,26.0,38.0,58.0,17.0
1771501767.2538407,89.0,117.0,0.0,25.0,38.0,60.0,19.0
1771501767.2848418,88.0,115.0,0.0,25.0,38.0,60.0,20.0
1771501767.3091908,89.0,116.0,0.0,25.0,38.0,61.0,20.0
1771501767.340158,88.0,113.0,0.0,24.0,39.0,62.0,21.0
1771501767.3691602,88.0,114.0,0.0,24.0,39.0,63.0,22.0
1771501767.413446,89.0,113.0,0.0,27.0,41.0,67.0,24.0
1771501767.445402,89.0,113.0,0.0,28.0,40.0,66.0,25.0
1771501767.4794004,89.0,113.0,0.0,30.0,42.0,68.0,27.0
1771501767.5110161,88.0,112.0,0.0,29.0,40.0,66.0,26.0
1771501767.542201,87.0,113.0,0.0,30.0,40.0,65.0,26.0
1771501767.575201,88.0,114.0,0.0,30.0,40.0,67.0,29.0
1771501767.6062074,88.0,117.0,0.0,31.0,40.0,67.0,30.0
1771501767.6397138,89.0,121.0,0.0,32.0,41.0,69.0,31.0
1771501767.6859915,88.0,121.0,0.0,31.0,39.0,68.0,32.0
1771501767.7184603,87.0,122.0,0.0,31.0,39.0,68.0,31.0
1771501767.7464614,87.0,122.0,0.0,31.0,39.0,68.0,31.0
1771501767.777544,86.0,123.0,0.0,31.0,39.0,67.0,31.0
1771501767.8141286,85.0,120.0,5.0,29.0,37.0,65.0,32.0
1771501767.8460858,85.0,121.0,44.0,29.0,37.0,65.0,34.0
1771501767.876975,85.0,122.0,26.0,29.0,37.0,65.0,34.0
1771501767.9106662,84.0,119.0,28.0,28.0,35.0,63.0,34.0
1771501767.9418976,84.0,121.0,60.0,27.0,35.0,63.0,36.0
1771501767.974919,84.0,121.0,28.0,27.0,35.0,63.0,36.0
1771501768.0093796,83.0,120.0,79.0,26.0,33.0,62.0,35.0
1771501768.0413833,84.0,120.0,88.0,27.0,34.0,62.0,36.0
1771501768.072384,84.0,121.0,100.0,27.0,34.0,62.0,36.0
1771501768.1179142,84.0,120.0,100.0,28.0,35.0,63.0,36.0
1771501768.1498952,84.0,122.0,100.0,27.0,34.0,62.0,35.0
1771501768.1808975,84.0,121.0,100.0,28.0,34.0,63.0,35.0
1771501768.2164214,83.0,121.0,100.0,26.0,34.0,62.0,34.0
1771501768.2454226,83.0,121.0,100.0,27.0,34.0,62.0,34.0
1771501768.2774222,83.0,122.0,100.0,28.0,35.0,64.0,34.0
1771501768.3090637,83.0,123.0,100.0,29.0,35.0,65.0,34.0
1771501768.3421195,82.0,121.0,100.0,27.0,34.0,64.0,33.0
1771501768.3741112,83.0,122.0,92.0,28.0,36.0,66.0,34.0
1771501768.4059427,83.0,121.0,76.0,30.0,36.0,66.0,35.0
1771501768.439469,84.0,121.0,48.0,33.0,38.0,68.0,36.0
1771501768.4704685,85.0,124.0,28.0,34.0,39.0,68.0,36.0
1771501768.502454,83.0,121.0,24.0,32.0,39.0,66.0,34.0
1771501768.5499685,83.0,120.0,19.0,33.0,40.0,69.0,33.0
1771501768.5830169,81.0,119.0,10.0,31.0,39.0,68.0,32.0
1771501768.6166492,82.0,119.0,13.0,32.0,40.0,70.0,33.0
1771501768.648654,81.0,119.0,10.0,33.0,41.0,72.0,33.0
1771501768.6794593,82.0,120.0,9.0,33.0,41.0,72.0,33.0
1771501768.709417,81.0,120.0,8.0,33.0,42.0,72.0,32.0
1771501768.7414243,79.0,120.0,0.0,33.0,42.0,70.0,30.0
1771501768.7734413,80.0,125.0,0.0,36.0,46.0,73.0,32.0
1771501768.8044236,79.0,124.0,0.0,35.0,47.0,76.0,34.0
1771501768.8369362,80.0,124.0,0.0,36.0,50.0,81.0,36.0
1771501768.8739533,81.0,125.0,0.0,35.0,51.0,81.0,38.0
1771501768.901987,80.0,125.0,0.0,33.0,50.0,81.0,39.0
1771501768.9335158,80.0,124.0,0.0,33.0,51.0,81.0,39.0
1771501768.9826145,80.0,122.0,0.0,33.0,51.0,82.0,39.0
1771501769.014192,82.0,124.0,0.0,34.0,53.0,86.0,44.0
1771501769.0454857,83.0,125.0,0.0,36.0,55.0,89.0,48.0
1771501769.081258,83.0,124.0,0.0,37.0,58.0,94.0,51.0
1771501769.1097653,82.0,120.0,0.0,39.0,60.0,97.0,55.0
1771501769.1407907,81.0,114.0,0.0,38.0,61.0,100.0,54.0
1771501769.172771,80.0,114.0,0.0,39.0,63.0,102.0,53.0
1771501769.2057867,79.0,113.0,0.0,40.0,64.0,104.0,54.0
1771501769.2379205,76.0,112.0,0.0,39.0,64.0,104.0,54.0
1771501769.2709098,74.0,110.0,0.0,40.0,64.0,103.0,53.0
1771501769.303953,74.0,111.0,0.0,41.0,64.0,102.0,53.0
1771501769.334237,74.0,111.0,0.0,43.0,65.0,103.0,53.0
1771501769.3682346,74.0,112.0,0.0,44.0,65.0,103.0,53.0
1771501769.4131386,73.0,110.0,0.0,44.0,65.0,102.0,53.0
1771501769.44709,72.0,109.0,0.0,44.0,64.0,101.0,53.0
1771501769.477188,72.0,110.0,0.0,44.0,64.0,101.0,53.0
1771501769.5121763,71.0,110.0,0.0,44.0,64.0,101.0,53.0
1771501769.5421755,71.0,111.0,0.0,44.0,65.0,102.0,53.0
1771501769.573197,71.0,110.0,0.0,45.0,65.0,104.0,54.0
1771501769.6061852,71.0,111.0,0.0,46.0,66.0,103.0,53.0
1771501769.639415,71.0,110.0,0.0,46.0,66.0,103.0,53.0
1771501769.6685324,71.0,110.0,0.0,47.0,67.0,105.0,54.0
1771501769.7015698,71.0,111.0,0.0,48.0,67.0,105.0,54.0
1771501769.737123,71.0,110.0,0.0,51.0,69.0,109.0,58.0
1771501769.7653148,72.0,108.0,0.0,52.0,71.0,110.0,61.0
1771501769.798249,72.0,109.0,0.0,54.0,71.0,110.0,61.0
1771501769.8447933,72.0,108.0,0.0,55.0,71.0,110.0,63.0
1771501769.877775,70.0,108.0,0.0,53.0,70.0,110.0,63.0
1771501769.9093256,71.0,109.0,0.0,56.0,70.0,110.0,65.0
1771501769.9448233,71.0,108.0,0.0,56.0,70.0,110.0,64.0
1771501769.9778233,71.0,107.0,0.0,58.0,71.0,110.0,65.0
1771501770.0088687,72.0,107.0,0.0,59.0,72.0,110.0,67.0
1771501770.0413814,72.0,107.0,8.0,60.0,73.0,110.0,68.0
1771501770.071073,72.0,106.0,16.0,61.0,73.0,110.0,69.0
1771501770.1037047,73.0,106.0,0.0,64.0,74.0,110.0,70.0
1771501770.1342173,74.0,108.0,0.0,65.0,76.0,110.0,74.0
1771501770.1682358,75.0,110.0,0.0,65.0,77.0,110.0,74.0
1771501770.1978414,76.0,110.0,0.0,67.0,79.0,110.0,75.0
1771501770.2295654,76.0,109.0,0.0,72.0,81.0,110.0,77.0
1771501770.2775605,76.0,109.0,0.0,74.0,82.0,110.0,78.0
1771501770.3096714,77.0,109.0,0.0,77.0,85.0,110.0,80.0
1771501770.3421247,78.0,109.0,0.0,80.0,86.0,110.0,82.0
1771501770.375128,78.0,108.0,0.0,82.0,86.0,110.0,83.0
1771501770.4051497,78.0,108.0,0.0,83.0,87.0,110.0,83.0
1771501770.4367816,78.0,108.0,0.0,85.0,88.0,110.0,84.0
1771501770.4687831,78.0,109.0,0.0,89.0,89.0,110.0,84.0
1771501770.5008416,80.0,109.0,0.0,89.0,87.0,110.0,87.0
1771501770.5344458,80.0,110.0,0.0,88.0,86.0,110.0,89.0
1771501770.565523,80.0,111.0,0.0,86.0,85.0,110.0,91.0
1771501770.6004732,78.0,109.0,0.0,86.0,85.0,110.0,90.0
1771501770.631985,77.0,108.0,0.0,87.0,84.0,110.0,89.0
1771501770.6631074,77.0,107.0,0.0,88.0,85.0,110.0,89.0
1771501770.741057,77.0,106.0,0.0,89.0,84.0,110.0,90.0
1771501770.7730622,76.0,105.0,0.0,89.0,83.0,110.0,91.0
1771501770.8062632,77.0,106.0,0.0,88.0,83.0,110.0,93.0
1771501770.8347952,78.0,107.0,0.0,88.0,83.0,110.0,96.0
1771501770.8653216,78.0,108.0,0.0,88.0,83.0,110.0,95.0
1771501770.8983984,79.0,109.0,0.0,89.0,83.0,110.0,97.0
1771501770.9300067,81.0,110.0,0.0,90.0,82.0,110.0,99.0
1771501770.959783,80.0,109.0,0.0,90.0,83.0,110.0,97.0
1771501770.9906626,81.0,108.0,0.0,91.0,83.0,110.0,98.0
1771501771.0241485,81.0,107.0,0.0,91.0,83.0,110.0,98.0
1771501771.0530112,82.0,107.0,0.0,91.0,83.0,110.0,99.0
1771501771.0859218,83.0,106.0,0.0,91.0,82.0,110.0,100.0
1771501771.1165311,82.0,105.0,0.0,92.0,82.0,110.0,100.0
1771501771.1475303,82.0,105.0,0.0,93.0,83.0,110.0,100.0
1771501771.177532,81.0,104.0,0.0,92.0,82.0,110.0,100.0
1771501771.2095342,81.0,103.0,0.0,92.0,83.0,110.0,100.0
1771501771.2400925,81.0,104.0,0.0,92.0,82.0,110.0,100.0
1771501771.2720938,81.0,104.0,14.0,92.0,82.0,110.0,100.0
1771501771.3050995,80.0,104.0,24.0,92.0,82.0,110.0,100.0
1771501771.3366306,80.0,105.0,49.0,92.0,82.0,110.0,100.0
1771501771.367627,80.0,106.0,48.0,92.0,82.0,110.0,100.0
1771501771.398171,80.0,106.0,66.0,92.0,83.0,110.0,99.0
1771501771.4296598,79.0,105.0,60.0,92.0,83.0,110.0,98.0
1771501771.4616594,78.0,104.0,65.0,92.0,84.0,110.0,97.0
1771501771.4936574,78.0,104.0,71.0,93.0,84.0,110.0,97.0
1771501771.5252638,80.0,104.0,86.0,94.0,83.0,110.0,98.0
1771501771.5742688,79.0,103.0,82.0,94.0,83.0,110.0,98.0
1771501771.6062958,78.0,103.0,69.0,94.0,84.0,110.0,96.0
1771501771.6378088,78.0,104.0,75.0,93.0,84.0,110.0,98.0
1771501771.7019444,79.0,104.0,68.0,93.0,84.0,110.0,97.0
1771501771.7254531,78.0,104.0,70.0,93.0,84.0,110.0,98.0
1771501771.7564528,78.0,104.0,71.0,93.0,84.0,110.0,98.0
1771501771.7874553,79.0,103.0,82.0,94.0,84.0,110.0,98.0
1771501771.816976,79.0,104.0,78.0,93.0,83.0,110.0,97.0
1771501771.8499632,79.0,104.0,86.0,93.0,83.0,110.0,97.0
1771501771.8819616,79.0,104.0,87.0,93.0,83.0,110.0,98.0
1771501771.9135263,80.0,103.0,93.0,94.0,83.0,110.0,98.0
1771501771.9415343,79.0,104.0,88.0,94.0,83.0,110.0,97.0
1771501771.9732056,79.0,103.0,96.0,94.0,83.0,110.0,98.0
1771501772.0052874,79.0,104.0,79.0,94.0,84.0,110.0,98.0
1771501772.0388267,79.0,104.0,71.0,93.0,84.0,110.0,98.0
1771501772.0698273,79.0,104.0,73.0,93.0,84.0,110.0,99.0
1771501772.103831,79.0,104.0,63.0,94.0,84.0,110.0,99.0
1771501772.1323357,79.0,104.0,66.0,95.0,83.0,110.0,100.0
1771501772.167336,79.0,104.0,69.0,95.0,84.0,110.0,100.0
1771501772.1993723,79.0,104.0,56.0,95.0,84.0,110.0,100.0
1771501772.229814,78.0,103.0,25.0,96.0,85.0,110.0,99.0
1771501772.2638497,76.0,103.0,0.0,95.0,85.0,110.0,100.0
1771501772.2948136,74.0,101.0,0.0,95.0,86.0,110.0,100.0
1771501772.329352,76.0,101.0,0.0,96.0,85.0,110.0,100.0
1771501772.3567595,76.0,101.0,0.0,95.0,84.0,110.0,100.0
1771501772.4048176,75.0,100.0,0.0,96.0,85.0,110.0,100.0
1771501772.4383774,76.0,101.0,0.0,96.0,84.0,110.0,100.0
1771501772.4694066,74.0,100.0,0.0,95.0,85.0,110.0,100.0
1771501772.4993877,75.0,102.0,0.0,96.0,84.0,110.0,100.0
1771501772.5689063,74.0,101.0,0.0,95.0,85.0,110.0,100.0
1771501772.5970001,72.0,100.0,0.0,96.0,86.0,110.0,100.0
1771501772.6285486,72.0,100.0,0.0,95.0,86.0,110.0,100.0
1771501772.6594975,72.0,99.0,0.0,96.0,86.0,110.0,99.0
1771501772.690252,72.0,99.0,0.0,96.0,86.0,110.0,99.0
1771501772.7198863,72.0,100.0,0.0,96.0,86.0,110.0,99.0
1771501772.7548869,73.0,100.0,0.0,95.0,86.0,110.0,99.0
1771501772.7849472,72.0,101.0,0.0,95.0,86.0,110.0,96.0
1771501772.8154187,74.0,102.0,0.0,96.0,86.0,110.0,98.0
1771501772.8464007,74.0,101.0,0.0,96.0,86.0,110.0,97.0
1771501772.8768983,78.0,102.0,35.0,97.0,85.0,110.0,98.0
1771501772.9089065,79.0,102.0,32.0,96.0,86.0,110.0,98.0
1771501772.9404254,78.0,101.0,64.0,96.0,86.0,110.0,98.0
1771501772.9715168,80.0,102.0,66.0,95.0,85.0,110.0,98.0
1771501773.0035155,78.0,100.0,64.0,95.0,85.0,110.0,97.0
1771501773.0360174,79.0,100.0,57.0,95.0,86.0,110.0,96.0
1771501773.068969,79.0,100.0,55.0,94.0,85.0,110.0,96.0
1771501773.0979676,77.0,98.0,28.0,93.0,86.0,110.0,94.0
1771501773.1285021,76.0,98.0,18.0,93.0,86.0,110.0,96.0
1771501773.1624804,76.0,98.0,23.0,94.0,86.0,110.0,94.0
1771501773.192477,77.0,99.0,19.0,94.0,86.0,110.0,95.0
1771501773.2230031,77.0,99.0,20.0,94.0,85.0,110.0,96.0
1771501773.2703655,78.0,100.0,34.0,94.0,85.0,110.0,97.0
1771501773.3020186,77.0,99.0,13.0,93.0,85.0,110.0,96.0
1771501773.3351936,77.0,99.0,34.0,95.0,85.0,110.0,98.0
1771501773.3657985,77.0,99.0,13.0,94.0,85.0,110.0,96.0
1771501773.4018528,77.0,99.0,43.0,95.0,85.0,110.0,97.0
1771501773.4292707,76.0,98.0,44.0,95.0,84.0,110.0,98.0
1771501773.4710429,78.0,99.0,62.0,95.0,85.0,110.0,99.0
1771501773.5020897,77.0,98.0,52.0,95.0,84.0,110.0,99.0
1771501773.5346415,77.0,99.0,36.0,94.0,85.0,110.0,98.0
1771501773.5656412,77.0,99.0,53.0,94.0,84.0,110.0,99.0
1771501773.596643,76.0,98.0,49.0,93.0,85.0,110.0,99.0
1771501773.6272635,76.0,98.0,52.0,93.0,85.0,110.0,98.0
1771501773.658315,76.0,98.0,70.0,93.0,84.0,110.0,99.0
1771501773.7017772,75.0,98.0,65.0,93.0,84.0,110.0,99.0
1771501773.736335,75.0,97.0,65.0,93.0,84.0,110.0,99.0
1771501773.7682915,75.0,96.0,88.0,93.0,85.0,110.0,98.0
1771501773.7993925,77.0,98.0,90.0,94.0,84.0,110.0,100.0
1771501773.8319333,76.0,97.0,86.0,94.0,85.0,110.0,100.0
1771501773.861932,77.0,97.0,100.0,94.0,85.0,110.0,100.0
1771501773.8949294,77.0,97.0,82.0,94.0,85.0,110.0,100.0
1771501773.925839,76.0,97.0,45.0,94.0,85.0,110.0,100.0
1771501773.957884,74.0,97.0,33.0,92.0,85.0,110.0,99.0
1771501773.9898524,76.0,97.0,32.0,94.0,85.0,110.0,100.0
1771501774.0213645,72.0,95.0,0.0,94.0,86.0,110.0,99.0
1771501774.05559,69.0,94.0,0.0,93.0,86.0,110.0,97.0
1771501774.086854,70.0,96.0,0.0,93.0,86.0,110.0,96.0
1771501774.1339483,68.0,94.0,0.0,93.0,85.0,110.0,93.0
1771501774.1659484,68.0,94.0,0.0,94.0,86.0,110.0,93.0
1771501774.1969483,67.0,93.0,0.0,96.0,85.0,110.0,94.0
1771501774.2291799,68.0,94.0,0.0,96.0,86.0,110.0,94.0
1771501774.2651834,68.0,95.0,0.0,95.0,86.0,110.0,94.0
1771501774.2971394,68.0,94.0,0.0,96.0,85.0,110.0,93.0
1771501774.3298018,65.0,91.0,0.0,93.0,83.0,110.0,89.0
1771501774.3617642,67.0,92.0,0.0,96.0,85.0,110.0,94.0
1771501774.393753,66.0,92.0,0.0,94.0,85.0,110.0,91.0
1771501774.4258478,68.0,94.0,0.0,96.0,87.0,110.0,97.0
1771501774.4568665,68.0,94.0,0.0,95.0,86.0,110.0,98.0
1771501774.4878669,68.0,95.0,0.0,95.0,85.0,110.0,97.0
1771501774.5194273,68.0,96.0,0.0,95.0,84.0,110.0,95.0
1771501774.5664265,67.0,95.0,0.0,94.0,84.0,110.0,94.0
1771501774.599429,67.0,95.0,0.0,94.0,84.0,110.0,95.0
1771501774.6316426,65.0,94.0,0.0,93.0,83.0,110.0,94.0
1771501774.660702,66.0,94.0,8.0,92.0,83.0,110.0,94.0
1771501774.6957018,66.0,95.0,20.0,90.0,82.0,110.0,97.0
1771501774.7253706,68.0,95.0,27.0,90.0,83.0,110.0,98.0
1771501774.7584631,67.0,93.0,26.0,90.0,83.0,110.0,100.0
1771501774.7894528,66.0,93.0,17.0,90.0,83.0,110.0,97.0
1771501774.8309526,66.0,93.0,0.0,89.0,82.0,110.0,98.0
1771501774.8628201,65.0,93.0,16.0,90.0,82.0,110.0,98.0
1771501774.893859,67.0,94.0,36.0,90.0,82.0,110.0,98.0
1771501774.9253771,67.0,93.0,40.0,91.0,83.0,110.0,98.0
1771501774.9555128,66.0,93.0,21.0,90.0,82.0,110.0,97.0
1771501775.031045,65.0,93.0,13.0,90.0,82.0,110.0,97.0
1771501775.0632133,65.0,92.0,8.0,90.0,82.0,110.0,98.0
1771501775.0953455,64.0,93.0,0.0,90.0,81.0,110.0,96.0
1771501775.126856,65.0,92.0,0.0,90.0,82.0,110.0,97.0
1771501775.1578581,67.0,93.0,8.0,91.0,83.0,110.0,96.0
1771501775.1893299,66.0,92.0,10.0,91.0,83.0,110.0,98.0
1771501775.2204816,65.0,93.0,9.0,90.0,82.0,110.0,96.0
1771501775.2524776,65.0,93.0,15.0,90.0,83.0,110.0,96.0
1771501775.2824996,65.0,93.0,12.0,90.0,83.0,110.0,98.0
1771501775.312486,66.0,93.0,44.0,90.0,82.0,110.0,98.0
1771501775.3449428,65.0,92.0,36.0,89.0,82.0,110.0,99.0
1771501775.375936,65.0,92.0,52.0,89.0,81.0,110.0,100.0
1771501775.4294927,66.0,90.0,62.0,90.0,82.0,110.0,100.0
1771501775.46257,66.0,89.0,58.0,90.0,83.0,110.0,100.0
1771501775.4854944,66.0,89.0,54.0,90.0,83.0,110.0,100.0
1771501775.5180535,66.0,88.0,55.0,91.0,83.0,110.0,100.0
1771501775.5510468,66.0,90.0,59.0,90.0,83.0,110.0,100.0
1771501775.5800676,66.0,89.0,56.0,90.0,83.0,110.0,100.0
1771501775.6130526,65.0,89.0,56.0,90.0,83.0,110.0,100.0
1771501775.64358,65.0,91.0,45.0,91.0,83.0,110.0,100.0
1771501775.6735597,66.0,90.0,47.0,91.0,82.0,110.0,100.0
1771501775.7065642,65.0,90.0,45.0,90.0,82.0,110.0,100.0
1771501775.7382715,66.0,90.0,41.0,90.0,82.0,110.0,100.0
1771501775.769271,66.0,91.0,44.0,91.0,82.0,110.0,100.0
1771501775.8133,65.0,89.0,49.0,91.0,82.0,110.0,100.0
1771501775.860834,66.0,90.0,51.0,91.0,82.0,110.0,100.0
1771501775.896834,66.0,90.0,44.0,91.0,82.0,110.0,100.0
1771501775.9236982,66.0,89.0,55.0,91.0,82.0,110.0,100.0
1771501775.955929,66.0,90.0,52.0,92.0,83.0,110.0,100.0
1771501775.9898448,66.0,89.0,58.0,91.0,83.0,110.0,100.0
1771501776.0184157,66.0,89.0,51.0,91.0,83.0,110.0,100.0
1771501776.0514138,65.0,89.0,60.0,90.0,83.0,110.0,100.0
1771501776.0814443,65.0,89.0,46.0,90.0,83.0,110.0,100.0
1771501776.1124177,67.0,90.0,50.0,90.0,83.0,110.0,100.0
1771501776.1439524,67.0,92.0,31.0,91.0,83.0,110.0,100.0
1771501776.1740253,67.0,92.0,7.0,92.0,84.0,110.0,99.0
1771501776.2168448,67.0,92.0,0.0,93.0,84.0,110.0,95.0
1771501776.2448504,64.0,92.0,0.0,94.0,84.0,110.0,91.0
1771501776.2938812,63.0,92.0,0.0,92.0,82.0,110.0,87.0
1771501776.3262212,64.0,93.0,0.0,89.0,82.0,110.0,89.0
1771501776.3482757,63.0,91.0,0.0,90.0,81.0,110.0,88.0
1771501776.3792408,61.0,91.0,0.0,90.0,81.0,110.0,83.0
1771501776.4108944,62.0,91.0,0.0,89.0,81.0,110.0,83.0
1771501776.441931,61.0,91.0,0.0,88.0,79.0,110.0,80.0
1771501776.473025,60.0,93.0,0.0,89.0,78.0,110.0,78.0
1771501776.5050313,60.0,93.0,0.0,88.0,77.0,110.0,76.0
1771501776.534723,58.0,92.0,0.0,82.0,75.0,110.0,73.0
1771501776.568723,60.0,98.0,0.0,77.0,74.0,110.0,70.0
1771501776.6137426,60.0,99.0,19.0,63.0,68.0,105.0,59.0
1771501776.6462362,60.0,101.0,24.0,66.0,67.0,104.0,57.0
1771501776.6782389,60.0,100.0,36.0,63.0,66.0,100.0,51.0
1771501776.7274148,60.0,101.0,40.0,61.0,63.0,94.0,46.0
1771501776.7637296,60.0,102.0,61.0,60.0,61.0,90.0,42.0
1771501776.7847624,60.0,103.0,83.0,61.0,62.0,91.0,43.0
1771501776.8185678,60.0,102.0,87.0,56.0,58.0,87.0,40.0
1771501776.8485987,62.0,101.0,77.0,51.0,54.0,81.0,38.0
1771501776.880348,62.0,103.0,100.0,44.0,51.0,77.0,33.0
1771501776.910099,61.0,104.0,100.0,45.0,50.0,76.0,30.0
1771501776.9406238,60.0,103.0,100.0,42.0,47.0,74.0,29.0
1771501776.9751506,61.0,104.0,100.0,42.0,47.0,73.0,27.0
1771501777.016797,61.0,102.0,100.0,40.0,45.0,70.0,24.0
1771501777.0503147,60.0,103.0,100.0,37.0,42.0,66.0,21.0
1771501777.0804312,61.0,105.0,100.0,37.0,42.0,65.0,20.0
1771501777.1111224,60.0,104.0,100.0,36.0,41.0,65.0,19.0
1771501777.1586373,62.0,106.0,100.0,35.0,39.0,61.0,18.0
1771501777.1926367,61.0,108.0,100.0,34.0,37.0,60.0,15.0
1771501777.2207084,61.0,107.0,100.0,33.0,37.0,60.0,16.0
1771501777.25223,61.0,108.0,100.0,31.0,35.0,56.0,13.0
1771501777.2848248,63.0,111.0,100.0,32.0,33.0,54.0,10.0
1771501777.317491,63.0,111.0,100.0,31.0,32.0,52.0,9.0
1771501777.3452277,64.0,110.0,100.0,30.0,31.0,53.0,9.0
1771501777.3767874,62.0,107.0,100.0,29.0,29.0,52.0,7.0
1771501777.4151344,63.0,107.0,100.0,29.0,28.0,47.0,6.0
1771501777.445933,63.0,106.0,100.0,30.0,28.0,47.0,5.0
1771501777.478406,63.0,107.0,100.0,29.0,28.0,45.0,4.0
1771501777.5128455,64.0,106.0,100.0,28.0,29.0,47.0,5.0
1771501777.5625334,66.0,106.0,100.0,28.0,28.0,47.0,8.0
1771501777.5947978,66.0,105.0,100.0,27.0,28.0,46.0,9.0
1771501777.625243,65.0,106.0,100.0,26.0,28.0,45.0,8.0
1771501777.656782,65.0,106.0,100.0,28.0,28.0,45.0,8.0
1771501777.6893084,66.0,104.0,100.0,27.0,28.0,45.0,9.0
1771501777.719072,65.0,104.0,100.0,28.0,27.0,44.0,8.0
1771501777.750274,67.0,107.0,100.0,29.0,28.0,44.0,8.0
1771501777.7811565,68.0,108.0,100.0,31.0,28.0,45.0,9.0
1771501777.8131866,69.0,111.0,100.0,33.0,30.0,46.0,8.0
1771501777.8457315,69.0,111.0,100.0,32.0,29.0,47.0,6.0
1771501777.8777337,72.0,111.0,100.0,35.0,32.0,51.0,9.0
1771501777.908738,72.0,113.0,100.0,35.0,32.0,50.0,7.0
1771501777.9423635,75.0,116.0,100.0,37.0,34.0,54.0,10.0
1771501777.9733486,74.0,115.0,100.0,36.0,33.0,52.0,9.0
1771501778.0233626,76.0,116.0,100.0,36.0,34.0,52.0,11.0
1771501778.0479112,77.0,116.0,100.0,36.0,35.0,52.0,13.0
1771501778.0785265,78.0,117.0,100.0,34.0,35.0,52.0,13.0
1771501778.109328,79.0,116.0,100.0,33.0,34.0,53.0,14.0
1771501778.1418464,80.0,116.0,100.0,32.0,34.0,52.0,15.0
1771501778.1718469,81.0,113.0,100.0,31.0,34.0,53.0,15.0
1771501778.2138803,83.0,112.0,67.0,31.0,35.0,55.0,17.0
1771501778.2464645,83.0,114.0,43.0,34.0,36.0,54.0,14.0
1771501778.2774663,85.0,116.0,0.0,36.0,38.0,56.0,14.0
1771501778.3094683,87.0,116.0,0.0,37.0,39.0,57.0,16.0
1771501778.3420286,88.0,114.0,0.0,37.0,40.0,58.0,17.0
1771501778.3780077,90.0,116.0,0.0,39.0,42.0,59.0,18.0
1771501778.4215734,91.0,118.0,0.0,42.0,43.0,59.0,19.0
1771501778.4555445,90.0,117.0,0.0,40.0,41.0,57.0,17.0
1771501778.4865441,90.0,116.0,0.0,39.0,41.0,56.0,17.0
1771501778.5175483,89.0,117.0,0.0,38.0,41.0,55.0,16.0
1771501778.5496414,88.0,115.0,0.0,35.0,40.0,54.0,15.0
1771501778.5809467,88.0,115.0,0.0,34.0,39.0,52.0,14.0
1771501778.6161695,87.0,117.0,0.0,32.0,37.0,49.0,11.0
1771501778.6448925,87.0,116.0,0.0,29.0,36.0,48.0,10.0
1771501778.677797,86.0,118.0,0.0,26.0,34.0,45.0,8.0
1771501778.7098014,86.0,118.0,0.0,24.0,32.0,43.0,7.0
1771501778.7423053,86.0,119.0,0.0,24.0,31.0,41.0,6.0
1771501778.7733448,87.0,122.0,0.0,24.0,31.0,42.0,6.0
1771501778.8073082,88.0,122.0,0.0,24.0,31.0,41.0,7.0
1771501778.853881,88.0,120.0,0.0,24.0,31.0,41.0,6.0
1771501778.8868802,88.0,121.0,0.0,24.0,31.0,42.0,6.0
1771501778.9239092,88.0,120.0,0.0,24.0,31.0,42.0,7.0
1771501778.9559414,90.0,124.0,0.0,26.0,33.0,43.0,7.0
1771501778.9874861,89.0,120.0,0.0,24.0,32.0,43.0,7.0
1771501779.018511,91.0,122.0,0.0,26.0,34.0,46.0,9.0
1771501779.049013,91.0,121.0,0.0,26.0,33.0,46.0,10.0
1771501779.0800834,91.0,121.0,0.0,25.0,33.0,46.0,10.0
1771501779.110016,92.0,121.0,0.0,24.0,33.0,47.0,10.0
1771501779.142539,92.0,121.0,0.0,24.0,34.0,49.0,11.0
1771501779.17254,92.0,120.0,0.0,22.0,33.0,48.0,11.0
1771501779.2055407,93.0,120.0,0.0,23.0,32.0,49.0,11.0
1771501779.2408469,92.0,119.0,0.0,21.0,31.0,47.0,10.0
1771501779.2878442,91.0,119.0,0.0,20.0,30.0,45.0,9.0
1771501779.3178506,91.0,117.0,0.0,21.0,31.0,45.0,10.0
1771501779.3432803,90.0,117.0,0.0,21.0,31.0,45.0,9.0
1771501779.3740819,90.0,116.0,0.0,17.0,29.0,45.0,9.0
1771501779.4131289,91.0,117.0,0.0,18.0,30.0,46.0,9.0
1771501779.4466624,91.0,118.0,0.0,19.0,31.0,46.0,10.0
1771501779.4766412,89.0,117.0,0.0,19.0,30.0,45.0,8.0
1771501779.50878,90.0,117.0,0.0,18.0,30.0,45.0,8.0
1771501779.5412915,89.0,119.0,0.0,19.0,30.0,44.0,7.0
1771501779.5742896,89.0,118.0,0.0,19.0,30.0,44.0,7.0
1771501779.6057408,89.0,119.0,0.0,20.0,31.0,46.0,8.0
1771501779.6363204,90.0,119.0,0.0,19.0,31.0,46.0,8.0
1771501779.6733222,89.0,118.0,0.0,20.0,30.0,44.0,7.0
1771501779.7183256,88.0,118.0,0.0,19.0,30.0,45.0,7.0
1771501779.751743,88.0,118.0,0.0,19.0,30.0,44.0,7.0
1771501779.78026,88.0,118.0,0.0,20.0,30.0,44.0,7.0
1771501779.8133776,89.0,118.0,0.0,20.0,30.0,45.0,7.0
1771501779.8459344,89.0,118.0,0.0,20.0,31.0,46.0,9.0
1771501779.879954,90.0,118.0,0.0,19.0,30.0,47.0,9.0
1771501779.9089396,91.0,120.0,0.0,20.0,31.0,47.0,9.0
1771501779.9414709,90.0,119.0,0.0,20.0,31.0,47.0,9.0
1771501779.9744766,90.0,118.0,0.0,18.0,30.0,46.0,9.0
1771501780.0054803,90.0,117.0,0.0,20.0,30.0,46.0,9.0
1771501780.0379765,90.0,116.0,0.0,19.0,30.0,47.0,10.0
1771501780.0700176,90.0,117.0,0.0,19.0,31.0,47.0,10.0
1771501780.1014254,90.0,117.0,0.0,17.0,29.0,46.0,10.0
1771501780.1498396,91.0,118.0,0.0,21.0,32.0,48.0,11.0
1771501780.1818364,91.0,118.0,0.0,19.0,30.0,47.0,11.0
1771501780.213863,92.0,118.0,0.0,19.0,31.0,48.0,11.0
1771501780.2483923,92.0,118.0,0.0,19.0,30.0,48.0,12.0
1771501780.2793167,91.0,118.0,0.0,20.0,31.0,48.0,12.0
1771501780.3123586,91.0,118.0,0.0,20.0,31.0,49.0,12.0
1771501780.3424883,91.0,118.0,0.0,22.0,32.0,49.0,12.0
1771501780.37446,91.0,118.0,0.0,20.0,31.0,48.0,11.0
1771501780.4057317,91.0,118.0,0.0,20.0,31.0,48.0,11.0
1771501780.4372525,91.0,118.0,0.0,21.0,32.0,49.0,11.0
1771501780.4692461,91.0,118.0,0.0,22.0,32.0,49.0,11.0
1771501780.502244,92.0,119.0,0.0,22.0,33.0,49.0,12.0
1771501780.5359483,93.0,119.0,0.0,22.0,34.0,51.0,14.0
1771501780.5819201,92.0,118.0,0.0,22.0,32.0,49.0,12.0
1771501780.615996,91.0,118.0,0.0,23.0,33.0,50.0,12.0
1771501780.6465774,92.0,120.0,0.0,21.0,32.0,50.0,12.0
1771501780.677577,93.0,119.0,0.0,20.0,32.0,50.0,13.0
1771501780.709581,92.0,120.0,0.0,21.0,31.0,47.0,11.0
1771501780.7436943,92.0,120.0,0.0,21.0,33.0,50.0,13.0
1771501780.772693,93.0,119.0,0.0,21.0,32.0,49.0,13.0
1771501780.804703,92.0,119.0,0.0,21.0,32.0,49.0,12.0
1771501780.836821,92.0,120.0,0.0,22.0,33.0,51.0,13.0
1771501780.8688438,93.0,120.0,0.0,21.0,33.0,50.0,13.0
1771501780.900762,92.0,118.0,0.0,21.0,32.0,49.0,12.0
1771501780.9333549,92.0,119.0,0.0,23.0,33.0,50.0,12.0
1771501780.967282,93.0,119.0,0.0,24.0,35.0,53.0,14.0
1771501781.0133266,93.0,120.0,0.0,23.0,35.0,52.0,14.0
1771501781.0467887,93.0,119.0,0.0,21.0,33.0,51.0,14.0
1771501781.0805523,91.0,118.0,0.0,22.0,32.0,49.0,12.0
1771501781.1125565,92.0,119.0,0.0,21.0,32.0,50.0,12.0
1771501781.1440706,92.0,118.0,0.0,22.0,33.0,50.0,12.0
1771501781.1761177,93.0,119.0,0.0,23.0,34.0,51.0,13.0
1771501781.2050831,92.0,119.0,0.0,22.0,33.0,50.0,12.0
1771501781.2376547,92.0,117.0,0.0,21.0,33.0,50.0,12.0
1771501781.268655,91.0,117.0,0.0,21.0,32.0,49.0,12.0
1771501781.3016539,92.0,118.0,0.0,21.0,32.0,49.0,12.0
1771501781.3322418,92.0,119.0,0.0,22.0,33.0,49.0,12.0
1771501781.3662596,92.0,118.0,0.0,23.0,33.0,50.0,12.0
1771501781.4003198,92.0,119.0,0.0,23.0,33.0,50.0,12.0
1771501781.4458094,92.0,119.0,0.0,21.0,33.0,49.0,12.0
1771501781.4778066,92.0,119.0,0.0,23.0,33.0,50.0,12.0
1771501781.5088203,93.0,120.0,0.0,22.0,33.0,51.0,13.0
1771501781.5416107,94.0,121.0,0.0,23.0,33.0,51.0,14.0
1771501781.574371,93.0,119.0,0.0,22.0,33.0,49.0,12.0
1771501781.606372,93.0,119.0,0.0,22.0,33.0,50.0,13.0
1771501781.640902,93.0,119.0,0.0,22.0,33.0,50.0,13.0
1771501781.671903,93.0,120.0,0.0,24.0,34.0,51.0,13.0
1771501781.7039013,94.0,123.0,0.0,25.0,35.0,52.0,13.0
1771501781.735424,93.0,121.0,0.0,25.0,35.0,52.0,13.0
1771501781.7664614,94.0,121.0,0.0,23.0,34.0,51.0,14.0
1771501781.796855,94.0,122.0,0.0,26.0,35.0,51.0,13.0
1771501781.8311808,94.0,123.0,0.0,25.0,35.0,52.0,14.0
1771501781.8781316,94.0,121.0,0.0,24.0,35.0,52.0,14.0
1771501781.9114068,93.0,120.0,0.0,24.0,34.0,51.0,13.0
1771501781.9419386,94.0,123.0,0.0,24.0,35.0,52.0,14.0
1771501781.9730017,93.0,122.0,0.0,25.0,34.0,51.0,14.0
1771501782.0049999,93.0,121.0,0.0,26.0,35.0,52.0,14.0
1771501782.038538,93.0,121.0,0.0,27.0,36.0,52.0,13.0
1771501782.0710208,93.0,120.0,0.0,24.0,35.0,51.0,14.0
1771501782.1023338,93.0,121.0,0.0,26.0,36.0,52.0,13.0
1771501782.1337934,93.0,122.0,0.0,25.0,36.0,51.0,13.0
1771501782.1647928,94.0,122.0,0.0,25.0,35.0,52.0,14.0
1771501782.1978858,94.0,123.0,0.0,26.0,35.0,51.0,13.0
1771501782.2310982,94.0,122.0,0.0,26.0,36.0,52.0,13.0
1771501782.2650983,93.0,125.0,0.0,26.0,35.0,50.0,12.0
1771501782.3091252,93.0,125.0,0.0,24.0,34.0,49.0,13.0
1771501782.3426101,92.0,125.0,0.0,26.0,34.0,49.0,13.0
1771501782.3756275,92.0,122.0,0.0,26.0,35.0,49.0,12.0
1771501782.4046128,91.0,121.0,0.0,25.0,35.0,49.0,13.0
1771501782.4371648,91.0,121.0,0.0,26.0,36.0,52.0,15.0
1771501782.4702284,91.0,122.0,0.0,28.0,37.0,55.0,17.0
1771501782.503158,91.0,121.0,0.0,29.0,38.0,59.0,23.0
1771501782.5336733,90.0,118.0,0.0,30.0,40.0,65.0,28.0
1771501782.5656722,91.0,121.0,11.0,35.0,42.0,70.0,36.0
1771501782.596692,90.0,126.0,45.0,35.0,40.0,70.0,38.0
1771501782.6292524,89.0,129.0,69.0,33.0,40.0,70.0,39.0
1771501782.6622703,89.0,130.0,42.0,33.0,40.0,73.0,41.0
1771501782.6963186,90.0,129.0,58.0,37.0,46.0,82.0,44.0
1771501782.7425878,81.0,126.0,0.0,36.0,48.0,83.0,41.0
1771501782.7775986,77.0,119.0,67.0,43.0,54.0,89.0,47.0
1771501782.8048546,75.0,112.0,50.0,48.0,61.0,100.0,57.0
1771501782.8379855,73.0,113.0,76.0,61.0,63.0,103.0,58.0
1771501782.8699145,77.0,116.0,82.0,73.0,71.0,110.0,69.0
1771501782.9019537,79.0,118.0,100.0,73.0,74.0,110.0,76.0
1771501782.9341094,80.0,117.0,86.0,85.0,80.0,110.0,82.0
1771501782.9661264,88.0,117.0,100.0,93.0,84.0,110.0,94.0
1771501783.0170455,89.0,119.0,100.0,94.0,84.0,110.0,100.0
1771501783.049556,90.0,117.0,100.0,94.0,81.0,110.0,100.0
1771501783.0805564,92.0,114.0,100.0,93.0,80.0,110.0,100.0
1771501783.1135619,90.0,111.0,100.0,92.0,78.0,110.0,100.0
1771501783.1430902,83.0,108.0,100.0,91.0,80.0,110.0,100.0
1771501783.1740932,81.0,106.0,100.0,91.0,80.0,110.0,100.0
1771501783.2070894,82.0,107.0,100.0,92.0,80.0,110.0,100.0
1771501783.237604,82.0,106.0,100.0,93.0,80.0,110.0,100.0
1771501783.2687716,80.0,105.0,75.0,93.0,81.0,110.0,100.0
1771501783.3007712,79.0,105.0,61.0,93.0,82.0,110.0,100.0
1771501783.3342867,79.0,105.0,52.0,95.0,82.0,110.0,100.0
1771501783.3662853,80.0,104.0,41.0,94.0,82.0,110.0,100.0
1771501783.3972852,80.0,104.0,44.0,95.0,82.0,110.0,100.0
1771501783.4305117,81.0,105.0,48.0,95.0,81.0,110.0,100.0
1771501783.4625304,81.0,105.0,53.0,95.0,82.0,110.0,100.0
1771501783.4935105,80.0,105.0,58.0,94.0,82.0,110.0,100.0
1771501783.525198,80.0,104.0,44.0,95.0,81.0,110.0,100.0
1771501783.5602043,80.0,105.0,50.0,95.0,82.0,110.0,100.0
1771501783.606378,80.0,105.0,64.0,95.0,82.0,110.0,100.0
1771501783.6376085,81.0,105.0,91.0,94.0,82.0,110.0,100.0
1771501783.6689732,83.0,105.0,100.0,92.0,81.0,110.0,100.0
1771501783.7019722,82.0,110.0,64.0,93.0,82.0,110.0,100.0
1771501783.7341287,72.0,105.0,0.0,85.0,78.0,110.0,81.0
1771501783.7679477,64.0,100.0,0.0,68.0,65.0,98.0,53.0
1771501783.7998397,65.0,105.0,0.0,64.0,59.0,86.0,42.0
1771501783.8303094,67.0,109.0,19.0,57.0,54.0,78.0,37.0
1771501783.8623564,79.0,115.0,7.0,45.0,45.0,66.0,34.0
1771501783.894308,89.0,126.0,0.0,47.0,45.0,66.0,37.0
1771501783.9252381,96.0,131.0,0.0,55.0,47.0,71.0,31.0
1771501783.958512,97.0,130.0,0.0,51.0,48.0,68.0,27.0
1771501783.9935522,95.0,130.0,0.0,43.0,43.0,61.0,20.0
1771501784.0390282,94.0,128.0,0.0,36.0,41.0,56.0,17.0
1771501784.0696604,96.0,130.0,0.0,35.0,40.0,55.0,16.0
1771501784.1010847,98.0,132.0,0.0,34.0,40.0,57.0,16.0
1771501784.1337018,99.0,133.0,0.0,33.0,39.0,55.0,14.0
1771501784.165702,98.0,131.0,0.0,31.0,38.0,55.0,13.0
1771501784.1991131,99.0,135.0,0.0,32.0,38.0,54.0,11.0
1771501784.2296352,101.0,136.0,0.0,31.0,37.0,53.0,11.0
1771501784.2616348,99.0,135.0,0.0,28.0,35.0,51.0,10.0
1771501784.293686,97.0,131.0,0.0,29.0,36.0,52.0,11.0
1771501784.3256524,98.0,132.0,0.0,29.0,36.0,53.0,12.0
1771501784.3763537,97.0,129.0,0.0,29.0,36.0,52.0,12.0
1771501784.407385,97.0,132.0,0.0,27.0,35.0,50.0,11.0
1771501784.440942,97.0,129.0,0.0,28.0,35.0,52.0,12.0
1771501784.4699247,97.0,129.0,0.0,29.0,36.0,53.0,12.0
1771501784.5019224,98.0,131.0,0.0,28.0,35.0,51.0,13.0
1771501784.5343027,99.0,131.0,0.0,30.0,36.0,53.0,15.0
1771501784.56629,99.0,131.0,0.0,31.0,38.0,54.0,16.0
1771501784.5982292,98.0,130.0,0.0,35.0,41.0,56.0,17.0
1771501784.633794,97.0,135.0,0.0,34.0,38.0,51.0,16.0
1771501784.6608136,101.0,136.0,0.0,37.0,48.0,67.0,32.0
1771501784.6934075,101.0,144.0,0.0,39.0,57.0,88.0,45.0
1771501784.725414,91.0,144.0,0.0,46.0,64.0,108.0,65.0
1771501784.756917,93.0,135.0,0.0,77.0,79.0,110.0,82.0
1771501784.7889175,93.0,130.0,13.0,83.0,83.0,110.0,90.0
1771501784.8209212,90.0,125.0,3.0,88.0,85.0,110.0,90.0
1771501784.87043,91.0,128.0,0.0,99.0,86.0,110.0,100.0
1771501784.9054272,85.0,121.0,0.0,102.0,84.0,110.0,100.0
1771501784.9389727,86.0,120.0,0.0,99.0,81.0,110.0,100.0
1771501784.9692392,86.0,121.0,0.0,97.0,78.0,110.0,100.0
1771501785.0011594,84.0,118.0,0.0,96.0,79.0,110.0,100.0
1771501785.033831,86.0,117.0,0.0,93.0,78.0,110.0,100.0
1771501785.0641575,86.0,114.0,0.0,95.0,78.0,110.0,100.0
1771501785.094592,86.0,114.0,0.0,94.0,78.0,110.0,100.0
1771501785.127104,89.0,115.0,0.0,91.0,75.0,110.0,100.0
1771501785.1591074,89.0,113.0,0.0,89.0,75.0,109.0,100.0
1771501785.1901088,89.0,112.0,0.0,89.0,75.0,109.0,100.0
1771501785.2221413,88.0,112.0,0.0,90.0,76.0,110.0,100.0
1771501785.2542195,87.0,112.0,0.0,90.0,76.0,110.0,100.0
1771501785.3022208,87.0,111.0,0.0,91.0,77.0,110.0,100.0
1771501785.3347352,87.0,112.0,0.0,91.0,76.0,110.0,100.0
1771501785.3657339,87.0,112.0,0.0,91.0,77.0,110.0,100.0
1771501785.3977363,87.0,112.0,0.0,91.0,77.0,110.0,100.0
1771501785.4292939,85.0,112.0,0.0,92.0,78.0,110.0,100.0
1771501785.4622715,86.0,115.0,0.0,90.0,77.0,110.0,100.0
1771501785.4955618,83.0,118.0,0.0,95.0,82.0,110.0,100.0
1771501785.5291483,75.0,111.0,0.0,85.0,74.0,110.0,70.0
1771501785.561158,77.0,107.0,65.0,64.0,59.0,86.0,50.0
1771501785.592149,85.0,119.0,100.0,40.0,39.0,63.0,36.0
1771501785.6231565,93.0,128.0,0.0,41.0,41.0,62.0,25.0
1771501785.6543388,92.0,127.0,0.0,32.0,40.0,55.0,17.0
1771501785.6863375,99.0,135.0,0.0,33.0,42.0,59.0,18.0
1771501785.74582,100.0,136.0,0.0,33.0,43.0,61.0,18.0
1771501785.77983,104.0,141.0,0.0,31.0,41.0,58.0,17.0
1771501785.8118255,103.0,140.0,0.0,28.0,38.0,55.0,17.0
1771501785.844408,103.0,141.0,0.0,24.0,35.0,51.0,16.0
1771501785.8734148,103.0,143.0,0.0,24.0,34.0,49.0,14.0
1771501785.9044101,104.0,144.0,0.0,27.0,36.0,53.0,15.0
1771501785.93509,103.0,139.0,0.0,28.0,38.0,57.0,18.0
1771501785.9680903,103.0,139.0,0.0,29.0,39.0,59.0,19.0
1771501785.9991078,103.0,138.0,0.0,30.0,40.0,60.0,19.0
1771501786.029626,102.0,135.0,0.0,31.0,41.0,61.0,20.0
1771501786.062003,102.0,134.0,0.0,28.0,38.0,57.0,18.0
1771501786.0916474,102.0,136.0,0.0,31.0,42.0,61.0,20.0
1771501786.1246471,102.0,136.0,0.0,31.0,40.0,61.0,20.0
1771501786.166914,102.0,135.0,0.0,31.0,41.0,62.0,21.0
1771501786.2019148,100.0,134.0,0.0,29.0,40.0,60.0,20.0
1771501786.2315564,100.0,137.0,0.0,31.0,39.0,57.0,18.0
1771501786.263538,98.0,137.0,0.0,32.0,38.0,54.0,16.0
1771501786.2940536,98.0,134.0,0.0,34.0,41.0,60.0,20.0
1771501786.3250637,101.0,136.0,0.0,36.0,48.0,71.0,28.0
1771501786.3606498,101.0,135.0,0.0,37.0,52.0,77.0,37.0
1771501786.3899872,99.0,142.0,0.0,37.0,53.0,82.0,45.0
1771501786.4239936,95.0,148.0,0.0,37.0,51.0,83.0,48.0
1771501786.4545262,91.0,151.0,0.0,37.0,56.0,92.0,55.0
1771501786.4854739,87.0,134.0,0.0,47.0,69.0,110.0,68.0
1771501786.5184214,81.0,123.0,0.0,50.0,69.0,110.0,71.0
1771501786.5497675,77.0,118.0,1.0,48.0,63.0,107.0,66.0
1771501786.6310766,77.0,117.0,69.0,66.0,73.0,110.0,73.0
1771501786.6520557,76.0,120.0,81.0,66.0,72.0,110.0,75.0
1771501786.6840532,78.0,116.0,95.0,74.0,78.0,110.0,80.0
1771501786.7140567,76.0,119.0,37.0,79.0,79.0,110.0,81.0
1771501786.7445965,76.0,120.0,21.0,84.0,82.0,110.0,82.0
1771501786.7765932,79.0,119.0,24.0,86.0,85.0,110.0,91.0
1771501786.8076143,82.0,118.0,19.0,93.0,85.0,110.0,100.0
1771501786.8393285,86.0,119.0,74.0,97.0,82.0,110.0,100.0
1771501786.8692882,90.0,122.0,100.0,94.0,77.0,110.0,100.0
1771501786.9012895,91.0,123.0,100.0,94.0,76.0,110.0,100.0
1771501786.9328492,90.0,119.0,100.0,95.0,79.0,110.0,100.0
1771501786.963848,81.0,112.0,91.0,94.0,84.0,110.0,99.0
1771501787.0345502,81.0,112.0,89.0,91.0,83.0,110.0,99.0
1771501787.0635462,81.0,113.0,80.0,90.0,82.0,110.0,100.0
1771501787.104421,80.0,113.0,90.0,90.0,83.0,110.0,100.0
1771501787.135962,79.0,112.0,81.0,91.0,83.0,110.0,99.0
1771501787.1669943,79.0,113.0,82.0,91.0,84.0,110.0,98.0
1771501787.1979613,78.0,112.0,85.0,91.0,84.0,110.0,98.0
1771501787.2295492,77.0,112.0,75.0,90.0,85.0,110.0,94.0
1771501787.2615497,73.0,109.0,18.0,87.0,84.0,110.0,81.0
1771501787.2932613,70.0,109.0,69.0,64.0,68.0,104.0,61.0
1771501787.323266,81.0,121.0,18.0,48.0,60.0,95.0,58.0
1771501787.355778,88.0,132.0,23.0,38.0,40.0,63.0,34.0
1771501787.386798,94.0,137.0,0.0,38.0,41.0,57.0,19.0
1771501787.4178843,103.0,143.0,0.0,36.0,42.0,57.0,17.0
1771501787.4625034,102.0,143.0,0.0,30.0,38.0,53.0,16.0
1771501787.4964833,101.0,138.0,0.0,29.0,36.0,53.0,16.0
1771501787.5277615,101.0,136.0,0.0,31.0,39.0,56.0,18.0
1771501787.559269,102.0,139.0,0.0,32.0,40.0,57.0,18.0
1771501787.5902684,101.0,138.0,0.0,32.0,39.0,56.0,15.0
1771501787.6232758,99.0,136.0,0.0,33.0,39.0,56.0,15.0
1771501787.6537838,99.0,134.0,0.0,33.0,39.0,56.0,15.0
1771501787.6838174,99.0,136.0,0.0,30.0,37.0,53.0,14.0
1771501787.7149348,98.0,133.0,0.0,30.0,37.0,53.0,13.0
1771501787.7473705,98.0,135.0,0.0,29.0,36.0,51.0,13.0
1771501787.777371,97.0,133.0,0.0,28.0,35.0,51.0,13.0
1771501787.8135135,97.0,132.0,0.0,28.0,36.0,52.0,13.0
1771501787.8461587,98.0,133.0,0.0,29.0,37.0,53.0,14.0
1771501787.8951583,98.0,132.0,0.0,31.0,38.0,55.0,14.0
1771501787.9264975,97.0,130.0,0.0,32.0,39.0,57.0,15.0
1771501787.9490924,97.0,129.0,0.0,32.0,40.0,58.0,16.0
1771501787.981091,96.0,128.0,0.0,32.0,40.0,58.0,16.0
1771501788.012111,94.0,127.0,0.0,30.0,38.0,54.0,14.0
1771501788.041845,94.0,126.0,0.0,33.0,39.0,52.0,15.0
1771501788.0741227,91.0,124.0,0.0,31.0,37.0,48.0,12.0
1771501788.1050546,93.0,129.0,0.0,33.0,39.0,58.0,27.0
1771501788.1353319,92.0,127.0,0.0,31.0,41.0,72.0,44.0
1771501788.1663325,92.0,137.0,0.0,35.0,42.0,75.0,49.0
1771501788.214064,89.0,139.0,0.0,35.0,45.0,85.0,54.0
1771501788.2456033,91.0,144.0,0.0,41.0,60.0,102.0,64.0
1771501788.2796035,89.0,135.0,0.0,44.0,65.0,109.0,67.0
1771501788.3283756,87.0,130.0,0.0,43.0,64.0,109.0,63.0
1771501788.3578842,82.0,123.0,0.0,40.0,62.0,102.0,54.0
1771501788.3868861,81.0,124.0,0.0,40.0,61.0,101.0,53.0
1771501788.4169087,79.0,119.0,0.0,41.0,60.0,98.0,49.0
1771501788.448444,76.0,115.0,0.0,43.0,59.0,95.0,44.0
1771501788.4804237,78.0,117.0,0.0,46.0,61.0,100.0,48.0
1771501788.5124247,77.0,114.0,0.0,48.0,62.0,101.0,48.0
1771501788.5429602,73.0,111.0,0.0,57.0,64.0,101.0,47.0
1771501788.5749593,70.0,109.0,35.0,60.0,64.0,99.0,52.0
1771501788.6149604,71.0,106.0,0.0,79.0,76.0,110.0,69.0
1771501788.6446218,72.0,107.0,0.0,85.0,84.0,110.0,78.0
1771501788.6772952,71.0,109.0,0.0,84.0,83.0,110.0,77.0
1771501788.7093163,71.0,109.0,6.0,81.0,83.0,110.0,78.0
1771501788.7589488,72.0,110.0,14.0,84.0,85.0,110.0,80.0
1771501788.7919238,72.0,111.0,0.0,86.0,85.0,110.0,82.0
1771501788.822953,72.0,110.0,0.0,87.0,86.0,110.0,82.0
1771501788.853088,72.0,110.0,0.0,88.0,86.0,110.0,84.0
1771501788.884103,72.0,109.0,0.0,88.0,86.0,110.0,83.0
1771501788.917091,72.0,110.0,0.0,90.0,85.0,110.0,84.0
1771501788.9485943,73.0,110.0,0.0,89.0,85.0,110.0,88.0
1771501788.9785967,73.0,109.0,0.0,89.0,87.0,110.0,89.0
1771501789.0146127,74.0,109.0,0.0,90.0,87.0,110.0,89.0
1771501789.046129,72.0,107.0,0.0,88.0,86.0,110.0,87.0
1771501789.0797057,72.0,106.0,0.0,89.0,87.0,110.0,88.0
1771501789.1099515,73.0,108.0,0.0,86.0,87.0,110.0,90.0
1771501789.1415021,74.0,108.0,0.0,87.0,88.0,110.0,91.0
1771501789.1914892,73.0,108.0,0.0,88.0,88.0,110.0,91.0
1771501789.2228632,66.0,106.0,0.0,80.0,82.0,110.0,78.0
1771501789.2440503,68.0,109.0,0.0,82.0,83.0,110.0,78.0
1771501789.2760212,64.0,110.0,50.0,70.0,69.0,110.0,65.0
1771501789.3080387,68.0,117.0,100.0,56.0,58.0,91.0,54.0
1771501789.338352,85.0,136.0,0.0,39.0,48.0,80.0,49.0
1771501789.3693326,89.0,133.0,0.0,39.0,42.0,61.0,33.0
1771501789.414135,97.0,137.0,0.0,32.0,37.0,47.0,11.0
1771501789.4476786,97.0,133.0,0.0,33.0,39.0,51.0,14.0
1771501789.4797611,99.0,138.0,0.0,34.0,40.0,52.0,14.0
1771501789.5107598,99.0,137.0,0.0,33.0,39.0,51.0,14.0
1771501789.5412714,97.0,135.0,0.0,32.0,38.0,51.0,12.0
1771501789.574271,97.0,135.0,0.0,31.0,37.0,50.0,13.0
1771501789.6250021,96.0,132.0,0.0,31.0,37.0,51.0,13.0
1771501789.6505635,96.0,131.0,0.0,29.0,36.0,49.0,12.0
1771501789.6824353,97.0,133.0,0.0,30.0,36.0,50.0,13.0
1771501789.7124474,96.0,130.0,0.0,29.0,35.0,49.0,12.0
1771501789.7441623,96.0,132.0,0.0,29.0,36.0,49.0,12.0
1771501789.776124,96.0,129.0,0.0,27.0,34.0,49.0,13.0
1771501789.8356583,98.0,134.0,0.0,33.0,39.0,54.0,16.0
1771501789.867827,97.0,132.0,0.0,32.0,39.0,55.0,16.0
1771501789.899276,98.0,134.0,0.0,33.0,38.0,54.0,16.0
1771501789.9304059,97.0,135.0,0.0,35.0,39.0,53.0,15.0
1771501789.9616883,94.0,132.0,0.0,35.0,40.0,55.0,20.0
1771501789.9921334,95.0,135.0,0.0,36.0,43.0,66.0,35.0
1771501790.0240343,93.0,141.0,0.0,36.0,43.0,75.0,49.0
1771501790.05862,88.0,145.0,0.0,37.0,43.0,87.0,64.0
1771501790.086556,92.0,147.0,0.0,41.0,47.0,93.0,69.0
1771501790.1195698,83.0,140.0,0.0,40.0,58.0,105.0,72.0
1771501790.1498756,78.0,141.0,100.0,53.0,60.0,109.0,82.0
1771501790.1788754,69.0,137.0,81.0,57.0,61.0,110.0,87.0
1771501790.2139237,73.0,136.0,90.0,85.0,84.0,110.0,100.0
1771501790.2444692,75.0,128.0,48.0,100.0,86.0,110.0,100.0
1771501790.2814088,75.0,124.0,36.0,99.0,85.0,110.0,99.0
1771501790.310404,75.0,122.0,74.0,99.0,85.0,110.0,100.0
1771501790.3439724,75.0,122.0,82.0,97.0,84.0,110.0,100.0
1771501790.372921,75.0,121.0,59.0,96.0,85.0,110.0,100.0
1771501790.4049718,72.0,120.0,35.0,95.0,86.0,110.0,100.0
1771501790.4536273,72.0,119.0,35.0,96.0,86.0,110.0,100.0
1771501790.489586,72.0,120.0,22.0,97.0,85.0,110.0,100.0
1771501790.52261,72.0,120.0,23.0,97.0,85.0,110.0,100.0
1771501790.5533478,72.0,121.0,27.0,97.0,85.0,110.0,100.0
1771501790.5853,72.0,119.0,18.0,97.0,86.0,110.0,100.0
1771501790.6163077,74.0,119.0,11.0,98.0,86.0,110.0,97.0
1771501790.6469352,73.0,123.0,76.0,78.0,77.0,110.0,71.0
1771501790.6779602,88.0,141.0,0.0,50.0,61.0,101.0,65.0
1771501790.7119,85.0,126.0,0.0,34.0,36.0,54.0,28.0
1771501790.7424564,87.0,124.0,0.0,29.0,35.0,50.0,15.0
1771501790.7744775,93.0,132.0,0.0,29.0,37.0,52.0,15.0
1771501790.8055995,94.0,132.0,0.0,28.0,36.0,51.0,14.0
1771501790.8381336,95.0,130.0,0.0,29.0,38.0,53.0,13.0
1771501790.886217,94.0,128.0,0.0,28.0,38.0,53.0,13.0
1771501790.9215868,93.0,127.0,0.0,29.0,37.0,51.0,11.0
1771501790.9440951,94.0,128.0,0.0,30.0,37.0,51.0,13.0
1771501790.9760942,94.0,127.0,0.0,29.0,36.0,51.0,14.0
1771501791.014094,94.0,126.0,0.0,28.0,35.0,49.0,14.0
1771501791.0446084,94.0,129.0,0.0,26.0,34.0,47.0,13.0
1771501791.0786095,93.0,128.0,0.0,28.0,34.0,47.0,13.0
1771501791.1096087,92.0,127.0,0.0,28.0,34.0,46.0,12.0
1771501791.1441202,93.0,128.0,0.0,28.0,35.0,48.0,12.0
1771501791.1761205,93.0,126.0,0.0,27.0,35.0,48.0,12.0
1771501791.2061512,92.0,126.0,0.0,27.0,35.0,49.0,12.0
1771501791.2427197,93.0,127.0,0.0,28.0,36.0,49.0,12.0
1771501791.2757227,92.0,126.0,0.0,29.0,36.0,50.0,13.0
1771501791.3187263,93.0,126.0,0.0,30.0,37.0,50.0,12.0
1771501791.3522367,91.0,126.0,0.0,31.0,36.0,48.0,12.0
1771501791.3842359,91.0,125.0,0.0,31.0,37.0,49.0,13.0
1771501791.4152377,93.0,128.0,0.0,36.0,43.0,63.0,25.0
1771501791.4467552,99.0,142.0,0.0,41.0,53.0,86.0,47.0
1771501791.4787536,97.0,150.0,0.0,39.0,53.0,88.0,50.0
1771501791.5107536,93.0,156.0,0.0,45.0,64.0,110.0,76.0
1771501791.5412645,93.0,151.0,0.0,59.0,77.0,110.0,86.0
1771501791.5772662,91.0,144.0,0.0,79.0,84.0,110.0,90.0
1771501791.6052659,88.0,133.0,0.0,92.0,86.0,110.0,89.0
1771501791.6397767,91.0,134.0,0.0,101.0,86.0,110.0,100.0
1771501791.6707802,92.0,137.0,13.0,102.0,81.0,110.0,99.0
1771501791.7017777,86.0,134.0,15.0,103.0,84.0,110.0,98.0
1771501791.7481728,87.0,137.0,100.0,103.0,85.0,110.0,100.0
1771501791.7841763,88.0,136.0,100.0,99.0,80.0,110.0,100.0
1771501791.8131735,88.0,134.0,100.0,98.0,82.0,110.0,100.0
1771501791.8446934,87.0,130.0,100.0,96.0,82.0,110.0,100.0
1771501791.8796954,87.0,127.0,100.0,95.0,82.0,110.0,100.0
1771501791.9086947,87.0,127.0,100.0,93.0,81.0,110.0,100.0
1771501791.94276,86.0,125.0,100.0,92.0,81.0,110.0,100.0
1771501791.9747605,86.0,122.0,100.0,90.0,81.0,110.0,100.0
1771501792.0074716,86.0,122.0,100.0,90.0,81.0,110.0,100.0
1771501792.0359848,86.0,121.0,100.0,89.0,81.0,110.0,100.0
1771501792.0719826,87.0,122.0,100.0,90.0,80.0,110.0,100.0
1771501792.1049838,87.0,122.0,100.0,90.0,80.0,110.0,100.0
1771501792.1371176,87.0,122.0,100.0,90.0,80.0,110.0,100.0
1771501792.1841164,87.0,123.0,100.0,89.0,80.0,110.0,100.0
1771501792.2181435,87.0,123.0,100.0,89.0,80.0,110.0,100.0
1771501792.246319,87.0,124.0,100.0,89.0,80.0,110.0,100.0
1771501792.2783198,87.0,125.0,100.0,90.0,80.0,110.0,100.0
1771501792.3103156,87.0,126.0,100.0,92.0,81.0,110.0,97.0
1771501792.3458445,84.0,127.0,100.0,96.0,85.0,110.0,88.0
1771501792.3748236,83.0,131.0,100.0,82.0,77.0,110.0,74.0
1771501792.4058435,81.0,130.0,100.0,61.0,66.0,97.0,57.0
1771501792.4413424,82.0,123.0,100.0,62.0,54.0,78.0,42.0
1771501792.472363,81.0,127.0,100.0,48.0,39.0,57.0,25.0
1771501792.5043662,90.0,134.0,93.0,53.0,44.0,66.0,30.0
1771501792.534621,95.0,136.0,0.0,47.0,46.0,65.0,25.0
1771501792.5646026,91.0,132.0,0.0,36.0,39.0,56.0,18.0
1771501792.614602,91.0,127.0,0.0,28.0,36.0,54.0,16.0
1771501792.6481156,91.0,127.0,0.0,26.0,34.0,50.0,14.0
1771501792.6771343,91.0,127.0,0.0,28.0,34.0,51.0,15.0
1771501792.7101328,90.0,125.0,0.0,28.0,34.0,50.0,12.0
1771501792.7416527,90.0,124.0,0.0,26.0,33.0,49.0,12.0
1771501792.775658,91.0,124.0,0.0,26.0,33.0,47.0,12.0
1771501792.8066533,94.0,127.0,0.0,27.0,35.0,51.0,14.0
1771501792.8388999,93.0,124.0,0.0,27.0,35.0,51.0,14.0
1771501792.8739254,91.0,121.0,0.0,25.0,33.0,47.0,11.0
1771501792.9018993,92.0,125.0,0.0,27.0,34.0,48.0,13.0
1771501792.933954,90.0,122.0,0.0,27.0,32.0,45.0,10.0
1771501792.9659572,91.0,124.0,0.0,28.0,33.0,46.0,11.0
1771501793.0069573,92.0,125.0,0.0,28.0,33.0,45.0,10.0
1771501793.047491,93.0,126.0,0.0,27.0,33.0,44.0,10.0
1771501793.0835176,93.0,126.0,0.0,28.0,33.0,45.0,10.0
1771501793.1135154,92.0,126.0,0.0,25.0,31.0,43.0,10.0
1771501793.1420224,92.0,125.0,0.0,26.0,33.0,45.0,10.0
1771501793.1750162,92.0,124.0,0.0,27.0,33.0,45.0,9.0
1771501793.2070525,91.0,123.0,0.0,27.0,34.0,47.0,11.0
1771501793.2382796,92.0,123.0,0.0,27.0,34.0,47.0,11.0
1771501793.270259,92.0,124.0,0.0,26.0,33.0,46.0,10.0
1771501793.305262,91.0,123.0,0.0,27.0,33.0,46.0,10.0
1771501793.3353884,90.0,122.0,0.0,25.0,32.0,45.0,10.0
1771501793.366406,92.0,124.0,0.0,26.0,33.0,46.0,10.0
1771501793.4003847,92.0,124.0,0.0,26.0,33.0,46.0,10.0
1771501793.4324403,93.0,125.0,0.0,28.0,34.0,48.0,11.0
1771501793.4798403,92.0,124.0,0.0,27.0,33.0,46.0,11.0
1771501793.5128398,93.0,126.0,0.0,26.0,32.0,45.0,10.0
1771501793.5463798,92.0,123.0,0.0,26.0,32.0,45.0,10.0
1771501793.5773993,91.0,122.0,0.0,27.0,33.0,46.0,11.0
1771501793.6103866,91.0,121.0,0.0,27.0,33.0,45.0,10.0
1771501793.6408925,92.0,124.0,0.0,27.0,34.0,46.0,11.0
1771501793.6718912,92.0,123.0,0.0,27.0,33.0,46.0,11.0
1771501793.7028952,92.0,122.0,0.0,26.0,33.0,46.0,11.0
1771501793.7354789,92.0,123.0,0.0,26.0,33.0,47.0,11.0
1771501793.76548,92.0,122.0,0.0,26.0,33.0,46.0,11.0
1771501793.7974792,92.0,121.0,0.0,27.0,34.0,47.0,11.0
1771501793.8315165,92.0,122.0,0.0,27.0,34.0,47.0,11.0
1771501793.8620667,93.0,123.0,0.0,27.0,34.0,47.0,12.0
1771501793.9100401,93.0,122.0,0.0,29.0,35.0,49.0,13.0
1771501793.9445567,94.0,123.0,0.0,28.0,35.0,48.0,13.0
1771501793.9725556,93.0,122.0,0.0,27.0,34.0,47.0,12.0
1771501794.004554,92.0,122.0,0.0,26.0,33.0,46.0,11.0
1771501794.0370963,92.0,122.0,0.0,25.0,32.0,46.0,10.0
1771501794.068642,92.0,122.0,0.0,26.0,33.0,47.0,11.0
1771501794.1016407,92.0,121.0,0.0,25.0,33.0,46.0,11.0
1771501794.1340659,91.0,120.0,0.0,25.0,32.0,46.0,11.0
1771501794.169065,92.0,121.0,0.0,26.0,33.0,47.0,11.0
1771501794.1977732,92.0,121.0,0.0,26.0,33.0,47.0,12.0
1771501794.228777,92.0,121.0,0.0,26.0,33.0,47.0,11.0
1771501794.2618701,93.0,123.0,0.0,26.0,33.0,47.0,11.0
1771501794.2938704,92.0,122.0,0.0,26.0,33.0,46.0,10.0
1771501794.3414583,91.0,121.0,0.0,25.0,32.0,46.0,10.0
1771501794.3754551,92.0,121.0,0.0,25.0,33.0,46.0,11.0
1771501794.4064572,92.0,121.0,0.0,25.0,32.0,46.0,11.0
1771501794.4380107,92.0,121.0,0.0,24.0,32.0,47.0,11.0
1771501794.4699922,92.0,121.0,0.0,24.0,32.0,46.0,11.0
1771501794.501958,93.0,122.0,0.0,27.0,34.0,48.0,12.0
1771501794.5354664,92.0,121.0,0.0,26.0,33.0,47.0,12.0
1771501794.5704663,92.0,120.0,0.0,26.0,33.0,47.0,12.0
1771501794.604467,93.0,121.0,0.0,25.0,33.0,48.0,12.0
1771501794.6389782,93.0,121.0,0.0,26.0,33.0,47.0,12.0
1771501794.6679811,93.0,120.0,0.0,26.0,34.0,48.0,12.0
1771501794.6979773,91.0,120.0,0.0,28.0,34.0,47.0,11.0
1771501794.728984,90.0,118.0,0.0,28.0,33.0,43.0,8.0
1771501794.7765074,88.0,119.0,0.0,28.0,32.0,40.0,6.0
1771501794.812496,87.0,120.0,0.0,28.0,30.0,41.0,5.0
1771501794.8400264,90.0,123.0,0.0,31.0,34.0,46.0,8.0
1771501794.870012,90.0,121.0,0.0,29.0,37.0,50.0,14.0
1771501794.9020114,89.0,119.0,0.0,26.0,38.0,54.0,19.0
1771501794.934545,91.0,122.0,0.0,29.0,42.0,64.0,27.0
1771501794.965695,90.0,126.0,0.0,31.0,44.0,71.0,35.0
1771501795.0000682,93.0,132.0,0.0,34.0,47.0,78.0,42.0
1771501795.0320737,92.0,138.0,0.0,36.0,46.0,79.0,45.0
1771501795.0636096,90.0,146.0,0.0,35.0,49.0,82.0,49.0
1771501795.0966103,89.0,146.0,0.0,35.0,49.0,84.0,50.0
1771501795.1286178,87.0,145.0,0.0,34.0,53.0,87.0,52.0
1771501795.1631312,85.0,140.0,0.0,38.0,59.0,97.0,58.0
1771501795.207409,85.0,138.0,0.0,41.0,60.0,100.0,60.0
1771501795.2429264,83.0,132.0,0.0,42.0,61.0,101.0,59.0
1771501795.2731526,78.0,126.0,0.0,39.0,60.0,100.0,57.0
1771501795.3041544,77.0,124.0,0.0,42.0,62.0,101.0,58.0
1771501795.3366685,75.0,122.0,0.0,47.0,64.0,101.0,57.0
1771501795.3676684,73.0,122.0,0.0,49.0,64.0,100.0,56.0
1771501795.3991644,72.0,121.0,0.0,53.0,66.0,105.0,60.0
1771501795.4301682,73.0,118.0,0.0,58.0,70.0,107.0,63.0
1771501795.466704,74.0,117.0,0.0,62.0,75.0,110.0,69.0
1771501795.494985,72.0,115.0,0.0,68.0,77.0,110.0,73.0
1771501795.5259895,71.0,112.0,0.0,68.0,77.0,110.0,74.0
1771501795.5584888,70.0,110.0,0.0,72.0,81.0,110.0,84.0
1771501795.5914876,72.0,107.0,0.0,80.0,87.0,110.0,90.0
1771501795.6390033,72.0,106.0,0.0,81.0,89.0,110.0,92.0
1771501795.6730044,72.0,108.0,0.0,83.0,90.0,110.0,92.0
1771501795.7010028,73.0,109.0,0.0,91.0,88.0,110.0,95.0
1771501795.7340102,72.0,108.0,0.0,90.0,90.0,110.0,94.0
1771501795.7650342,70.0,105.0,0.0,91.0,90.0,110.0,93.0
1771501795.7980568,69.0,105.0,0.0,95.0,90.0,110.0,96.0
1771501795.8290508,68.0,105.0,0.0,97.0,89.0,110.0,96.0
1771501795.8605735,68.0,103.0,0.0,98.0,89.0,110.0,99.0
1771501795.8945727,68.0,102.0,0.0,97.0,89.0,110.0,99.0
1771501795.9233031,68.0,100.0,0.0,98.0,89.0,110.0,100.0
1771501795.956408,68.0,101.0,0.0,99.0,90.0,110.0,100.0
1771501795.9894075,66.0,99.0,0.0,98.0,89.0,110.0,97.0
1771501796.037431,65.0,99.0,0.0,97.0,88.0,110.0,95.0
1771501796.0704312,65.0,98.0,0.0,97.0,88.0,110.0,95.0
1771501796.1044314,65.0,97.0,0.0,97.0,88.0,110.0,95.0
1771501796.1324403,64.0,96.0,0.0,98.0,88.0,110.0,95.0
1771501796.1655269,63.0,95.0,0.0,96.0,87.0,110.0,92.0
1771501796.1975415,63.0,94.0,0.0,96.0,87.0,110.0,93.0
1771501796.2315476,64.0,94.0,0.0,96.0,88.0,110.0,93.0
1771501796.261059,63.0,94.0,0.0,97.0,87.0,110.0,92.0
1771501796.2930574,64.0,94.0,0.0,97.0,87.0,110.0,91.0
1771501796.328062,64.0,94.0,0.0,98.0,88.0,110.0,92.0
1771501796.356572,65.0,95.0,0.0,97.0,88.0,110.0,93.0
1771501796.3885705,65.0,97.0,0.0,97.0,89.0,110.0,94.0
1771501796.4205751,66.0,98.0,0.0,97.0,89.0,110.0,96.0
1771501796.4688447,68.0,102.0,0.0,95.0,89.0,110.0,98.0
1771501796.5058458,66.0,102.0,0.0,93.0,89.0,110.0,97.0
1771501796.5348496,65.0,102.0,0.0,93.0,89.0,110.0,94.0
1771501796.5644464,66.0,103.0,0.0,92.0,89.0,110.0,94.0
1771501796.5965633,65.0,103.0,0.0,93.0,89.0,110.0,93.0
1771501796.62957,65.0,103.0,0.0,94.0,89.0,110.0,92.0
1771501796.6610796,67.0,104.0,22.0,93.0,89.0,110.0,94.0
1771501796.6930797,68.0,105.0,32.0,93.0,88.0,110.0,96.0
1771501796.7260876,67.0,104.0,31.0,93.0,88.0,110.0,95.0
1771501796.7582052,67.0,104.0,24.0,93.0,88.0,110.0,95.0
1771501796.7902062,67.0,104.0,24.0,94.0,88.0,110.0,95.0
1771501796.8212109,67.0,104.0,32.0,94.0,88.0,110.0,95.0
1771501796.854263,67.0,104.0,42.0,94.0,89.0,110.0,96.0
1771501796.9023445,67.0,104.0,42.0,94.0,89.0,110.0,96.0
1771501796.9343977,67.0,103.0,31.0,95.0,88.0,110.0,95.0
1771501796.9659364,66.0,103.0,24.0,94.0,88.0,110.0,95.0
1771501796.9979048,66.0,102.0,26.0,95.0,89.0,110.0,95.0
1771501797.0299258,66.0,103.0,35.0,95.0,88.0,110.0,95.0
1771501797.060415,66.0,103.0,48.0,94.0,89.0,110.0,95.0
1771501797.0944169,66.0,103.0,57.0,95.0,88.0,110.0,96.0
1771501797.125422,65.0,102.0,39.0,95.0,88.0,110.0,95.0
1771501797.1569402,65.0,103.0,51.0,95.0,88.0,110.0,96.0
1771501797.192942,65.0,104.0,66.0,95.0,87.0,110.0,97.0
1771501797.2209446,67.0,104.0,88.0,95.0,87.0,110.0,96.0
1771501797.2544568,68.0,105.0,100.0,95.0,87.0,110.0,97.0
1771501797.286456,68.0,105.0,96.0,95.0,87.0,110.0,97.0
1771501797.3359654,68.0,105.0,98.0,96.0,87.0,110.0,99.0
1771501797.3709695,67.0,104.0,85.0,95.0,87.0,110.0,98.0
1771501797.4029708,67.0,104.0,81.0,96.0,87.0,110.0,98.0
1771501797.431974,68.0,104.0,79.0,96.0,87.0,110.0,98.0
1771501797.4645255,68.0,103.0,79.0,97.0,88.0,110.0,98.0
1771501797.4944925,67.0,103.0,70.0,96.0,87.0,110.0,98.0
1771501797.525506,67.0,102.0,61.0,96.0,87.0,110.0,98.0
1771501797.5576456,67.0,102.0,67.0,96.0,87.0,110.0,99.0
1771501797.5896459,67.0,102.0,68.0,96.0,87.0,110.0,99.0
1771501797.625736,67.0,100.0,62.0,96.0,88.0,110.0,98.0
1771501797.6533043,67.0,101.0,60.0,96.0,88.0,110.0,98.0
1771501797.6883488,67.0,102.0,69.0,96.0,87.0,110.0,98.0
1771501797.718302,67.0,101.0,63.0,96.0,87.0,110.0,98.0
1771501797.766879,66.0,101.0,53.0,95.0,87.0,110.0,98.0
1771501797.7978785,67.0,101.0,69.0,95.0,87.0,110.0,99.0
1771501797.8318856,67.0,100.0,72.0,96.0,88.0,110.0,99.0
1771501797.8610458,67.0,100.0,75.0,95.0,87.0,110.0,99.0
1771501797.8930469,68.0,101.0,82.0,94.0,87.0,110.0,100.0
1771501797.925051,67.0,101.0,66.0,95.0,87.0,110.0,100.0
1771501797.9576216,67.0,101.0,75.0,94.0,87.0,110.0,99.0
1771501797.9883516,67.0,101.0,86.0,94.0,87.0,110.0,99.0
1771501798.0205133,68.0,100.0,78.0,95.0,88.0,110.0,99.0
1771501798.0559814,67.0,101.0,84.0,96.0,88.0,110.0,98.0
1771501798.0899823,68.0,101.0,88.0,95.0,88.0,110.0,99.0
1771501798.1209817,67.0,101.0,69.0,95.0,87.0,110.0,99.0
1771501798.1525116,67.0,101.0,65.0,96.0,87.0,110.0,99.0
1771501798.2295182,69.0,100.0,66.0,96.0,87.0,110.0,99.0
1771501798.2627964,67.0,100.0,65.0,95.0,87.0,110.0,100.0
1771501798.2948127,67.0,100.0,64.0,95.0,87.0,110.0,98.0
1771501798.3268178,67.0,100.0,60.0,95.0,87.0,110.0,99.0
1771501798.358331,67.0,100.0,70.0,96.0,87.0,110.0,100.0
1771501798.390329,67.0,100.0,71.0,96.0,87.0,110.0,99.0
1771501798.4213278,68.0,99.0,79.0,95.0,88.0,110.0,98.0
1771501798.4528425,68.0,100.0,77.0,95.0,87.0,110.0,99.0
1771501798.4868448,67.0,100.0,72.0,96.0,88.0,110.0,99.0
1771501798.5158432,67.0,99.0,75.0,95.0,88.0,110.0,99.0
1771501798.5483582,67.0,99.0,77.0,95.0,88.0,110.0,100.0
1771501798.5793576,68.0,100.0,66.0,96.0,87.0,110.0,99.0
1771501798.6313634,68.0,100.0,53.0,95.0,87.0,110.0,99.0
1771501798.661606,68.0,100.0,63.0,96.0,88.0,110.0,98.0
1771501798.6906087,68.0,99.0,68.0,96.0,88.0,110.0,98.0
1771501798.7186167,68.0,99.0,72.0,96.0,88.0,110.0,99.0
1771501798.7501295,69.0,99.0,76.0,96.0,88.0,110.0,99.0
1771501798.7801282,69.0,99.0,79.0,96.0,87.0,110.0,99.0
1771501798.8118987,68.0,99.0,80.0,96.0,87.0,110.0,100.0
1771501798.8435187,67.0,99.0,65.0,94.0,87.0,110.0,99.0
1771501798.87552,68.0,100.0,63.0,94.0,87.0,110.0,99.0
1771501798.9085195,68.0,99.0,69.0,94.0,87.0,110.0,99.0
1771501798.939036,68.0,99.0,70.0,96.0,88.0,110.0,99.0
1771501798.970038,68.0,100.0,61.0,95.0,87.0,110.0,100.0
1771501799.0130346,68.0,99.0,64.0,94.0,86.0,110.0,100.0
1771501799.061597,68.0,99.0,68.0,95.0,87.0,110.0,100.0
1771501799.0966136,69.0,99.0,59.0,95.0,87.0,110.0,100.0
1771501799.1255853,69.0,99.0,62.0,95.0,87.0,110.0,100.0
1771501799.156992,68.0,99.0,66.0,95.0,87.0,110.0,100.0
1771501799.1879892,68.0,99.0,55.0,94.0,87.0,110.0,100.0
1771501799.2209904,68.0,99.0,52.0,95.0,88.0,110.0,100.0
1771501799.2520266,68.0,99.0,49.0,95.0,87.0,110.0,100.0
1771501799.283029,69.0,99.0,71.0,96.0,87.0,110.0,100.0
1771501799.3160248,70.0,100.0,71.0,96.0,87.0,110.0,100.0
1771501799.3479035,70.0,100.0,75.0,96.0,87.0,110.0,99.0
1771501799.3779068,68.0,100.0,61.0,95.0,87.0,110.0,99.0
1771501799.4129043,68.0,100.0,62.0,96.0,88.0,110.0,99.0
1771501799.44542,68.0,99.0,51.0,95.0,88.0,110.0,99.0
1771501799.4934607,68.0,99.0,57.0,95.0,88.0,110.0,98.0
1771501799.5264776,68.0,100.0,45.0,95.0,88.0,110.0,99.0
1771501799.550977,68.0,99.0,44.0,95.0,88.0,110.0,99.0
1771501799.5809743,69.0,100.0,48.0,96.0,88.0,110.0,99.0
1771501799.6119754,68.0,100.0,58.0,95.0,88.0,110.0,97.0
1771501799.6424978,69.0,100.0,65.0,95.0,88.0,110.0,100.0
1771501799.6724885,68.0,99.0,61.0,95.0,88.0,110.0,99.0
1771501799.703498,68.0,99.0,51.0,95.0,88.0,110.0,99.0
1771501799.735495,68.0,99.0,48.0,95.0,88.0,110.0,99.0
1771501799.7649996,69.0,100.0,59.0,95.0,88.0,110.0,99.0
1771501799.814,68.0,99.0,44.0,96.0,88.0,110.0,99.0
1771501799.846515,68.0,99.0,38.0,95.0,87.0,110.0,99.0
1771501799.8775122,68.0,100.0,49.0,95.0,88.0,110.0,99.0
1771501799.9265192,69.0,99.0,63.0,95.0,88.0,110.0,98.0
1771501799.9580238,69.0,98.0,53.0,96.0,88.0,110.0,98.0
1771501799.9880257,69.0,98.0,57.0,96.0,88.0,110.0,98.0
1771501800.0181384,69.0,99.0,54.0,95.0,88.0,110.0,99.0
1771501800.0494108,69.0,100.0,54.0,95.0,88.0,110.0,99.0
1771501800.081412,69.0,100.0,56.0,95.0,88.0,110.0,99.0
1771501800.1124156,69.0,100.0,57.0,95.0,88.0,110.0,98.0
1771501800.1436644,69.0,100.0,51.0,95.0,88.0,110.0,99.0
1771501800.1746662,69.0,100.0,54.0,95.0,88.0,110.0,98.0
1771501800.2176661,69.0,99.0,56.0,95.0,88.0,110.0,99.0
1771501800.2461388,68.0,99.0,44.0,95.0,88.0,110.0,98.0
1771501800.279135,68.0,99.0,47.0,94.0,88.0,110.0,98.0
1771501800.313151,68.0,100.0,43.0,95.0,88.0,110.0,98.0
1771501800.3606498,68.0,100.0,58.0,95.0,88.0,110.0,97.0
1771501800.389651,68.0,101.0,43.0,95.0,88.0,110.0,97.0
1771501800.412648,69.0,101.0,49.0,95.0,88.0,110.0,97.0
1771501800.4431703,68.0,100.0,45.0,95.0,88.0,110.0,97.0
1771501800.474165,69.0,101.0,45.0,96.0,88.0,110.0,98.0
1771501800.5051649,68.0,99.0,47.0,95.0,88.0,110.0,98.0
1771501800.53617,69.0,100.0,56.0,95.0,88.0,110.0,99.0
1771501800.5676796,69.0,100.0,51.0,95.0,88.0,110.0,98.0
1771501800.6146798,69.0,99.0,47.0,96.0,88.0,110.0,98.0
1771501800.647117,69.0,100.0,57.0,95.0,88.0,110.0,98.0
1771501800.6771078,69.0,101.0,52.0,96.0,88.0,110.0,99.0
1771501800.709109,68.0,100.0,52.0,96.0,88.0,110.0,98.0
1771501800.741087,68.0,100.0,49.0,95.0,88.0,110.0,98.0
1771501800.7890847,68.0,100.0,47.0,95.0,88.0,110.0,98.0
1771501800.8240898,68.0,100.0,35.0,95.0,88.0,110.0,99.0
1771501800.8498647,68.0,100.0,46.0,95.0,88.0,110.0,99.0
1771501800.8818643,68.0,100.0,39.0,96.0,88.0,110.0,99.0
1771501800.9128664,69.0,100.0,54.0,95.0,88.0,110.0,99.0
1771501800.9443953,69.0,100.0,52.0,96.0,88.0,110.0,99.0
1771501800.97539,69.0,99.0,38.0,96.0,88.0,110.0,98.0
1771501801.0133913,68.0,100.0,39.0,95.0,88.0,110.0,98.0
1771501801.0459101,69.0,100.0,39.0,96.0,88.0,110.0,98.0
1771501801.0789132,68.0,99.0,40.0,95.0,88.0,110.0,98.0
1771501801.109036,68.0,100.0,44.0,96.0,88.0,110.0,99.0
1771501801.142133,69.0,100.0,50.0,96.0,88.0,110.0,99.0
1771501801.1751332,69.0,100.0,43.0,96.0,88.0,110.0,98.0
1771501801.2271438,68.0,100.0,35.0,95.0,88.0,110.0,98.0
1771501801.2571802,68.0,100.0,39.0,95.0,88.0,110.0,99.0
1771501801.2881799,68.0,101.0,45.0,96.0,88.0,110.0,99.0
1771501801.3183951,67.0,100.0,37.0,95.0,88.0,110.0,98.0
1771501801.3504684,67.0,100.0,43.0,95.0,88.0,110.0,98.0
1771501801.3814642,68.0,99.0,45.0,95.0,88.0,110.0,98.0
1771501801.4164743,68.0,100.0,48.0,95.0,88.0,110.0,98.0
1771501801.4469922,67.0,99.0,44.0,95.0,88.0,110.0,98.0
1771501801.481555,68.0,100.0,35.0,95.0,88.0,110.0,98.0
1771501801.5105474,68.0,99.0,41.0,95.0,88.0,110.0,98.0
1771501801.5410795,67.0,99.0,37.0,95.0,88.0,110.0,98.0
1771501801.573081,68.0,100.0,32.0,95.0,88.0,110.0,98.0
1771501801.605082,68.0,100.0,30.0,95.0,88.0,110.0,98.0
1771501801.6576166,68.0,100.0,41.0,96.0,88.0,110.0,98.0
1771501801.6776912,68.0,100.0,48.0,95.0,88.0,110.0,98.0
1771501801.7116952,68.0,100.0,39.0,96.0,89.0,110.0,98.0
1771501801.7412295,68.0,100.0,42.0,95.0,88.0,110.0,99.0
1771501801.77323,68.0,100.0,41.0,95.0,88.0,110.0,99.0
1771501801.8142583,68.0,101.0,46.0,95.0,87.0,110.0,99.0
1771501801.8457813,68.0,101.0,38.0,96.0,88.0,110.0,98.0
1771501801.8767815,69.0,101.0,35.0,96.0,88.0,110.0,99.0
1771501801.9087749,68.0,101.0,38.0,96.0,88.0,110.0,98.0
1771501801.9430075,69.0,100.0,46.0,96.0,88.0,110.0,99.0
1771501801.9759984,69.0,100.0,41.0,96.0,88.0,110.0,99.0
1771501802.0079966,69.0,101.0,46.0,95.0,87.0,110.0,99.0
1771501802.0535219,69.0,101.0,56.0,97.0,88.0,110.0,99.0
1771501802.087758,68.0,100.0,40.0,95.0,88.0,110.0,98.0
1771501802.118518,68.0,100.0,41.0,95.0,88.0,110.0,99.0
1771501802.1520371,68.0,101.0,46.0,95.0,88.0,110.0,99.0
1771501802.1810467,68.0,101.0,45.0,96.0,88.0,110.0,98.0
1771501802.2140374,68.0,100.0,51.0,96.0,88.0,110.0,99.0
1771501802.2465544,68.0,101.0,32.0,96.0,88.0,110.0,98.0
1771501802.2795558,69.0,101.0,47.0,96.0,88.0,110.0,98.0
1771501802.3118756,68.0,100.0,37.0,95.0,88.0,110.0,98.0
1771501802.344425,68.0,100.0,28.0,95.0,88.0,110.0,98.0
1771501802.3764248,67.0,100.0,41.0,95.0,88.0,110.0,98.0
1771501802.4064326,68.0,100.0,38.0,95.0,89.0,110.0,98.0
1771501802.4374394,68.0,100.0,45.0,95.0,89.0,110.0,99.0
1771501802.4879494,69.0,101.0,42.0,95.0,88.0,110.0,99.0
1771501802.5189524,68.0,100.0,48.0,95.0,88.0,110.0,98.0
1771501802.5404835,68.0,100.0,48.0,95.0,88.0,110.0,98.0
1771501802.572486,68.0,100.0,43.0,96.0,89.0,110.0,98.0
1771501802.6154857,68.0,100.0,42.0,95.0,88.0,110.0,99.0
1771501802.6470737,68.0,100.0,43.0,95.0,88.0,110.0,99.0
1771501802.679041,68.0,100.0,52.0,96.0,89.0,110.0,99.0
1771501802.7110813,68.0,99.0,35.0,96.0,89.0,110.0,98.0
1771501802.7465222,67.0,100.0,39.0,96.0,88.0,110.0,98.0
1771501802.7755227,68.0,100.0,41.0,96.0,88.0,110.0,99.0
1771501802.812522,68.0,100.0,40.0,96.0,88.0,110.0,99.0
1771501802.8400497,68.0,100.0,40.0,95.0,88.0,110.0,98.0
1771501802.8710542,68.0,101.0,44.0,96.0,88.0,110.0,99.0
1771501802.917055,68.0,101.0,50.0,96.0,88.0,110.0,98.0
1771501802.9515765,68.0,101.0,39.0,95.0,88.0,110.0,98.0
1771501802.980634,68.0,101.0,44.0,96.0,88.0,110.0,99.0
1771501803.0145762,68.0,101.0,41.0,96.0,89.0,110.0,98.0
1771501803.0472252,68.0,101.0,33.0,96.0,89.0,110.0,98.0
1771501803.0768745,68.0,102.0,46.0,96.0,88.0,110.0,99.0
1771501803.1113486,68.0,101.0,36.0,96.0,89.0,110.0,98.0
1771501803.1418693,68.0,101.0,36.0,95.0,89.0,110.0,98.0
1771501803.1758685,67.0,102.0,43.0,95.0,89.0,110.0,98.0
1771501803.20588,67.0,103.0,48.0,94.0,88.0,110.0,98.0
1771501803.2393558,68.0,102.0,36.0,95.0,89.0,110.0,98.0
1771501803.2703617,67.0,102.0,37.0,96.0,89.0,110.0,97.0
1771501803.3023639,67.0,103.0,33.0,94.0,88.0,110.0,97.0
1771501803.3499036,68.0,103.0,47.0,94.0,88.0,110.0,98.0
1771501803.3808963,67.0,103.0,46.0,95.0,89.0,110.0,96.0
1771501803.4138968,67.0,103.0,37.0,95.0,88.0,110.0,97.0
1771501803.449074,67.0,103.0,35.0,96.0,89.0,110.0,97.0
1771501803.479917,67.0,102.0,34.0,95.0,88.0,110.0,97.0
1771501803.5129147,68.0,103.0,40.0,95.0,88.0,110.0,98.0
1771501803.5425677,68.0,103.0,45.0,95.0,89.0,110.0,97.0
1771501803.5741398,68.0,102.0,25.0,95.0,89.0,110.0,98.0
1771501803.6072774,67.0,102.0,33.0,96.0,89.0,110.0,98.0
1771501803.6382608,67.0,102.0,29.0,95.0,89.0,110.0,97.0
1771501803.6718388,67.0,102.0,17.0,94.0,89.0,110.0,96.0
1771501803.7008681,67.0,102.0,29.0,96.0,89.0,110.0,97.0
1771501803.7349567,67.0,102.0,30.0,95.0,89.0,110.0,97.0
1771501803.7811437,67.0,103.0,37.0,95.0,89.0,110.0,96.0
1771501803.8141315,67.0,103.0,32.0,95.0,89.0,110.0,97.0
1771501803.8467536,67.0,103.0,35.0,95.0,89.0,110.0,96.0
1771501803.881703,67.0,103.0,29.0,94.0,89.0,110.0,97.0
1771501803.9086916,67.0,103.0,35.0,95.0,89.0,110.0,97.0
1771501803.9412646,67.0,103.0,32.0,95.0,89.0,110.0,96.0
1771501803.9732492,67.0,104.0,39.0,95.0,89.0,110.0,97.0
1771501804.0062838,68.0,103.0,38.0,95.0,89.0,110.0,97.0
1771501804.0382562,68.0,104.0,16.0,94.0,89.0,110.0,97.0
1771501804.0687594,68.0,104.0,14.0,96.0,89.0,110.0,98.0
1771501804.1034088,68.0,105.0,0.0,94.0,89.0,110.0,98.0
1771501804.1365254,68.0,105.0,0.0,97.0,89.0,110.0,99.0
1771501804.1680415,69.0,105.0,0.0,96.0,89.0,110.0,100.0
1771501804.2176976,69.0,104.0,0.0,96.0,90.0,110.0,98.0
1771501804.247257,70.0,105.0,0.0,97.0,89.0,110.0,95.0
1771501804.2802484,70.0,106.0,0.0,95.0,90.0,110.0,90.0
1771501804.3112476,70.0,107.0,0.0,95.0,88.0,110.0,87.0
1771501804.3417923,68.0,114.0,0.0,90.0,85.0,110.0,82.0
1771501804.3747993,71.0,118.0,0.0,78.0,83.0,110.0,83.0
1771501804.407019,71.0,118.0,0.0,79.0,81.0,110.0,78.0
1771501804.4396257,71.0,118.0,0.0,78.0,78.0,110.0,74.0
1771501804.4722078,75.0,124.0,39.0,72.0,75.0,110.0,69.0
1771501804.5041707,76.0,128.0,100.0,62.0,68.0,99.0,55.0
1771501804.5351763,83.0,139.0,100.0,63.0,64.0,93.0,52.0
1771501804.5678668,89.0,149.0,42.0,59.0,61.0,87.0,47.0
1771501804.5977976,92.0,149.0,76.0,57.0,57.0,79.0,46.0
1771501804.6463847,92.0,150.0,9.0,54.0,55.0,74.0,42.0
1771501804.68031,92.0,149.0,39.0,56.0,50.0,72.0,39.0
1771501804.7123103,94.0,149.0,0.0,53.0,48.0,70.0,38.0
1771501804.7448375,96.0,147.0,0.0,54.0,48.0,71.0,39.0
1771501804.775848,98.0,144.0,0.0,56.0,48.0,71.0,39.0
1771501804.8062994,99.0,144.0,0.0,57.0,50.0,74.0,38.0
1771501804.8376274,100.0,144.0,0.0,58.0,52.0,75.0,39.0
1771501804.8691635,102.0,141.0,0.0,58.0,52.0,76.0,39.0
1771501804.9011636,101.0,139.0,0.0,53.0,52.0,74.0,37.0
1771501804.9336882,100.0,139.0,0.0,52.0,51.0,74.0,35.0
1771501804.9707296,99.0,135.0,0.0,49.0,48.0,68.0,30.0
1771501804.9977326,98.0,134.0,0.0,47.0,47.0,66.0,28.0
1771501805.0281155,99.0,134.0,0.0,47.0,47.0,66.0,27.0
1771501805.0768983,99.0,132.0,0.0,46.0,46.0,65.0,26.0
1771501805.1098964,100.0,131.0,0.0,44.0,46.0,64.0,25.0
1771501805.142404,100.0,130.0,0.0,42.0,45.0,63.0,22.0
1771501805.1814098,99.0,129.0,0.0,41.0,44.0,61.0,21.0
1771501805.2131724,100.0,130.0,0.0,41.0,45.0,62.0,20.0
1771501805.244711,102.0,130.0,0.0,41.0,45.0,61.0,20.0
1771501805.2757254,102.0,129.0,0.0,40.0,45.0,60.0,19.0
1771501805.3067093,103.0,129.0,0.0,40.0,44.0,60.0,19.0
1771501805.3377242,101.0,126.0,0.0,38.0,43.0,59.0,19.0
1771501805.3692667,102.0,126.0,0.0,39.0,43.0,59.0,18.0
1771501805.4012442,105.0,127.0,0.0,39.0,43.0,59.0,18.0
1771501805.431307,104.0,126.0,0.0,38.0,43.0,59.0,17.0
1771501805.4636037,104.0,125.0,0.0,37.0,42.0,56.0,16.0
1771501805.5115714,102.0,124.0,0.0,35.0,40.0,52.0,14.0
1771501805.5426197,100.0,121.0,0.0,34.0,39.0,52.0,13.0
1771501805.5738297,99.0,121.0,0.0,34.0,39.0,49.0,11.0
1771501805.606828,99.0,122.0,0.0,34.0,38.0,49.0,10.0
1771501805.6378326,99.0,123.0,0.0,34.0,38.0,50.0,10.0
1771501805.6693945,100.0,123.0,0.0,34.0,38.0,51.0,11.0
1771501805.701468,99.0,122.0,0.0,34.0,38.0,52.0,11.0
1771501805.7343981,100.0,123.0,0.0,34.0,38.0,52.0,12.0
1771501805.7649097,98.0,122.0,0.0,32.0,37.0,50.0,11.0
1771501805.7979422,97.0,122.0,0.0,33.0,36.0,51.0,11.0
1771501805.833982,99.0,123.0,0.0,34.0,37.0,52.0,11.0
1771501805.8605802,98.0,122.0,0.0,33.0,37.0,52.0,12.0
1771501805.89458,99.0,123.0,0.0,35.0,37.0,52.0,12.0
1771501805.9405887,99.0,123.0,0.0,35.0,38.0,52.0,12.0
1771501805.9741266,100.0,123.0,0.0,35.0,38.0,53.0,13.0
1771501806.005094,99.0,121.0,0.0,35.0,39.0,52.0,12.0
1771501806.0401382,100.0,123.0,0.0,36.0,39.0,53.0,13.0
1771501806.0736485,101.0,124.0,0.0,35.0,38.0,51.0,11.0
1771501806.104054,100.0,124.0,0.0,34.0,38.0,50.0,12.0
1771501806.1356566,101.0,125.0,0.0,36.0,39.0,51.0,12.0
1771501806.1671693,100.0,124.0,0.0,36.0,38.0,52.0,13.0
1771501806.1991668,99.0,125.0,0.0,36.0,38.0,52.0,13.0
1771501806.2301834,99.0,124.0,0.0,36.0,38.0,52.0,12.0
1771501806.264226,98.0,124.0,0.0,35.0,37.0,51.0,12.0
1771501806.296052,99.0,124.0,0.0,36.0,38.0,52.0,12.0
1771501806.326041,100.0,125.0,0.0,37.0,39.0,53.0,13.0
1771501806.3746104,101.0,125.0,0.0,37.0,39.0,53.0,14.0
1771501806.405579,100.0,124.0,0.0,37.0,40.0,53.0,13.0
1771501806.4376466,100.0,124.0,0.0,37.0,39.0,52.0,13.0
1771501806.4712796,99.0,124.0,0.0,37.0,39.0,52.0,14.0
1771501806.5033095,99.0,124.0,0.0,37.0,39.0,52.0,14.0
1771501806.5332897,100.0,125.0,0.0,37.0,39.0,53.0,14.0
1771501806.5649564,99.0,125.0,0.0,37.0,38.0,52.0,13.0
1771501806.5969553,99.0,124.0,0.0,36.0,38.0,52.0,14.0
1771501806.6290462,99.0,124.0,0.0,35.0,39.0,53.0,14.0
1771501806.6625211,99.0,123.0,0.0,35.0,38.0,51.0,13.0
1771501806.6945212,100.0,123.0,0.0,35.0,39.0,53.0,14.0
1771501806.7255208,100.0,122.0,0.0,34.0,40.0,54.0,16.0
1771501806.757568,100.0,121.0,0.0,33.0,39.0,54.0,14.0
1771501806.8065946,99.0,120.0,0.0,29.0,37.0,53.0,13.0
1771501806.840661,101.0,123.0,0.0,26.0,35.0,50.0,12.0
1771501806.8728516,101.0,122.0,0.0,23.0,33.0,50.0,14.0
1771501806.9038517,100.0,120.0,0.0,23.0,33.0,49.0,14.0
1771501806.935933,100.0,121.0,0.0,22.0,31.0,47.0,13.0
1771501806.9675095,101.0,121.0,0.0,20.0,31.0,48.0,15.0
1771501806.9974997,100.0,119.0,0.0,21.0,32.0,50.0,16.0
1771501807.0295255,99.0,120.0,0.0,22.0,32.0,51.0,15.0
1771501807.0611088,99.0,122.0,0.0,23.0,32.0,50.0,15.0
1771501807.0940413,101.0,122.0,0.0,25.0,35.0,54.0,17.0
1771501807.1272585,99.0,121.0,0.0,24.0,34.0,53.0,17.0
1771501807.1582947,99.0,121.0,0.0,26.0,35.0,53.0,16.0
1771501807.189294,100.0,121.0,0.0,25.0,34.0,53.0,16.0
1771501807.2373,99.0,122.0,0.0,26.0,34.0,53.0,16.0
1771501807.2698107,99.0,120.0,0.0,25.0,34.0,52.0,17.0
1771501807.3008194,99.0,120.0,0.0,25.0,35.0,53.0,17.0
1771501807.3348448,99.0,121.0,0.0,25.0,34.0,52.0,16.0
1771501807.3653586,98.0,122.0,0.0,26.0,35.0,51.0,14.0
1771501807.3973498,98.0,121.0,0.0,27.0,36.0,51.0,13.0
1771501807.429374,99.0,122.0,0.0,27.0,36.0,51.0,13.0
1771501807.4608853,98.0,121.0,0.0,25.0,34.0,50.0,13.0
1771501807.4928875,98.0,121.0,0.0,25.0,34.0,50.0,13.0
1771501807.5254016,98.0,121.0,0.0,27.0,35.0,51.0,13.0
1771501807.5609767,98.0,122.0,0.0,28.0,35.0,50.0,13.0
1771501807.5899868,99.0,122.0,0.0,29.0,35.0,51.0,14.0
1771501807.638102,100.0,123.0,0.0,34.0,39.0,56.0,16.0
1771501807.6706629,103.0,125.0,0.0,35.0,41.0,59.0,17.0
1771501807.701665,102.0,126.0,0.0,35.0,40.0,57.0,15.0
1771501807.732675,103.0,126.0,0.0,37.0,41.0,58.0,16.0
1771501807.7692025,102.0,123.0,0.0,33.0,39.0,57.0,15.0
1771501807.7992015,101.0,121.0,0.0,31.0,38.0,56.0,16.0
1771501807.8312228,102.0,120.0,0.0,30.0,38.0,56.0,16.0
1771501807.861735,98.0,118.0,0.0,27.0,35.0,53.0,14.0
1771501807.8937333,98.0,118.0,0.0,25.0,35.0,52.0,14.0
1771501807.9247324,97.0,119.0,0.0,25.0,36.0,51.0,14.0
1771501807.9572535,97.0,117.0,0.0,25.0,36.0,54.0,16.0
1771501807.9922621,98.0,116.0,0.0,25.0,35.0,54.0,16.0
1771501808.021253,98.0,117.0,0.0,29.0,37.0,55.0,16.0
1771501808.0698082,99.0,118.0,0.0,30.0,38.0,56.0,16.0
1771501808.102325,100.0,120.0,0.0,31.0,39.0,57.0,16.0
1771501808.135593,101.0,121.0,0.0,31.0,39.0,57.0,16.0
1771501808.1671124,98.0,120.0,0.0,31.0,38.0,56.0,16.0
1771501808.2031126,99.0,119.0,0.0,32.0,39.0,56.0,17.0
1771501808.2375646,98.0,118.0,0.0,31.0,37.0,54.0,15.0
1771501808.2692957,96.0,117.0,0.0,30.0,36.0,52.0,15.0
1771501808.3002932,96.0,117.0,0.0,29.0,35.0,51.0,13.0
1771501808.3313777,96.0,118.0,0.0,29.0,36.0,51.0,14.0
1771501808.3637013,95.0,117.0,0.0,29.0,36.0,51.0,13.0
1771501808.3956375,95.0,118.0,0.0,31.0,36.0,50.0,13.0
1771501808.4256785,97.0,119.0,0.0,31.0,37.0,53.0,15.0
1771501808.4592824,96.0,118.0,0.0,30.0,36.0,51.0,13.0
1771501808.5023499,97.0,118.0,0.0,31.0,38.0,53.0,15.0
1771501808.5343142,97.0,118.0,0.0,29.0,37.0,53.0,14.0
1771501808.5664911,97.0,117.0,0.0,28.0,37.0,52.0,14.0
1771501808.5994923,97.0,117.0,0.0,27.0,36.0,51.0,14.0
1771501808.6334977,96.0,117.0,0.0,27.0,35.0,51.0,14.0
1771501808.663061,96.0,116.0,0.0,28.0,36.0,51.0,14.0
1771501808.6950133,96.0,117.0,0.0,28.0,35.0,51.0,13.0
1771501808.726013,96.0,116.0,0.0,28.0,35.0,50.0,13.0
1771501808.7565782,95.0,116.0,0.0,26.0,34.0,49.0,13.0
1771501808.7885768,95.0,115.0,0.0,26.0,34.0,50.0,14.0
1771501808.8215835,95.0,115.0,0.0,27.0,35.0,50.0,13.0
1771501808.855094,96.0,116.0,0.0,27.0,35.0,52.0,14.0
1771501808.8849666,96.0,116.0,0.0,27.0,35.0,51.0,14.0
1771501808.9328566,95.0,115.0,0.0,26.0,35.0,51.0,14.0
1771501808.966285,96.0,116.0,0.0,25.0,34.0,51.0,14.0
1771501808.9972806,96.0,115.0,0.0,25.0,34.0,51.0,14.0
1771501809.0292704,96.0,116.0,0.0,28.0,36.0,52.0,14.0
1771501809.0618577,96.0,117.0,0.0,28.0,36.0,53.0,14.0
1771501809.0929723,97.0,117.0,0.0,29.0,36.0,54.0,14.0
1771501809.12603,98.0,117.0,0.0,27.0,36.0,54.0,15.0
1771501809.1582017,98.0,117.0,0.0,26.0,36.0,54.0,15.0
1771501809.1901996,98.0,115.0,0.0,26.0,35.0,54.0,16.0
1771501809.2233448,97.0,116.0,0.0,27.0,35.0,53.0,14.0
1771501809.255849,98.0,116.0,0.0,26.0,35.0,54.0,16.0
1771501809.2908475,97.0,116.0,0.0,28.0,36.0,54.0,14.0
1771501809.32185,98.0,116.0,0.0,27.0,35.0,54.0,15.0
1771501809.3664548,96.0,115.0,0.0,26.0,35.0,53.0,14.0
1771501809.399498,97.0,116.0,0.0,26.0,35.0,53.0,15.0
1771501809.4324768,98.0,116.0,0.0,25.0,35.0,54.0,16.0
1771501809.464614,97.0,116.0,0.0,26.0,35.0,53.0,14.0
1771501809.4956195,98.0,117.0,0.0,28.0,37.0,56.0,16.0
1771501809.5286133,97.0,117.0,0.0,28.0,37.0,53.0,14.0
1771501809.5587382,98.0,119.0,0.0,31.0,38.0,56.0,15.0
1771501809.5897467,98.0,118.0,0.0,29.0,37.0,55.0,15.0
1771501809.6217396,98.0,118.0,0.0,29.0,36.0,54.0,15.0
1771501809.6552908,97.0,117.0,0.0,29.0,36.0,54.0,14.0
1771501809.687306,97.0,118.0,0.0,30.0,37.0,54.0,14.0
1771501809.7202983,97.0,117.0,0.0,29.0,37.0,54.0,14.0
1771501809.749822,97.0,117.0,0.0,29.0,37.0,54.0,14.0
1771501809.8296113,97.0,118.0,0.0,28.0,35.0,53.0,13.0
1771501809.8531487,97.0,117.0,0.0,28.0,36.0,53.0,14.0
1771501809.885156,97.0,117.0,0.0,28.0,36.0,53.0,14.0
1771501809.9181824,97.0,118.0,0.0,29.0,36.0,53.0,14.0
1771501809.9461918,97.0,118.0,0.0,30.0,36.0,54.0,14.0
1771501809.9777012,97.0,118.0,0.0,30.0,37.0,54.0,14.0
1771501810.0097017,96.0,118.0,0.0,30.0,36.0,53.0,14.0
1771501810.0409553,96.0,118.0,0.0,30.0,37.0,54.0,14.0
1771501810.0725422,97.0,119.0,0.0,30.0,37.0,54.0,14.0
1771501810.1047957,97.0,118.0,0.0,29.0,36.0,54.0,14.0
1771501810.1358008,97.0,119.0,0.0,29.0,36.0,53.0,13.0
1771501810.166332,97.0,118.0,0.0,30.0,36.0,53.0,14.0
1771501810.2325566,96.0,118.0,0.0,29.0,37.0,53.0,14.0
1771501810.2663658,97.0,118.0,0.0,29.0,37.0,54.0,15.0
1771501810.2903748,96.0,117.0,0.0,29.0,36.0,53.0,14.0
1771501810.3213675,96.0,117.0,0.0,29.0,36.0,52.0,14.0
1771501810.3529868,95.0,117.0,0.0,29.0,36.0,52.0,13.0
1771501810.3840082,95.0,117.0,0.0,28.0,35.0,51.0,13.0
1771501810.4129996,95.0,117.0,0.0,29.0,36.0,51.0,14.0
1771501810.44506,95.0,117.0,0.0,27.0,34.0,51.0,13.0
1771501810.476582,95.0,117.0,0.0,29.0,36.0,52.0,13.0
1771501810.508575,95.0,116.0,0.0,29.0,36.0,52.0,14.0
1771501810.5396376,97.0,117.0,0.0,30.0,37.0,55.0,16.0
1771501810.5721939,98.0,117.0,0.0,31.0,38.0,56.0,16.0
1771501810.6151981,98.0,119.0,0.0,32.0,38.0,56.0,15.0
1771501810.6617239,97.0,117.0,0.0,30.0,37.0,54.0,15.0
1771501810.6937313,96.0,117.0,0.0,30.0,37.0,54.0,15.0
1771501810.7127237,97.0,118.0,0.0,29.0,36.0,52.0,14.0
1771501810.7437365,94.0,113.0,0.0,26.0,34.0,50.0,13.0
1771501810.776275,92.0,113.0,0.0,25.0,34.0,50.0,15.0
1771501810.8062775,91.0,111.0,0.0,24.0,34.0,49.0,14.0
1771501810.8372862,90.0,112.0,0.0,24.0,33.0,47.0,13.0
1771501810.868803,89.0,111.0,0.0,23.0,32.0,47.0,13.0
1771501810.8998022,89.0,111.0,0.0,22.0,31.0,47.0,13.0
1771501810.9308023,89.0,112.0,0.0,24.0,32.0,47.0,13.0
1771501810.961359,88.0,112.0,0.0,23.0,31.0,45.0,12.0
1771501811.0153725,89.0,113.0,0.0,24.0,32.0,47.0,14.0
1771501811.0453658,89.0,113.0,0.0,22.0,31.0,47.0,13.0
1771501811.0936575,88.0,113.0,0.0,23.0,30.0,46.0,12.0
1771501811.1286743,88.0,113.0,0.0,22.0,30.0,46.0,12.0
1771501811.151282,88.0,113.0,0.0,22.0,30.0,47.0,12.0
1771501811.1822796,88.0,111.0,0.0,20.0,30.0,46.0,13.0
1771501811.2148213,88.0,112.0,0.0,22.0,30.0,47.0,12.0
1771501811.2448125,87.0,112.0,0.0,22.0,30.0,46.0,12.0
1771501811.277335,88.0,113.0,0.0,22.0,30.0,46.0,12.0
1771501811.3078637,88.0,112.0,0.0,21.0,30.0,46.0,12.0
1771501811.339865,87.0,113.0,0.0,22.0,30.0,45.0,12.0
1771501811.3713999,87.0,111.0,0.0,21.0,30.0,46.0,13.0
1771501811.4163866,88.0,110.0,0.0,21.0,30.0,46.0,12.0
1771501811.450483,88.0,110.0,0.0,21.0,31.0,48.0,14.0
1771501811.481477,88.0,110.0,0.0,21.0,30.0,46.0,12.0
1771501811.5284781,89.0,111.0,0.0,25.0,33.0,49.0,14.0
1771501811.5611312,89.0,111.0,0.0,23.0,32.0,48.0,14.0
1771501811.5901713,88.0,110.0,0.0,23.0,31.0,48.0,13.0
1771501811.6240566,88.0,111.0,0.0,23.0,32.0,48.0,13.0
1771501811.655735,88.0,110.0,0.0,22.0,31.0,47.0,13.0
1771501811.6852732,89.0,112.0,0.0,23.0,32.0,48.0,13.0
1771501811.7164893,87.0,110.0,0.0,22.0,31.0,47.0,13.0
1771501811.7470796,88.0,111.0,0.0,22.0,31.0,47.0,13.0
1771501811.778662,88.0,110.0,0.0,23.0,31.0,47.0,13.0
1771501811.8167264,88.0,111.0,0.0,23.0,32.0,48.0,14.0
1771501811.845665,88.0,110.0,0.0,22.0,31.0,47.0,12.0
1771501811.8831837,88.0,110.0,0.0,22.0,31.0,47.0,12.0
1771501811.9091852,88.0,110.0,0.0,22.0,31.0,47.0,12.0
1771501811.9576948,87.0,109.0,0.0,21.0,30.0,47.0,12.0
1771501811.9927094,87.0,109.0,0.0,21.0,30.0,47.0,13.0
1771501812.0157075,87.0,109.0,0.0,21.0,31.0,47.0,13.0
1771501812.0467021,88.0,110.0,0.0,22.0,31.0,48.0,13.0
1771501812.0782104,87.0,109.0,0.0,21.0,30.0,47.0,12.0
1771501812.1084692,86.0,109.0,0.0,21.0,30.0,46.0,12.0
1771501812.14247,87.0,108.0,0.0,21.0,30.0,46.0,12.0
1771501812.17202,87.0,109.0,0.0,22.0,30.0,46.0,11.0
1771501812.214005,88.0,110.0,0.0,24.0,31.0,48.0,12.0
1771501812.2486658,88.0,111.0,0.0,23.0,31.0,47.0,11.0
1771501812.2801862,87.0,110.0,0.0,22.0,31.0,47.0,12.0
1771501812.3121765,87.0,110.0,0.0,22.0,30.0,46.0,11.0
1771501812.344195,88.0,111.0,0.0,23.0,31.0,47.0,12.0
1771501812.3897138,88.0,110.0,0.0,22.0,30.0,47.0,11.0
1771501812.4237137,88.0,110.0,0.0,23.0,31.0,47.0,11.0
1771501812.451777,88.0,111.0,0.0,23.0,31.0,47.0,11.0
1771501812.4807749,88.0,110.0,0.0,23.0,31.0,48.0,12.0
1771501812.5127838,87.0,110.0,0.0,22.0,30.0,46.0,10.0
1771501812.5437806,87.0,110.0,0.0,22.0,30.0,46.0,11.0
1771501812.5740569,87.0,110.0,0.0,22.0,29.0,45.0,9.0
1771501812.6140468,87.0,110.0,0.0,22.0,31.0,46.0,10.0
1771501812.6450582,87.0,111.0,0.0,22.0,30.0,45.0,10.0
1771501812.6771507,88.0,111.0,0.0,23.0,30.0,46.0,11.0
1771501812.7091486,87.0,110.0,0.0,22.0,30.0,45.0,10.0
1771501812.7451515,88.0,112.0,0.0,24.0,30.0,45.0,10.0
1771501812.772657,89.0,112.0,0.0,24.0,31.0,47.0,11.0
1771501812.8206725,87.0,111.0,0.0,22.0,29.0,45.0,10.0
1771501812.8571687,87.0,110.0,0.0,21.0,29.0,45.0,10.0
1771501812.890172,87.0,109.0,0.0,21.0,29.0,45.0,10.0
1771501812.9211712,88.0,111.0,0.0,22.0,30.0,46.0,10.0
1771501812.952679,88.0,111.0,0.0,22.0,29.0,46.0,10.0
1771501812.9859564,88.0,110.0,0.0,22.0,30.0,46.0,10.0
1771501813.014762,86.0,109.0,0.0,3.0,6.0,16.0,8.0
1771501813.0477562,88.0,110.0,0.0,5.0,7.0,17.0,9.0
1771501813.0792654,86.0,110.0,0.0,4.0,6.0,16.0,8.0
1771501813.1112869,87.0,111.0,0.0,4.0,7.0,18.0,9.0
1771501813.1443188,86.0,109.0,0.0,2.0,6.0,16.0,8.0
1771501813.1778326,88.0,111.0,0.0,4.0,7.0,18.0,9.0
1771501813.2088358,87.0,111.0,0.0,4.0,8.0,18.0,9.0
1771501813.2533913,88.0,111.0,0.0,4.0,7.0,17.0,9.0
1771501813.2873936,87.0,111.0,0.0,4.0,7.0,17.0,9.0
1771501813.3183925,87.0,111.0,0.0,4.0,7.0,18.0,8.0
1771501813.3494074,88.0,110.0,0.0,4.0,7.0,18.0,9.0
1771501813.3805456,88.0,111.0,0.0,5.0,7.0,17.0,8.0
1771501813.4145775,87.0,110.0,0.0,5.0,8.0,18.0,9.0
1771501813.444552,86.0,110.0,0.0,4.0,6.0,16.0,8.0
1771501813.4801445,87.0,110.0,0.0,4.0,8.0,17.0,9.0
1771501813.514144,88.0,111.0,0.0,6.0,9.0,19.0,10.0
1771501813.5431576,87.0,110.0,0.0,4.0,7.0,17.0,9.0
1771501813.574699,87.0,110.0,0.0,3.0,7.0,17.0,9.0
1771501813.6096768,87.0,109.0,0.0,3.0,7.0,17.0,8.0
1771501813.654212,87.0,111.0,0.0,4.0,8.0,17.0,9.0
1771501813.687209,87.0,110.0,0.0,3.0,6.0,16.0,8.0
1771501813.7112079,86.0,110.0,0.0,3.0,6.0,16.0,8.0
1771501813.7442286,87.0,111.0,0.0,4.0,7.0,16.0,9.0
1771501813.7737381,87.0,110.0,0.0,4.0,7.0,16.0,8.0
1771501813.81774,87.0,110.0,0.0,3.0,6.0,16.0,9.0
1771501813.851748,88.0,112.0,0.0,5.0,8.0,17.0,9.0
1771501813.8817859,87.0,111.0,0.0,3.0,6.0,16.0,8.0
1771501813.913785,88.0,111.0,0.0,4.0,8.0,18.0,9.0
1771501813.9457986,88.0,111.0,0.0,4.0,7.0,17.0,9.0
1771501813.976111,87.0,110.0,0.0,3.0,6.0,16.0,8.0
1771501814.007111,88.0,111.0,0.0,4.0,7.0,18.0,9.0
1771501814.0381389,87.0,111.0,0.0,3.0,6.0,16.0,8.0
1771501814.083791,87.0,111.0,0.0,2.0,6.0,16.0,8.0
1771501814.1189022,88.0,112.0,0.0,5.0,8.0,18.0,9.0
1771501814.1479075,88.0,111.0,0.0,4.0,7.0,17.0,8.0
1771501814.1794193,87.0,110.0,0.0,3.0,7.0,17.0,8.0
1771501814.2154396,87.0,111.0,0.0,4.0,7.0,17.0,8.0
1771501814.2504349,87.0,111.0,0.0,4.0,7.0,18.0,9.0
1771501814.277969,87.0,111.0,0.0,4.0,6.0,15.0,7.0
1771501814.3099678,88.0,112.0,0.0,5.0,8.0,18.0,9.0
1771501814.3408113,87.0,111.0,0.0,4.0,7.0,17.0,8.0
1771501814.3760889,89.0,112.0,0.0,6.0,8.0,19.0,9.0
1771501814.4070997,88.0,112.0,0.0,5.0,8.0,17.0,8.0
1771501814.4380906,88.0,111.0,0.0,5.0,8.0,19.0,9.0
1771501814.4726608,89.0,111.0,0.0,5.0,9.0,19.0,10.0
1771501814.519661,89.0,112.0,0.0,6.0,9.0,19.0,10.0
1771501814.5487046,88.0,111.0,0.0,5.0,8.0,18.0,10.0
1771501814.571387,88.0,111.0,0.0,5.0,7.0,18.0,9.0
1771501814.615388,88.0,111.0,0.0,6.0,8.0,18.0,9.0
1771501814.6465733,88.0,111.0,0.0,4.0,7.0,18.0,9.0
1771501814.6820886,88.0,111.0,0.0,5.0,8.0,18.0,9.0
1771501814.7090898,88.0,112.0,0.0,5.0,8.0,18.0,9.0
1771501814.7430942,87.0,110.0,0.0,3.0,6.0,17.0,8.0
1771501814.774619,87.0,111.0,0.0,4.0,7.0,17.0,8.0
1771501814.8056142,88.0,112.0,0.0,6.0,8.0,18.0,10.0
1771501814.8376148,88.0,112.0,0.0,5.0,8.0,18.0,9.0
1771501814.8681273,88.0,111.0,0.0,6.0,8.0,18.0,9.0
1771501814.9046423,88.0,112.0,0.0,5.0,9.0,18.0,9.0
1771501814.951648,88.0,111.0,0.0,5.0,8.0,18.0,9.0
1771501814.9831574,88.0,111.0,0.0,4.0,7.0,17.0,8.0
1771501815.0171657,89.0,112.0,0.0,6.0,9.0,19.0,10.0
1771501815.0491717,88.0,112.0,0.0,5.0,8.0,18.0,9.0
1771501815.0831769,88.0,111.0,0.0,5.0,8.0,19.0,10.0
1771501815.115891,87.0,112.0,0.0,4.0,7.0,17.0,8.0
1771501815.1479034,88.0,112.0,0.0,5.0,8.0,18.0,9.0
1771501815.177411,88.0,112.0,0.0,4.0,7.0,17.0,8.0
1771501815.210428,88.0,112.0,0.0,5.0,8.0,18.0,9.0
1771501815.242436,88.0,111.0,0.0,5.0,7.0,17.0,8.0
1771501815.2710485,89.0,112.0,0.0,6.0,9.0,19.0,9.0
1771501815.3030465,88.0,111.0,0.0,5.0,7.0,17.0,8.0
1771501815.3360822,88.0,111.0,0.0,6.0,9.0,19.0,9.0
1771501815.3841224,87.0,111.0,0.0,4.0,7.0,17.0,8.0
1771501815.4141212,88.0,111.0,0.0,5.0,8.0,19.0,9.0
1771501815.448127,88.0,112.0,0.0,5.0,8.0,18.0,8.0
1771501815.4778452,88.0,113.0,0.0,5.0,8.0,18.0,8.0
1771501815.5107434,88.0,112.0,0.0,6.0,9.0,18.0,8.0
1771501815.5437825,89.0,113.0,0.0,6.0,10.0,20.0,10.0
1771501815.576295,89.0,112.0,0.0,6.0,9.0,19.0,9.0
1771501815.6052957,87.0,111.0,0.0,4.0,8.0,17.0,8.0
1771501815.6383305,89.0,113.0,0.0,6.0,9.0,19.0,9.0
1771501815.6708777,88.0,111.0,0.0,5.0,8.0,18.0,9.0
1771501815.7018166,88.0,111.0,0.0,5.0,8.0,18.0,8.0
1771501815.7339096,88.0,112.0,0.0,4.0,9.0,19.0,9.0
1771501815.7685587,88.0,111.0,0.0,5.0,8.0,18.0,9.0
1771501815.8135512,89.0,112.0,0.0,6.0,9.0,19.0,10.0
1771501815.8483799,88.0,111.0,0.0,4.0,7.0,17.0,8.0
1771501815.8795848,89.0,112.0,0.0,6.0,9.0,20.0,9.0
1771501815.910585,89.0,112.0,0.0,6.0,8.0,18.0,9.0
1771501815.944591,89.0,112.0,0.0,6.0,9.0,19.0,9.0
1771501815.976786,88.0,111.0,0.0,5.0,8.0,18.0,9.0
1771501816.005785,89.0,112.0,0.0,7.0,9.0,18.0,9.0
1771501816.0367858,89.0,113.0,0.0,6.0,9.0,19.0,9.0
1771501816.0682995,89.0,113.0,0.0,6.0,9.0,19.0,9.0
1771501816.1030653,89.0,112.0,0.0,6.0,9.0,19.0,9.0
1771501816.1336243,90.0,113.0,0.0,7.0,10.0,20.0,9.0
1771501816.1658938,89.0,112.0,0.0,6.0,9.0,20.0,10.0
1771501816.1998959,90.0,114.0,0.0,8.0,10.0,20.0,10.0
1771501816.2469113,90.0,114.0,0.0,7.0,10.0,20.0,10.0
1771501816.281668,89.0,113.0,0.0,7.0,10.0,20.0,10.0
1771501816.3156567,89.0,113.0,0.0,6.0,9.0,20.0,9.0
1771501816.3467317,89.0,113.0,0.0,6.0,9.0,18.0,9.0
1771501816.3792129,89.0,112.0,0.0,7.0,10.0,20.0,10.0
1771501816.4112182,89.0,113.0,0.0,6.0,9.0,18.0,9.0
1771501816.4392483,90.0,114.0,0.0,8.0,10.0,19.0,9.0
1771501816.471809,90.0,114.0,0.0,7.0,10.0,19.0,9.0
1771501816.5033216,89.0,113.0,0.0,6.0,9.0,19.0,9.0
1771501816.535354,89.0,113.0,0.0,6.0,9.0,18.0,8.0
1771501816.5678413,90.0,113.0,0.0,7.0,10.0,20.0,9.0
1771501816.5998354,90.0,114.0,0.0,6.0,10.0,19.0,9.0
1771501816.6331105,90.0,113.0,0.0,7.0,10.0,19.0,9.0
1771501816.6766317,91.0,114.0,0.0,7.0,11.0,20.0,10.0
1771501816.7096348,89.0,113.0,0.0,7.0,10.0,19.0,8.0
1771501816.7406642,89.0,113.0,0.0,6.0,9.0,19.0,9.0
1771501816.7731416,89.0,113.0,0.0,6.0,10.0,19.0,9.0
1771501816.8061414,90.0,113.0,0.0,7.0,10.0,20.0,10.0
1771501816.8391418,90.0,114.0,0.0,7.0,10.0,20.0,10.0
1771501816.8686545,89.0,113.0,0.0,7.0,10.0,19.0,9.0
1771501816.9006548,89.0,113.0,0.0,6.0,9.0,19.0,9.0
1771501816.9326558,89.0,113.0,0.0,7.0,9.0,19.0,9.0
1771501816.965167,89.0,113.0,0.0,6.0,9.0,18.0,9.0
1771501816.998167,89.0,113.0,0.0,5.0,9.0,19.0,9.0
1771501817.0291686,89.0,113.0,0.0,6.0,9.0,19.0,9.0
1771501817.062687,89.0,113.0,0.0,7.0,10.0,19.0,9.0
1771501817.1125507,90.0,113.0,0.0,7.0,10.0,20.0,10.0
1771501817.1455545,90.0,113.0,0.0,7.0,10.0,20.0,10.0
1771501817.1770613,90.0,114.0,0.0,6.0,10.0,20.0,10.0
1771501817.208063,89.0,113.0,0.0,6.0,10.0,19.0,9.0
1771501817.239062,90.0,113.0,0.0,7.0,10.0,20.0,10.0
1771501817.270578,91.0,115.0,0.0,9.0,11.0,20.0,10.0
1771501817.3007483,89.0,113.0,0.0,5.0,9.0,18.0,8.0
1771501817.3357496,91.0,114.0,0.0,8.0,11.0,20.0,10.0
1771501817.3662975,90.0,113.0,0.0,7.0,10.0,20.0,9.0
1771501817.4002922,91.0,114.0,0.0,8.0,11.0,20.0,10.0
1771501817.430292,90.0,114.0,0.0,8.0,11.0,20.0,10.0
1771501817.464824,90.0,114.0,0.0,7.0,10.0,19.0,9.0
1771501817.4958599,90.0,113.0,0.0,6.0,10.0,19.0,9.0
1771501817.5408256,90.0,113.0,0.0,7.0,10.0,19.0,9.0
1771501817.573359,89.0,113.0,0.0,7.0,10.0,19.0,9.0
1771501817.6053588,91.0,115.0,0.0,8.0,11.0,19.0,10.0
1771501817.6373882,89.0,114.0,0.0,5.0,9.0,19.0,9.0
1771501817.6688745,90.0,114.0,0.0,7.0,11.0,20.0,10.0
1771501817.7038746,90.0,114.0,0.0,8.0,10.0,20.0,10.0
1771501817.7328744,90.0,114.0,0.0,7.0,11.0,19.0,10.0
1771501817.7663972,89.0,113.0,0.0,6.0,9.0,18.0,9.0
1771501817.7983878,90.0,114.0,0.0,8.0,11.0,20.0,10.0
1771501817.829392,90.0,114.0,0.0,8.0,10.0,19.0,9.0
1771501817.8629022,91.0,115.0,0.0,9.0,11.0,19.0,9.0
1771501817.8949082,89.0,113.0,0.0,6.0,9.0,19.0,9.0
1771501817.9279015,91.0,115.0,0.0,9.0,11.0,20.0,10.0
1771501817.9754484,91.0,115.0,0.0,8.0,11.0,20.0,10.0
1771501818.0094488,91.0,115.0,0.0,8.0,11.0,20.0,10.0
1771501818.0384467,91.0,114.0,0.0,8.0,11.0,21.0,11.0
1771501818.0689678,91.0,114.0,0.0,9.0,11.0,21.0,11.0
1771501818.1008177,90.0,114.0,0.0,7.0,10.0,18.0,9.0
1771501818.1350088,91.0,114.0,0.0,8.0,11.0,20.0,10.0
1771501818.1675658,90.0,114.0,0.0,8.0,10.0,19.0,9.0
1771501818.198573,90.0,114.0,0.0,8.0,10.0,19.0,9.0
1771501818.230689,91.0,115.0,0.0,9.0,11.0,20.0,10.0
1771501818.2612088,92.0,115.0,0.0,10.0,12.0,21.0,10.0
1771501818.2972171,91.0,116.0,0.0,9.0,11.0,20.0,10.0
1771501818.3302174,90.0,114.0,0.0,8.0,11.0,19.0,9.0
1771501818.3615522,91.0,115.0,0.0,9.0,11.0,19.0,10.0
1771501818.4055498,91.0,115.0,0.0,9.0,11.0,20.0,10.0
1771501818.4400697,90.0,115.0,0.0,8.0,11.0,19.0,9.0
1771501818.4715388,91.0,114.0,0.0,8.0,11.0,19.0,9.0
1771501818.502542,92.0,116.0,0.0,10.0,11.0,19.0,9.0
1771501818.5345526,90.0,114.0,0.0,7.0,10.0,18.0,9.0
1771501818.567129,91.0,114.0,0.0,8.0,11.0,19.0,9.0
1771501818.597161,90.0,114.0,0.0,8.0,10.0,18.0,9.0
1771501818.6291282,91.0,115.0,0.0,9.0,12.0,20.0,10.0
1771501818.66069,91.0,115.0,0.0,9.0,11.0,19.0,9.0
1771501818.692675,91.0,115.0,0.0,9.0,11.0,19.0,9.0
1771501818.7246745,91.0,115.0,0.0,9.0,11.0,19.0,9.0
1771501818.7568712,91.0,115.0,0.0,9.0,11.0,20.0,10.0
1771501818.7948766,91.0,115.0,0.0,9.0,12.0,20.0,10.0
1771501818.8378763,91.0,115.0,0.0,10.0,12.0,21.0,10.0
1771501818.8694248,92.0,116.0,0.0,10.0,12.0,21.0,10.0
1771501818.9003918,92.0,116.0,0.0,10.0,12.0,20.0,10.0
1771501818.933393,91.0,115.0,0.0,9.0,12.0,20.0,10.0
1771501818.9659572,91.0,116.0,0.0,9.0,12.0,20.0,10.0
1771501819.0009453,91.0,115.0,0.0,8.0,11.0,19.0,9.0
1771501819.0309489,91.0,115.0,0.0,8.0,11.0,19.0,9.0
1771501819.0624897,91.0,115.0,0.0,9.0,11.0,19.0,10.0
1771501819.0934637,91.0,115.0,0.0,9.0,11.0,19.0,9.0
1771501819.1266973,91.0,115.0,0.0,9.0,11.0,20.0,10.0
1771501819.1602237,90.0,114.0,0.0,8.0,11.0,18.0,9.0
1771501819.1902223,91.0,116.0,0.0,9.0,12.0,20.0,10.0
1771501819.2257488,91.0,116.0,0.0,9.0,11.0,19.0,9.0
1771501819.2712653,89.0,114.0,0.0,7.0,10.0,17.0,8.0
1771501819.3072655,90.0,114.0,0.0,8.0,10.0,19.0,10.0
1771501819.3332632,89.0,113.0,0.0,7.0,10.0,18.0,9.0
1771501819.3668516,91.0,115.0,0.0,9.0,11.0,19.0,9.0
1771501819.3998494,90.0,114.0,0.0,8.0,10.0,18.0,9.0
1771501819.4328501,91.0,114.0,0.0,8.0,10.0,19.0,9.0
1771501819.4614317,91.0,115.0,0.0,9.0,11.0,19.0,9.0
1771501819.493432,90.0,113.0,0.0,7.0,10.0,19.0,10.0
1771501819.5254793,91.0,115.0,0.0,9.0,11.0,19.0,9.0
1771501819.5575476,90.0,114.0,0.0,6.0,9.0,18.0,8.0
1771501819.5885577,90.0,115.0,0.0,7.0,10.0,18.0,9.0
1771501819.6226199,90.0,115.0,0.0,7.0,10.0,18.0,8.0
1771501819.6715474,89.0,114.0,0.0,6.0,9.0,17.0,8.0
1771501819.7025504,90.0,114.0,0.0,8.0,10.0,19.0,9.0
1771501819.735503,91.0,116.0,0.0,9.0,11.0,18.0,9.0
1771501819.7650113,91.0,114.0,0.0,8.0,12.0,20.0,10.0
1771501819.797013,89.0,114.0,0.0,7.0,11.0,18.0,9.0
1771501819.8290124,90.0,115.0,0.0,9.0,10.0,19.0,10.0
1771501819.8645253,90.0,114.0,0.0,9.0,11.0,18.0,9.0
1771501819.8975224,90.0,114.0,0.0,8.0,11.0,18.0,9.0
1771501819.926524,90.0,114.0,0.0,9.0,10.0,18.0,10.0
1771501819.9592078,89.0,113.0,0.0,7.0,10.0,18.0,10.0
1771501819.990208,90.0,115.0,0.0,8.0,11.0,19.0,10.0
1771501820.0234003,91.0,116.0,0.0,10.0,12.0,19.0,10.0
1771501820.0544138,90.0,114.0,0.0,8.0,10.0,19.0,10.0
1771501820.106085,91.0,115.0,0.0,9.0,11.0,19.0,10.0
1771501820.1401646,89.0,115.0,0.0,7.0,10.0,17.0,8.0
1771501820.173232,90.0,114.0,0.0,8.0,10.0,18.0,9.0
1771501820.204229,89.0,113.0,0.0,6.0,9.0,17.0,9.0
1771501820.2352927,89.0,113.0,0.0,7.0,9.0,17.0,9.0
1771501820.2668312,90.0,114.0,0.0,8.0,10.0,18.0,9.0
1771501820.2978642,90.0,114.0,0.0,8.0,10.0,18.0,9.0
1771501820.327899,89.0,113.0,0.0,6.0,11.0,19.0,10.0
1771501820.3583868,89.0,114.0,0.0,8.0,10.0,18.0,9.0
1771501820.390385,90.0,114.0,0.0,8.0,11.0,19.0,10.0
1771501820.4224658,90.0,114.0,0.0,9.0,10.0,18.0,9.0
1771501820.4544773,90.0,114.0,0.0,8.0,11.0,19.0,10.0
1771501820.4860373,90.0,114.0,0.0,8.0,10.0,18.0,10.0
1771501820.5380256,90.0,113.0,0.0,8.0,11.0,19.0,10.0
1771501820.5665817,90.0,114.0,0.0,8.0,11.0,19.0,10.0
1771501820.5985496,91.0,114.0,0.0,9.0,12.0,21.0,11.0
1771501820.6295493,90.0,114.0,0.0,9.0,12.0,19.0,9.0
1771501820.662095,91.0,114.0,0.0,9.0,12.0,20.0,11.0
1771501820.6940947,91.0,115.0,0.0,9.0,11.0,19.0,10.0
1771501820.7290385,90.0,114.0,0.0,9.0,11.0,18.0,9.0
1771501820.7567146,90.0,113.0,0.0,8.0,11.0,19.0,10.0
1771501820.7898793,89.0,114.0,0.0,8.0,10.0,17.0,9.0
1771501820.8218849,89.0,113.0,0.0,8.0,10.0,18.0,9.0
1771501820.854538,90.0,114.0,0.0,9.0,11.0,18.0,9.0
1771501820.8860087,90.0,114.0,0.0,8.0,11.0,18.0,9.0
1771501820.920006,90.0,114.0,0.0,9.0,11.0,18.0,9.0
1771501820.9684064,90.0,114.0,0.0,8.0,11.0,18.0,9.0
1771501820.9984035,90.0,115.0,0.0,8.0,11.0,18.0,9.0
1771501821.0304072,91.0,116.0,0.0,10.0,12.0,19.0,10.0
1771501821.0609176,91.0,115.0,0.0,10.0,11.0,18.0,9.0
1771501821.0939221,90.0,114.0,0.0,9.0,11.0,19.0,10.0
1771501821.126882,91.0,115.0,0.0,10.0,11.0,19.0,10.0
1771501821.1613734,90.0,114.0,0.0,9.0,11.0,18.0,10.0
1771501821.189381,91.0,114.0,0.0,9.0,11.0,19.0,10.0
1771501821.2223716,91.0,114.0,0.0,8.0,10.0,18.0,9.0
1771501821.2563818,90.0,114.0,0.0,8.0,11.0,18.0,9.0
1771501821.287607,90.0,114.0,0.0,9.0,10.0,18.0,9.0
1771501821.3206081,90.0,115.0,0.0,9.0,11.0,18.0,9.0
1771501821.35262,90.0,113.0,0.0,7.0,10.0,18.0,9.0
1771501821.4311364,91.0,114.0,0.0,9.0,11.0,19.0,10.0
1771501821.451145,90.0,114.0,0.0,9.0,11.0,18.0,9.0
1771501821.4826674,91.0,114.0,0.0,9.0,11.0,19.0,10.0
1771501821.5146658,90.0,114.0,0.0,8.0,10.0,18.0,10.0
1771501821.5446744,91.0,115.0,0.0,8.0,11.0,20.0,11.0
1771501821.5772014,92.0,116.0,0.0,9.0,12.0,19.0,10.0
1771501821.6081994,91.0,115.0,0.0,9.0,11.0,19.0,10.0
1771501821.6381986,92.0,116.0,0.0,8.0,11.0,20.0,10.0
1771501821.6687286,91.0,115.0,0.0,7.0,11.0,19.0,10.0
1771501821.6987195,91.0,115.0,0.0,9.0,12.0,20.0,10.0
1771501821.7307205,91.0,115.0,0.0,8.0,12.0,21.0,11.0
1771501821.7612398,91.0,115.0,0.0,8.0,12.0,20.0,11.0
1771501821.8302708,91.0,115.0,0.0,8.0,11.0,19.0,10.0
1771501821.861778,90.0,114.0,0.0,8.0,11.0,19.0,10.0
1771501821.8867857,90.0,113.0,0.0,9.0,12.0,19.0,11.0
1771501821.91878,89.0,114.0,0.0,8.0,11.0,17.0,9.0
1771501821.9497943,90.0,115.0,0.0,8.0,11.0,19.0,10.0
1771501821.980317,90.0,115.0,0.0,8.0,11.0,19.0,9.0
1771501822.0133166,91.0,115.0,0.0,9.0,11.0,20.0,10.0
1771501822.0453224,91.0,116.0,0.0,10.0,12.0,20.0,10.0
1771501822.075836,92.0,115.0,0.0,9.0,12.0,20.0,11.0
1771501822.1089904,91.0,115.0,0.0,9.0,12.0,20.0,11.0
1771501822.1399145,91.0,115.0,0.0,9.0,11.0,20.0,11.0
1771501822.1704364,92.0,116.0,0.0,9.0,13.0,21.0,12.0
1771501822.2144332,93.0,117.0,0.0,10.0,13.0,21.0,12.0
1771501822.2648146,94.0,118.0,0.0,11.0,14.0,22.0,12.0
1771501822.2958515,93.0,117.0,0.0,11.0,13.0,22.0,12.0
1771501822.325815,93.0,117.0,0.0,11.0,14.0,23.0,13.0
1771501822.3568182,92.0,116.0,0.0,10.0,13.0,22.0,12.0
1771501822.3883722,92.0,116.0,0.0,10.0,13.0,22.0,12.0
1771501822.41836,92.0,117.0,0.0,9.0,13.0,21.0,12.0
1771501822.4503682,92.0,116.0,0.0,9.0,12.0,21.0,12.0
1771501822.479874,92.0,116.0,0.0,10.0,13.0,22.0,13.0
1771501822.5108743,92.0,117.0,0.0,9.0,12.0,21.0,11.0
1771501822.5431883,92.0,116.0,0.0,9.0,13.0,22.0,13.0
1771501822.5756986,93.0,117.0,0.0,10.0,13.0,22.0,12.0
1771501822.6136982,92.0,116.0,0.0,9.0,12.0,21.0,12.0
1771501822.6447105,92.0,115.0,0.0,8.0,12.0,21.0,11.0
1771501822.696251,92.0,115.0,0.0,10.0,13.0,21.0,12.0
1771501822.7262506,93.0,116.0,0.0,10.0,13.0,22.0,12.0
1771501822.7493436,92.0,115.0,0.0,10.0,13.0,21.0,12.0
1771501822.7798579,93.0,116.0,0.0,10.0,13.0,22.0,13.0
1771501822.8108525,92.0,116.0,0.0,10.0,13.0,21.0,12.0
1771501822.8428514,93.0,117.0,0.0,10.0,13.0,22.0,13.0
1771501822.8749237,93.0,117.0,0.0,10.0,13.0,22.0,12.0
1771501822.9059086,93.0,117.0,0.0,11.0,14.0,23.0,13.0
1771501822.9369078,93.0,117.0,0.0,10.0,13.0,21.0,12.0
1771501822.9674213,93.0,116.0,0.0,10.0,13.0,21.0,12.0
1771501823.0134518,93.0,116.0,0.0,10.0,13.0,21.0,12.0
1771501823.0455892,93.0,117.0,0.0,10.0,13.0,22.0,13.0
1771501823.0791414,92.0,116.0,0.0,8.0,12.0,21.0,11.0
1771501823.1285458,94.0,117.0,0.0,12.0,14.0,22.0,13.0
1771501823.157597,93.0,116.0,0.0,9.0,13.0,22.0,12.0
1771501823.1861095,93.0,117.0,0.0,11.0,14.0,22.0,12.0
1771501823.2161102,93.0,117.0,0.0,10.0,13.0,22.0,12.0
1771501823.247682,92.0,117.0,0.0,10.0,13.0,21.0,11.0
1771501823.2782245,92.0,116.0,0.0,8.0,12.0,20.0,11.0
1771501823.310235,92.0,115.0,0.0,9.0,12.0,20.0,12.0
1771501823.3412557,93.0,116.0,0.0,9.0,12.0,20.0,11.0
1771501823.3738174,92.0,117.0,0.0,8.0,11.0,19.0,10.0
1771501823.4128067,93.0,117.0,0.0,10.0,13.0,21.0,11.0
1771501823.4459174,93.0,118.0,0.0,10.0,13.0,21.0,11.0
1771501823.4783535,93.0,118.0,0.0,12.0,13.0,21.0,11.0
1771501823.5103626,92.0,117.0,0.0,9.0,12.0,21.0,11.0
1771501823.5581238,93.0,118.0,0.0,12.0,13.0,22.0,12.0
1771501823.5926762,93.0,116.0,0.0,9.0,12.0,21.0,11.0
1771501823.6246889,93.0,117.0,0.0,10.0,13.0,21.0,12.0
1771501823.6546817,92.0,116.0,0.0,9.0,12.0,20.0,11.0
1771501823.6861157,93.0,118.0,0.0,11.0,13.0,22.0,12.0
1771501823.7161143,93.0,117.0,0.0,9.0,13.0,21.0,12.0
1771501823.750117,93.0,117.0,0.0,10.0,13.0,21.0,12.0
1771501823.7777433,93.0,118.0,0.0,11.0,13.0,22.0,12.0
1771501823.812763,92.0,117.0,0.0,9.0,12.0,21.0,11.0
1771501823.8448107,93.0,118.0,0.0,9.0,13.0,21.0,11.0
1771501823.8773298,92.0,117.0,0.0,9.0,12.0,21.0,11.0
1771501823.9088266,93.0,117.0,0.0,9.0,12.0,21.0,11.0
1771501823.9406755,93.0,117.0,0.0,9.0,12.0,21.0,11.0
1771501823.9932477,93.0,117.0,0.0,9.0,12.0,21.0,11.0
1771501824.0262465,93.0,117.0,0.0,10.0,13.0,22.0,11.0
1771501824.0573611,93.0,117.0,0.0,10.0,12.0,22.0,12.0
1771501824.0885584,92.0,117.0,0.0,9.0,12.0,21.0,11.0
1771501824.1191454,92.0,116.0,0.0,9.0,12.0,21.0,11.0
1771501824.151153,93.0,118.0,0.0,11.0,13.0,21.0,12.0
1771501824.1836631,93.0,117.0,0.0,10.0,12.0,22.0,12.0
1771501824.21371,93.0,116.0,0.0,9.0,12.0,21.0,12.0
1771501824.2458107,93.0,118.0,0.0,9.0,11.0,20.0,11.0
1771501824.2792485,92.0,116.0,0.0,9.0,12.0,21.0,12.0
1771501824.3112051,93.0,118.0,0.0,10.0,12.0,21.0,12.0
1771501824.341248,93.0,118.0,0.0,9.0,12.0,21.0,12.0
1771501824.3747826,94.0,119.0,0.0,11.0,13.0,22.0,13.0
1771501824.422784,94.0,119.0,0.0,12.0,14.0,23.0,12.0
1771501824.4548407,93.0,118.0,0.0,11.0,13.0,21.0,12.0
1771501824.480405,93.0,118.0,0.0,11.0,13.0,22.0,12.0
1771501824.5113745,93.0,118.0,0.0,11.0,13.0,21.0,12.0
1771501824.5433724,93.0,118.0,0.0,10.0,13.0,22.0,12.0
1771501824.5738895,93.0,118.0,0.0,10.0,12.0,20.0,12.0
1771501824.6149209,92.0,117.0,0.0,8.0,11.0,20.0,11.0
1771501824.6458983,93.0,117.0,0.0,10.0,13.0,22.0,13.0
1771501824.6764045,93.0,117.0,0.0,10.0,13.0,21.0,12.0
1771501824.7084062,94.0,119.0,0.0,11.0,15.0,23.0,13.0
1771501824.7404385,93.0,118.0,0.0,9.0,13.0,22.0,12.0
1771501824.7739973,94.0,118.0,0.0,11.0,14.0,23.0,13.0
1771501824.8049963,94.0,117.0,0.0,8.0,13.0,22.0,13.0
1771501824.8550599,93.0,117.0,0.0,8.0,12.0,21.0,13.0
1771501824.8876204,93.0,117.0,0.0,9.0,13.0,21.0,12.0
1771501824.9195857,92.0,116.0,0.0,9.0,13.0,22.0,12.0
1771501824.9505966,94.0,118.0,0.0,11.0,14.0,23.0,13.0
1771501824.9821923,94.0,118.0,0.0,12.0,14.0,23.0,13.0
1771501825.014206,94.0,119.0,0.0,10.0,14.0,23.0,13.0
1771501825.0451586,93.0,118.0,0.0,12.0,15.0,22.0,12.0
1771501825.0806847,93.0,119.0,0.0,11.0,14.0,22.0,13.0
1771501825.109014,93.0,118.0,0.0,11.0,14.0,22.0,12.0
1771501825.1431916,94.0,118.0,0.0,11.0,14.0,23.0,13.0
1771501825.1767032,93.0,117.0,0.0,11.0,13.0,22.0,12.0
1771501825.2057052,93.0,117.0,0.0,10.0,13.0,21.0,11.0
1771501825.2534807,93.0,118.0,0.0,12.0,14.0,22.0,12.0
1771501825.2921953,93.0,118.0,0.0,12.0,14.0,22.0,12.0
1771501825.3261933,93.0,117.0,0.0,12.0,14.0,22.0,12.0
1771501825.3581982,92.0,117.0,0.0,10.0,13.0,21.0,12.0
1771501825.389226,92.0,117.0,0.0,11.0,12.0,21.0,11.0
1771501825.421228,93.0,118.0,0.0,11.0,13.0,21.0,11.0
1771501825.4531498,93.0,118.0,0.0,11.0,13.0,22.0,13.0
1771501825.4832978,93.0,119.0,0.0,11.0,13.0,22.0,12.0
1771501825.5143597,92.0,117.0,0.0,10.0,12.0,21.0,12.0
1771501825.5463045,92.0,116.0,0.0,10.0,12.0,21.0,12.0
1771501825.5768523,92.0,117.0,0.0,10.0,12.0,21.0,12.0
1771501825.6085906,92.0,118.0,0.0,10.0,12.0,21.0,12.0
1771501825.6406827,92.0,117.0,0.0,9.0,12.0,20.0,11.0
1771501825.6852057,93.0,118.0,0.0,11.0,13.0,22.0,12.0
1771501825.7197187,93.0,118.0,0.0,10.0,12.0,21.0,12.0
1771501825.7482932,92.0,118.0,0.0,11.0,12.0,20.0,11.0
1771501825.7800727,92.0,118.0,0.0,10.0,12.0,19.0,10.0
1771501825.8130705,93.0,120.0,0.0,11.0,12.0,19.0,10.0
1771501825.8450766,93.0,121.0,0.0,11.0,13.0,20.0,10.0
1771501825.8765771,93.0,121.0,0.0,10.0,13.0,20.0,9.0
1771501825.9095857,93.0,122.0,0.0,11.0,15.0,21.0,10.0
1771501825.9425852,92.0,122.0,0.0,11.0,15.0,22.0,10.0
1771501825.9731064,93.0,121.0,0.0,13.0,17.0,23.0,11.0
1771501826.0050993,91.0,118.0,0.0,11.0,16.0,25.0,13.0
1771501826.0371091,90.0,118.0,0.0,11.0,16.0,25.0,13.0
1771501826.0696251,90.0,117.0,0.0,11.0,16.0,26.0,13.0
1771501826.1180604,90.0,116.0,0.0,11.0,17.0,28.0,15.0
1771501826.1511033,90.0,116.0,0.0,10.0,16.0,30.0,15.0
1771501826.17261,90.0,116.0,0.0,10.0,16.0,30.0,16.0
1771501826.2146099,89.0,115.0,0.0,8.0,17.0,34.0,19.0
1771501826.2446442,90.0,115.0,0.0,9.0,19.0,38.0,22.0
1771501826.278174,93.0,114.0,0.0,12.0,24.0,45.0,29.0
1771501826.3091652,92.0,113.0,0.0,13.0,27.0,47.0,32.0
1771501826.3441691,91.0,116.0,0.0,16.0,26.0,46.0,34.0
1771501826.3755498,90.0,119.0,0.0,22.0,26.0,47.0,34.0
1771501826.406559,87.0,119.0,0.0,19.0,23.0,44.0,33.0
1771501826.438549,85.0,119.0,0.0,17.0,22.0,43.0,33.0
1771501826.4700713,84.0,119.0,0.0,13.0,18.0,41.0,34.0
1771501826.5010805,86.0,119.0,0.0,19.0,23.0,48.0,38.0
1771501826.5490737,89.0,121.0,0.0,24.0,29.0,54.0,44.0
1771501826.5855842,91.0,124.0,0.0,27.0,30.0,57.0,45.0
1771501826.612422,91.0,127.0,0.0,26.0,32.0,59.0,45.0
1771501826.6451023,86.0,120.0,0.0,23.0,33.0,58.0,41.0
1771501826.6786368,82.0,117.0,0.0,22.0,34.0,54.0,39.0
1771501826.7086241,83.0,121.0,0.0,27.0,41.0,59.0,39.0
1771501826.7406263,84.0,120.0,0.0,29.0,44.0,62.0,42.0
1771501826.7730975,84.0,120.0,0.0,30.0,44.0,61.0,42.0
1771501826.8080976,83.0,122.0,0.0,31.0,45.0,63.0,44.0
1771501826.8421035,86.0,124.0,0.0,35.0,52.0,71.0,51.0
1771501826.8726103,87.0,125.0,0.0,38.0,59.0,79.0,56.0
1771501826.903608,85.0,121.0,0.0,37.0,60.0,80.0,54.0
1771501826.9356158,83.0,118.0,0.0,38.0,62.0,83.0,56.0
1771501826.981116,80.0,115.0,0.0,37.0,62.0,82.0,56.0
1771501827.0151167,78.0,113.0,0.0,43.0,64.0,82.0,57.0
1771501827.046117,76.0,111.0,0.0,47.0,64.0,82.0,58.0
1771501827.0766277,74.0,108.0,0.0,49.0,64.0,82.0,60.0
1771501827.1096337,71.0,107.0,0.0,52.0,64.0,83.0,57.0
1771501827.1412551,72.0,109.0,0.0,56.0,68.0,87.0,58.0
1771501827.1747694,71.0,108.0,0.0,57.0,68.0,87.0,57.0
1771501827.2077687,71.0,108.0,0.0,61.0,70.0,90.0,59.0
1771501827.2438774,70.0,107.0,0.0,62.0,72.0,92.0,61.0
1771501827.27941,70.0,104.0,0.0,67.0,73.0,93.0,64.0
1771501827.3114102,71.0,106.0,0.0,71.0,78.0,99.0,70.0
1771501827.3434093,72.0,107.0,0.0,73.0,81.0,102.0,75.0
1771501827.3724618,72.0,107.0,0.0,71.0,83.0,105.0,80.0
1771501827.41346,74.0,108.0,0.0,71.0,86.0,107.0,83.0
1771501827.4504755,73.0,105.0,0.0,70.0,86.0,106.0,84.0
1771501827.483999,74.0,106.0,0.0,72.0,88.0,107.0,85.0
1771501827.515007,74.0,107.0,0.0,76.0,90.0,110.0,88.0
1771501827.545013,73.0,109.0,0.0,73.0,88.0,110.0,86.0
1771501827.5775125,73.0,108.0,0.0,77.0,89.0,110.0,88.0
1771501827.6075144,75.0,108.0,0.0,83.0,90.0,110.0,92.0
1771501827.6375113,75.0,106.0,0.0,88.0,90.0,110.0,93.0
1771501827.6720304,75.0,104.0,0.0,89.0,89.0,110.0,95.0
1771501827.7020202,75.0,105.0,0.0,87.0,89.0,110.0,95.0
1771501827.7340283,73.0,104.0,0.0,88.0,89.0,110.0,93.0
1771501827.7655296,73.0,104.0,0.0,89.0,89.0,110.0,94.0
1771501827.7985299,74.0,104.0,0.0,93.0,90.0,110.0,97.0
1771501827.8455317,75.0,103.0,0.0,95.0,90.0,110.0,98.0
1771501827.879043,76.0,104.0,0.0,96.0,90.0,110.0,100.0
1771501827.9090428,76.0,104.0,0.0,99.0,90.0,110.0,100.0
1771501827.9410558,76.0,102.0,0.0,100.0,90.0,110.0,99.0
1771501827.9726355,80.0,103.0,0.0,106.0,89.0,105.0,100.0
1771501828.0052702,81.0,102.0,0.0,109.0,88.0,103.0,100.0
1771501828.0372813,83.0,102.0,4.0,110.0,86.0,102.0,100.0
1771501828.0697925,85.0,104.0,12.0,110.0,83.0,98.0,100.0
1771501828.1057956,84.0,103.0,21.0,109.0,83.0,101.0,100.0
1771501828.1397939,84.0,104.0,24.0,110.0,83.0,100.0,100.0
1771501828.1713107,84.0,104.0,26.0,110.0,83.0,101.0,100.0
1771501828.2023082,84.0,103.0,34.0,110.0,83.0,101.0,100.0
1771501828.2328405,82.0,103.0,23.0,108.0,85.0,104.0,100.0
1771501828.2791975,82.0,102.0,40.0,109.0,85.0,103.0,100.0
1771501828.314198,82.0,102.0,50.0,110.0,86.0,104.0,100.0
1771501828.3421977,81.0,101.0,47.0,109.0,87.0,105.0,100.0
1771501828.3747206,82.0,102.0,48.0,110.0,84.0,102.0,100.0
1771501828.406719,82.0,103.0,39.0,110.0,85.0,104.0,100.0
1771501828.4367182,82.0,103.0,55.0,110.0,85.0,104.0,100.0
1771501828.4732666,81.0,102.0,52.0,109.0,86.0,105.0,100.0
1771501828.5032723,83.0,104.0,63.0,109.0,84.0,103.0,100.0
1771501828.5362647,82.0,102.0,50.0,109.0,85.0,104.0,100.0
1771501828.5657938,83.0,103.0,54.0,109.0,84.0,102.0,100.0
1771501828.5977874,83.0,102.0,51.0,109.0,84.0,102.0,100.0
1771501828.6297908,84.0,103.0,54.0,109.0,83.0,102.0,100.0
1771501828.6628177,84.0,103.0,54.0,109.0,82.0,102.0,100.0
1771501828.7093196,83.0,102.0,48.0,109.0,83.0,102.0,100.0
1771501828.7453225,84.0,102.0,53.0,110.0,83.0,101.0,100.0
1771501828.7788386,82.0,100.0,54.0,110.0,84.0,102.0,100.0
1771501828.8098392,79.0,100.0,44.0,110.0,86.0,104.0,100.0
1771501828.839836,80.0,100.0,47.0,109.0,85.0,103.0,100.0
1771501828.8713465,78.0,100.0,37.0,110.0,86.0,104.0,100.0
1771501828.9023476,79.0,97.0,40.0,110.0,87.0,104.0,100.0
1771501828.934345,79.0,97.0,34.0,110.0,87.0,103.0,100.0
1771501828.9668581,79.0,97.0,44.0,110.0,87.0,105.0,100.0
1771501828.9968581,79.0,97.0,52.0,110.0,88.0,106.0,100.0
1771501829.0288587,80.0,96.0,47.0,110.0,88.0,105.0,100.0
1771501829.061861,79.0,95.0,34.0,110.0,88.0,104.0,100.0
1771501829.093378,80.0,95.0,32.0,110.0,88.0,104.0,100.0
1771501829.1414278,79.0,95.0,23.0,110.0,89.0,106.0,100.0
1771501829.176954,80.0,94.0,34.0,110.0,88.0,105.0,100.0
1771501829.2059486,79.0,92.0,20.0,110.0,90.0,107.0,100.0
1771501829.2369466,77.0,91.0,11.0,110.0,90.0,108.0,100.0
1771501829.2694783,77.0,90.0,13.0,110.0,90.0,110.0,100.0
1771501829.302478,76.0,91.0,1.0,110.0,90.0,109.0,100.0
1771501829.3335862,77.0,93.0,1.0,110.0,90.0,107.0,100.0
1771501829.3667102,77.0,92.0,14.0,110.0,90.0,108.0,100.0
1771501829.3997111,76.0,92.0,0.0,110.0,90.0,110.0,100.0
1771501829.4287114,74.0,94.0,0.0,110.0,90.0,110.0,100.0
1771501829.4647675,75.0,96.0,0.0,110.0,90.0,110.0,100.0
1771501829.494281,75.0,95.0,0.0,110.0,89.0,110.0,100.0
1771501829.5252814,76.0,96.0,0.0,110.0,89.0,109.0,100.0
1771501829.5737894,76.0,96.0,0.0,110.0,89.0,109.0,100.0
1771501829.608789,77.0,97.0,1.0,110.0,89.0,106.0,100.0
1771501829.638796,77.0,96.0,7.0,110.0,89.0,106.0,100.0
1771501829.6703184,77.0,97.0,6.0,110.0,89.0,108.0,100.0
1771501829.7013185,77.0,96.0,2.0,110.0,90.0,109.0,100.0
1771501829.7333298,75.0,95.0,0.0,110.0,90.0,110.0,100.0
1771501829.7658768,75.0,94.0,0.0,109.0,90.0,110.0,100.0
1771501829.796867,72.0,92.0,0.0,110.0,90.0,110.0,100.0
1771501829.8308659,72.0,90.0,0.0,110.0,90.0,110.0,100.0
1771501829.8608763,70.0,89.0,0.0,110.0,90.0,110.0,100.0
1771501829.893394,71.0,90.0,0.0,110.0,90.0,110.0,99.0
1771501829.9263878,70.0,90.0,0.0,110.0,90.0,110.0,100.0
1771501829.9564388,69.0,90.0,0.0,110.0,90.0,110.0,99.0
1771501830.0055966,70.0,91.0,0.0,110.0,90.0,110.0,100.0
1771501830.0428433,70.0,90.0,0.0,110.0,90.0,110.0,100.0
1771501830.0744126,69.0,89.0,0.0,110.0,90.0,110.0,100.0
1771501830.1058683,69.0,91.0,0.0,110.0,90.0,110.0,100.0
1771501830.1368656,67.0,89.0,0.0,110.0,90.0,110.0,99.0
1771501830.1693923,68.0,89.0,0.0,110.0,90.0,110.0,98.0
1771501830.2003903,67.0,88.0,0.0,110.0,90.0,110.0,97.0
1771501830.2313907,67.0,89.0,0.0,110.0,90.0,110.0,95.0
1771501830.2648335,67.0,91.0,0.0,110.0,90.0,110.0,94.0
1771501830.2938719,66.0,91.0,0.0,110.0,90.0,110.0,94.0
1771501830.3248334,65.0,91.0,0.0,110.0,90.0,110.0,93.0
1771501830.3578684,65.0,92.0,0.0,110.0,90.0,110.0,92.0
1771501830.3904822,65.0,92.0,0.0,110.0,90.0,110.0,93.0
1771501830.4374259,65.0,92.0,0.0,110.0,89.0,110.0,92.0
1771501830.471951,65.0,91.0,0.0,110.0,90.0,110.0,93.0
1771501830.500944,66.0,93.0,0.0,110.0,90.0,110.0,91.0
1771501830.5329523,67.0,96.0,0.0,110.0,90.0,110.0,95.0
1771501830.566605,68.0,94.0,0.0,110.0,90.0,110.0,96.0
1771501830.5976045,65.0,91.0,0.0,110.0,89.0,110.0,93.0
1771501830.62961,66.0,91.0,0.0,110.0,90.0,110.0,95.0
1771501830.659616,64.0,90.0,0.0,110.0,88.0,110.0,93.0
1771501830.6961262,64.0,89.0,0.0,110.0,89.0,110.0,93.0
1771501830.7301283,64.0,89.0,0.0,110.0,89.0,110.0,94.0
1771501830.7611463,62.0,88.0,0.0,110.0,88.0,110.0,92.0
1771501830.7926946,64.0,89.0,0.0,110.0,89.0,110.0,93.0
1771501830.8243258,62.0,88.0,0.0,110.0,88.0,110.0,91.0
1771501830.8711343,62.0,87.0,0.0,110.0,88.0,110.0,92.0
1771501830.9051328,63.0,87.0,0.0,110.0,88.0,110.0,92.0
1771501830.933134,63.0,88.0,0.0,110.0,88.0,110.0,91.0
1771501830.9656837,63.0,90.0,0.0,110.0,88.0,110.0,90.0
1771501830.9956791,64.0,92.0,0.0,110.0,87.0,110.0,89.0
1771501831.0286748,63.0,92.0,0.0,108.0,86.0,110.0,85.0
1771501831.0606916,62.0,92.0,0.0,98.0,83.0,105.0,79.0
1771501831.094201,59.0,92.0,0.0,84.0,77.0,96.0,72.0
1771501831.1253347,59.0,91.0,0.0,83.0,76.0,93.0,68.0
1771501831.1573446,56.0,92.0,0.0,72.0,68.0,83.0,58.0
1771501831.1909256,57.0,92.0,6.0,76.0,67.0,80.0,56.0
1771501831.2208922,59.0,90.0,15.0,71.0,64.0,77.0,50.0
1771501831.269282,58.0,91.0,30.0,67.0,57.0,66.0,43.0
1771501831.3022866,58.0,91.0,57.0,58.0,51.0,59.0,36.0
1771501831.3342857,60.0,91.0,50.0,52.0,48.0,56.0,36.0
1771501831.3658419,60.0,91.0,49.0,47.0,43.0,51.0,33.0
1771501831.3985765,61.0,94.0,79.0,44.0,38.0,46.0,30.0
1771501831.4285717,62.0,98.0,100.0,38.0,36.0,45.0,29.0
1771501831.4606922,61.0,97.0,100.0,31.0,31.0,43.0,26.0
1771501831.4932683,62.0,99.0,100.0,25.0,23.0,37.0,23.0
1771501831.5252604,64.0,100.0,100.0,23.0,17.0,31.0,17.0
1771501831.5602632,66.0,105.0,100.0,24.0,18.0,29.0,14.0
1771501831.5888712,67.0,103.0,100.0,20.0,13.0,25.0,14.0
1771501831.6198375,68.0,104.0,100.0,20.0,11.0,21.0,14.0
1771501831.6528704,69.0,105.0,100.0,18.0,7.0,18.0,13.0
1771501831.7008927,69.0,108.0,100.0,15.0,6.0,16.0,12.0
1771501831.7338245,72.0,108.0,100.0,14.0,7.0,19.0,14.0
1771501831.7693875,73.0,110.0,100.0,15.0,6.0,18.0,13.0
1771501831.7965174,74.0,106.0,100.0,13.0,5.0,17.0,12.0
1771501831.8275142,74.0,106.0,100.0,13.0,5.0,16.0,11.0
1771501831.8605561,75.0,106.0,100.0,13.0,6.0,17.0,10.0
1771501831.894069,76.0,109.0,100.0,14.0,8.0,17.0,8.0
1771501831.9249809,76.0,112.0,100.0,13.0,8.0,17.0,6.0
1771501831.9560716,78.0,111.0,100.0,17.0,11.0,20.0,7.0
1771501831.990627,80.0,110.0,100.0,17.0,11.0,20.0,9.0
1771501832.0236251,80.0,109.0,97.0,20.0,14.0,20.0,9.0
1771501832.05465,84.0,110.0,38.0,25.0,17.0,22.0,13.0
1771501832.086294,85.0,111.0,0.0,25.0,19.0,22.0,14.0
1771501832.1333013,86.0,112.0,0.0,24.0,19.0,21.0,13.0
1771501832.1678073,88.0,115.0,0.0,25.0,20.0,22.0,13.0
1771501832.1978166,90.0,119.0,0.0,27.0,22.0,25.0,15.0
1771501832.2288203,91.0,121.0,0.0,25.0,20.0,22.0,13.0
1771501832.2608345,91.0,120.0,0.0,25.0,20.0,23.0,15.0
1771501832.293344,90.0,121.0,0.0,24.0,19.0,22.0,13.0
1771501832.3243427,93.0,125.0,0.0,24.0,20.0,23.0,14.0
1771501832.3563442,92.0,126.0,0.0,22.0,19.0,21.0,12.0
1771501832.3884192,92.0,126.0,0.0,20.0,17.0,20.0,12.0
1771501832.4244149,92.0,127.0,0.0,19.0,16.0,19.0,11.0
1771501832.4514177,93.0,128.0,0.0,19.0,17.0,19.0,11.0
1771501832.4849293,93.0,130.0,0.0,18.0,15.0,18.0,10.0
1771501832.516933,94.0,131.0,0.0,18.0,16.0,20.0,10.0
1771501832.565455,93.0,132.0,0.0,16.0,14.0,18.0,9.0
1771501832.5984628,93.0,129.0,0.0,15.0,15.0,19.0,9.0
1771501832.6334643,92.0,130.0,0.0,12.0,12.0,16.0,7.0
1771501832.6644666,92.0,129.0,0.0,13.0,13.0,18.0,9.0
1771501832.6960113,92.0,128.0,0.0,12.0,13.0,19.0,9.0
1771501832.728004,93.0,128.0,0.0,12.0,14.0,20.0,9.0
1771501832.759031,93.0,130.0,0.0,13.0,15.0,20.0,10.0
1771501832.7915423,93.0,129.0,0.0,15.0,16.0,21.0,11.0
1771501832.8215435,95.0,131.0,0.0,16.0,16.0,22.0,11.0
1771501832.8545606,93.0,128.0,0.0,13.0,15.0,22.0,11.0
1771501832.8846157,93.0,127.0,0.0,11.0,13.0,21.0,11.0
1771501832.9166179,93.0,126.0,0.0,11.0,13.0,21.0,11.0
1771501832.947613,93.0,126.0,0.0,10.0,14.0,22.0,12.0
1771501833.0310857,95.0,129.0,0.0,13.0,17.0,25.0,13.0
1771501833.058093,95.0,128.0,0.0,12.0,16.0,24.0,13.0
1771501833.088678,96.0,129.0,0.0,12.0,17.0,25.0,14.0
1771501833.119366,96.0,129.0,0.0,13.0,16.0,25.0,13.0
1771501833.1520348,97.0,130.0,0.0,16.0,18.0,27.0,15.0
1771501833.1825423,97.0,127.0,0.0,10.0,14.0,26.0,16.0
1771501833.212543,96.0,128.0,0.0,15.0,16.0,26.0,14.0
1771501833.2435563,97.0,127.0,0.0,12.0,16.0,27.0,15.0
1771501833.2760394,97.0,127.0,0.0,10.0,16.0,27.0,16.0
1771501833.306041,96.0,125.0,0.0,8.0,14.0,26.0,16.0
1771501833.33704,97.0,125.0,0.0,2.0,10.0,23.0,15.0
1771501833.3675585,96.0,124.0,0.0,1.0,10.0,23.0,16.0
1771501833.4295418,96.0,125.0,0.0,0.0,8.0,23.0,15.0
1771501833.46436,96.0,119.0,0.0,0.0,0.0,15.0,14.0
1771501833.491872,94.0,118.0,0.0,0.0,0.0,13.0,13.0
1771501833.5233924,95.0,122.0,0.0,0.0,1.0,15.0,14.0
1771501833.5579555,93.0,117.0,0.0,0.0,0.0,12.0,13.0
1771501833.5882974,94.0,119.0,0.0,0.0,0.0,12.0,13.0
1771501833.6194782,93.0,120.0,0.0,0.0,2.0,16.0,14.0
1771501833.6492248,94.0,118.0,0.0,0.0,0.0,15.0,15.0
1771501833.6808665,94.0,120.0,0.0,0.0,4.0,17.0,14.0
1771501833.7118638,95.0,120.0,0.0,0.0,5.0,19.0,16.0
1771501833.7423308,94.0,121.0,0.0,0.0,7.0,21.0,16.0
1771501833.7754235,94.0,120.0,0.0,0.0,5.0,19.0,15.0
1771501833.8134406,93.0,118.0,0.0,0.0,2.0,18.0,14.0
1771501833.861438,94.0,118.0,0.0,0.0,3.0,18.0,15.0
1771501833.8939688,94.0,122.0,0.0,0.0,6.0,21.0,16.0
1771501833.9159696,94.0,118.0,0.0,0.0,4.0,20.0,16.0
1771501833.946972,94.0,122.0,0.0,0.0,7.0,21.0,15.0
1771501833.9794822,94.0,118.0,0.0,0.0,5.0,20.0,15.0
1771501834.0114908,94.0,116.0,0.0,0.0,4.0,20.0,16.0
1771501834.0414855,94.0,119.0,0.0,0.0,6.0,20.0,16.0
1771501834.0739975,94.0,120.0,0.0,0.0,7.0,22.0,16.0
1771501834.1036692,94.0,119.0,0.0,0.0,5.0,20.0,16.0
1771501834.1367135,93.0,119.0,0.0,0.0,7.0,21.0,15.0
1771501834.166716,94.0,121.0,0.0,0.0,8.0,22.0,16.0
1771501834.2162268,93.0,121.0,0.0,0.0,8.0,22.0,15.0
1771501834.2462268,93.0,122.0,0.0,0.0,9.0,21.0,14.0
1771501834.29226,93.0,123.0,0.0,1.0,10.0,23.0,14.0
1771501834.326261,92.0,124.0,0.0,2.0,9.0,21.0,13.0
1771501834.353272,94.0,124.0,0.0,2.0,9.0,22.0,14.0
1771501834.383786,92.0,125.0,0.0,3.0,9.0,21.0,11.0
1771501834.4167895,93.0,125.0,0.0,5.0,9.0,21.0,12.0
1771501834.4467866,91.0,126.0,0.0,5.0,9.0,19.0,11.0
1771501834.4779744,90.0,125.0,0.0,6.0,9.0,17.0,10.0
1771501834.5099704,89.0,123.0,0.0,6.0,10.0,17.0,9.0
1771501834.5399754,89.0,123.0,0.0,5.0,10.0,19.0,10.0
1771501834.5710442,89.0,123.0,0.0,5.0,12.0,21.0,12.0
1771501834.6132898,90.0,124.0,0.0,6.0,13.0,22.0,13.0
1771501834.6452808,91.0,126.0,0.0,7.0,14.0,22.0,14.0
1771501834.675837,90.0,125.0,0.0,6.0,13.0,22.0,14.0
1771501834.7248778,91.0,125.0,0.0,7.0,14.0,23.0,15.0
1771501834.7598915,92.0,126.0,0.0,7.0,14.0,23.0,16.0
1771501834.7904384,92.0,127.0,0.0,8.0,15.0,24.0,17.0
1771501834.8208177,92.0,126.0,0.0,8.0,15.0,24.0,16.0
1771501834.8538296,92.0,126.0,0.0,7.0,15.0,25.0,17.0
1771501834.8843598,93.0,126.0,0.0,9.0,17.0,28.0,17.0
1771501834.9155414,92.0,125.0,0.0,8.0,17.0,28.0,17.0
1771501834.9469483,92.0,124.0,0.0,8.0,18.0,28.0,17.0
1771501834.9773445,91.0,122.0,0.0,6.0,16.0,28.0,18.0
1771501835.0143511,92.0,123.0,0.0,10.0,18.0,31.0,20.0
1771501835.0449667,92.0,121.0,0.0,9.0,17.0,31.0,19.0
1771501835.0775294,92.0,118.0,0.0,8.0,17.0,33.0,21.0
1771501835.1082928,94.0,118.0,0.0,9.0,19.0,37.0,25.0
1771501835.1567886,93.0,114.0,0.0,6.0,19.0,38.0,27.0
1771501835.1903298,92.0,118.0,0.0,12.0,22.0,40.0,26.0
1771501835.2123778,93.0,109.0,0.0,4.0,19.0,39.0,29.0
1771501835.2423294,91.0,119.0,0.0,14.0,23.0,40.0,26.0
1771501835.2743886,92.0,109.0,0.0,6.0,21.0,42.0,33.0
1771501835.3043993,90.0,121.0,0.0,17.0,27.0,43.0,30.0
1771501835.3363912,96.0,112.0,0.0,9.0,25.0,47.0,40.0
1771501835.3679163,91.0,125.0,0.0,16.0,28.0,45.0,34.0
1771501835.412924,96.0,125.0,0.0,18.0,29.0,50.0,41.0
1771501835.4479296,92.0,129.0,0.0,20.0,28.0,47.0,36.0
1771501835.4774613,97.0,127.0,0.0,21.0,31.0,51.0,41.0
1771501835.5094833,93.0,129.0,0.0,21.0,29.0,48.0,38.0
1771501835.5414586,95.0,126.0,0.0,20.0,31.0,51.0,41.0
1771501835.5891914,93.0,128.0,0.0,21.0,30.0,50.0,40.0
1771501835.62219,92.0,125.0,0.0,20.0,29.0,50.0,40.0
1771501835.6491916,92.0,127.0,0.0,20.0,29.0,49.0,40.0
1771501835.6791077,90.0,128.0,0.0,18.0,25.0,46.0,37.0
1771501835.7102222,88.0,128.0,0.0,17.0,23.0,45.0,37.0
1771501835.7422175,85.0,126.0,57.0,13.0,19.0,42.0,34.0
1771501835.772746,85.0,126.0,32.0,16.0,21.0,45.0,34.0
1771501835.8127472,85.0,125.0,59.0,16.0,20.0,47.0,35.0
1771501835.8447523,86.0,127.0,60.0,14.0,20.0,47.0,37.0
1771501835.878287,87.0,129.0,79.0,16.0,21.0,47.0,37.0
1771501835.9092946,87.0,130.0,59.0,19.0,22.0,48.0,36.0
1771501835.9412951,86.0,128.0,53.0,17.0,22.0,50.0,35.0
1771501835.9727962,85.0,127.0,44.0,15.0,26.0,53.0,37.0
1771501836.0208976,84.0,125.0,37.0,18.0,31.0,57.0,38.0
1771501836.0538988,85.0,124.0,0.0,20.0,38.0,61.0,41.0
1771501836.0871353,86.0,125.0,0.0,22.0,38.0,63.0,42.0
1771501836.1175737,83.0,124.0,0.0,19.0,38.0,60.0,41.0
1771501836.1488197,83.0,124.0,6.0,21.0,40.0,61.0,41.0
1771501836.1803386,84.0,122.0,0.0,25.0,45.0,66.0,44.0
1771501836.2133389,83.0,120.0,0.0,24.0,45.0,65.0,43.0
1771501836.2453477,82.0,119.0,0.0,24.0,44.0,64.0,42.0
1771501836.2780485,81.0,118.0,34.0,24.0,42.0,62.0,41.0
1771501836.3130355,81.0,118.0,51.0,22.0,41.0,60.0,39.0
1771501836.3410327,81.0,118.0,70.0,22.0,42.0,61.0,40.0
1771501836.3736799,81.0,118.0,86.0,22.0,43.0,61.0,42.0
1771501836.4055932,80.0,117.0,100.0,20.0,40.0,58.0,39.0
1771501836.4527712,79.0,118.0,100.0,18.0,39.0,56.0,37.0
1771501836.4862876,79.0,120.0,100.0,19.0,39.0,56.0,36.0
1771501836.5092864,79.0,119.0,100.0,18.0,39.0,56.0,37.0
1771501836.5382907,78.0,121.0,100.0,17.0,37.0,54.0,35.0
1771501836.5708728,77.0,120.0,100.0,19.0,37.0,54.0,34.0
1771501836.6133406,77.0,119.0,100.0,20.0,38.0,55.0,35.0
1771501836.6453469,76.0,119.0,100.0,21.0,40.0,56.0,37.0
1771501836.6768897,76.0,118.0,79.0,22.0,41.0,58.0,38.0
1771501836.7088895,77.0,118.0,80.0,23.0,43.0,60.0,40.0
1771501836.7448878,76.0,118.0,65.0,23.0,43.0,60.0,38.0
1771501836.7749624,75.0,116.0,53.0,23.0,43.0,60.0,38.0
1771501836.8077917,75.0,113.0,32.0,24.0,44.0,62.0,38.0
1771501836.8381038,75.0,112.0,14.0,26.0,47.0,64.0,38.0
1771501836.8896801,74.0,111.0,0.0,27.0,48.0,65.0,39.0
1771501836.915399,74.0,111.0,0.0,27.0,48.0,66.0,39.0
1771501836.9464893,75.0,112.0,0.0,30.0,50.0,67.0,39.0
1771501836.9785726,73.0,110.0,0.0,34.0,50.0,67.0,38.0
1771501837.0142515,70.0,106.0,0.0,35.0,51.0,66.0,36.0
1771501837.0447552,69.0,103.0,0.0,36.0,51.0,67.0,38.0
1771501837.0779312,69.0,102.0,0.0,38.0,53.0,70.0,42.0
1771501837.1120691,69.0,104.0,0.0,42.0,55.0,74.0,44.0
1771501837.1423166,68.0,102.0,0.0,43.0,56.0,74.0,44.0
1771501837.1738362,69.0,104.0,0.0,46.0,59.0,77.0,47.0
1771501837.2050064,69.0,103.0,0.0,47.0,60.0,78.0,48.0
1771501837.2375305,68.0,102.0,0.0,48.0,61.0,79.0,49.0
1771501837.284943,68.0,101.0,0.0,48.0,62.0,80.0,50.0
1771501837.3179314,68.0,100.0,15.0,51.0,62.0,80.0,49.0
1771501837.351121,67.0,100.0,24.0,52.0,63.0,81.0,49.0
1771501837.383442,66.0,99.0,44.0,50.0,62.0,80.0,48.0
1771501837.4143732,66.0,98.0,57.0,47.0,62.0,80.0,48.0
1771501837.4459858,65.0,96.0,69.0,47.0,62.0,81.0,49.0
1771501837.4782505,65.0,99.0,84.0,48.0,63.0,82.0,50.0
1771501837.5127692,66.0,98.0,96.0,48.0,64.0,83.0,52.0
1771501837.544754,67.0,99.0,96.0,49.0,67.0,86.0,55.0
1771501837.574221,66.0,98.0,100.0,48.0,67.0,85.0,56.0
1771501837.6114419,67.0,99.0,100.0,52.0,69.0,89.0,58.0
1771501837.6379666,66.0,99.0,100.0,51.0,68.0,88.0,59.0
1771501837.6692598,65.0,98.0,100.0,52.0,68.0,88.0,58.0
1771501837.718339,65.0,97.0,100.0,52.0,67.0,86.0,57.0
1771501837.7513447,64.0,98.0,100.0,52.0,66.0,85.0,56.0
1771501837.773044,64.0,98.0,100.0,52.0,66.0,85.0,56.0
1771501837.816155,64.0,98.0,100.0,52.0,66.0,86.0,58.0
1771501837.8499758,64.0,96.0,100.0,52.0,66.0,86.0,57.0
1771501837.8815877,64.0,96.0,100.0,52.0,66.0,86.0,58.0
1771501837.912589,63.0,96.0,100.0,52.0,66.0,85.0,58.0
1771501837.9436727,64.0,97.0,100.0,53.0,66.0,85.0,59.0
1771501837.9750803,64.0,96.0,100.0,55.0,67.0,87.0,62.0
1771501838.0066793,64.0,96.0,100.0,53.0,68.0,88.0,64.0
1771501838.0408373,64.0,96.0,98.0,51.0,68.0,88.0,64.0
1771501838.0693948,64.0,95.0,94.0,52.0,68.0,88.0,63.0
1771501838.101388,64.0,95.0,96.0,52.0,68.0,87.0,64.0
1771501838.1486647,65.0,96.0,94.0,54.0,69.0,89.0,64.0
1771501838.1802323,65.0,97.0,100.0,54.0,69.0,88.0,63.0
1771501838.2132285,65.0,97.0,100.0,55.0,70.0,89.0,65.0
1771501838.2462444,65.0,97.0,97.0,55.0,70.0,89.0,64.0
1771501838.2757711,66.0,98.0,95.0,55.0,69.0,88.0,64.0
1771501838.308786,66.0,97.0,97.0,57.0,72.0,92.0,66.0
1771501838.34077,65.0,98.0,100.0,55.0,71.0,91.0,66.0
1771501838.3732955,67.0,98.0,100.0,57.0,73.0,93.0,68.0
1771501838.405289,66.0,98.0,96.0,55.0,70.0,90.0,64.0
1771501838.4372954,66.0,98.0,100.0,55.0,70.0,90.0,65.0
1771501838.4692948,66.0,97.0,100.0,55.0,70.0,90.0,65.0
1771501838.5008028,66.0,98.0,100.0,53.0,70.0,89.0,65.0
1771501838.532794,66.0,98.0,95.0,52.0,69.0,89.0,64.0
1771501838.5803263,66.0,97.0,97.0,53.0,70.0,90.0,65.0
1771501838.6142943,66.0,98.0,97.0,54.0,71.0,91.0,65.0
1771501838.6473658,66.0,98.0,100.0,54.0,70.0,90.0,65.0
1771501838.6788282,67.0,99.0,95.0,54.0,70.0,91.0,65.0
1771501838.710829,67.0,99.0,100.0,55.0,71.0,92.0,67.0
1771501838.7428308,66.0,99.0,98.0,56.0,71.0,91.0,65.0
1771501838.7733617,67.0,99.0,100.0,57.0,72.0,93.0,67.0
1771501838.8053691,66.0,98.0,100.0,55.0,71.0,92.0,66.0
1771501838.837212,66.0,98.0,100.0,56.0,72.0,93.0,68.0
1771501838.8696325,66.0,97.0,96.0,54.0,70.0,90.0,65.0
1771501838.9051778,65.0,98.0,100.0,57.0,71.0,92.0,67.0
1771501838.933222,67.0,97.0,100.0,56.0,72.0,93.0,68.0
1771501838.9637504,67.0,99.0,99.0,56.0,72.0,93.0,67.0
1771501839.0128138,66.0,97.0,93.0,54.0,72.0,92.0,67.0
1771501839.044805,66.0,98.0,94.0,54.0,71.0,91.0,66.0
1771501839.0763235,66.0,98.0,96.0,52.0,71.0,91.0,66.0
1771501839.1111138,66.0,97.0,89.0,54.0,70.0,90.0,65.0
1771501839.1410387,66.0,99.0,100.0,53.0,71.0,91.0,66.0
1771501839.1735833,67.0,98.0,98.0,54.0,72.0,93.0,67.0
1771501839.204576,66.0,97.0,91.0,52.0,70.0,90.0,65.0
1771501839.2365756,66.0,98.0,95.0,53.0,71.0,91.0,66.0
1771501839.2701008,66.0,98.0,99.0,52.0,71.0,91.0,67.0
1771501839.3021095,66.0,97.0,100.0,54.0,71.0,91.0,67.0
1771501839.3361075,66.0,98.0,99.0,53.0,71.0,92.0,67.0
1771501839.3671105,66.0,97.0,90.0,54.0,72.0,92.0,68.0
1771501839.397619,66.0,98.0,89.0,53.0,72.0,92.0,67.0
1771501839.4460301,65.0,96.0,89.0,52.0,70.0,90.0,66.0
1771501839.479544,66.0,97.0,93.0,52.0,71.0,91.0,66.0
1771501839.5105438,66.0,97.0,88.0,53.0,71.0,92.0,67.0
1771501839.548545,66.0,98.0,92.0,51.0,71.0,91.0,66.0
1771501839.5770748,66.0,97.0,92.0,52.0,72.0,93.0,67.0
1771501839.606624,66.0,98.0,88.0,52.0,72.0,92.0,67.0
1771501839.6383948,66.0,97.0,93.0,52.0,72.0,92.0,67.0
1771501839.669913,66.0,97.0,90.0,52.0,70.0,90.0,65.0
1771501839.7019167,66.0,98.0,90.0,50.0,71.0,91.0,65.0
1771501839.733113,67.0,98.0,90.0,51.0,71.0,91.0,66.0
1771501839.766118,66.0,97.0,89.0,50.0,71.0,91.0,66.0
1771501839.7976348,65.0,96.0,88.0,52.0,71.0,92.0,66.0
1771501839.8296256,65.0,96.0,91.0,50.0,70.0,89.0,63.0
1771501839.877151,64.0,94.0,100.0,52.0,69.0,89.0,63.0
1771501839.9121444,64.0,94.0,100.0,53.0,69.0,88.0,61.0
1771501839.945179,63.0,93.0,97.0,50.0,67.0,85.0,58.0
1771501839.9776897,63.0,93.0,92.0,51.0,66.0,85.0,58.0
1771501840.0080009,63.0,92.0,94.0,51.0,66.0,84.0,57.0
1771501840.038993,63.0,92.0,100.0,52.0,66.0,84.0,57.0
1771501840.0700161,62.0,91.0,100.0,48.0,64.0,83.0,55.0
1771501840.1019137,62.0,90.0,100.0,44.0,63.0,81.0,54.0
1771501840.1324773,62.0,92.0,100.0,44.0,61.0,78.0,50.0
1771501840.1634812,61.0,93.0,100.0,44.0,58.0,74.0,46.0
1771501840.197993,60.0,94.0,83.0,38.0,51.0,66.0,39.0
1771501840.2279918,61.0,95.0,61.0,35.0,48.0,62.0,36.0
1771501840.2614336,61.0,95.0,66.0,34.0,46.0,60.0,36.0
1771501840.3089395,62.0,93.0,50.0,27.0,42.0,56.0,34.0
1771501840.3419423,64.0,95.0,51.0,24.0,41.0,54.0,31.0
1771501840.3732257,64.0,96.0,62.0,24.0,41.0,53.0,32.0
1771501840.4062185,66.0,101.0,99.0,22.0,38.0,50.0,30.0
1771501840.4362242,67.0,102.0,100.0,21.0,36.0,49.0,28.0
1771501840.4692445,68.0,102.0,100.0,20.0,36.0,48.0,29.0
1771501840.5007548,67.0,103.0,100.0,19.0,32.0,46.0,28.0
1771501840.5327544,68.0,105.0,100.0,19.0,31.0,44.0,28.0
1771501840.563775,67.0,108.0,100.0,19.0,28.0,41.0,25.0
1771501840.597299,67.0,110.0,100.0,17.0,24.0,37.0,23.0
1771501840.6312988,69.0,113.0,100.0,16.0,22.0,35.0,21.0
1771501840.6643035,69.0,113.0,100.0,17.0,23.0,36.0,22.0
1771501840.6943297,65.0,105.0,100.0,15.0,19.0,32.0,16.0
1771501840.741323,63.0,100.0,100.0,12.0,18.0,30.0,12.0
1771501840.7729914,66.0,103.0,100.0,11.0,18.0,28.0,11.0
1771501840.8055983,67.0,105.0,100.0,11.0,18.0,27.0,10.0
1771501840.838442,69.0,106.0,100.0,12.0,12.0,25.0,14.0
1771501840.8704784,72.0,109.0,100.0,16.0,12.0,27.0,17.0
1771501840.9020574,75.0,110.0,100.0,18.0,15.0,30.0,17.0
1771501840.9332912,76.0,111.0,100.0,15.0,15.0,29.0,16.0
1771501840.9648952,75.0,110.0,100.0,11.0,12.0,27.0,16.0
1771501840.9966633,77.0,112.0,100.0,13.0,14.0,28.0,16.0
1771501841.0286672,76.0,110.0,100.0,10.0,11.0,26.0,16.0
1771501841.0637426,78.0,112.0,100.0,13.0,14.0,28.0,16.0
1771501841.0933878,77.0,110.0,100.0,10.0,12.0,27.0,15.0
1771501841.1249175,77.0,112.0,100.0,11.0,12.0,27.0,15.0
1771501841.1734731,78.0,112.0,100.0,12.0,12.0,28.0,16.0
1771501841.2054725,78.0,110.0,100.0,11.0,12.0,27.0,15.0
1771501841.2374735,78.0,111.0,100.0,12.0,13.0,28.0,15.0
1771501841.2716062,78.0,109.0,100.0,11.0,12.0,26.0,15.0
1771501841.302611,77.0,110.0,100.0,10.0,11.0,24.0,13.0
1771501841.3336205,77.0,110.0,100.0,10.0,11.0,25.0,12.0
1771501841.3656228,77.0,110.0,100.0,9.0,11.0,24.0,13.0
1771501841.3982477,78.0,111.0,100.0,10.0,11.0,25.0,12.0
1771501841.4292493,78.0,111.0,100.0,10.0,11.0,25.0,12.0
1771501841.462709,78.0,111.0,100.0,11.0,13.0,26.0,13.0
1771501841.4969683,79.0,110.0,100.0,12.0,13.0,27.0,13.0
1771501841.525106,78.0,109.0,100.0,11.0,13.0,26.0,11.0
1771501841.5570333,78.0,109.0,100.0,11.0,11.0,25.0,11.0
1771501841.6052024,79.0,110.0,100.0,12.0,12.0,26.0,11.0
1771501841.6382306,79.0,108.0,100.0,11.0,11.0,25.0,11.0
1771501841.6692379,78.0,107.0,100.0,9.0,10.0,25.0,10.0
1771501841.703748,79.0,110.0,100.0,12.0,11.0,26.0,11.0
1771501841.733318,78.0,106.0,100.0,9.0,10.0,25.0,10.0
1771501841.76533,79.0,110.0,100.0,11.0,10.0,25.0,11.0
1771501841.7969582,78.0,108.0,100.0,10.0,10.0,24.0,10.0
1771501841.8289552,79.0,109.0,100.0,10.0,9.0,23.0,9.0
1771501841.8619788,79.0,108.0,100.0,9.0,8.0,22.0,9.0
1771501841.8935122,79.0,108.0,100.0,9.0,9.0,23.0,9.0
1771501841.926535,81.0,108.0,100.0,11.0,11.0,24.0,10.0
1771501841.9595506,79.0,106.0,100.0,8.0,9.0,22.0,9.0
1771501841.9900615,79.0,105.0,100.0,8.0,9.0,21.0,8.0
1771501842.0370648,79.0,105.0,100.0,8.0,9.0,21.0,8.0
1771501842.07007,81.0,107.0,100.0,11.0,11.0,22.0,9.0
1771501842.1006734,81.0,107.0,100.0,11.0,11.0,22.0,9.0
1771501842.1358464,79.0,105.0,100.0,8.0,9.0,20.0,7.0
1771501842.164855,81.0,107.0,100.0,8.0,11.0,21.0,7.0
1771501842.1973734,81.0,107.0,100.0,9.0,12.0,21.0,8.0
1771501842.228383,82.0,110.0,100.0,11.0,14.0,22.0,8.0
1771501842.260716,83.0,110.0,100.0,9.0,14.0,23.0,9.0
1771501842.2922251,82.0,109.0,100.0,6.0,12.0,21.0,7.0
1771501842.324227,84.0,112.0,100.0,10.0,15.0,23.0,9.0
1771501842.3592298,83.0,111.0,100.0,9.0,13.0,20.0,6.0
1771501842.388744,84.0,114.0,100.0,8.0,13.0,18.0,5.0
1771501842.4207401,83.0,114.0,100.0,6.0,10.0,15.0,3.0
1771501842.4697478,84.0,115.0,100.0,7.0,10.0,14.0,2.0
1771501842.5012548,84.0,116.0,100.0,5.0,8.0,11.0,1.0
1771501842.5332546,83.0,118.0,100.0,5.0,7.0,10.0,0.0
1771501842.566272,83.0,117.0,96.0,2.0,6.0,9.0,0.0
1771501842.598791,83.0,116.0,100.0,1.0,5.0,9.0,0.0
1771501842.630791,83.0,118.0,94.0,0.0,5.0,8.0,0.0
1771501842.6608157,83.0,118.0,77.0,0.0,4.0,7.0,0.0
1771501842.6932995,84.0,121.0,48.0,1.0,6.0,7.0,0.0
1771501842.7263012,84.0,120.0,32.0,0.0,5.0,6.0,0.0
1771501842.7573073,84.0,121.0,23.0,0.0,4.0,5.0,0.0
1771501842.7898211,84.0,119.0,19.0,0.0,5.0,6.0,0.0
1771501842.8208222,84.0,121.0,17.0,0.0,4.0,5.0,0.0
1771501842.853823,84.0,119.0,19.0,0.0,4.0,5.0,0.0
1771501842.9023697,86.0,124.0,0.0,1.0,5.0,6.0,0.0
1771501842.9333696,84.0,119.0,4.0,0.0,3.0,4.0,0.0
1771501842.964287,85.0,122.0,0.0,0.0,4.0,4.0,0.0
1771501842.9983783,85.0,121.0,0.0,0.0,4.0,5.0,0.0
1771501843.029376,83.0,119.0,20.0,0.0,2.0,3.0,0.0
1771501843.061396,84.0,120.0,9.0,0.0,3.0,3.0,0.0
1771501843.0924854,85.0,121.0,0.0,0.0,4.0,5.0,0.0
1771501843.128493,85.0,121.0,0.0,0.0,4.0,4.0,0.0
1771501843.161256,84.0,119.0,0.0,0.0,3.0,4.0,0.0
1771501843.1932964,85.0,120.0,0.0,0.0,4.0,6.0,0.0
1771501843.2242975,84.0,116.0,0.0,0.0,5.0,7.0,0.0
1771501843.2563055,86.0,120.0,0.0,3.0,6.0,9.0,1.0
1771501843.3018405,85.0,117.0,0.0,1.0,5.0,8.0,2.0
1771501843.3358424,86.0,120.0,0.0,3.0,6.0,8.0,3.0
1771501843.3668466,89.0,123.0,0.0,5.0,9.0,11.0,5.0
1771501843.3983717,89.0,123.0,0.0,5.0,10.0,12.0,6.0
1771501843.4320817,89.0,123.0,0.0,4.0,9.0,13.0,7.0
1771501843.4610927,90.0,124.0,0.0,4.0,10.0,16.0,8.0
1771501843.4936094,90.0,123.0,0.0,5.0,11.0,16.0,9.0
1771501843.5246062,90.0,125.0,0.0,5.0,10.0,17.0,9.0
1771501843.5576074,92.0,122.0,0.0,4.0,11.0,19.0,12.0
1771501843.5895004,91.0,125.0,0.0,5.0,9.0,18.0,11.0
1771501843.6215003,93.0,126.0,0.0,5.0,11.0,21.0,13.0
1771501843.6545033,94.0,126.0,0.0,5.0,12.0,22.0,14.0
1771501843.685022,93.0,123.0,0.0,0.0,9.0,22.0,15.0
1771501843.7330348,92.0,119.0,0.0,0.0,7.0,22.0,16.0
1771501843.766044,91.0,117.0,0.0,0.0,8.0,22.0,15.0
1771501843.7955465,93.0,119.0,0.0,0.0,10.0,25.0,17.0
1771501843.8275466,92.0,119.0,0.0,1.0,10.0,25.0,16.0
1771501843.8625536,92.0,119.0,0.0,0.0,10.0,25.0,16.0
1771501843.8940852,93.0,120.0,0.0,0.0,8.0,25.0,17.0
1771501843.9250834,92.0,120.0,0.0,0.0,8.0,23.0,16.0
1771501843.9570818,93.0,120.0,0.0,0.0,9.0,25.0,17.0
1771501843.9884892,94.0,119.0,0.0,0.0,8.0,25.0,19.0
1771501844.0205142,93.0,122.0,0.0,3.0,11.0,27.0,19.0
1771501844.0525148,92.0,120.0,0.0,0.0,9.0,25.0,17.0
1771501844.0866776,94.0,121.0,0.0,1.0,10.0,26.0,18.0
1771501844.117746,93.0,121.0,0.0,2.0,10.0,26.0,18.0
1771501844.1650457,93.0,120.0,0.0,2.0,10.0,26.0,17.0
1771501844.1975574,93.0,120.0,0.0,2.0,10.0,25.0,17.0
1771501844.228558,93.0,121.0,0.0,2.0,10.0,25.0,17.0
1771501844.2620883,92.0,119.0,0.0,0.0,8.0,24.0,17.0
1771501844.2956152,92.0,123.0,0.0,4.0,10.0,25.0,17.0
1771501844.3250072,93.0,121.0,0.0,0.0,10.0,26.0,18.0
1771501844.3576696,93.0,121.0,0.0,2.0,10.0,25.0,18.0
1771501844.389195,93.0,122.0,0.0,4.0,11.0,26.0,17.0
1771501844.421187,92.0,122.0,0.0,4.0,11.0,26.0,18.0
1771501844.4521854,92.0,123.0,0.0,4.0,11.0,26.0,17.0
1771501844.483937,92.0,122.0,0.0,4.0,11.0,25.0,17.0
1771501844.519933,93.0,122.0,0.0,4.0,11.0,26.0,17.0
1771501844.5489364,93.0,122.0,0.0,4.0,12.0,26.0,18.0
1771501844.633493,93.0,122.0,0.0,4.0,11.0,25.0,18.0
1771501844.6634872,93.0,123.0,0.0,4.0,11.0,26.0,18.0
1771501844.6950564,92.0,121.0,0.0,5.0,12.0,25.0,17.0
1771501844.7280028,92.0,122.0,0.0,5.0,12.0,25.0,16.0
1771501844.7580037,93.0,126.0,0.0,10.0,16.0,27.0,17.0
1771501844.7885375,93.0,123.0,0.0,6.0,13.0,25.0,17.0
1771501844.8205178,93.0,122.0,0.0,5.0,12.0,26.0,17.0
1771501844.8515522,92.0,122.0,0.0,5.0,12.0,24.0,16.0
1771501844.8841445,92.0,123.0,0.0,4.0,11.0,24.0,15.0
1771501844.9140604,92.0,124.0,0.0,5.0,12.0,24.0,15.0
1771501844.947062,91.0,123.0,0.0,4.0,12.0,24.0,14.0
1771501844.9756608,91.0,124.0,0.0,5.0,12.0,23.0,14.0
1771501845.028641,91.0,125.0,0.0,5.0,11.0,22.0,13.0
1771501845.0616636,90.0,125.0,0.0,5.0,11.0,20.0,13.0
1771501845.0852518,91.0,125.0,0.0,5.0,12.0,22.0,14.0
1771501845.117607,91.0,124.0,0.0,6.0,12.0,22.0,13.0
1771501845.146961,91.0,127.0,0.0,5.0,11.0,19.0,11.0
1771501845.1794758,90.0,127.0,0.0,5.0,10.0,18.0,10.0
1771501845.210475,91.0,127.0,0.0,5.0,10.0,19.0,11.0
1771501845.2414746,90.0,127.0,0.0,4.0,9.0,17.0,10.0
1771501845.272532,90.0,129.0,0.0,5.0,9.0,16.0,9.0
1771501845.3050437,90.0,129.0,0.0,5.0,9.0,16.0,9.0
1771501845.33604,90.0,130.0,0.0,7.0,9.0,16.0,9.0
1771501845.368074,90.0,129.0,0.0,7.0,9.0,16.0,9.0
1771501845.4145806,90.0,129.0,0.0,7.0,9.0,16.0,9.0
1771501845.4615967,90.0,129.0,0.0,8.0,9.0,16.0,10.0
1771501845.494141,91.0,128.0,0.0,8.0,10.0,16.0,10.0
1771501845.5231428,90.0,127.0,0.0,7.0,9.0,15.0,9.0
1771501845.5561442,90.0,127.0,0.0,7.0,9.0,15.0,9.0
1771501845.5876777,90.0,126.0,0.0,8.0,10.0,16.0,10.0
1771501845.6177099,89.0,125.0,0.0,7.0,8.0,15.0,8.0
1771501845.6506782,89.0,125.0,0.0,7.0,9.0,16.0,8.0
1771501845.6819112,88.0,124.0,0.0,7.0,9.0,16.0,8.0
1771501845.7114985,87.0,121.0,0.0,5.0,7.0,16.0,8.0
1771501845.743584,86.0,120.0,0.0,4.0,6.0,15.0,8.0
1771501845.77426,86.0,118.0,0.0,4.0,7.0,17.0,9.0
1771501845.8142965,85.0,116.0,0.0,2.0,6.0,19.0,9.0
1771501845.8459878,85.0,116.0,0.0,2.0,7.0,21.0,11.0
1771501845.893687,85.0,116.0,0.0,3.0,9.0,24.0,12.0
1771501845.9267519,84.0,113.0,0.0,1.0,9.0,26.0,14.0
1771501845.9477527,84.0,113.0,0.0,0.0,9.0,25.0,13.0
1771501845.9803863,85.0,113.0,0.0,2.0,12.0,28.0,15.0
1771501846.0113409,85.0,111.0,0.0,3.0,15.0,33.0,20.0
1771501846.0423365,87.0,111.0,0.0,5.0,20.0,37.0,25.0
1771501846.0738635,90.0,113.0,0.0,10.0,24.0,42.0,32.0
1771501846.1069026,91.0,117.0,0.0,16.0,27.0,47.0,37.0
1771501846.13831,90.0,123.0,0.0,21.0,25.0,47.0,35.0
1771501846.1703312,91.0,124.0,1.0,21.0,25.0,47.0,37.0
1771501846.213842,90.0,126.0,2.0,24.0,25.0,48.0,36.0
1771501846.2478583,87.0,127.0,47.0,20.0,21.0,42.0,33.0
1771501846.2808378,85.0,125.0,77.0,16.0,19.0,42.0,34.0
1771501846.324836,84.0,125.0,66.0,16.0,19.0,42.0,33.0
1771501846.357838,84.0,126.0,65.0,16.0,20.0,42.0,34.0
1771501846.3893566,85.0,126.0,66.0,16.0,20.0,42.0,35.0
1771501846.4213762,85.0,126.0,50.0,18.0,21.0,44.0,35.0
1771501846.4523606,86.0,126.0,0.0,20.0,24.0,48.0,38.0
1771501846.4838765,88.0,125.0,0.0,23.0,27.0,52.0,41.0
1771501846.5158215,87.0,125.0,0.0,22.0,26.0,52.0,40.0
1771501846.5476477,86.0,125.0,0.0,20.0,25.0,50.0,39.0
1771501846.5781636,87.0,128.0,0.0,23.0,26.0,52.0,40.0
1771501846.6141667,88.0,128.0,0.0,23.0,29.0,55.0,40.0
1771501846.643916,87.0,128.0,0.0,23.0,28.0,55.0,39.0
1771501846.6806066,86.0,124.0,0.0,20.0,27.0,53.0,38.0
1771501846.70857,86.0,127.0,0.0,21.0,29.0,54.0,38.0
1771501846.756592,87.0,126.0,0.0,21.0,30.0,55.0,40.0
1771501846.7902462,87.0,126.0,0.0,21.0,30.0,55.0,40.0
1771501846.8132946,87.0,126.0,0.0,21.0,31.0,55.0,41.0
1771501846.8432662,86.0,125.0,0.0,20.0,33.0,57.0,42.0
1771501846.875877,84.0,120.0,0.0,20.0,35.0,58.0,42.0
1771501846.9068983,85.0,122.0,0.0,22.0,41.0,62.0,44.0
1771501846.9398575,84.0,123.0,0.0,22.0,43.0,63.0,43.0
1771501846.9699416,83.0,122.0,0.0,20.0,45.0,65.0,44.0
1771501847.013215,84.0,124.0,0.0,20.0,48.0,69.0,51.0
1771501847.045214,85.0,127.0,0.0,22.0,50.0,71.0,54.0
1771501847.0787804,85.0,126.0,0.0,23.0,52.0,74.0,57.0
1771501847.111797,83.0,121.0,0.0,20.0,54.0,75.0,56.0
1771501847.143794,81.0,117.0,0.0,20.0,55.0,76.0,56.0
1771501847.1893122,82.0,117.0,0.0,22.0,57.0,78.0,57.0
1771501847.222878,80.0,114.0,0.0,24.0,59.0,81.0,57.0
1771501847.2513936,79.0,113.0,0.0,23.0,58.0,80.0,56.0
1771501847.2849061,79.0,113.0,0.0,25.0,59.0,81.0,57.0
1771501847.3159091,79.0,114.0,0.0,25.0,61.0,84.0,59.0
1771501847.3469064,77.0,113.0,0.0,25.0,60.0,83.0,58.0
1771501847.3794427,77.0,113.0,0.0,26.0,61.0,84.0,60.0
1771501847.4134414,77.0,111.0,0.0,28.0,61.0,84.0,60.0
1771501847.445442,76.0,113.0,0.0,29.0,61.0,82.0,58.0
1771501847.4769564,75.0,111.0,0.0,30.0,62.0,83.0,59.0
1771501847.5090134,73.0,110.0,0.0,31.0,60.0,79.0,56.0
1771501847.5420103,72.0,110.0,0.0,33.0,60.0,79.0,54.0
1771501847.5730371,72.0,109.0,0.0,33.0,60.0,78.0,54.0
1771501847.6221254,72.0,109.0,0.0,35.0,61.0,80.0,55.0
1771501847.6541517,71.0,109.0,0.0,36.0,60.0,78.0,53.0
1771501847.675656,71.0,109.0,0.0,36.0,60.0,78.0,53.0
1771501847.705669,71.0,109.0,0.0,38.0,61.0,79.0,54.0
1771501847.737661,71.0,109.0,0.0,39.0,61.0,79.0,54.0
1771501847.7676473,70.0,108.0,0.0,38.0,60.0,78.0,52.0
1771501847.8131304,69.0,106.0,0.0,42.0,61.0,78.0,52.0
1771501847.8461294,69.0,106.0,0.0,43.0,62.0,81.0,53.0
1771501847.878196,68.0,105.0,0.0,43.0,62.0,82.0,54.0
1771501847.9091928,68.0,105.0,0.0,43.0,62.0,84.0,54.0
1771501847.941592,67.0,105.0,0.0,43.0,63.0,84.0,55.0
1771501847.9752727,67.0,105.0,0.0,47.0,64.0,86.0,56.0
1771501848.0053747,66.0,103.0,0.0,51.0,65.0,86.0,56.0
1771501848.0534143,66.0,103.0,0.0,49.0,65.0,86.0,55.0
1771501848.0869277,66.0,103.0,0.0,51.0,66.0,87.0,57.0
1771501848.1108887,66.0,104.0,0.0,51.0,66.0,88.0,57.0
1771501848.1414547,66.0,104.0,0.0,53.0,68.0,89.0,59.0
1771501848.1740258,66.0,104.0,0.0,54.0,69.0,90.0,60.0
1771501848.214535,67.0,103.0,0.0,59.0,72.0,92.0,63.0
1771501848.2445352,67.0,103.0,0.0,57.0,72.0,93.0,66.0
1771501848.278123,66.0,103.0,0.0,58.0,72.0,94.0,66.0
1771501848.3091283,66.0,103.0,9.0,61.0,75.0,97.0,71.0
1771501848.3411229,67.0,104.0,14.0,61.0,75.0,96.0,71.0
1771501848.3731406,67.0,104.0,18.0,64.0,78.0,99.0,72.0
1771501848.406648,69.0,104.0,31.0,66.0,81.0,101.0,77.0
1771501848.4381366,69.0,104.0,28.0,69.0,82.0,101.0,79.0
1771501848.4849434,70.0,104.0,23.0,70.0,84.0,103.0,80.0
1771501848.5179465,69.0,103.0,33.0,68.0,83.0,102.0,80.0
1771501848.5469446,70.0,103.0,33.0,70.0,84.0,104.0,82.0
1771501848.5782669,70.0,105.0,34.0,74.0,87.0,106.0,83.0
1771501848.614289,73.0,108.0,39.0,81.0,90.0,110.0,90.0
1771501848.6452665,72.0,109.0,18.0,79.0,90.0,110.0,89.0
1771501848.677597,74.0,110.0,14.0,81.0,90.0,110.0,92.0
1771501848.7095418,75.0,111.0,2.0,86.0,90.0,110.0,94.0
1771501848.7406027,76.0,111.0,4.0,90.0,90.0,110.0,94.0
1771501848.7736065,77.0,112.0,5.0,95.0,90.0,110.0,99.0
1771501848.8052323,78.0,113.0,0.0,93.0,90.0,110.0,99.0
1771501848.8392334,76.0,112.0,0.0,90.0,90.0,110.0,97.0
1771501848.886903,77.0,112.0,0.0,96.0,90.0,110.0,99.0
1771501848.9179049,77.0,111.0,0.0,103.0,88.0,110.0,100.0
1771501848.9379108,76.0,110.0,0.0,103.0,89.0,110.0,100.0
1771501848.9689343,76.0,109.0,0.0,103.0,89.0,110.0,100.0
1771501849.0130658,76.0,110.0,0.0,107.0,88.0,110.0,100.0
1771501849.0470748,76.0,108.0,0.0,108.0,87.0,110.0,100.0
1771501849.0775924,76.0,106.0,0.0,109.0,88.0,110.0,100.0
1771501849.1081617,76.0,107.0,0.0,109.0,88.0,110.0,100.0
1771501849.140537,77.0,107.0,0.0,110.0,87.0,109.0,100.0
1771501849.1725445,77.0,108.0,0.0,110.0,86.0,107.0,100.0
1771501849.2060702,78.0,107.0,0.0,110.0,86.0,107.0,100.0
1771501849.2370708,77.0,107.0,0.0,110.0,87.0,107.0,100.0
1771501849.276094,78.0,108.0,0.0,110.0,86.0,105.0,100.0
1771501849.3166027,80.0,108.0,0.0,110.0,84.0,104.0,100.0
1771501849.3505986,80.0,108.0,0.0,110.0,84.0,103.0,100.0
1771501849.3781137,80.0,108.0,0.0,110.0,84.0,103.0,100.0
1771501849.4131382,80.0,107.0,0.0,110.0,84.0,104.0,100.0
1771501849.4451382,78.0,106.0,0.0,110.0,86.0,106.0,100.0
1771501849.4782186,78.0,107.0,0.0,110.0,85.0,106.0,100.0
1771501849.5092168,78.0,107.0,0.0,110.0,86.0,106.0,100.0
1771501849.5412176,77.0,106.0,0.0,110.0,87.0,107.0,100.0
1771501849.5722198,76.0,106.0,0.0,110.0,88.0,107.0,100.0
1771501849.6047344,77.0,105.0,0.0,110.0,87.0,105.0,100.0
1771501849.6367354,78.0,105.0,0.0,110.0,86.0,104.0,100.0
1771501849.6687367,79.0,105.0,0.0,110.0,84.0,102.0,100.0
1771501849.7022822,82.0,106.0,0.0,110.0,79.0,98.0,100.0
1771501849.74931,84.0,106.0,29.0,110.0,78.0,96.0,100.0
1771501849.78125,83.0,106.0,25.0,110.0,79.0,98.0,100.0
1771501849.8138337,82.0,104.0,29.0,110.0,81.0,100.0,100.0
1771501849.8448658,83.0,104.0,26.0,110.0,81.0,101.0,100.0
1771501849.876054,81.0,103.0,29.0,109.0,83.0,103.0,100.0
1771501849.9125602,81.0,103.0,43.0,109.0,84.0,104.0,100.0
1771501849.9453893,79.0,102.0,35.0,108.0,86.0,107.0,100.0
1771501849.9779506,77.0,102.0,33.0,107.0,88.0,109.0,100.0
1771501850.009164,77.0,102.0,32.0,108.0,87.0,108.0,100.0
1771501850.0402143,75.0,101.0,7.0,108.0,89.0,110.0,100.0
1771501850.0708835,76.0,101.0,15.0,108.0,89.0,110.0,100.0
1771501850.101478,74.0,101.0,12.0,108.0,90.0,110.0,100.0
1771501850.1377118,75.0,102.0,22.0,109.0,90.0,110.0,100.0
1771501850.1813834,75.0,100.0,20.0,109.0,90.0,110.0,100.0
1771501850.2143934,73.0,100.0,22.0,108.0,90.0,110.0,100.0
1771501850.2443845,74.0,101.0,27.0,108.0,90.0,110.0,100.0
1771501850.2766817,75.0,100.0,35.0,109.0,90.0,110.0,100.0
1771501850.3087535,74.0,100.0,31.0,108.0,90.0,110.0,100.0
1771501850.3407462,73.0,101.0,43.0,107.0,90.0,110.0,100.0
1771501850.3727562,74.0,102.0,39.0,106.0,90.0,110.0,100.0
1771501850.4052677,72.0,100.0,38.0,107.0,90.0,110.0,100.0
1771501850.4372673,73.0,100.0,35.0,107.0,90.0,110.0,100.0
1771501850.4692736,72.0,100.0,50.0,106.0,90.0,110.0,100.0
1771501850.5008047,72.0,99.0,53.0,105.0,90.0,110.0,100.0
1771501850.5317976,71.0,99.0,42.0,105.0,90.0,110.0,100.0
1771501850.5673099,72.0,99.0,69.0,105.0,90.0,110.0,100.0
1771501850.6138194,72.0,99.0,51.0,105.0,90.0,110.0,100.0
1771501850.6458194,72.0,100.0,42.0,107.0,90.0,110.0,100.0
1771501850.6768456,73.0,99.0,38.0,108.0,90.0,110.0,100.0
1771501850.7093637,72.0,99.0,16.0,107.0,90.0,110.0,100.0
1771501850.7413645,72.0,101.0,11.0,108.0,90.0,110.0,100.0
1771501850.774368,70.0,98.0,0.0,108.0,90.0,110.0,99.0
1771501850.8078701,69.0,99.0,0.0,108.0,90.0,110.0,97.0
1771501850.8398676,69.0,101.0,0.0,108.0,90.0,110.0,98.0
1771501850.8718836,71.0,102.0,0.0,109.0,90.0,110.0,99.0
1771501850.9039679,71.0,102.0,0.0,109.0,90.0,110.0,98.0
1771501850.9370234,69.0,101.0,0.0,107.0,90.0,110.0,95.0
1771501850.9681618,69.0,100.0,0.0,109.0,90.0,110.0,97.0
1771501851.0002067,69.0,100.0,0.0,108.0,90.0,110.0,96.0
1771501851.0451996,69.0,99.0,0.0,109.0,90.0,110.0,97.0
1771501851.0782294,70.0,100.0,0.0,109.0,90.0,110.0,98.0
1771501851.109428,69.0,99.0,0.0,107.0,90.0,110.0,95.0
1771501851.1431336,71.0,99.0,0.0,109.0,90.0,110.0,98.0
1771501851.1731946,70.0,99.0,0.0,108.0,90.0,110.0,97.0
1771501851.2063458,68.0,98.0,0.0,107.0,90.0,110.0,96.0
1771501851.236354,68.0,97.0,0.0,106.0,90.0,110.0,95.0
1771501851.2668598,68.0,98.0,0.0,108.0,90.0,110.0,95.0
1771501851.3008978,70.0,99.0,0.0,108.0,90.0,110.0,97.0
1771501851.3328962,71.0,99.0,6.0,108.0,90.0,110.0,100.0
1771501851.3649118,70.0,98.0,13.0,106.0,90.0,110.0,98.0
1771501851.396422,72.0,99.0,16.0,107.0,90.0,110.0,100.0
1771501851.4306774,71.0,99.0,42.0,106.0,90.0,110.0,100.0
1771501851.476679,72.0,100.0,57.0,105.0,90.0,110.0,100.0
1771501851.512225,71.0,99.0,62.0,105.0,90.0,110.0,100.0
1771501851.5416481,71.0,99.0,59.0,104.0,90.0,110.0,100.0
1771501851.5722985,70.0,98.0,56.0,103.0,90.0,110.0,100.0
1771501851.6068075,71.0,99.0,65.0,103.0,90.0,110.0,100.0
1771501851.6408076,71.0,98.0,60.0,104.0,90.0,110.0,100.0
1771501851.6718323,70.0,97.0,58.0,103.0,90.0,110.0,100.0
1771501851.7039557,70.0,97.0,60.0,103.0,90.0,110.0,100.0
1771501851.7348547,69.0,98.0,58.0,103.0,90.0,110.0,100.0
1771501851.7648602,70.0,97.0,60.0,103.0,90.0,110.0,100.0
1771501851.7971108,69.0,97.0,65.0,102.0,90.0,110.0,99.0
1771501851.830101,70.0,97.0,67.0,102.0,90.0,110.0,100.0
1771501851.8620996,70.0,95.0,70.0,103.0,90.0,110.0,99.0
1771501851.9082987,71.0,98.0,85.0,103.0,90.0,109.0,100.0
1771501851.9413993,70.0,97.0,87.0,101.0,90.0,110.0,100.0
1771501851.9725814,71.0,98.0,80.0,103.0,90.0,109.0,99.0
1771501852.0051317,70.0,98.0,86.0,101.0,90.0,110.0,100.0
1771501852.0371487,71.0,99.0,89.0,102.0,90.0,109.0,100.0
1771501852.0715315,71.0,97.0,82.0,104.0,90.0,109.0,99.0
1771501852.1010811,70.0,97.0,82.0,102.0,90.0,110.0,100.0
1771501852.1340778,71.0,98.0,83.0,102.0,90.0,109.0,100.0
1771501852.1650798,70.0,99.0,81.0,102.0,90.0,110.0,99.0
1771501852.1983519,68.0,100.0,53.0,101.0,90.0,110.0,94.0
1771501852.2293484,67.0,97.0,28.0,89.0,90.0,110.0,88.0
1771501852.261351,57.0,96.0,49.0,76.0,77.0,95.0,67.0
1771501852.2968824,55.0,94.0,54.0,67.0,69.0,84.0,55.0
1771501852.3418913,59.0,93.0,57.0,58.0,67.0,82.0,53.0
1771501852.3748991,57.0,92.0,74.0,50.0,60.0,72.0,41.0
1771501852.4054346,58.0,94.0,68.0,46.0,59.0,71.0,36.0
1771501852.4354396,59.0,94.0,56.0,46.0,59.0,70.0,33.0
1771501852.4684343,59.0,94.0,58.0,43.0,57.0,67.0,29.0
1771501852.502899,59.0,93.0,59.0,42.0,57.0,67.0,31.0
1771501852.533923,59.0,93.0,60.0,41.0,56.0,66.0,30.0
1771501852.5649257,59.0,93.0,69.0,37.0,53.0,65.0,30.0
1771501852.595456,59.0,93.0,59.0,36.0,52.0,64.0,33.0
1771501852.6294544,59.0,94.0,71.0,35.0,52.0,63.0,34.0
1771501852.6613917,59.0,94.0,56.0,31.0,48.0,60.0,33.0
1771501852.691911,61.0,99.0,93.0,28.0,45.0,56.0,31.0
1771501852.7259085,63.0,102.0,95.0,26.0,42.0,52.0,27.0
1771501852.7729118,64.0,103.0,100.0,23.0,41.0,53.0,28.0
1771501852.8064213,64.0,102.0,100.0,24.0,38.0,52.0,28.0
1771501852.8394296,65.0,105.0,100.0,22.0,35.0,50.0,28.0
1771501852.8714228,66.0,108.0,100.0,21.0,34.0,48.0,28.0
1771501852.9019208,65.0,109.0,100.0,20.0,32.0,46.0,26.0
1771501852.9339159,66.0,110.0,100.0,21.0,31.0,44.0,24.0
1771501852.9649463,65.0,111.0,100.0,23.0,31.0,42.0,22.0
1771501852.9967213,65.0,111.0,100.0,24.0,30.0,41.0,21.0
1771501853.0286884,64.0,110.0,100.0,22.0,26.0,39.0,18.0
1771501853.0596893,65.0,111.0,100.0,24.0,27.0,39.0,18.0
1771501853.0932333,65.0,112.0,100.0,25.0,27.0,40.0,18.0
1771501853.1260056,64.0,111.0,100.0,23.0,24.0,37.0,17.0
1771501853.1574059,64.0,112.0,100.0,22.0,22.0,35.0,17.0
1771501853.20594,65.0,113.0,100.0,23.0,23.0,35.0,18.0
1771501853.2419393,65.0,115.0,100.0,23.0,23.0,35.0,18.0
1771501853.2686594,66.0,116.0,100.0,21.0,21.0,35.0,18.0
1771501853.3021789,67.0,115.0,100.0,19.0,19.0,31.0,16.0
1771501853.3331692,66.0,113.0,100.0,19.0,18.0,31.0,14.0
1771501853.3663943,66.0,115.0,100.0,19.0,16.0,27.0,13.0
1771501853.3958983,65.0,113.0,100.0,20.0,16.0,27.0,11.0
1771501853.4288971,65.0,113.0,100.0,21.0,16.0,26.0,11.0
1771501853.4618993,65.0,112.0,100.0,20.0,17.0,27.0,10.0
1771501853.4922564,64.0,110.0,100.0,17.0,15.0,26.0,8.0
1771501853.5252926,65.0,111.0,100.0,17.0,16.0,25.0,8.0
1771501853.5582588,65.0,112.0,100.0,17.0,16.0,25.0,7.0
1771501853.5913503,65.0,113.0,100.0,16.0,14.0,24.0,6.0
1771501853.6373491,67.0,116.0,100.0,16.0,16.0,24.0,7.0
1771501853.6713562,65.0,115.0,100.0,14.0,13.0,23.0,6.0
1771501853.7005136,67.0,113.0,100.0,13.0,12.0,23.0,6.0
1771501853.732539,67.0,114.0,100.0,13.0,11.0,21.0,7.0
1771501853.7645373,67.0,115.0,100.0,14.0,11.0,22.0,8.0
1771501853.7980516,70.0,116.0,100.0,11.0,9.0,21.0,10.0
1771501853.82905,71.0,111.0,100.0,10.0,10.0,26.0,15.0
1771501853.860057,71.0,109.0,100.0,9.0,10.0,26.0,15.0
1771501853.892011,71.0,110.0,100.0,10.0,9.0,25.0,15.0
1771501853.9236174,72.0,112.0,100.0,11.0,11.0,25.0,16.0
1771501853.956615,73.0,110.0,100.0,12.0,13.0,27.0,19.0
1771501853.9891274,74.0,107.0,100.0,11.0,14.0,28.0,18.0
1771501854.0221426,75.0,108.0,100.0,11.0,16.0,28.0,17.0
1771501854.0681388,77.0,113.0,100.0,11.0,17.0,28.0,17.0
1771501854.1016502,80.0,115.0,100.0,12.0,18.0,29.0,19.0
1771501854.1361563,81.0,114.0,100.0,13.0,20.0,30.0,20.0
1771501854.164783,83.0,115.0,100.0,14.0,20.0,30.0,19.0
1771501854.1983178,83.0,113.0,100.0,14.0,20.0,30.0,19.0
1771501854.232318,83.0,115.0,100.0,16.0,22.0,31.0,18.0
1771501854.2623272,82.0,114.0,100.0,13.0,20.0,29.0,17.0
1771501854.293891,82.0,113.0,100.0,12.0,20.0,28.0,15.0
1771501854.3248901,82.0,114.0,100.0,14.0,20.0,28.0,15.0
1771501854.35889,83.0,113.0,100.0,15.0,20.0,29.0,16.0
1771501854.3894012,84.0,115.0,100.0,17.0,22.0,31.0,17.0
1771501854.4204006,83.0,116.0,95.0,16.0,21.0,30.0,16.0
1771501854.454403,82.0,115.0,93.0,14.0,20.0,29.0,15.0
1771501854.5009427,83.0,116.0,92.0,15.0,20.0,28.0,14.0
1771501854.5329282,85.0,113.0,73.0,16.0,21.0,30.0,16.0
1771501854.5649307,83.0,114.0,78.0,14.0,19.0,28.0,15.0
1771501854.5960453,84.0,113.0,46.0,16.0,18.0,28.0,15.0
1771501854.6290464,88.0,116.0,0.0,20.0,21.0,31.0,17.0
1771501854.6630433,88.0,118.0,0.0,21.0,22.0,30.0,16.0
1771501854.6933582,90.0,118.0,0.0,20.0,22.0,30.0,16.0
1771501854.7243583,90.0,121.0,0.0,22.0,23.0,29.0,16.0
1771501854.7563596,90.0,121.0,0.0,20.0,22.0,28.0,15.0
1771501854.7908874,92.0,123.0,0.0,21.0,22.0,27.0,15.0
1771501854.8218863,91.0,123.0,0.0,19.0,20.0,25.0,13.0
1771501854.8528893,91.0,124.0,0.0,19.0,20.0,25.0,13.0
1771501854.9009902,92.0,127.0,0.0,20.0,20.0,24.0,12.0
1771501854.9329824,91.0,125.0,0.0,18.0,20.0,24.0,12.0
1771501854.964985,92.0,126.0,0.0,18.0,20.0,24.0,11.0
1771501854.9962127,93.0,129.0,0.0,18.0,20.0,23.0,11.0
1771501855.0302117,93.0,128.0,0.0,17.0,19.0,24.0,12.0
1771501855.0612028,93.0,130.0,0.0,16.0,19.0,23.0,12.0
1771501855.0948951,93.0,129.0,0.0,14.0,18.0,23.0,11.0
1771501855.1278963,93.0,130.0,0.0,14.0,16.0,21.0,10.0
1771501855.156895,92.0,130.0,0.0,11.0,15.0,21.0,10.0
1771501855.1894329,93.0,132.0,0.0,11.0,14.0,19.0,8.0
1771501855.2204294,92.0,130.0,0.0,8.0,13.0,18.0,8.0
1771501855.2534294,92.0,131.0,0.0,8.0,13.0,19.0,9.0
1771501855.2849674,92.0,130.0,0.0,7.0,12.0,19.0,9.0
1771501855.3369436,91.0,129.0,0.0,7.0,12.0,18.0,8.0
1771501855.3704746,92.0,128.0,0.0,6.0,12.0,19.0,8.0
1771501855.400995,94.0,132.0,0.0,9.0,13.0,21.0,10.0
1771501855.4330037,94.0,131.0,0.0,10.0,14.0,22.0,11.0
1771501855.465995,93.0,130.0,0.0,8.0,13.0,21.0,10.0
1771501855.4965384,95.0,134.0,0.0,11.0,14.0,23.0,12.0
1771501855.5275254,95.0,132.0,0.0,11.0,13.0,22.0,13.0
1771501855.5595262,95.0,130.0,0.0,8.0,9.0,20.0,13.0
1771501855.590036,95.0,129.0,0.0,6.0,7.0,20.0,12.0
1771501855.6220405,97.0,128.0,0.0,3.0,8.0,21.0,13.0
1771501855.6530359,97.0,128.0,0.0,5.0,9.0,21.0,14.0
1771501855.687549,97.0,125.0,0.0,4.0,9.0,21.0,14.0
1771501855.718549,96.0,123.0,0.0,0.0,7.0,19.0,14.0
1771501855.7665544,96.0,123.0,0.0,0.0,7.0,19.0,14.0
1771501855.7970626,96.0,126.0,0.0,1.0,8.0,21.0,14.0
1771501855.8290632,96.0,125.0,0.0,1.0,8.0,21.0,14.0
1771501855.8605096,97.0,123.0,0.0,0.0,7.0,21.0,15.0
1771501855.8920515,97.0,124.0,0.0,0.0,6.0,20.0,15.0
1771501855.9250517,97.0,126.0,0.0,0.0,8.0,21.0,15.0
1771501855.9580572,96.0,125.0,0.0,0.0,8.0,21.0,14.0
1771501855.9902394,96.0,124.0,0.0,0.0,7.0,21.0,15.0
1771501856.02124,97.0,124.0,0.0,0.0,7.0,21.0,16.0
1771501856.0552325,96.0,123.0,0.0,0.0,6.0,21.0,16.0
1771501856.0867453,96.0,120.0,0.0,0.0,4.0,19.0,16.0
1771501856.1183782,95.0,119.0,0.0,0.0,4.0,18.0,15.0
1771501856.1489413,96.0,124.0,0.0,1.0,10.0,23.0,15.0
1771501856.2304804,97.0,125.0,0.0,0.0,10.0,24.0,17.0
1771501856.26048,96.0,124.0,0.0,0.0,10.0,24.0,16.0
1771501856.2910726,96.0,124.0,0.0,1.0,10.0,24.0,16.0
1771501856.3220696,97.0,124.0,0.0,0.0,10.0,24.0,18.0
1771501856.35507,96.0,119.0,0.0,0.0,4.0,20.0,18.0
1771501856.387605,96.0,121.0,0.0,0.0,8.0,22.0,18.0
1771501856.4185982,96.0,123.0,0.0,0.0,7.0,23.0,18.0
1771501856.4496005,96.0,126.0,0.0,2.0,11.0,25.0,18.0
1771501856.4806018,96.0,130.0,0.0,4.0,11.0,23.0,17.0
1771501856.511112,95.0,131.0,0.0,1.0,11.0,22.0,20.0
1771501856.5424466,98.0,136.0,0.0,13.0,21.0,32.0,31.0
1771501856.5723069,98.0,120.0,35.0,12.0,31.0,45.0,46.0
1771501856.633343,79.0,119.0,100.0,17.0,18.0,32.0,27.0
1771501856.66634,75.0,123.0,100.0,28.0,24.0,35.0,30.0
1771501856.6978698,74.0,123.0,100.0,30.0,24.0,36.0,29.0
1771501856.72816,73.0,129.0,100.0,39.0,27.0,39.0,26.0
1771501856.7601922,74.0,121.0,100.0,37.0,43.0,61.0,38.0
1771501856.7915452,73.0,114.0,100.0,45.0,57.0,76.0,57.0
1771501856.8225448,73.0,116.0,100.0,71.0,66.0,92.0,70.0
1771501856.8545647,82.0,111.0,100.0,81.0,80.0,106.0,86.0
1771501856.8860772,91.0,114.0,100.0,104.0,86.0,109.0,100.0
1771501856.9170768,90.0,110.0,100.0,103.0,85.0,109.0,100.0
1771501856.9490836,88.0,108.0,100.0,103.0,84.0,107.0,100.0
1771501856.982091,86.0,107.0,100.0,103.0,84.0,106.0,100.0
1771501857.0135994,83.0,105.0,100.0,105.0,84.0,107.0,100.0
1771501857.0622697,80.0,105.0,51.0,105.0,86.0,110.0,100.0
1771501857.0958183,77.0,104.0,27.0,106.0,88.0,110.0,100.0
1771501857.1198223,76.0,103.0,17.0,106.0,89.0,110.0,100.0
1771501857.1491706,76.0,103.0,3.0,108.0,90.0,110.0,100.0
1771501857.1814268,78.0,103.0,17.0,108.0,89.0,110.0,100.0
1771501857.2126734,77.0,104.0,20.0,106.0,89.0,110.0,100.0
1771501857.2456734,76.0,104.0,28.0,105.0,88.0,110.0,100.0
1771501857.2766893,76.0,104.0,42.0,105.0,87.0,110.0,100.0
1771501857.3082757,77.0,104.0,36.0,105.0,87.0,110.0,100.0
1771501857.3402758,77.0,104.0,38.0,106.0,87.0,110.0,100.0
1771501857.370296,77.0,104.0,38.0,105.0,87.0,110.0,100.0
1771501857.4128082,77.0,104.0,38.0,105.0,87.0,110.0,100.0
1771501857.4451678,77.0,103.0,40.0,105.0,86.0,110.0,100.0
1771501857.4966893,77.0,103.0,37.0,104.0,86.0,110.0,100.0
1771501857.5276892,79.0,104.0,45.0,105.0,85.0,109.0,100.0
1771501857.5586894,78.0,103.0,42.0,105.0,86.0,110.0,100.0
1771501857.5892115,79.0,103.0,43.0,105.0,86.0,110.0,100.0
1771501857.6222138,76.0,103.0,37.0,105.0,87.0,110.0,100.0
1771501857.653214,72.0,102.0,48.0,105.0,89.0,110.0,99.0
1771501857.6847405,73.0,104.0,50.0,106.0,88.0,110.0,98.0
1771501857.7157352,73.0,104.0,61.0,105.0,87.0,110.0,93.0
1771501857.746736,74.0,105.0,62.0,99.0,85.0,107.0,81.0
1771501857.776746,70.0,103.0,86.0,74.0,69.0,82.0,62.0
1771501857.814257,76.0,109.0,100.0,24.0,23.0,32.0,29.0
1771501857.8452508,86.0,119.0,100.0,31.0,21.0,33.0,27.0
1771501857.8772516,93.0,130.0,0.0,32.0,24.0,32.0,21.0
1771501857.9267876,91.0,127.0,0.0,21.0,21.0,28.0,14.0
1771501857.9819055,93.0,129.0,0.0,18.0,21.0,25.0,14.0
1771501858.0132537,94.0,131.0,0.0,17.0,19.0,23.0,12.0
1771501858.0442452,96.0,134.0,0.0,19.0,20.0,25.0,14.0
1771501858.077249,96.0,133.0,0.0,16.0,19.0,25.0,13.0
1771501858.1085453,97.0,132.0,0.0,17.0,19.0,26.0,14.0
1771501858.1380873,97.0,130.0,0.0,16.0,18.0,27.0,14.0
1771501858.1708958,98.0,130.0,0.0,17.0,19.0,27.0,15.0
1771501858.200409,98.0,129.0,0.0,15.0,17.0,25.0,15.0
1771501858.23141,98.0,129.0,0.0,11.0,14.0,21.0,13.0
1771501858.2634552,97.0,128.0,0.0,12.0,15.0,23.0,13.0
1771501858.2961676,97.0,127.0,0.0,11.0,13.0,21.0,12.0
1771501858.3271549,96.0,126.0,0.0,9.0,12.0,21.0,12.0
1771501858.3591547,95.0,125.0,0.0,11.0,13.0,21.0,12.0
1771501858.3916667,96.0,128.0,0.0,12.0,15.0,23.0,13.0
1771501858.4226723,96.0,127.0,0.0,10.0,13.0,21.0,12.0
1771501858.4546678,96.0,126.0,0.0,12.0,15.0,23.0,13.0
1771501858.487179,95.0,125.0,0.0,11.0,14.0,22.0,12.0
1771501858.5181851,95.0,125.0,0.0,11.0,14.0,22.0,13.0
1771501858.5491848,95.0,126.0,0.0,11.0,14.0,22.0,12.0
1771501858.5811832,95.0,126.0,0.0,12.0,15.0,24.0,13.0
1771501858.6127477,95.0,126.0,0.0,11.0,16.0,25.0,13.0
1771501858.644557,96.0,128.0,0.0,15.0,19.0,25.0,13.0
1771501858.6776,95.0,129.0,0.0,16.0,20.0,23.0,13.0
1771501858.709115,93.0,129.0,0.0,13.0,15.0,19.0,11.0
1771501858.741113,92.0,123.0,0.0,14.0,18.0,29.0,19.0
1771501858.790681,96.0,126.0,0.0,20.0,33.0,53.0,42.0
1771501858.8216765,90.0,128.0,88.0,23.0,26.0,48.0,39.0
1771501858.8476756,89.0,127.0,82.0,21.0,27.0,47.0,37.0
1771501858.878682,87.0,131.0,100.0,20.0,22.0,46.0,40.0
1771501858.9091995,87.0,137.0,100.0,22.0,29.0,55.0,47.0
1771501858.9412704,77.0,127.0,69.0,13.0,37.0,60.0,41.0
1771501858.9725654,77.0,123.0,100.0,18.0,40.0,65.0,47.0
1771501859.013084,74.0,115.0,66.0,30.0,54.0,77.0,56.0
1771501859.0451658,71.0,114.0,67.0,40.0,59.0,81.0,57.0
1771501859.078624,68.0,109.0,80.0,51.0,60.0,81.0,57.0
1771501859.118155,67.0,108.0,54.0,64.0,65.0,87.0,59.0
1771501859.1447828,68.0,110.0,83.0,72.0,73.0,95.0,67.0
1771501859.1767411,69.0,110.0,100.0,80.0,78.0,100.0,73.0
1771501859.2242525,72.0,109.0,61.0,89.0,82.0,106.0,79.0
1771501859.2552516,72.0,109.0,59.0,97.0,84.0,110.0,84.0
1771501859.2867775,70.0,108.0,51.0,98.0,84.0,110.0,81.0
1771501859.348305,77.0,108.0,70.0,107.0,88.0,110.0,93.0
1771501859.3803282,77.0,102.0,53.0,104.0,89.0,110.0,94.0
1771501859.411839,76.0,102.0,77.0,101.0,88.0,110.0,95.0
1771501859.4438438,81.0,104.0,100.0,104.0,86.0,110.0,100.0
1771501859.4764698,82.0,105.0,100.0,108.0,88.0,110.0,100.0
1771501859.506978,83.0,104.0,100.0,108.0,87.0,110.0,100.0
1771501859.538978,81.0,104.0,98.0,108.0,88.0,110.0,100.0
1771501859.5700216,81.0,102.0,82.0,109.0,87.0,110.0,100.0
1771501859.6015534,77.0,101.0,48.0,108.0,87.0,110.0,99.0
1771501859.6344955,76.0,101.0,45.0,105.0,86.0,110.0,99.0
1771501859.664494,77.0,101.0,57.0,106.0,86.0,110.0,100.0
1771501859.696146,76.0,102.0,49.0,106.0,86.0,110.0,100.0
1771501859.7271109,76.0,101.0,51.0,106.0,86.0,110.0,100.0
1771501859.7581074,75.0,100.0,48.0,107.0,87.0,110.0,99.0
1771501859.7895503,75.0,101.0,47.0,107.0,87.0,110.0,100.0
1771501859.8205636,75.0,100.0,46.0,108.0,87.0,110.0,99.0
1771501859.8525631,75.0,101.0,52.0,108.0,87.0,110.0,100.0
1771501859.8838522,75.0,100.0,47.0,108.0,87.0,110.0,99.0
1771501859.9158673,75.0,100.0,39.0,108.0,87.0,110.0,99.0
1771501859.9468663,75.0,101.0,42.0,107.0,87.0,110.0,99.0
1771501859.9774103,74.0,100.0,40.0,107.0,87.0,110.0,95.0
1771501860.0094876,72.0,100.0,56.0,101.0,84.0,110.0,86.0
1771501860.0405235,66.0,96.0,36.0,84.0,64.0,80.0,61.0
1771501860.0865543,61.0,92.0,100.0,36.0,34.0,41.0,33.0
1771501860.1205554,59.0,95.0,88.0,31.0,32.0,40.0,29.0
1771501860.149041,68.0,98.0,100.0,6.0,8.0,20.0,17.0
1771501860.1816928,75.0,108.0,100.0,11.0,5.0,16.0,13.0
1771501860.2152202,88.0,121.0,0.0,21.0,16.0,21.0,10.0
1771501860.2452264,91.0,128.0,0.0,19.0,19.0,21.0,10.0
1771501860.2772255,93.0,132.0,0.0,18.0,20.0,22.0,10.0
1771501860.3086565,93.0,131.0,0.0,14.0,17.0,22.0,11.0
1771501860.341664,92.0,132.0,0.0,12.0,12.0,17.0,9.0
1771501860.3726707,95.0,136.0,0.0,15.0,15.0,20.0,10.0
1771501860.4052072,98.0,137.0,0.0,17.0,17.0,24.0,13.0
1771501860.4373105,96.0,133.0,0.0,15.0,15.0,22.0,12.0
1771501860.469304,96.0,132.0,0.0,16.0,17.0,22.0,12.0
1771501860.5204186,95.0,127.0,0.0,14.0,15.0,21.0,13.0
1771501860.5404508,95.0,128.0,0.0,17.0,17.0,24.0,15.0
1771501860.5724669,93.0,124.0,0.0,11.0,13.0,18.0,12.0
1771501860.6141033,94.0,127.0,0.0,13.0,15.0,20.0,12.0
1771501860.6460397,94.0,127.0,0.0,14.0,16.0,22.0,13.0
1771501860.6771066,93.0,124.0,0.0,13.0,14.0,21.0,13.0
1771501860.7105434,92.0,124.0,0.0,12.0,13.0,19.0,11.0
1771501860.7425506,93.0,124.0,0.0,13.0,14.0,21.0,13.0
1771501860.7745957,94.0,125.0,0.0,12.0,13.0,20.0,12.0
1771501860.8061452,94.0,126.0,0.0,14.0,15.0,21.0,13.0
1771501860.8379054,94.0,127.0,0.0,14.0,16.0,23.0,14.0
1771501860.868955,94.0,126.0,0.0,13.0,16.0,23.0,14.0
1771501860.9165509,95.0,129.0,0.0,15.0,16.0,22.0,13.0
1771501860.954548,93.0,127.0,0.0,11.0,14.0,21.0,13.0
1771501860.979594,93.0,129.0,0.0,12.0,14.0,21.0,13.0
1771501861.0131977,94.0,133.0,0.0,13.0,14.0,19.0,11.0
1771501861.045184,92.0,132.0,0.0,9.0,11.0,15.0,10.0
1771501861.0772388,90.0,131.0,0.0,5.0,9.0,13.0,8.0
1771501861.1088185,93.0,132.0,0.0,7.0,12.0,18.0,14.0
1771501861.1426444,95.0,133.0,0.0,10.0,15.0,23.0,17.0
1771501861.1735241,95.0,128.0,0.0,11.0,22.0,37.0,30.0
1771501861.2060213,90.0,130.0,31.0,10.0,22.0,38.0,36.0
1771501861.2370222,87.0,131.0,86.0,8.0,17.0,38.0,37.0
1771501861.2700355,85.0,138.0,100.0,9.0,14.0,40.0,40.0
1771501861.3005524,83.0,139.0,100.0,9.0,18.0,47.0,48.0
1771501861.3487086,84.0,138.0,100.0,18.0,34.0,65.0,55.0
1771501861.382641,82.0,128.0,100.0,20.0,44.0,73.0,61.0
1771501861.4136763,79.0,119.0,86.0,20.0,47.0,74.0,59.0
1771501861.4461703,75.0,115.0,7.0,25.0,49.0,78.0,58.0
1771501861.4781952,75.0,114.0,14.0,44.0,55.0,81.0,59.0
1771501861.5087297,74.0,110.0,0.0,56.0,62.0,86.0,62.0
1771501861.540752,74.0,109.0,7.0,61.0,70.0,94.0,70.0
1771501861.5727563,73.0,112.0,47.0,65.0,74.0,97.0,73.0
1771501861.606446,74.0,115.0,79.0,76.0,82.0,106.0,80.0
1771501861.639125,75.0,114.0,90.0,88.0,83.0,109.0,81.0
1771501861.6701257,76.0,114.0,95.0,93.0,86.0,110.0,85.0
1771501861.7016377,76.0,110.0,99.0,95.0,89.0,110.0,84.0
1771501861.733637,77.0,109.0,100.0,96.0,90.0,110.0,87.0
1771501861.7822027,80.0,111.0,100.0,103.0,90.0,110.0,94.0
1771501861.8157194,81.0,111.0,100.0,108.0,88.0,110.0,99.0
1771501861.846722,81.0,111.0,100.0,107.0,87.0,109.0,100.0
1771501861.8767354,81.0,109.0,100.0,106.0,88.0,110.0,99.0
1771501861.9091108,83.0,107.0,100.0,108.0,87.0,109.0,100.0
1771501861.9411077,85.0,107.0,100.0,107.0,86.0,106.0,100.0
1771501861.9731417,86.0,106.0,100.0,108.0,85.0,105.0,100.0
1771501862.0046566,86.0,106.0,100.0,108.0,85.0,105.0,100.0
1771501862.041657,87.0,107.0,100.0,108.0,84.0,104.0,100.0
1771501862.0799818,85.0,106.0,100.0,107.0,85.0,106.0,100.0
1771501862.1125166,86.0,107.0,100.0,108.0,85.0,106.0,100.0
1771501862.1455164,87.0,107.0,100.0,108.0,84.0,105.0,100.0
1771501862.1795266,86.0,106.0,100.0,109.0,86.0,105.0,100.0
1771501862.2130437,85.0,105.0,100.0,109.0,86.0,106.0,100.0
1771501862.2490544,84.0,105.0,100.0,108.0,87.0,109.0,100.0
1771501862.2770667,84.0,105.0,100.0,108.0,87.0,109.0,100.0
1771501862.3102036,84.0,105.0,100.0,107.0,87.0,109.0,100.0
1771501862.3422027,77.0,103.0,100.0,104.0,90.0,110.0,87.0
1771501862.374207,74.0,102.0,100.0,90.0,81.0,98.0,69.0
1771501862.404734,73.0,115.0,100.0,51.0,56.0,65.0,46.0
1771501862.4372547,67.0,106.0,100.0,33.0,36.0,42.0,32.0
1771501862.4712527,73.0,113.0,100.0,18.0,18.0,26.0,22.0
1771501862.5047789,80.0,118.0,100.0,17.0,14.0,28.0,26.0
1771501862.5366936,85.0,124.0,100.0,25.0,18.0,34.0,28.0
1771501862.5676928,89.0,124.0,100.0,34.0,23.0,37.0,25.0
1771501862.5992334,87.0,119.0,100.0,23.0,19.0,27.0,18.0
1771501862.6452334,88.0,121.0,73.0,19.0,18.0,25.0,15.0
1771501862.6812696,89.0,123.0,0.0,12.0,17.0,21.0,10.0
1771501862.7089007,93.0,130.0,0.0,16.0,20.0,23.0,13.0
1771501862.7419183,91.0,131.0,0.0,9.0,13.0,21.0,13.0
1771501862.7740064,93.0,131.0,0.0,4.0,12.0,24.0,16.0
1771501862.8066094,95.0,131.0,0.0,9.0,16.0,27.0,17.0
1771501862.8366034,96.0,129.0,0.0,8.0,20.0,28.0,18.0
1771501862.8697996,98.0,132.0,0.0,11.0,23.0,30.0,18.0
1771501862.904102,96.0,129.0,0.0,8.0,20.0,28.0,18.0
1771501862.9331014,96.0,127.0,0.0,9.0,21.0,30.0,19.0
1771501862.9647877,97.0,128.0,0.0,8.0,20.0,30.0,19.0
1771501862.997082,97.0,130.0,0.0,6.0,19.0,29.0,19.0
1771501863.0310888,98.0,130.0,0.0,10.0,22.0,31.0,21.0
1771501863.0781596,99.0,133.0,0.0,12.0,22.0,33.0,21.0
1771501863.1107852,99.0,134.0,0.0,14.0,24.0,35.0,21.0
1771501863.1439745,99.0,132.0,0.0,9.0,22.0,33.0,21.0
1771501863.1733394,98.0,133.0,0.0,9.0,20.0,31.0,19.0
1771501863.2048192,97.0,130.0,0.0,8.0,19.0,31.0,19.0
1771501863.236818,98.0,132.0,0.0,9.0,21.0,31.0,19.0
1771501863.269244,100.0,135.0,0.0,10.0,20.0,32.0,20.0
1771501863.3010812,100.0,136.0,0.0,12.0,21.0,33.0,20.0
1771501863.3361433,99.0,135.0,0.0,13.0,20.0,30.0,18.0
1771501863.3660796,99.0,136.0,0.0,14.0,18.0,28.0,17.0
1771501863.3967273,97.0,137.0,0.0,13.0,15.0,22.0,13.0
1771501863.4375732,96.0,135.0,0.0,13.0,15.0,22.0,15.0
1771501863.469582,94.0,129.0,0.0,9.0,17.0,29.0,24.0
1771501863.509105,94.0,127.0,0.0,18.0,26.0,48.0,44.0
1771501863.5441122,91.0,130.0,0.0,21.0,25.0,56.0,49.0
1771501863.5730581,90.0,130.0,0.0,23.0,31.0,67.0,55.0
1771501863.604584,91.0,130.0,0.0,33.0,52.0,85.0,68.0
1771501863.6385953,86.0,121.0,0.0,33.0,55.0,85.0,75.0
1771501863.6685889,79.0,114.0,0.0,32.0,58.0,85.0,69.0
1771501863.7011049,76.0,113.0,0.0,28.0,58.0,86.0,69.0
1771501863.7331042,75.0,115.0,0.0,38.0,59.0,90.0,74.0
1771501863.7681057,71.0,111.0,0.0,42.0,58.0,86.0,67.0
1771501863.8014553,70.0,109.0,0.0,50.0,64.0,89.0,67.0
1771501863.8314493,68.0,110.0,8.0,52.0,66.0,89.0,65.0
1771501863.8624468,69.0,111.0,32.0,62.0,70.0,93.0,68.0
1771501863.892969,70.0,112.0,45.0,79.0,78.0,102.0,75.0
1771501863.9409673,72.0,112.0,60.0,87.0,83.0,107.0,81.0
1771501863.977984,74.0,112.0,66.0,89.0,84.0,110.0,87.0
1771501864.006524,75.0,112.0,80.0,94.0,87.0,110.0,90.0
1771501864.036515,74.0,110.0,41.0,104.0,88.0,110.0,94.0
1771501864.0695155,77.0,108.0,45.0,105.0,88.0,110.0,99.0
1771501864.1014035,78.0,105.0,59.0,106.0,88.0,110.0,100.0
1771501864.134811,80.0,108.0,73.0,106.0,85.0,109.0,100.0
1771501864.1659415,80.0,108.0,86.0,106.0,85.0,109.0,100.0
1771501864.2003098,79.0,108.0,85.0,106.0,87.0,110.0,100.0
1771501864.2283206,80.0,109.0,90.0,107.0,86.0,109.0,100.0
1771501864.2623086,77.0,108.0,82.0,106.0,86.0,110.0,100.0
1771501864.2936406,79.0,109.0,87.0,105.0,85.0,109.0,100.0
1771501864.3246436,78.0,108.0,82.0,107.0,87.0,110.0,100.0
1771501864.3727343,76.0,107.0,72.0,104.0,87.0,110.0,100.0
1771501864.409264,77.0,107.0,81.0,105.0,87.0,110.0,100.0
1771501864.4422648,77.0,107.0,82.0,106.0,87.0,110.0,100.0
1771501864.472675,77.0,108.0,75.0,105.0,87.0,110.0,100.0
1771501864.5041811,76.0,108.0,75.0,105.0,87.0,110.0,100.0
1771501864.5361843,75.0,106.0,72.0,105.0,88.0,110.0,99.0
1771501864.5671842,75.0,107.0,88.0,105.0,88.0,110.0,98.0
1771501864.5977294,75.0,106.0,94.0,99.0,89.0,110.0,90.0
1771501864.6307201,71.0,107.0,56.0,82.0,80.0,106.0,79.0
1771501864.6607175,67.0,108.0,38.0,63.0,66.0,83.0,52.0
1771501864.6922326,68.0,111.0,64.0,45.0,48.0,62.0,39.0
1771501864.7262318,67.0,108.0,100.0,23.0,32.0,44.0,29.0
1771501864.7572322,78.0,116.0,100.0,15.0,17.0,27.0,22.0
1771501864.805407,85.0,113.0,100.0,19.0,20.0,28.0,21.0
1771501864.842416,91.0,116.0,38.0,20.0,23.0,29.0,17.0
1771501864.8704047,92.0,121.0,0.0,17.0,18.0,20.0,11.0
1771501864.9009142,92.0,124.0,0.0,13.0,13.0,16.0,8.0
1771501864.932587,95.0,127.0,0.0,14.0,15.0,18.0,9.0
1771501864.9645872,95.0,126.0,0.0,13.0,15.0,20.0,11.0
1771501864.9962485,95.0,124.0,0.0,11.0,14.0,24.0,14.0
1771501865.02925,99.0,128.0,0.0,14.0,18.0,27.0,17.0
1771501865.0622578,100.0,124.0,0.0,2.0,18.0,29.0,19.0
1771501865.0937784,101.0,124.0,0.0,0.0,15.0,26.0,21.0
1771501865.1247644,102.0,125.0,0.0,0.0,16.0,26.0,21.0
1771501865.1582398,103.0,126.0,0.0,0.0,10.0,21.0,21.0
1771501865.1887732,103.0,128.0,0.0,0.0,12.0,23.0,18.0
1771501865.236773,101.0,124.0,0.0,0.0,8.0,20.0,18.0
1771501865.2741666,102.0,127.0,0.0,0.0,12.0,24.0,20.0
1771501865.3043375,102.0,126.0,0.0,0.0,12.0,23.0,19.0
1771501865.3363364,101.0,128.0,0.0,0.0,15.0,27.0,18.0
1771501865.3683376,103.0,127.0,0.0,0.0,11.0,22.0,19.0
1771501865.3989174,102.0,128.0,0.0,0.0,12.0,23.0,18.0
1771501865.4309165,102.0,126.0,0.0,0.0,11.0,22.0,19.0
1771501865.4619339,101.0,127.0,0.0,0.0,13.0,24.0,18.0
1771501865.4944458,100.0,128.0,0.0,0.0,13.0,23.0,17.0
1771501865.5284452,101.0,127.0,0.0,0.0,13.0,23.0,17.0
1771501865.558447,100.0,129.0,0.0,0.0,14.0,22.0,15.0
1771501865.5889657,99.0,129.0,0.0,7.0,16.0,22.0,13.0
1771501865.6209648,96.0,128.0,0.0,10.0,14.0,20.0,11.0
1771501865.6687996,94.0,126.0,0.0,9.0,12.0,17.0,8.0
1771501865.7054605,95.0,129.0,0.0,10.0,14.0,18.0,11.0
1771501865.7334356,90.0,120.0,0.0,8.0,14.0,28.0,22.0
1771501865.7664964,92.0,117.0,0.0,13.0,21.0,42.0,33.0
1771501865.7981415,91.0,121.0,0.0,18.0,29.0,51.0,40.0
1771501865.8291357,90.0,130.0,0.0,21.0,24.0,56.0,48.0
1771501865.8621342,88.0,130.0,0.0,22.0,33.0,68.0,52.0
1771501865.894753,81.0,118.0,0.0,14.0,44.0,74.0,60.0
1771501865.9267502,76.0,115.0,41.0,12.0,39.0,68.0,60.0
1771501865.9587696,72.0,110.0,56.0,9.0,38.0,67.0,55.0
1771501865.9903553,68.0,107.0,43.0,6.0,40.0,64.0,47.0
1771501866.022368,68.0,109.0,62.0,9.0,39.0,63.0,46.0
1771501866.0533504,69.0,106.0,31.0,16.0,44.0,68.0,51.0
1771501866.100945,68.0,103.0,10.0,17.0,47.0,71.0,52.0
1771501866.1635535,68.0,102.0,0.0,21.0,49.0,73.0,53.0
1771501866.194256,67.0,103.0,0.0,27.0,54.0,76.0,55.0
1771501866.2251859,66.0,103.0,0.0,38.0,56.0,78.0,57.0
1771501866.2562482,65.0,105.0,0.0,41.0,58.0,80.0,59.0
1771501866.2882292,66.0,107.0,0.0,43.0,61.0,85.0,63.0
1771501866.3194032,66.0,106.0,0.0,47.0,63.0,88.0,66.0
1771501866.3524036,67.0,107.0,1.0,57.0,67.0,93.0,71.0
1771501866.3814092,67.0,109.0,14.0,63.0,69.0,96.0,73.0
1771501866.412916,67.0,109.0,12.0,69.0,73.0,105.0,79.0
1771501866.443917,70.0,111.0,7.0,75.0,77.0,110.0,86.0
1771501866.4749677,73.0,110.0,1.0,84.0,84.0,110.0,92.0
1771501866.5064385,74.0,110.0,0.0,92.0,87.0,110.0,99.0
1771501866.538256,78.0,111.0,0.0,100.0,89.0,108.0,100.0
1771501866.569661,81.0,111.0,0.0,105.0,86.0,104.0,100.0
1771501866.600207,81.0,109.0,0.0,109.0,86.0,104.0,100.0
1771501866.6322148,80.0,108.0,0.0,108.0,87.0,106.0,100.0
1771501866.6632283,80.0,107.0,0.0,109.0,88.0,105.0,100.0
1771501866.6940205,80.0,107.0,0.0,110.0,87.0,104.0,100.0
1771501866.7260168,79.0,106.0,0.0,109.0,88.0,105.0,100.0
1771501866.7570274,80.0,107.0,0.0,109.0,87.0,105.0,100.0
1771501866.789844,80.0,108.0,0.0,110.0,86.0,104.0,100.0
1771501866.8206875,81.0,108.0,0.0,110.0,86.0,103.0,100.0
1771501866.8555226,81.0,108.0,0.0,110.0,86.0,103.0,100.0
1771501866.8858275,80.0,107.0,0.0,110.0,86.0,104.0,100.0
1771501866.937293,80.0,107.0,0.0,110.0,87.0,105.0,100.0
1771501866.967157,81.0,107.0,0.0,110.0,86.0,104.0,100.0
1771501866.9998708,79.0,107.0,0.0,109.0,87.0,106.0,100.0
1771501867.028632,80.0,107.0,0.0,110.0,87.0,106.0,100.0
1771501867.062262,79.0,107.0,0.0,109.0,88.0,108.0,100.0
1771501867.09403,73.0,108.0,0.0,91.0,85.0,110.0,84.0
1771501867.1260877,64.0,101.0,2.0,72.0,68.0,84.0,59.0
1771501867.1572626,67.0,103.0,0.0,54.0,53.0,65.0,40.0
1771501867.188419,65.0,107.0,64.0,49.0,44.0,53.0,32.0
1771501867.2225738,66.0,112.0,100.0,39.0,36.0,45.0,26.0
1771501867.2555408,69.0,110.0,100.0,26.0,23.0,30.0,19.0
1771501867.2855895,74.0,112.0,100.0,21.0,16.0,26.0,21.0
1771501867.3186948,78.0,111.0,100.0,13.0,10.0,23.0,22.0
1771501867.364697,81.0,115.0,100.0,19.0,12.0,24.0,20.0
1771501867.3990874,86.0,118.0,100.0,26.0,17.0,25.0,17.0
1771501867.433531,87.0,120.0,44.0,21.0,15.0,23.0,14.0
1771501867.4617796,89.0,123.0,0.0,16.0,15.0,22.0,12.0
1771501867.4945886,89.0,122.0,0.0,9.0,15.0,20.0,10.0
1771501867.5343866,91.0,124.0,0.0,8.0,15.0,20.0,9.0
1771501867.5674355,91.0,127.0,0.0,6.0,13.0,19.0,8.0
1771501867.5983243,96.0,136.0,0.0,11.0,16.0,25.0,13.0
1771501867.6290863,98.0,136.0,0.0,9.0,16.0,28.0,16.0
1771501867.661217,98.0,134.0,0.0,7.0,16.0,29.0,17.0
1771501867.6927085,100.0,133.0,0.0,2.0,18.0,31.0,21.0
1771501867.723705,101.0,134.0,0.0,3.0,18.0,31.0,22.0
1771501867.7547078,102.0,134.0,0.0,3.0,18.0,30.0,21.0
1771501867.8309534,102.0,134.0,0.0,0.0,13.0,27.0,21.0
1771501867.862956,102.0,134.0,0.0,0.0,16.0,29.0,20.0
1771501867.8945363,101.0,134.0,0.0,3.0,17.0,29.0,19.0
1771501867.926542,101.0,133.0,0.0,3.0,17.0,30.0,20.0
1771501867.960287,102.0,134.0,0.0,3.0,19.0,32.0,21.0
1771501867.9913292,103.0,135.0,0.0,3.0,17.0,30.0,22.0
1771501868.0218635,103.0,136.0,0.0,5.0,20.0,32.0,21.0
1771501868.0528631,101.0,132.0,0.0,3.0,19.0,31.0,21.0
1771501868.0849366,102.0,137.0,0.0,7.0,19.0,31.0,20.0
1771501868.1145585,100.0,136.0,0.0,8.0,17.0,29.0,18.0
1771501868.14782,98.0,135.0,0.0,8.0,15.0,26.0,15.0
1771501868.1764224,99.0,139.0,0.0,8.0,13.0,25.0,15.0
1771501868.2289877,100.0,139.0,0.0,8.0,17.0,27.0,19.0
1771501868.2620034,100.0,129.0,0.0,9.0,24.0,35.0,27.0
1771501868.2858288,98.0,128.0,0.0,12.0,25.0,37.0,26.0
1771501868.316389,99.0,120.0,0.0,9.0,39.0,53.0,45.0
1771501868.3483996,94.0,131.0,0.0,24.0,43.0,59.0,47.0
1771501868.3784876,92.0,129.0,0.0,34.0,50.0,68.0,48.0
1771501868.4090967,86.0,122.0,0.0,26.0,53.0,73.0,50.0
1771501868.4420767,85.0,124.0,0.0,29.0,53.0,72.0,54.0
1771501868.472674,86.0,124.0,0.0,35.0,58.0,79.0,61.0
1771501868.507183,82.0,116.0,0.0,35.0,61.0,83.0,61.0
1771501868.5346794,79.0,114.0,0.0,38.0,65.0,84.0,64.0
1771501868.566686,77.0,112.0,0.0,46.0,66.0,85.0,66.0
1771501868.6133814,73.0,108.0,0.0,52.0,68.0,92.0,70.0
1771501868.6631489,72.0,108.0,0.0,52.0,69.0,93.0,69.0
1771501868.6958106,71.0,106.0,0.0,54.0,68.0,93.0,69.0
1771501868.7228208,71.0,106.0,0.0,54.0,69.0,93.0,68.0
1771501868.753788,70.0,106.0,0.0,56.0,69.0,92.0,70.0
1771501868.7837994,69.0,105.0,0.0,56.0,68.0,93.0,68.0
1771501868.8153017,69.0,105.0,0.0,57.0,70.0,95.0,71.0
1771501868.847301,70.0,106.0,0.0,60.0,74.0,98.0,74.0
1771501868.8918684,69.0,104.0,0.0,59.0,73.0,97.0,73.0
1771501868.9243863,70.0,106.0,0.0,64.0,77.0,101.0,77.0
1771501868.9563844,70.0,107.0,0.0,64.0,78.0,101.0,79.0
1771501868.9873967,71.0,107.0,0.0,67.0,79.0,103.0,80.0
1771501869.0187216,74.0,113.0,0.0,80.0,86.0,110.0,88.0
1771501869.049722,73.0,113.0,0.0,75.0,86.0,110.0,90.0
1771501869.0923371,72.0,113.0,0.0,80.0,85.0,110.0,90.0
1771501869.1274042,73.0,112.0,11.0,81.0,85.0,110.0,91.0
1771501869.1608026,74.0,113.0,7.0,80.0,86.0,110.0,93.0
1771501869.1929524,75.0,114.0,15.0,81.0,86.0,110.0,93.0
1771501869.2239606,75.0,115.0,9.0,85.0,86.0,110.0,95.0
1771501869.2559586,77.0,116.0,22.0,90.0,88.0,110.0,98.0
1771501869.2869751,77.0,115.0,14.0,100.0,88.0,110.0,100.0
1771501869.3174858,78.0,115.0,10.0,99.0,89.0,110.0,100.0
1771501869.350486,79.0,115.0,7.0,97.0,89.0,110.0,100.0
1771501869.380499,79.0,115.0,4.0,96.0,89.0,110.0,100.0
1771501869.4135396,78.0,116.0,8.0,94.0,89.0,110.0,100.0
1771501869.4445393,78.0,115.0,9.0,98.0,89.0,110.0,100.0
1771501869.4795618,78.0,115.0,2.0,96.0,89.0,110.0,100.0
1771501869.5260444,79.0,116.0,6.0,94.0,89.0,110.0,100.0
1771501869.5580597,79.0,115.0,4.0,99.0,89.0,110.0,100.0
1771501869.5862277,79.0,115.0,7.0,99.0,88.0,110.0,100.0
1771501869.6185722,80.0,115.0,3.0,100.0,88.0,110.0,100.0
1771501869.6495726,80.0,114.0,7.0,102.0,87.0,110.0,100.0
1771501869.679574,79.0,115.0,3.0,101.0,88.0,110.0,100.0
1771501869.7121499,80.0,115.0,10.0,103.0,88.0,110.0,100.0
1771501869.7431512,80.0,115.0,9.0,102.0,88.0,110.0,100.0
1771501869.7721577,79.0,114.0,9.0,101.0,88.0,110.0,100.0
1771501869.8178046,80.0,115.0,7.0,99.0,89.0,110.0,100.0
1771501869.8488,80.0,115.0,10.0,96.0,90.0,110.0,100.0
1771501869.8790884,79.0,115.0,3.0,91.0,90.0,110.0,100.0
1771501869.910145,80.0,115.0,6.0,100.0,90.0,110.0,100.0
1771501869.958457,79.0,115.0,6.0,96.0,90.0,110.0,100.0
1771501869.9914389,79.0,115.0,5.0,96.0,90.0,110.0,100.0
1771501870.0199838,79.0,115.0,2.0,96.0,90.0,110.0,100.0
1771501870.050989,79.0,115.0,9.0,94.0,90.0,110.0,100.0
1771501870.0839858,79.0,114.0,9.0,97.0,90.0,110.0,100.0
1771501870.1145754,78.0,114.0,11.0,93.0,90.0,110.0,100.0
1771501870.1466508,79.0,115.0,10.0,96.0,90.0,110.0,100.0
1771501870.1771758,79.0,115.0,8.0,95.0,90.0,110.0,100.0
1771501870.213666,79.0,115.0,8.0,94.0,90.0,110.0,100.0
1771501870.2466588,79.0,115.0,3.0,97.0,89.0,110.0,100.0
1771501870.278666,78.0,115.0,5.0,94.0,90.0,110.0,100.0
1771501870.308199,78.0,114.0,0.0,96.0,90.0,110.0,100.0
1771501870.3412733,78.0,115.0,8.0,96.0,90.0,110.0,100.0
1771501870.38928,79.0,115.0,0.0,97.0,90.0,110.0,100.0
1771501870.4207947,78.0,114.0,0.0,98.0,89.0,110.0,100.0
1771501870.4427955,78.0,114.0,0.0,99.0,89.0,110.0,100.0
1771501870.4733317,79.0,115.0,3.0,100.0,88.0,110.0,100.0
