t,wrist_pitch,wrist_roll,THUMB_angle,INDEX_angle,MIDDLE_angle,RING_angle,PINKY_angle
1771501680.742428,42.186580657958984,-178.91831970214844,0.0,27.98340606689453,28.017913818359375,34.5550422668457,33.991127014160156
1771501680.7724352,40.44852066040039,173.5420379638672,0.0,34.457237243652344,35.86328125,42.57350158691406,37.84687423706055
1771501680.8034272,34.164947509765625,173.62193298339844,0.0,33.57493209838867,32.1014518737793,37.37525939941406,31.644935607910156
1771501680.8350074,28.771713256835938,176.32460021972656,0.0,25.082937240600586,23.516761779785156,29.849998474121094,26.65826988220215
1771501680.8670075,-23.469594955444336,6.158891201019287,0.0,0.0,0.0,0.0,0.0
1771501680.9060137,-9.029342651367188,10.435403823852539,0.0,0.0,4.547346115112305,0.0,0.0
1771501680.934531,3.674666166305542,20.132326126098633,0.0,15.79486083984375,24.965164184570312,22.31978416442871,7.025435447692871
1771501680.9655368,-2.100146532058716,16.653167724609375,0.0,10.067891120910645,19.94182586669922,16.996583938598633,0.0
1771501680.997499,-2.5201075077056885,18.006851196289062,0.0,15.18729019165039,25.191513061523438,22.187496185302734,2.516770839691162
1771501681.0300398,1.5919138193130493,19.43423080444336,0.0,24.25751495361328,33.18585968017578,28.778528213500977,7.293465614318848
1771501681.0610464,1.5890554189682007,17.564176559448242,0.021559705957770348,25.724166870117188,35.00248718261719,30.89894676208496,10.560325622558594
1771501681.097038,5.668387413024902,18.57806968688965,0.0,30.231670379638672,38.34741973876953,33.904972076416016,13.572826385498047
1771501681.127692,5.43945837020874,18.795856475830078,0.0,28.399784088134766,37.80915451049805,32.80678176879883,11.205695152282715
1771501681.1577904,3.551170587539673,17.896686553955078,0.0,26.896570205688477,35.8144416809082,30.06665802001953,8.285537719726562
1771501681.1902728,3.378718852996826,17.642858505249023,0.0,25.955652236938477,35.17125701904297,29.01255989074707,7.468806743621826
1771501681.2213032,2.402348518371582,16.209562301635742,0.0,24.90106773376465,34.12785720825195,28.319076538085938,7.535214900970459
1771501681.2518384,1.6253105401992798,16.37798500061035,0.0,23.551992416381836,31.584781646728516,26.818538665771484,7.976471424102783
1771501681.2858343,-0.3655742406845093,16.550569534301758,0.0,21.934024810791016,30.271814346313477,26.407485961914062,8.462459564208984
1771501681.336969,1.7174181938171387,19.864904403686523,0.0,23.11351776123047,29.909423828125,27.394269943237305,9.774303436279297
1771501681.368039,5.164857387542725,20.72924041748047,0.0,25.09489631652832,33.46723556518555,31.558094024658203,13.48065185546875
1771501681.399048,2.406125545501709,16.43210220336914,0.0,22.792377471923828,33.39766311645508,32.52986145019531,14.120748519897461
1771501681.4306808,3.648261785507202,20.745737075805664,0.0,26.40414810180664,35.70292282104492,31.523765563964844,9.96886157989502
1771501681.462669,9.410088539123535,25.410917282104492,0.0,30.595129013061523,38.308536529541016,34.96210479736328,11.537008285522461
1771501681.49565,4.447919845581055,22.765230178833008,0.0,28.141637802124023,34.253841400146484,32.363101959228516,12.418575286865234
1771501681.5271676,4.022433757781982,21.001623153686523,0.0,25.387868881225586,33.160621643066406,32.376678466796875,13.44499683380127
1771501681.5571682,1.9985785484313965,17.507017135620117,0.0,23.06446075439453,30.891847610473633,30.444643020629883,11.676219940185547
1771501681.58919,-1.914980411529541,17.727231979370117,0.0,20.605836868286133,26.21219253540039,27.19272804260254,8.60729694366455
1771501681.6218708,2.990957498550415,17.249238967895508,0.0,24.427471160888672,31.490507125854492,31.592695236206055,11.743908882141113
1771501681.6544974,2.0046539306640625,13.506941795349121,0.0,25.16419792175293,35.283782958984375,32.868953704833984,10.506340026855469
1771501681.685084,2.7279305458068848,15.942525863647461,0.0,28.739103317260742,36.17536926269531,31.145963668823242,9.937297821044922
1771501681.7187572,-3.3891043663024902,16.658870697021484,0.0,23.283109664916992,28.539886474609375,24.257301330566406,6.336884498596191
1771501681.7672703,-3.6313884258270264,16.822961807250977,0.0,22.654842376708984,27.814090728759766,22.898271560668945,5.689810752868652
1771501681.797306,-2.7033467292785645,17.103914260864258,0.0,23.540973663330078,28.06169891357422,23.233991622924805,5.397120475769043
1771501681.829849,4.8256754875183105,16.728376388549805,0.0,25.809730529785156,35.12607955932617,28.936159133911133,10.48398208618164
1771501681.860812,6.0570387840271,16.47132110595703,0.0,25.55510902404785,34.1912956237793,29.38005256652832,8.951343536376953
1771501681.8937454,6.23410177230835,17.11154556274414,0.0,25.952489852905273,35.36893844604492,30.967897415161133,9.814309120178223
1771501681.9272602,5.8598504066467285,17.29669761657715,0.0,24.28354835510254,34.208736419677734,30.459577560424805,10.249399185180664
1771501681.9592655,7.344738483428955,18.471664428710938,0.0,24.961721420288086,35.125892639160156,31.716367721557617,13.161480903625488
1771501681.992735,5.733635902404785,17.72249412536621,0.0,23.571741104125977,35.00341033935547,32.04146194458008,13.236245155334473
1771501682.0237422,5.7542829513549805,17.269222259521484,0.0,24.494321823120117,34.415740966796875,30.823205947875977,11.180312156677246
1771501682.0560348,4.636960983276367,20.041542053222656,0.0,23.909170150756836,33.310638427734375,30.211181640625,9.443400382995605
1771501682.088032,8.723395347595215,19.798866271972656,0.0,27.856557846069336,39.187618255615234,35.564125061035156,16.322568893432617
1771501682.1167693,7.735261917114258,19.864694595336914,0.0,28.840208053588867,38.18827819824219,36.065303802490234,13.137399673461914
1771501682.1786582,14.587382316589355,25.533281326293945,0.0,32.282470703125,43.573570251464844,39.802005767822266,13.931695938110352
1771501682.2311983,12.62010669708252,23.002729415893555,0.0,29.315837860107422,38.30303192138672,35.869441986083984,15.875510215759277
1771501682.2552114,11.63564395904541,22.842424392700195,0.0,29.04560661315918,39.891014099121094,36.33881759643555,12.863656997680664
1771501682.2866302,8.42695426940918,19.9071044921875,0.0,25.824514389038086,37.87841796875,33.71698760986328,11.984617233276367
1771501682.3217034,8.84528923034668,21.81422996520996,0.0,27.276226043701172,36.69244384765625,31.455310821533203,9.197786331176758
1771501682.3501832,4.319333076477051,19.933162689208984,0.0,24.42375946044922,33.790794372558594,28.211240768432617,6.444110870361328
1771501682.3831851,4.760398864746094,20.04105567932129,0.0,24.286752700805664,32.48159408569336,26.698406219482422,5.716784477233887
1771501682.4131885,4.548891067504883,20.01030921936035,0.0,25.250591278076172,34.4448127746582,28.62525749206543,7.927656650543213
1771501682.444661,3.7653987407684326,19.670007705688477,0.0,23.973451614379883,33.71833801269531,28.062299728393555,7.974359512329102
1771501682.476655,6.835441589355469,20.673439025878906,0.0,27.456729888916016,36.1175651550293,30.62592124938965,8.57170581817627
1771501682.5066543,10.151694297790527,21.671192169189453,0.0,27.870159149169922,37.97184753417969,32.93681716918945,9.317264556884766
1771501682.5382524,8.853549003601074,21.865062713623047,0.0,27.206729888916016,37.49074935913086,33.6125373840332,9.92841625213623
1771501682.569221,10.262996673583984,22.336389541625977,0.0,27.939983367919922,37.15554428100586,33.39602279663086,10.11391544342041
1771501682.6339204,8.201797485351562,19.736141204833984,0.0,28.308481216430664,36.10564422607422,32.422908782958984,12.6065673828125
1771501682.6629648,12.28290843963623,22.40837287902832,0.0,31.485685348510742,37.88922119140625,34.8874626159668,12.144434928894043
1771501682.6929128,12.410359382629395,22.923648834228516,0.0,28.80742645263672,38.91718673706055,33.587135314941406,11.020251274108887
1771501682.7245352,10.506917953491211,21.944480895996094,0.0,30.63298988342285,38.40406799316406,35.08683776855469,12.439861297607422
1771501682.7572615,11.980045318603516,21.377674102783203,0.0,31.8456974029541,39.054542541503906,35.53140640258789,12.20298957824707
1771501682.7872622,11.156420707702637,21.097455978393555,0.0,30.868337631225586,39.705753326416016,35.74870300292969,11.740264892578125
1771501682.8192813,11.146405220031738,21.692405700683594,0.0,31.691287994384766,40.04117965698242,35.400882720947266,12.694770812988281
1771501682.850834,10.331055641174316,20.400442123413086,0.0,31.33688735961914,40.26892852783203,36.007144927978516,13.305200576782227
1771501682.8845837,9.714112281799316,20.276695251464844,0.0,30.580608367919922,39.18093490600586,34.47089767456055,11.661112785339355
1771501682.9125824,10.045138359069824,19.81869888305664,0.0,29.915193557739258,39.298179626464844,34.92233657836914,12.02658748626709
1771501682.9450967,11.14970874786377,19.830965042114258,0.0,29.668949127197266,39.17144012451172,34.870426177978516,12.098920822143555
1771501682.9740946,10.820930480957031,20.907737731933594,0.0,30.133350372314453,39.73405838012695,36.07765579223633,13.697593688964844
1771501683.014106,15.316845893859863,26.947860717773438,0.0,34.71290588378906,40.45792007446289,38.55622482299805,13.910466194152832
1771501683.066545,14.289335250854492,25.9397029876709,0.0,34.94856262207031,41.358642578125,39.16938781738281,15.31895637512207
1771501683.0985348,14.345181465148926,26.563371658325195,0.0,33.23506164550781,39.004085540771484,37.19117736816406,13.27428913116455
1771501683.1323507,11.108707427978516,22.41925621032715,0.0,28.47894859313965,38.79742431640625,34.292484283447266,9.613853454589844
1771501683.1614287,12.220277786254883,24.822513580322266,0.0,31.85178565979004,39.38693618774414,36.67655944824219,12.088116645812988
1771501683.1913497,13.772912979125977,24.281532287597656,0.0,32.77299499511719,42.06646728515625,38.96000671386719,13.593635559082031
1771501683.224357,14.133321762084961,23.506982803344727,0.0,32.736026763916016,42.528194427490234,39.35666275024414,13.87239933013916
1771501683.254378,13.002593040466309,22.176509857177734,0.0,30.92265510559082,41.61334991455078,37.54118347167969,12.483698844909668
1771501683.2864046,13.33996295928955,21.43614959716797,0.0,31.16947364807129,42.37710952758789,38.439918518066406,13.909148216247559
1771501683.3183868,12.052189826965332,19.417619705200195,0.0,30.56562042236328,42.28192901611328,38.620235443115234,15.191551208496094
1771501683.3490038,10.477177619934082,17.461944580078125,0.0,28.856674194335938,41.196022033691406,37.67247009277344,15.4171781539917
1771501683.3799744,10.535244941711426,17.54414939880371,0.0,28.364301681518555,40.73086166381836,37.9662971496582,15.3098783493042
1771501683.413024,9.144099235534668,16.41986656188965,0.0,26.70169448852539,39.25562286376953,37.38155746459961,15.037766456604004
1771501683.4455583,10.28726863861084,16.7447509765625,0.0,28.56182289123535,40.539215087890625,37.13518524169922,14.980108261108398
1771501683.4964857,10.947556495666504,17.436092376708984,0.0,27.95933723449707,40.022438049316406,36.955692291259766,13.610087394714355
1771501683.5374436,10.290531158447266,16.62079429626465,0.0,25.58108139038086,38.42073440551758,35.02714538574219,12.893710136413574
1771501683.5684426,8.910480499267578,16.513736724853516,0.0,27.204416275024414,39.13103103637695,36.56187438964844,13.436188697814941
1771501683.5994432,9.23485279083252,16.46744728088379,0.0,26.90557289123535,38.84678268432617,35.86747741699219,13.186873435974121
1771501683.6307216,9.370792388916016,15.940178871154785,0.0,27.178884506225586,38.94813919067383,36.151756286621094,14.181159973144531
1771501683.6597333,9.610779762268066,16.06206703186035,0.0,26.367862701416016,38.41169357299805,36.1956901550293,13.67798137664795
1771501683.691743,8.49024486541748,15.466447830200195,0.0,25.92337989807129,37.847320556640625,36.22105026245117,13.40071964263916
1771501683.7247412,7.84072732925415,15.30566692352295,0.0,25.869606018066406,37.868743896484375,35.92042922973633,13.050453186035156
1771501683.7546165,7.5895819664001465,13.681792259216309,0.0,25.72272300720215,38.081398010253906,36.01602554321289,12.902928352355957
1771501683.785832,3.9779584407806396,12.300813674926758,0.0,23.452335357666016,35.82377624511719,33.6628303527832,11.448558807373047
1771501683.8187952,7.083809852600098,14.31695556640625,0.0,25.170042037963867,38.22037887573242,36.310760498046875,13.183058738708496
1771501683.849302,3.587453842163086,12.057962417602539,0.0,22.31415367126465,35.436344146728516,33.19158935546875,12.381083488464355
1771501683.8933032,2.8322019577026367,11.68477725982666,0.0,20.595800399780273,34.03593826293945,32.37520217895508,12.194378852844238
1771501683.9263778,2.66214919090271,12.198266983032227,0.0,20.881515502929688,34.048065185546875,31.43727684020996,11.766268730163574
1771501683.959893,2.0751821994781494,11.956628799438477,0.0,20.080720901489258,33.46388244628906,31.068918228149414,11.568334579467773
1771501683.99189,2.528402328491211,12.488884925842285,0.0,21.101707458496094,33.8494987487793,31.043209075927734,11.324036598205566
1771501684.0238988,3.137030839920044,12.098182678222656,0.0,20.98415756225586,34.2332649230957,31.87846565246582,11.955235481262207
1771501684.055432,3.6609277725219727,13.117829322814941,0.0,21.585851669311523,34.3687629699707,31.843290328979492,12.086670875549316
1771501684.0874426,3.0057404041290283,12.498313903808594,0.0,20.60708999633789,33.43134307861328,31.289291381835938,11.42597484588623
1771501684.1184454,2.7833304405212402,12.680401802062988,0.0,19.678686141967773,32.70393753051758,30.669307708740234,10.794410705566406
1771501684.1509688,2.8109028339385986,12.85184097290039,0.0,20.075759887695312,33.27701187133789,31.025697708129883,11.061782836914062
1771501684.1789951,2.441298484802246,12.431153297424316,0.0,19.740367889404297,33.135135650634766,30.78601837158203,11.165451049804688
1771501684.212968,1.844039797782898,12.399795532226562,0.0,19.57624053955078,32.64512252807617,30.759361267089844,10.399039268493652
1771501684.2474377,1.8993184566497803,11.701026916503906,0.0,20.41655158996582,33.13603973388672,31.416776657104492,10.136846542358398
1771501684.2784483,1.6163008213043213,11.716727256774902,0.0,19.839120864868164,32.69404602050781,31.196962356567383,9.90958023071289
1771501684.3254647,2.0444412231445312,12.164669036865234,0.0,20.33506202697754,33.44492721557617,31.388973236083984,9.697683334350586
1771501684.3590448,1.4112368822097778,12.044960975646973,0.0,20.62786102294922,33.24833679199219,31.95023536682129,10.951393127441406
1771501684.3840628,1.5721714496612549,11.666556358337402,0.0,20.94252586364746,33.694400787353516,32.50322341918945,10.848977088928223
1771501684.4140413,2.213151693344116,12.597079277038574,0.0,20.399673461914062,33.188568115234375,31.311742782592773,10.688294410705566
1771501684.4445596,3.242863178253174,13.340631484985352,0.0,20.55725860595703,32.72118377685547,31.64536476135254,10.851587295532227
1771501684.4765604,2.6979317665100098,12.558086395263672,0.0,19.69925308227539,32.952003479003906,32.280818939208984,11.277693748474121
1771501684.507561,5.281639099121094,14.765901565551758,0.0,21.359121322631836,34.326194763183594,34.52920913696289,12.101816177368164
1771501684.538072,7.17612886428833,15.581300735473633,0.0,20.722196578979492,34.64984893798828,35.3631706237793,11.712591171264648
1771501684.5700715,7.804174423217773,16.106149673461914,0.0,22.40384864807129,36.3201789855957,36.83304977416992,12.69076919555664
1771501684.6151667,7.931573390960693,16.977792739868164,0.0,20.52683448791504,34.77833938598633,36.588382720947266,12.817017555236816
1771501684.6486528,9.61348819732666,17.39979362487793,0.0,21.503795623779297,36.34043884277344,38.636962890625,14.804551124572754
1771501684.679685,9.43722152709961,17.789670944213867,0.0,20.19017791748047,35.57339096069336,38.19582748413086,14.990650177001953
1771501684.7116718,9.58939266204834,18.270553588867188,0.0,20.76252555847168,36.008399963378906,38.45492172241211,14.833250045776367
1771501684.7587056,9.886367797851562,18.59931755065918,0.0,22.134309768676758,37.38544845581055,39.14547348022461,15.766677856445312
1771501684.792704,10.948455810546875,18.87405776977539,0.0,22.954111099243164,37.901466369628906,39.65741729736328,16.802162170410156
1771501684.8217056,10.531288146972656,18.457181930541992,0.0,22.269474029541016,37.45343017578125,39.26735305786133,16.730546951293945
1771501684.8532286,9.438803672790527,18.37013053894043,0.0,24.347379684448242,38.477725982666016,39.38684844970703,15.606228828430176
1771501684.885226,9.465325355529785,18.106904983520508,0.0,24.073135375976562,38.367454528808594,38.924217224121094,15.483036041259766
1771501684.9152298,8.18799114227295,17.06397819519043,0.0,24.43242645263672,38.41685104370117,38.41404724121094,14.615445137023926
1771501684.9472978,9.287036895751953,17.469192504882812,0.0,24.691181182861328,38.961856842041016,39.281288146972656,15.563820838928223
1771501684.9785233,8.892128944396973,16.450885772705078,0.0,25.224943161010742,39.44033432006836,39.268226623535156,15.633040428161621
1771501685.0165286,9.384913444519043,17.61521339416504,0.0,27.998260498046875,40.122161865234375,39.79624938964844,15.597616195678711
1771501685.0446153,10.575586318969727,16.872743606567383,0.0,25.78217315673828,39.31476974487305,38.14619827270508,14.202962875366211
1771501685.076802,9.165017127990723,14.936532974243164,0.0,24.57012939453125,38.89973831176758,37.79149627685547,13.9340238571167
1771501685.1088166,7.16888952255249,14.452651977539062,0.0,23.77493667602539,37.53666687011719,36.86482620239258,13.150307655334473
1771501685.1403692,5.442873001098633,13.467741012573242,0.0,22.747539520263672,36.99948501586914,36.285770416259766,12.776007652282715
1771501685.1893806,7.162592887878418,14.551729202270508,0.0,22.868383407592773,36.800628662109375,35.805477142333984,12.362083435058594
1771501685.2253952,6.839659690856934,14.308349609375,0.0,23.26517105102539,37.195587158203125,36.35371017456055,12.658491134643555
1771501685.256925,6.213061809539795,13.749252319335938,0.0,23.214075088500977,36.630977630615234,35.65178298950195,12.38088321685791
1771501685.2888823,6.34703254699707,13.956135749816895,0.0,21.344327926635742,36.01587677001953,35.61418151855469,12.035064697265625
1771501685.3208842,6.705674648284912,14.142289161682129,0.0,22.507553100585938,37.54997253417969,36.39238739013672,13.007391929626465
1771501685.3523903,6.5564656257629395,13.86812973022461,0.0,21.84079360961914,36.702945709228516,35.4389533996582,12.038445472717285
1771501685.383391,6.157676696777344,14.553991317749023,0.0,21.3791561126709,36.446231842041016,35.39470291137695,11.586078643798828
1771501685.41439,4.574410915374756,14.504021644592285,0.0,22.556596755981445,36.210025787353516,34.22198486328125,10.179224967956543
1771501685.4469078,2.6382508277893066,13.658971786499023,0.0,21.26392364501953,34.43888473510742,32.42250061035156,9.975102424621582
1771501685.4779258,1.7219330072402954,12.916665077209473,0.0,20.63032341003418,33.259666442871094,31.294954299926758,9.157740592956543
1771501685.5099342,0.5822617411613464,12.219895362854004,0.0,18.798620223999023,32.66025161743164,30.572708129882812,8.991155624389648
1771501685.5431051,-0.06855923682451248,12.578129768371582,0.0,19.22594451904297,32.002647399902344,30.008005142211914,8.484651565551758
1771501685.5731015,-1.229059100151062,12.024334907531738,0.0,18.387924194335938,31.274150848388672,29.07536506652832,8.744620323181152
1771501685.6221561,-1.560394525527954,12.358386039733887,0.0,18.230409622192383,31.19498062133789,28.82339096069336,8.508532524108887
1771501685.657628,-1.3761557340621948,12.341901779174805,0.0,17.42168617248535,30.93975830078125,28.950950622558594,8.427193641662598
1771501685.681659,-0.9979746341705322,12.43614673614502,0.0,17.82351303100586,31.100162506103516,29.592559814453125,9.004504203796387
1771501685.711626,-1.8596004247665405,12.024382591247559,0.0,17.864511489868164,30.78917121887207,29.040769577026367,9.020059585571289
1771501685.7416291,-1.8375974893569946,12.026606559753418,0.0,17.954086303710938,31.275117874145508,28.805450439453125,8.867826461791992
1771501685.7742088,-0.941406786441803,12.310906410217285,0.0,18.573240280151367,31.784156799316406,29.432096481323242,9.187409400939941
1771501685.813209,-1.7809815406799316,11.790568351745605,0.0,17.941152572631836,30.72245979309082,28.91176986694336,9.719334602355957
1771501685.8457334,-0.5975121855735779,12.693839073181152,0.0,19.421905517578125,31.4456787109375,29.664005279541016,9.951254844665527
1771501685.8806407,-1.2395625114440918,11.997568130493164,0.0,18.617631912231445,30.904399871826172,29.597599029541016,10.198721885681152
1771501685.9146543,-0.36938029527664185,12.46346378326416,0.0,20.36319351196289,32.04249572753906,30.549161911010742,10.517061233520508
1771501685.946329,-1.086092472076416,12.162919998168945,0.0,19.42178726196289,31.394445419311523,29.535423278808594,9.2155122756958
1771501685.9772959,-0.6943471431732178,11.80804443359375,0.0,19.65393829345703,31.79219627380371,29.196887969970703,9.41579532623291
1771501686.0072987,1.5587489604949951,14.037108421325684,0.0,21.53126335144043,32.8034782409668,29.803497314453125,8.688230514526367
1771501686.0528543,2.374056100845337,14.692296028137207,0.0,23.387420654296875,33.28498077392578,29.61139678955078,8.715818405151367
1771501686.0888557,2.9932355880737305,15.226597785949707,0.0,24.050168991088867,33.30048751831055,28.972747802734375,8.277327537536621
1771501686.1168785,1.023722529411316,13.63271427154541,0.0,21.29658317565918,32.15656280517578,28.539649963378906,7.15163516998291
1771501686.147409,0.13340821862220764,14.760100364685059,0.0,22.15630531311035,31.677074432373047,26.311473846435547,6.585636615753174
1771501686.1792333,-1.4536057710647583,14.052314758300781,0.0,22.116052627563477,31.306657791137695,26.43008041381836,6.2365403175354
1771501686.213705,-3.528627395629883,13.730633735656738,0.0,19.751934051513672,29.16707992553711,24.383506774902344,5.065457820892334
1771501686.2574854,-3.156283140182495,12.47736644744873,0.0,19.34007453918457,29.98053741455078,26.783042907714844,6.495854377746582
1771501686.2884836,-3.2132718563079834,12.125380516052246,0.0,18.94576072692871,29.970314025878906,26.822168350219727,6.5326104164123535
1771501686.319557,-3.1375327110290527,11.525971412658691,0.0,18.997928619384766,29.87845802307129,26.82941246032715,7.203249454498291
1771501686.3503,-4.433215618133545,11.486502647399902,0.0,18.67556381225586,29.14565086364746,25.952131271362305,7.123116493225098
1771501686.3823378,-3.3977372646331787,12.507843971252441,0.0,19.474517822265625,29.277992248535156,26.457096099853516,7.595774173736572
1771501686.413301,-3.427875280380249,12.919614791870117,0.0,18.906465530395508,28.12932586669922,24.95277976989746,5.529068470001221
1771501686.4438112,-6.73744535446167,12.046293258666992,0.0,16.846981048583984,25.23635482788086,21.922433853149414,4.578202724456787
1771501686.484814,-7.492920875549316,12.321951866149902,0.0,15.463103294372559,22.982263565063477,19.577178955078125,2.2529497146606445
1771501686.5218415,-6.044405937194824,12.439621925354004,0.0,16.45318031311035,23.484561920166016,20.053617477416992,2.7893924713134766
1771501686.5526059,-4.630276679992676,13.09516429901123,0.0,17.20752716064453,23.86961555480957,19.84084129333496,2.8676259517669678
1771501686.584694,-6.926039218902588,11.78071403503418,0.0,14.505093574523926,22.737934112548828,19.728242874145508,1.832192063331604
1771501686.6167235,-5.366818904876709,12.721385955810547,0.0,15.87629508972168,23.501773834228516,19.261642456054688,2.7273271083831787
1771501686.648235,-4.695087432861328,12.870384216308594,0.0,16.91156578063965,25.717548370361328,22.41411781311035,4.475874423980713
1771501686.681254,-2.217780828475952,14.734689712524414,0.0,19.128143310546875,28.303613662719727,24.366853713989258,5.380131244659424
1771501686.7122808,-3.6531741619110107,14.28781509399414,0.0,18.661853790283203,26.600412368774414,21.811542510986328,3.8186593055725098
1771501686.74422,-1.7939752340316772,14.833209991455078,0.0,20.227014541625977,29.0427303314209,24.684364318847656,5.112766742706299
1771501686.7728817,0.49212121963500977,16.243593215942383,0.0,22.337886810302734,31.925161361694336,28.263757705688477,7.203476905822754
1771501686.8048735,1.8254262208938599,15.659208297729492,0.0,23.61685562133789,34.1435661315918,30.476476669311523,9.218846321105957
1771501686.8364174,2.010308027267456,14.652250289916992,0.0,23.088254928588867,35.04030227661133,32.562808990478516,11.12427806854248
1771501686.8694212,3.7152912616729736,14.623272895812988,0.0,24.5352725982666,36.69778823852539,35.078495025634766,13.189547538757324
1771501686.917451,3.2651050090789795,13.68692398071289,0.0,23.967004776000977,36.57572937011719,35.003047943115234,13.36953353881836
1771501686.9530377,2.0396265983581543,13.484293937683105,0.0,23.52277183532715,35.52266311645508,33.646339416503906,12.468786239624023
1771501686.9766111,2.262037515640259,13.588860511779785,0.0,23.517940521240234,35.386512756347656,34.253055572509766,12.7243013381958
1771501687.0133977,-0.2661679983139038,13.121599197387695,0.0,22.304269790649414,33.49437713623047,32.00948715209961,11.97965145111084
1771501687.0492105,0.24365673959255219,13.54638385772705,0.0,23.18741798400879,33.988162994384766,31.697525024414062,10.700728416442871
1771501687.077945,-1.2188162803649902,12.842812538146973,0.0,22.601348876953125,32.902652740478516,30.36675453186035,9.938867568969727
1771501687.1116052,-0.4623205065727234,12.825397491455078,0.0,22.367097854614258,33.18790817260742,30.77848243713379,9.630577087402344
1771501687.1411357,-1.7208412885665894,12.246908187866211,0.0,21.709453582763672,32.38093566894531,29.718332290649414,9.256091117858887
1771501687.1760929,-1.1163791418075562,12.577323913574219,0.0,21.800392150878906,32.62542724609375,30.537700653076172,9.882485389709473
1771501687.2077744,-1.7810858488082886,12.688445091247559,0.0,21.46455192565918,32.320579528808594,30.32260513305664,9.546350479125977
1771501687.2376513,-0.6287736296653748,13.566086769104004,0.0,23.280134201049805,33.514461517333984,31.458221435546875,10.459982872009277
1771501687.2705166,0.8359802961349487,14.387788772583008,0.0,24.614957809448242,33.95477294921875,32.511878967285156,11.58718490600586
1771501687.3039849,5.227089881896973,16.507234573364258,0.0,26.82537841796875,36.851097106933594,35.64107131958008,13.783097267150879
1771501687.3523254,5.518958568572998,18.47865104675293,0.0,26.567716598510742,35.568511962890625,34.64360427856445,12.902782440185547
1771501687.384062,2.6664843559265137,16.43954086303711,0.0,24.487293243408203,33.77809143066406,33.7571907043457,13.55825138092041
1771501687.4142733,-0.3675409257411957,14.982876777648926,0.0,21.96247100830078,31.805166244506836,31.683977127075195,11.88663101196289
1771501687.4475358,-1.2419450283050537,14.498993873596191,0.0,21.22198486328125,31.750808715820312,31.34662437438965,12.070426940917969
1771501687.4787886,-2.9203484058380127,14.464141845703125,0.0,19.9928035736084,30.502946853637695,30.37021827697754,10.740890502929688
1771501687.5097868,-1.7428902387619019,15.054058074951172,0.0,21.241518020629883,31.042736053466797,30.535449981689453,11.146585464477539
1771501687.5417807,-3.308337926864624,13.293233871459961,0.0,19.920822143554688,30.60997200012207,30.213735580444336,11.722476959228516
1771501687.5749571,-2.16253924369812,12.477250099182129,0.0,20.229633331298828,31.686376571655273,30.84528923034668,12.28794002532959
1771501687.6356027,-3.8351407051086426,11.281667709350586,0.0,18.46419906616211,30.08148765563965,29.294578552246094,11.091653823852539
1771501687.663604,-5.707268238067627,10.759493827819824,0.0,16.807601928710938,28.139863967895508,27.5181884765625,10.316337585449219
1771501687.6956043,-4.86048698425293,11.682181358337402,0.0,17.51374053955078,28.388004302978516,27.258834838867188,8.54722785949707
1771501687.725667,-4.515601634979248,11.446861267089844,0.0,17.85953140258789,28.263063430786133,26.97970199584961,8.278738975524902
1771501687.7581735,-4.234865665435791,11.161125183105469,0.0,17.87761878967285,28.282499313354492,27.43607521057129,9.129172325134277
1771501687.789172,-5.107087135314941,10.37500286102295,0.0,17.13538360595703,27.852527618408203,27.083677291870117,9.26739501953125
1771501687.820179,-5.016571044921875,9.916647911071777,0.0,16.738874435424805,27.555089950561523,27.16350746154785,9.013833045959473
1771501687.8516803,-5.923452377319336,9.600780487060547,0.0,15.81135368347168,27.146486282348633,26.521059036254883,8.26941967010498
1771501687.8836813,-5.29006814956665,9.617958068847656,0.0,16.450387954711914,27.17379379272461,26.448209762573242,8.499554634094238
1771501687.915689,-5.719935894012451,9.005847930908203,0.0,15.575681686401367,26.744802474975586,26.470258712768555,8.675497055053711
1771501687.9469926,-6.089097499847412,8.784891128540039,0.0,15.005568504333496,26.513280868530273,26.29587745666504,8.206330299377441
1771501687.9780736,-4.918581008911133,9.193109512329102,0.0,16.663095474243164,27.820016860961914,27.31131935119629,8.973515510559082
1771501688.0111084,-4.248789310455322,9.647601127624512,0.0,17.363557815551758,27.718822479248047,27.17072296142578,8.796707153320312
1771501688.0426354,-6.3552398681640625,8.349857330322266,0.0,15.19689655303955,26.504039764404297,25.968769073486328,7.920746803283691
1771501688.0742812,-6.534811496734619,8.366092681884766,0.0,14.736146926879883,26.1314754486084,25.663192749023438,8.359536170959473
1771501688.105283,-5.969900608062744,8.467988967895508,0.0,15.228261947631836,27.156251907348633,26.746767044067383,9.737828254699707
1771501688.1358082,-6.5063276290893555,8.512845039367676,0.0,15.044751167297363,26.527610778808594,25.782978057861328,8.878702163696289
1771501688.167245,-6.282193183898926,8.710320472717285,0.0,15.311034202575684,26.446399688720703,25.89839744567871,8.99325180053711
1771501688.2131863,-6.873649597167969,8.24654769897461,0.0,14.606230735778809,26.045671463012695,26.109468460083008,9.064963340759277
1771501688.2497005,-6.537735939025879,8.483199119567871,0.0,15.189403533935547,26.483766555786133,26.099979400634766,8.929656982421875
1771501688.2786996,-6.285278797149658,8.280332565307617,0.0,15.143134117126465,26.662805557250977,26.81292724609375,9.300027847290039
1771501688.3096979,-7.055261135101318,8.58918285369873,0.0,15.031269073486328,25.645069122314453,25.40470314025879,8.473688125610352
1771501688.3412707,-6.7166948318481445,8.839188575744629,0.0,15.225253105163574,26.01057243347168,25.396835327148438,7.893343925476074
1771501688.373271,-6.414680004119873,9.212002754211426,0.0,15.114699363708496,25.682464599609375,25.361072540283203,8.099026679992676
1771501688.406272,-7.745615482330322,8.551017761230469,0.0,13.34940242767334,25.18812370300293,24.956594467163086,8.133058547973633
1771501688.4366477,-7.794710636138916,8.651372909545898,0.0,13.364551544189453,24.913320541381836,24.99287986755371,8.08352279663086
1771501688.4716718,-7.834211349487305,8.473714828491211,0.0,13.239824295043945,24.744853973388672,24.96380615234375,7.790687084197998
1771501688.501672,-7.544527053833008,8.534483909606934,0.0,13.751843452453613,25.42250633239746,25.51698875427246,8.182740211486816
1771501688.5342815,-7.496097564697266,8.612780570983887,0.0,14.029431343078613,26.39797592163086,25.71088409423828,8.063196182250977
1771501688.5653248,-7.680786609649658,8.14895248413086,0.0,13.83376407623291,26.012195587158203,25.438140869140625,8.14100456237793
1771501688.5973463,-7.703151702880859,8.29630184173584,0.0,13.939414978027344,25.77125358581543,25.045019149780273,8.051480293273926
1771501688.6468632,-7.660490036010742,8.34704303741455,0.0,14.244146347045898,25.83306884765625,25.563413619995117,7.966298580169678
1771501688.6798592,-8.61896800994873,8.093313217163086,0.0,13.552495002746582,24.518247604370117,24.380165100097656,7.28594970703125
1771501688.707927,-8.272412300109863,8.608485221862793,0.0,13.789673805236816,24.99335479736328,24.541728973388672,7.097229957580566
1771501688.7416096,-8.366191864013672,8.770580291748047,0.0,13.749465942382812,24.751094818115234,24.082416534423828,7.033522605895996
1771501688.776933,-8.597434997558594,8.870156288146973,0.0,12.925520896911621,24.179040908813477,24.061622619628906,6.816172122955322
1771501688.8089366,-7.953855514526367,9.123244285583496,0.0,13.664839744567871,24.544931411743164,24.17133331298828,6.583359718322754
1771501688.841463,-8.20209789276123,8.429943084716797,0.0,13.249655723571777,24.966411590576172,24.677757263183594,7.245154857635498
1771501688.8724651,-8.342126846313477,8.32368278503418,0.0,13.059327125549316,25.078123092651367,24.37778091430664,7.209824085235596
1771501688.904505,-9.476724624633789,8.277508735656738,0.0,12.452859878540039,24.101411819458008,23.6524715423584,6.411491394042969
1771501688.9386003,-8.765837669372559,8.433038711547852,0.0,12.61351490020752,24.538585662841797,24.34035873413086,6.844958782196045
1771501688.968867,-8.155619621276855,8.518502235412598,0.0,13.167888641357422,24.84661293029785,24.708864212036133,7.239696025848389
1771501688.9998775,-8.512811660766602,8.458744049072266,0.0,13.241681098937988,24.655820846557617,24.651445388793945,6.959461688995361
1771501689.033053,-8.083765983581543,8.550118446350098,0.0,13.395270347595215,24.670629501342773,24.77819061279297,6.715190410614014
1771501689.0772402,-8.831028938293457,7.935969352722168,0.0,12.55197811126709,24.231962203979492,24.503067016601562,6.851145267486572
1771501689.1122394,-8.098018646240234,8.622055053710938,0.0,13.652503967285156,24.954999923706055,24.62209129333496,7.030816078186035
1771501689.1431162,-7.915673732757568,8.392765045166016,0.0,13.508502960205078,25.207544326782227,25.12624168395996,7.420048236846924
1771501689.176127,-7.5981292724609375,8.302061080932617,0.0,13.781588554382324,25.52452278137207,25.188413619995117,7.344798564910889
1771501689.2061272,-6.944225311279297,8.629576683044434,0.0,14.424341201782227,26.401817321777344,26.008777618408203,8.188957214355469
1771501689.237668,-7.038362503051758,9.053232192993164,0.0,14.361862182617188,26.440523147583008,25.734703063964844,8.094536781311035
1771501689.2686691,-6.443454742431641,9.06174373626709,0.0,14.60959529876709,26.911832809448242,26.719999313354492,8.232706069946289
1771501689.3006618,-6.260045528411865,8.616408348083496,0.0,14.178942680358887,28.046655654907227,28.067729949951172,8.661694526672363
1771501689.334241,-5.828940391540527,8.204998970031738,0.0,14.710832595825195,29.40221405029297,28.87952423095703,9.401947021484375
1771501689.365245,-5.894587993621826,8.615971565246582,0.0,14.810909271240234,28.716909408569336,28.290634155273438,9.115052223205566
1771501689.3982384,-6.597932815551758,8.69258975982666,0.0,14.622909545898438,28.280771255493164,27.82269859313965,8.778008460998535
1771501689.4302657,-6.381042003631592,8.550457954406738,0.0,14.379597663879395,28.474994659423828,28.072072982788086,8.805614471435547
1771501689.4607959,-5.374711513519287,8.323628425598145,0.0,15.148319244384766,29.27662467956543,28.843717575073242,10.079307556152344
1771501689.5097947,-6.014405727386475,8.888031005859375,0.0,15.338676452636719,28.771577835083008,28.11199188232422,9.391532897949219
1771501689.5433116,-5.79553747177124,9.005054473876953,0.0,15.507426261901855,28.69153594970703,28.197269439697266,9.674054145812988
1771501689.5733092,-5.3423686027526855,8.924595832824707,0.0,15.702388763427734,29.481714248657227,28.801809310913086,9.942628860473633
1771501689.6054509,-5.088442325592041,9.302968978881836,0.0,16.246885299682617,29.3621768951416,28.315784454345703,9.914148330688477
1771501689.6377513,-6.088167190551758,8.763476371765137,0.0,15.341639518737793,28.8615665435791,28.156570434570312,9.493773460388184
1771501689.6687753,-5.586798191070557,8.534655570983887,0.0,15.23248291015625,29.13841438293457,28.691162109375,9.807735443115234
1771501689.700893,-5.682647705078125,8.57833194732666,0.0,15.468494415283203,29.244840621948242,28.81429672241211,9.92302131652832
1771501689.7324018,-5.67811918258667,8.91303825378418,0.0,15.46590805053711,29.561540603637695,28.45872688293457,9.435705184936523
1771501689.7679734,-5.164859294891357,8.872821807861328,0.0,15.89969253540039,29.511301040649414,28.838743209838867,9.858298301696777
1771501689.8009741,-4.951661109924316,8.95487117767334,0.0,15.923489570617676,29.764892578125,28.93311309814453,9.940396308898926
1771501689.8319771,-5.7298383712768555,9.182572364807129,0.0,15.554848670959473,28.602819442749023,28.24567413330078,9.59113597869873
1771501689.8624902,-5.086123466491699,8.746150016784668,0.0,15.710936546325684,29.690757751464844,29.375638961791992,10.224410057067871
1771501689.9095018,-4.858750343322754,8.2905912399292,0.0,15.182374000549316,29.466510772705078,29.683937072753906,10.982027053833008
1771501689.9430408,-5.002419471740723,8.64789867401123,0.0,15.838881492614746,29.99034881591797,29.539772033691406,11.275859832763672
1771501689.9780416,-5.007116317749023,8.797930717468262,0.0,15.530195236206055,29.63521385192871,29.72011375427246,11.08721923828125
1771501690.0060406,-4.601487636566162,8.622759819030762,0.0,15.992907524108887,29.727693557739258,29.65567398071289,11.000692367553711
1771501690.0375545,-4.71270227432251,8.865392684936523,0.0,16.41819190979004,29.582698822021484,29.343034744262695,10.41887378692627
1771501690.068662,-4.586766719818115,9.3350191116333,0.0,16.629966735839844,29.599637985229492,29.260730743408203,10.065410614013672
1771501690.1014626,-5.358189582824707,9.155256271362305,0.0,15.790339469909668,28.822635650634766,28.328182220458984,9.620661735534668
1771501690.1338978,-3.3813419342041016,9.737982749938965,0.0,17.077625274658203,30.618812561035156,30.133258819580078,10.940018653869629
1771501690.16483,-2.252183437347412,10.103060722351074,0.0,18.01274871826172,31.79812240600586,30.8245792388916,11.75645923614502
1771501690.200467,-3.1798529624938965,10.094552993774414,0.0,17.14185905456543,30.423416137695312,29.66493034362793,11.010303497314453
1771501690.229493,-3.632152795791626,10.051909446716309,0.0,17.190702438354492,30.284950256347656,29.435853958129883,10.668905258178711
1771501690.26101,-4.327251434326172,9.666786193847656,0.0,16.459392547607422,29.6888370513916,29.245725631713867,10.693312644958496
1771501690.293013,-4.505155086517334,9.382468223571777,0.0,16.308162689208984,29.672807693481445,28.91867446899414,10.569221496582031
1771501690.3412564,-4.395437717437744,9.831598281860352,0.0,16.89122772216797,29.97813606262207,29.0572509765625,10.786444664001465
1771501690.3742568,-4.169814586639404,10.370138168334961,0.0,17.08315086364746,30.348482131958008,28.91241455078125,10.219194412231445
1771501690.406746,-4.661704063415527,9.91306209564209,0.0,16.695648193359375,30.05548667907715,28.869274139404297,10.176446914672852
1771501690.437269,-4.73097562789917,10.32004165649414,0.0,17.009193420410156,29.78924560546875,28.377531051635742,9.532523155212402
1771501690.4692621,-4.005867004394531,10.297906875610352,0.0,16.99797821044922,30.31302261352539,29.209314346313477,10.144224166870117
1771501690.5022614,-4.878702163696289,9.801756858825684,0.0,16.207937240600586,29.346546173095703,28.1390323638916,9.752903938293457
1771501690.533276,-5.67503547668457,9.750223159790039,0.0,16.070131301879883,28.40396499633789,27.656816482543945,9.4088716506958
1771501690.5647817,-5.435679912567139,9.511935234069824,0.0,15.762039184570312,28.425853729248047,28.263879776000977,9.630929946899414
1771501690.5967953,-4.528899669647217,9.731600761413574,0.0,16.31159019470215,29.463048934936523,28.77545166015625,10.182783126831055
1771501690.6344545,-4.535414218902588,10.043846130371094,0.0,16.688241958618164,29.23853874206543,28.888988494873047,10.495566368103027
1771501690.6614618,-5.951301097869873,9.351739883422852,0.0,15.550760269165039,27.81449317932129,28.077869415283203,9.326769828796387
1771501690.6934927,-5.071955680847168,9.667277336120605,0.0,15.966754913330078,28.433744430541992,29.00489616394043,10.24647045135498
1771501690.7254653,-4.4389424324035645,9.511785507202148,0.0,15.528142929077148,28.495065689086914,29.350147247314453,10.661860466003418
1771501690.7743022,-3.591052293777466,10.049020767211914,0.0,16.4371280670166,30.133974075317383,30.20203399658203,11.27916431427002
1771501690.8072999,-3.213466167449951,9.799607276916504,0.0,16.568695068359375,30.34061050415039,30.430347442626953,11.62844467163086
1771501690.8415127,-2.851836919784546,9.530278205871582,0.0,16.169164657592773,30.161678314208984,30.683940887451172,12.30806827545166
1771501690.87152,-3.40317440032959,9.975203514099121,0.0,17.026636123657227,30.554725646972656,30.140785217285156,11.160584449768066
1771501690.900526,-4.790158271789551,9.747119903564453,0.0,16.25522804260254,29.183734893798828,28.942169189453125,10.380946159362793
1771501690.933528,-3.645012617111206,10.32477855682373,0.0,17.01781463623047,30.1552677154541,29.904186248779297,10.910623550415039
1771501690.966271,-4.554476737976074,9.318572044372559,0.0,16.459585189819336,29.44192886352539,29.66557502746582,10.775516510009766
1771501690.9972725,-5.564811706542969,9.118987083435059,0.0,15.282424926757812,28.723730087280273,28.733518600463867,9.93111515045166
1771501691.029286,-4.572086334228516,9.743074417114258,0.0,16.153047561645508,29.131214141845703,29.37126922607422,10.112757682800293
1771501691.0658295,-4.32803201675415,9.741168022155762,0.0,15.918039321899414,29.802295684814453,29.004968643188477,10.643012046813965
1771501691.092801,-3.067620038986206,10.204436302185059,0.0,16.722463607788086,30.925704956054688,30.180849075317383,11.467087745666504
1771501691.1258075,-3.5594189167022705,10.259110450744629,0.0,16.620651245117188,30.5045108795166,29.503833770751953,10.970352172851562
1771501691.1569142,-4.377531051635742,10.487889289855957,0.0,16.664335250854492,30.508729934692383,29.19087791442871,10.230143547058105
1771501691.2049758,-3.8439652919769287,10.575462341308594,0.0,16.783203125,30.19878578186035,29.533655166625977,10.245999336242676
1771501691.2386038,-4.563023567199707,10.09124755859375,0.0,16.173723220825195,29.522693634033203,28.774993896484375,9.581469535827637
1771501691.2706118,-5.043690204620361,10.181283950805664,0.0,16.15390396118164,29.155302047729492,27.976003646850586,9.022395133972168
1771501691.3005793,-4.919224262237549,10.516672134399414,0.0,16.709251403808594,29.433942794799805,28.33994483947754,9.805904388427734
1771501691.3325853,-5.917304992675781,10.19775676727295,0.0,16.091035842895508,28.50311851501465,26.690994262695312,8.554184913635254
1771501691.3651283,-6.206296920776367,10.299467086791992,0.0,15.90636920928955,28.434045791625977,26.250253677368164,7.880745887756348
1771501691.397134,-6.762763023376465,10.412898063659668,0.0,15.663960456848145,28.04281997680664,25.639461517333984,7.343887805938721
1771501691.4286866,-6.84426736831665,9.800227165222168,0.0,15.459990501403809,27.693784713745117,25.211206436157227,7.009209156036377
1771501691.461231,-4.118746757507324,10.724228858947754,0.0,16.90723419189453,29.441892623901367,27.073232650756836,7.605309009552002
1771501691.495224,-3.3751161098480225,11.295825004577637,0.0,18.212745666503906,30.06346893310547,27.452945709228516,6.892735958099365
1771501691.5272422,-1.8668391704559326,11.272382736206055,0.0,19.158397674560547,31.192718505859375,28.61441421508789,8.155170440673828
1771501691.5593061,-1.2982978820800781,12.224782943725586,0.0,20.75529670715332,31.2452392578125,28.936201095581055,8.138031005859375
1771501691.591133,-0.3356832265853882,13.090154647827148,0.0,21.402631759643555,32.30238342285156,29.74379539489746,8.723065376281738
1771501691.6381261,1.5840626955032349,14.154318809509277,0.0,21.84992027282715,34.42597579956055,30.236539840698242,9.529611587524414
1771501691.6701396,5.2950263023376465,16.68130111694336,0.0,24.61361312866211,37.160037994384766,32.39238357543945,13.3174467086792
1771501691.702137,9.49656867980957,19.164794921875,0.0,28.10759162902832,40.51215744018555,35.86533737182617,19.079431533813477
1771501691.7341437,12.803443908691406,19.5092716217041,1.0575543642044067,31.51059341430664,42.7548713684082,41.14488983154297,24.804153442382812
1771501691.7656767,13.055161476135254,19.05303382873535,3.2907464504241943,32.920448303222656,42.84860610961914,41.29685974121094,25.778470993041992
1771501691.7976778,14.65462875366211,19.55868911743164,7.171649932861328,32.68571090698242,42.03434371948242,41.72758865356445,27.18737030029297
1771501691.8316822,13.144232749938965,21.38788604736328,11.475172996520996,32.046363830566406,39.87754440307617,38.3394775390625,25.8986759185791
1771501691.8617222,14.48414134979248,28.97886085510254,19.060455322265625,36.557186126708984,39.37744140625,37.9885139465332,28.309450149536133
1771501691.8942373,16.621496200561523,33.5695686340332,22.084808349609375,39.055240631103516,43.53739547729492,41.39872360229492,31.05718994140625
1771501691.9262452,16.317190170288086,35.459625244140625,19.98501968383789,40.289337158203125,47.87875747680664,44.696590423583984,34.17341232299805
1771501691.9597688,16.592182159423828,38.26847839355469,19.704940795898438,39.82122039794922,46.872684478759766,44.386383056640625,34.077518463134766
1771501691.9887872,18.536455154418945,38.95764923095703,21.44047737121582,44.363460540771484,48.956756591796875,44.618370056152344,34.756141662597656
1771501692.0206835,18.364267349243164,39.02996063232422,20.12921142578125,43.78829574584961,49.15595245361328,42.96089553833008,33.20577621459961
1771501692.0687995,19.020565032958984,30.457204818725586,22.488544464111328,42.272117614746094,47.994197845458984,41.49305725097656,30.062969207763672
1771501692.101749,20.309329986572266,16.280580520629883,14.307653427124023,39.768714904785156,48.71202850341797,45.3389892578125,33.6114501953125
1771501692.135838,7.8979291915893555,15.361722946166992,1.5878055095672607,29.7011775970459,39.712608337402344,34.53236389160156,18.958772659301758
1771501692.1653335,3.82623553276062,16.40533447265625,0.0,29.194108963012695,36.45580291748047,30.855758666992188,10.643048286437988
1771501692.197352,2.1983869075775146,15.38439655303955,0.0,28.545562744140625,34.946441650390625,28.842132568359375,8.070734977722168
1771501692.228431,-0.9598559737205505,14.140589714050293,0.0,25.233531951904297,33.106117248535156,27.585063934326172,7.34968376159668
1771501692.2609785,-3.7229182720184326,12.426729202270508,0.0,22.92852210998535,31.546913146972656,27.100791931152344,7.363418102264404
1771501692.2929652,-3.4723873138427734,12.30113410949707,0.0,21.87897491455078,31.38820457458496,27.731184005737305,7.279449462890625
1771501692.3249786,-4.519397735595703,12.045089721679688,0.0,20.74786949157715,30.43130111694336,26.378984451293945,5.8610429763793945
1771501692.3585885,-4.756846904754639,10.89427375793457,0.0,18.27745819091797,29.99784278869629,25.73442840576172,4.687711238861084
1771501692.3905854,-3.5551557540893555,11.283069610595703,0.0,18.098615646362305,30.850252151489258,26.669208526611328,5.765140056610107
1771501692.4205754,-4.944194316864014,9.646739959716797,0.0,15.596302032470703,29.335634231567383,26.691852569580078,5.5179123878479
1771501692.4541125,-3.316718578338623,10.753026008605957,0.0,15.818116188049316,30.23213768005371,27.285888671875,5.681377410888672
1771501692.5011075,-2.542193651199341,11.06684684753418,0.0,14.744126319885254,30.043851852416992,26.975969314575195,5.503045082092285
1771501692.534109,-3.467339277267456,10.17541217803955,0.0,13.231376647949219,28.974853515625,25.61137580871582,4.125645637512207
1771501692.567292,-3.583930015563965,10.143921852111816,0.0,12.902180671691895,28.731075286865234,25.411550521850586,4.239632606506348
1771501692.5982907,-4.867853164672852,8.61436939239502,0.0,9.124651908874512,27.480695724487305,25.187191009521484,4.065979957580566
1771501692.6302948,-2.97723388671875,10.622522354125977,0.0,11.790489196777344,28.930194854736328,25.701335906982422,3.79372239112854
1771501692.6614318,-5.131966590881348,8.875931739807129,0.0,9.7589111328125,28.077762603759766,25.63636589050293,3.904151439666748
1771501692.6934292,-3.8021702766418457,10.121286392211914,0.0,11.241649627685547,28.996400833129883,26.074262619018555,3.1744532585144043
1771501692.725482,-3.7718663215637207,10.374503135681152,0.0,12.194601058959961,29.389278411865234,26.453458786010742,4.075328826904297
1771501692.7591236,-5.211949825286865,9.662205696105957,0.0,12.058716773986816,28.450267791748047,25.480051040649414,3.2811264991760254
1771501692.7964783,-4.188933849334717,10.772788047790527,0.0,11.865803718566895,28.054574966430664,25.945682525634766,3.9350197315216064
1771501692.8224804,-3.6986804008483887,10.772523880004883,0.0,11.978814125061035,28.046802520751953,27.513059616088867,5.557181358337402
1771501692.8535295,-2.9321420192718506,11.180000305175781,0.0,12.685530662536621,28.614742279052734,28.01019859313965,5.447577953338623
1771501692.885538,-2.3891828060150146,11.78580093383789,0.0,13.700128555297852,29.092382431030273,28.172863006591797,5.837090015411377
1771501692.933543,-2.907956600189209,11.056634902954102,0.0,13.39136028289795,28.79322052001953,28.762435913085938,7.121002197265625
1771501692.9670491,-2.8819363117218018,11.631227493286133,0.0,14.969328880310059,29.906478881835938,29.223346710205078,6.997912406921387
1771501692.9980497,-3.7076449394226074,10.59935474395752,0.0,14.483354568481445,29.492441177368164,28.52701759338379,6.875534534454346
1771501693.0291057,-3.767259359359741,10.084722518920898,0.0,12.554366111755371,28.45406150817871,28.45320701599121,7.0600266456604
1771501693.0917108,-4.269852161407471,10.052809715270996,0.0,14.351930618286133,28.98018455505371,28.724773406982422,7.405704498291016
1771501693.1287074,-4.419405937194824,9.713996887207031,0.0,14.288435935974121,28.98550796508789,28.13067054748535,7.513796806335449
1771501693.1490388,-4.408066749572754,10.089810371398926,0.0,13.268560409545898,28.087005615234375,28.299274444580078,7.041886806488037
1771501693.1810467,-3.7334578037261963,9.696414947509766,0.0,14.974020004272461,29.72783088684082,29.539138793945312,8.230093002319336
1771501693.2130215,-4.2471537590026855,9.693604469299316,0.0,14.123672485351562,29.115257263183594,28.76127815246582,7.669865608215332
1771501693.2435386,-3.0297372341156006,10.488901138305664,0.0,14.461674690246582,29.40534210205078,29.255126953125,7.971778392791748
1771501693.2737308,-2.301339864730835,11.227153778076172,0.0,15.799365997314453,30.6120662689209,30.004676818847656,8.476922035217285
1771501693.3053257,-2.3258323669433594,11.584223747253418,0.0,16.534435272216797,30.632604598999023,29.930339813232422,8.2111177444458
1771501693.3367178,-2.265669107437134,11.48677921295166,0.0,17.105087280273438,30.893957138061523,29.81151008605957,8.4349365234375
1771501693.367817,-3.323747396469116,10.665604591369629,0.0,16.11286163330078,30.1883544921875,29.34305191040039,8.337316513061523
1771501693.3998146,-2.434014081954956,11.20051097869873,0.0,17.074146270751953,30.833391189575195,29.86936378479004,8.656277656555176
1771501693.4318218,-3.0532593727111816,10.725992202758789,0.0,17.492036819458008,31.093355178833008,29.995399475097656,8.611276626586914
1771501693.463409,-2.978951930999756,11.10269832611084,0.0,18.279483795166016,31.422008514404297,30.01955795288086,8.6480712890625
1771501693.4957461,-3.262820243835449,11.064884185791016,0.0,17.58204460144043,31.01703453063965,29.492116928100586,8.197370529174805
1771501693.5257878,-4.666445255279541,10.269478797912598,0.0,17.265216827392578,30.366161346435547,28.9580135345459,7.662179470062256
1771501693.5599134,-5.943122386932373,9.478893280029297,0.0,16.506113052368164,29.654714584350586,28.37237548828125,7.416309833526611
1771501693.5899112,-5.947018146514893,9.644953727722168,0.0,17.05999755859375,30.170143127441406,28.277427673339844,7.32720947265625
1771501693.6219127,-6.446244716644287,9.711675643920898,0.0,16.52298355102539,29.37879180908203,27.607290267944336,6.561496734619141
1771501693.6564598,-5.254527568817139,10.160104751586914,0.0,16.886056900024414,30.16887092590332,28.288921356201172,7.105286598205566
1771501693.6844273,-4.8957014083862305,10.767532348632812,0.0,17.536115646362305,30.837879180908203,28.8546142578125,7.371426105499268
1771501693.7162764,-4.421243190765381,10.939943313598633,0.0,18.069355010986328,31.07708168029785,29.042024612426758,7.893689155578613
1771501693.7477965,-4.180488109588623,10.577762603759766,0.0,17.770471572875977,30.829931259155273,29.09427833557129,7.950389862060547
1771501693.8310878,-3.6308627128601074,11.424311637878418,0.0,19.490379333496094,31.061925888061523,29.164152145385742,8.534682273864746
1771501693.8551953,-5.500391006469727,9.89366626739502,0.0,18.190258026123047,30.676891326904297,28.308847427368164,6.9698872566223145
1771501693.8852065,-5.212764263153076,10.338458061218262,0.0,18.456525802612305,30.468341827392578,28.33132553100586,7.078217029571533
1771501693.9173896,-3.035494327545166,12.148868560791016,0.0,20.89801597595215,31.75613784790039,29.18979835510254,8.111835479736328
1771501693.947901,-3.897639036178589,11.397104263305664,0.0,19.51685905456543,30.80023956298828,28.33481216430664,7.116037368774414
1771501693.9788897,-5.831302165985107,10.305244445800781,0.0,17.75465965270996,29.319772720336914,26.154184341430664,5.134349822998047
1771501694.0098984,-4.961042404174805,10.748717308044434,0.0,18.3568115234375,30.315526962280273,27.18133544921875,5.830521106719971
1771501694.042427,-2.7442209720611572,11.622599601745605,0.0,19.630512237548828,31.29743194580078,28.338197708129883,6.0872673988342285
1771501694.073421,-1.0688927173614502,13.024688720703125,0.0,20.74623680114746,32.03105545043945,28.958885192871094,7.440917491912842
1771501694.103589,-1.0525184869766235,13.275904655456543,0.0,21.16704559326172,31.77098846435547,28.545658111572266,7.091583251953125
1771501694.135609,0.6510078310966492,15.038277626037598,0.0,21.99097442626953,32.832191467285156,29.517375946044922,7.124420166015625
1771501694.1663918,3.0805985927581787,17.11946678161621,0.0,23.29670524597168,34.50340270996094,31.17864227294922,8.783204078674316
1771501694.2294166,1.6268761157989502,16.46567726135254,0.0,22.09822654724121,33.47587203979492,32.170616149902344,10.183414459228516
1771501694.2629383,4.651319980621338,17.345766067504883,0.0,24.35617446899414,34.81443786621094,31.572620391845703,8.68396282196045
1771501694.2966778,3.414069890975952,16.440855026245117,0.0,22.59318733215332,34.59196090698242,30.45746612548828,7.438112258911133
1771501694.3231878,2.111276388168335,16.84425926208496,0.0,23.51766586303711,33.2304573059082,31.00996971130371,7.841122150421143
1771501694.3552938,1.9287914037704468,16.50481414794922,0.0,23.041471481323242,32.85600280761719,30.67697525024414,8.118711471557617
1771501694.3863707,1.9827415943145752,16.22086524963379,0.0,22.44498062133789,31.973058700561523,30.028873443603516,8.190710067749023
1771501694.4342244,-2.1392507553100586,15.152257919311523,0.0,19.677288055419922,29.963035583496094,28.506019592285156,7.565721035003662
1771501694.4662523,-1.132091999053955,15.58556079864502,0.0,19.6658878326416,29.612594604492188,27.651229858398438,6.383291721343994
1771501694.4962516,-1.0282107591629028,14.982085227966309,0.0,19.166276931762695,29.61421012878418,27.37819480895996,6.92052698135376
1771501694.5272832,-1.4605516195297241,14.264591217041016,0.0,17.576135635375977,29.072490692138672,25.662750244140625,5.409560203552246
1771501694.55881,-1.8993502855300903,14.777473449707031,0.0,17.471406936645508,27.79810333251953,25.593347549438477,5.048269271850586
1771501694.5908093,-6.145564556121826,13.836175918579102,0.0,14.740518569946289,24.235143661499023,22.835426330566406,3.360567808151245
1771501694.622826,-4.285499095916748,12.981476783752441,0.0,15.601719856262207,25.220186233520508,22.025705337524414,2.5557608604431152
1771501694.6613612,-3.6446027755737305,13.014930725097656,0.0,16.260225296020508,26.63446044921875,22.519620895385742,2.7139830589294434
1771501694.6953716,-3.908006191253662,12.973917961120605,0.0,16.487537384033203,26.868276596069336,23.266273498535156,2.842723846435547
1771501694.7203615,-3.400766134262085,13.182438850402832,0.0,16.03034019470215,27.093231201171875,24.155532836914062,3.578021287918091
1771501694.7490728,-4.4332275390625,12.637239456176758,0.0,15.782740592956543,26.521181106567383,22.998001098632812,2.8446812629699707
1771501694.7815611,-4.932926654815674,12.290822982788086,0.0,16.518112182617188,26.12964630126953,22.63673973083496,2.9253857135772705
1771501694.811562,-4.717678546905518,12.378960609436035,0.0,16.781253814697266,26.43705940246582,22.796356201171875,2.765671491622925
1771501694.8440773,-5.267115116119385,12.347975730895996,0.0,16.581668853759766,26.076019287109375,22.573410034179688,2.444211483001709
1771501694.8750782,-5.504297256469727,12.57559871673584,0.0,16.5010986328125,25.789037704467773,22.058298110961914,2.4807305335998535
1771501694.9080935,-5.574978351593018,11.908004760742188,0.0,15.6956205368042,25.98851203918457,22.59925079345703,2.945528030395508
1771501694.9386127,-5.812521934509277,11.862649917602539,0.0,15.995965957641602,26.012004852294922,22.6038761138916,3.312128782272339
1771501694.9686198,-5.395766735076904,11.98211669921875,0.0,16.519466400146484,26.618078231811523,23.52985382080078,3.9862425327301025
1771501695.0134153,-5.359979152679443,12.489154815673828,0.0,16.052635192871094,26.7125244140625,22.664995193481445,3.192131519317627
1771501695.0469873,-5.017116546630859,12.289825439453125,0.0,17.315025329589844,26.463661193847656,23.82054328918457,4.713390350341797
1771501695.09298,-4.3562445640563965,12.074853897094727,0.0,18.148340225219727,27.800682067871094,24.90068244934082,5.704722881317139
1771501695.1259196,-3.902095317840576,12.31060791015625,0.0,18.693208694458008,28.259225845336914,25.04537582397461,5.63317346572876
1771501695.1595957,-4.092066764831543,12.347540855407715,0.0,18.179771423339844,28.17180824279785,25.12613296508789,5.930618762969971
1771501695.1906168,-3.556748867034912,12.557320594787598,0.0,18.337055206298828,28.494304656982422,24.726966857910156,5.133742332458496
1771501695.221615,-3.449779510498047,12.395608901977539,0.0,18.864730834960938,29.129770278930664,25.901952743530273,6.011828899383545
1771501695.253786,-1.6736725568771362,13.028972625732422,0.0,19.43146514892578,30.544675827026367,26.40192413330078,7.0640692710876465
1771501695.2847831,-1.4677002429962158,13.295293807983398,0.0,19.272565841674805,30.73100471496582,26.162580490112305,7.03433895111084
1771501695.3162756,0.3718399405479431,13.618339538574219,0.0,20.096473693847656,32.349151611328125,27.92827796936035,7.561205863952637
1771501695.3478618,0.7421072125434875,13.524368286132812,0.0,20.697528839111328,33.19377517700195,29.498123168945312,8.532758712768555
1771501695.3798609,0.4759185314178467,13.356233596801758,0.0,20.13197135925293,33.16554641723633,29.685230255126953,8.595586776733398
1771501695.4128742,3.829648494720459,15.51371955871582,0.0,21.071149826049805,34.250701904296875,32.53254318237305,9.605164527893066
1771501695.4462073,2.157172441482544,13.276785850524902,0.0,20.048423767089844,34.47968673706055,32.77752685546875,9.302238464355469
1771501695.481207,5.955580711364746,14.860549926757812,0.0,23.137859344482422,37.71363830566406,36.09569549560547,12.428778648376465
1771501695.5251923,5.642480850219727,14.832529067993164,0.0,22.614805221557617,36.926414489746094,35.507564544677734,12.114255905151367
1771501695.551728,4.842618465423584,14.160100936889648,0.0,21.63852310180664,36.24663162231445,35.06283187866211,11.724650382995605
1771501695.582726,5.89659309387207,14.714863777160645,0.0,23.122642517089844,37.703826904296875,36.109947204589844,11.999403953552246
1771501695.6127598,4.475632190704346,14.255768775939941,0.0,22.345823287963867,36.28812789916992,34.309814453125,11.026286125183105
1771501695.645237,2.514620780944824,14.072060585021973,0.0,21.77532958984375,33.88798522949219,32.227386474609375,9.193391799926758
1771501695.6762445,1.4405285120010376,14.60949420928955,0.0,21.787242889404297,32.72087860107422,30.5146427154541,8.378194808959961
1771501695.707241,-0.019304823130369186,13.891312599182129,0.0,21.1829891204834,31.564361572265625,29.611806869506836,8.464678764343262
1771501695.7387497,1.001795768737793,14.39229679107666,0.0,22.185426712036133,32.40814208984375,30.366477966308594,9.593311309814453
1771501695.7726629,-0.5900419354438782,14.39753532409668,0.0,21.463993072509766,30.88839340209961,28.65876007080078,8.034333229064941
1771501695.8186615,2.5590012073516846,15.176012992858887,0.0,22.516429901123047,32.88737869262695,30.47437286376953,8.958909034729004
1771501695.8522034,-0.5682021975517273,13.722732543945312,0.0,20.378232955932617,31.040037155151367,28.03223419189453,7.165256500244141
1771501695.8822021,-0.17279770970344543,13.349421501159668,0.0,19.830533981323242,30.58368682861328,27.78359031677246,6.422780990600586
1771501695.9252074,-0.33267074823379517,13.401354789733887,0.0,19.43958854675293,29.986143112182617,26.731393814086914,4.971347808837891
1771501695.9587173,-0.0871773362159729,13.659436225891113,0.0,19.47289276123047,30.13283920288086,27.677000045776367,5.836131572723389
1771501695.9910665,0.1842636913061142,13.550862312316895,0.0,18.810880661010742,29.684776306152344,26.746402740478516,5.3096022605896
1771501696.023068,-0.7484965324401855,13.320591926574707,0.0,18.675945281982422,29.289846420288086,26.864885330200195,5.901115894317627
1771501696.0535834,-0.6855294704437256,13.209919929504395,0.0,18.437240600585938,29.387041091918945,26.634891510009766,5.0307841300964355
1771501696.0845914,0.1617051213979721,12.938572883605957,0.0,19.466657638549805,30.75985336303711,27.315217971801758,6.246774196624756
1771501696.1165903,-0.254218727350235,13.039910316467285,0.0,18.38680648803711,30.51521110534668,27.18993377685547,5.816910743713379
1771501696.1489637,-0.18855300545692444,13.194622039794922,0.0,19.193832397460938,30.807125091552734,27.145692825317383,6.232031345367432
1771501696.1793807,-1.4131137132644653,12.888948440551758,0.0,18.657176971435547,30.097591400146484,26.646188735961914,6.0034942626953125
1771501696.213385,-1.010733962059021,13.493802070617676,0.0,18.764968872070312,29.764404296875,26.605365753173828,6.09309196472168
1771501696.2469141,-2.1546847820281982,13.292973518371582,0.0,19.079721450805664,28.770174026489258,25.95374870300293,5.619682788848877
1771501696.2769058,-0.7822133898735046,13.10339641571045,0.0,19.483882904052734,29.159923553466797,25.80391502380371,5.312085151672363
1771501696.3089163,0.22440828382968903,12.681635856628418,0.0,19.250446319580078,29.76005744934082,26.467544555664062,5.374049663543701
1771501696.3567379,0.07140179723501205,12.891447067260742,0.0,19.078235626220703,30.118093490600586,26.518680572509766,5.715180397033691
1771501696.3937385,2.3548762798309326,14.390979766845703,0.0,20.616230010986328,31.365224838256836,27.19024085998535,6.56527042388916
1771501696.4137406,1.5534839630126953,14.302250862121582,0.0,20.898712158203125,31.42378807067871,27.983266830444336,7.2471723556518555
1771501696.4452662,0.8667399287223816,13.99841594696045,0.0,19.182729721069336,30.889204025268555,26.54099464416504,6.730548858642578
1771501696.4772654,2.3215808868408203,13.629791259765625,0.0,20.157644271850586,32.66697692871094,28.479562759399414,8.3157958984375
1771501696.5072675,3.9980227947235107,14.021069526672363,0.0,21.81502914428711,34.35480880737305,30.537792205810547,10.388916015625
1771501696.5387836,3.8089957237243652,13.8633451461792,0.0,22.593399047851562,35.128013610839844,31.032974243164062,10.892450332641602
1771501696.5688033,2.5304014682769775,13.927657127380371,0.0,22.029403686523438,33.96632766723633,29.869401931762695,9.95496654510498
1771501696.6137898,4.719342231750488,15.248128890991211,0.0,23.186325073242188,34.541194915771484,30.663118362426758,10.046693801879883
1771501696.6479723,3.982595682144165,15.055118560791016,0.0,23.01799964904785,35.136905670166016,31.10246467590332,10.130471229553223
1771501696.6800742,5.877167701721191,15.68940544128418,0.0,24.891544342041016,36.30727005004883,32.14187240600586,10.72879695892334
1771501696.7100809,6.075010299682617,15.522024154663086,0.0,25.61385726928711,37.409645080566406,33.564125061035156,11.688148498535156
1771501696.7416012,6.849014759063721,16.174222946166992,0.0,25.286714553833008,37.476585388183594,33.92484664916992,11.352304458618164
1771501696.7904243,7.5381317138671875,16.112672805786133,0.0,24.86463737487793,37.26242446899414,34.606597900390625,11.921186447143555
1771501696.8234322,8.261659622192383,16.772459030151367,0.0,25.026151657104492,37.981719970703125,35.253143310546875,11.971646308898926
1771501696.8529587,8.786638259887695,17.64681625366211,0.0,25.79836082458496,39.01512145996094,35.84238052368164,11.3616304397583
1771501696.8849478,6.5599894523620605,15.987567901611328,0.0,25.3465576171875,37.60231399536133,34.678497314453125,12.269121170043945
1771501696.91495,5.754384517669678,15.282090187072754,0.0,25.23651885986328,37.70502471923828,35.083030700683594,12.522278785705566
1771501696.9470403,6.85075569152832,16.209060668945312,0.0,26.161521911621094,39.1135139465332,35.77832794189453,12.126873970031738
1771501696.9790394,4.730104446411133,14.961701393127441,0.0,23.989227294921875,37.353660583496094,34.43109893798828,11.278450965881348
1771501697.013037,4.536273956298828,15.193345069885254,0.0,24.435863494873047,36.99399948120117,34.100364685058594,11.162724494934082
1771501697.0455575,4.711874485015869,15.218334197998047,0.0,23.91851043701172,37.045166015625,34.048126220703125,11.53194808959961
1771501697.077579,4.717538356781006,14.952569961547852,0.0,24.308067321777344,37.207950592041016,34.75779724121094,11.937413215637207
1771501697.113084,6.2554168701171875,15.805761337280273,0.0,24.71177864074707,37.99262619018555,35.25411605834961,12.277371406555176
1771501697.166326,5.859175682067871,16.074695587158203,0.0,24.765478134155273,37.66764450073242,34.66904830932617,11.909662246704102
1771501697.1984885,6.088403224945068,15.81562328338623,0.0,24.963951110839844,37.761756896972656,34.777244567871094,11.453224182128906
1771501697.229494,6.297703266143799,15.659228324890137,0.0,24.931869506835938,38.35728454589844,35.47012710571289,11.740342140197754
1771501697.2586613,4.48981237411499,15.0708646774292,0.0,23.470375061035156,36.5366325378418,33.85781478881836,10.627684593200684
1771501697.2916481,4.9461822509765625,15.289667129516602,0.0,24.3654727935791,37.22449493408203,34.25217056274414,11.053215980529785
1771501697.3226137,5.259314060211182,15.472257614135742,0.0,24.44226837158203,37.11114501953125,34.27561950683594,11.141724586486816
1771501697.3532073,5.547608375549316,15.257728576660156,0.0,24.409366607666016,37.315757751464844,34.92216110229492,11.761529922485352
1771501697.3844619,5.6055216789245605,15.355977058410645,0.0,24.149988174438477,37.20086669921875,34.67545700073242,11.593171119689941
1771501697.4153323,5.09968900680542,14.594923973083496,0.0,23.892385482788086,37.082637786865234,35.13079833984375,11.693010330200195
1771501697.446303,5.247296333312988,15.31459903717041,0.0,24.063661575317383,36.91512680053711,34.1927604675293,11.25857162475586
1771501697.4782999,5.638570308685303,15.120590209960938,0.0,23.94693374633789,36.9188117980957,34.345916748046875,11.129130363464355
1771501697.5103033,5.2464680671691895,15.218461036682129,0.0,23.383974075317383,36.31995391845703,33.30052185058594,10.562870979309082
1771501697.5423684,5.55047082901001,14.805887222290039,0.0,24.142494201660156,37.07255935668945,34.528682708740234,11.353254318237305
1771501697.5728812,4.651688098907471,14.778849601745605,0.0,22.781251907348633,36.10966491699219,33.708152770996094,10.676363945007324
1771501697.604977,4.7295637130737305,14.423081398010254,0.0,23.244483947753906,36.415130615234375,34.085819244384766,11.814441680908203
1771501697.6545806,5.144907474517822,14.73623275756836,0.0,23.301424026489258,36.716766357421875,34.636024475097656,11.565567016601562
1771501697.6866655,4.239967346191406,14.09375286102295,0.0,22.66390037536621,35.788482666015625,33.84318923950195,11.902588844299316
1771501697.712597,5.615634918212891,14.840725898742676,0.0,23.842029571533203,37.167694091796875,35.32849884033203,12.252432823181152
1771501697.7442439,3.3731915950775146,14.018771171569824,0.0,21.937734603881836,35.362396240234375,33.03678894042969,11.074812889099121
1771501697.7769604,3.467761754989624,13.658296585083008,0.0,22.72552490234375,35.84381103515625,33.641841888427734,11.576848030090332
1771501697.815962,2.7303237915039062,13.203856468200684,0.0,21.157297134399414,34.81346130371094,33.27659225463867,11.407171249389648
1771501697.8454757,3.5636377334594727,13.949197769165039,0.0,23.0885066986084,36.52505111694336,33.96525573730469,11.680630683898926
1771501697.878477,3.570716142654419,13.951997756958008,0.0,22.884199142456055,35.99535369873047,33.760711669921875,11.57009506225586
1771501697.9110618,3.3233461380004883,13.876228332519531,0.0,23.22810173034668,36.18962478637695,34.0614013671875,12.021834373474121
1771501697.9464045,2.8750574588775635,13.778368949890137,0.0,22.378902435302734,35.560302734375,33.37602996826172,11.568892478942871
1771501697.9784021,2.732337236404419,13.725996971130371,0.0,22.717477798461914,36.14854431152344,33.92534255981445,11.462395668029785
1771501698.0059953,3.6444337368011475,14.1681489944458,0.0,22.545461654663086,36.106300354003906,33.71745300292969,11.322962760925293
1771501698.0380285,4.4802069664001465,14.420879364013672,0.0,23.085893630981445,36.82619857788086,34.467559814453125,11.95113468170166
1771501698.0855455,3.3140549659729004,13.847582817077637,0.0,22.43473243713379,35.86615753173828,33.8408088684082,11.422781944274902
1771501698.1196368,3.657125234603882,14.147520065307617,0.0,23.089550018310547,36.18558883666992,33.93871307373047,11.488639831542969
1771501698.1532457,3.8217573165893555,14.195693969726562,0.0,22.882463455200195,36.289371490478516,34.264068603515625,11.597399711608887
1771501698.1840627,4.532855033874512,14.4398775100708,0.0,23.586009979248047,36.931339263916016,34.948787689208984,11.973806381225586
1771501698.2160232,6.285198211669922,15.750219345092773,0.0,22.588886260986328,38.579200744628906,37.35662078857422,12.900678634643555
1771501698.24764,7.829178333282471,16.44967269897461,0.0,23.813535690307617,40.40696334838867,38.9323844909668,14.959914207458496
1771501698.2777052,9.442790031433105,17.12186050415039,0.0,23.820762634277344,41.58314514160156,41.38712692260742,18.29071807861328
1771501698.309765,8.576150894165039,17.084505081176758,0.0,22.97405433654785,40.58525848388672,41.44705581665039,19.879079818725586
1771501698.339781,10.241830825805664,17.94088363647461,0.0,21.79595184326172,39.146148681640625,41.55672836303711,21.933155059814453
1771501698.37329,9.672045707702637,16.949804306030273,0.0,21.04049301147461,38.17156982421875,41.115055084228516,22.51780891418457
1771501698.4063027,9.098956108093262,17.393451690673828,0.0,22.758411407470703,40.18368911743164,42.04530715942383,22.609329223632812
1771501698.4372928,9.574114799499512,17.0058650970459,0.0,21.674922943115234,39.514095306396484,41.195987701416016,22.506423950195312
1771501698.4742162,8.69633674621582,17.33765411376953,0.0,22.45907211303711,39.90391159057617,41.11897277832031,21.9326171875
1771501698.5317142,9.196600914001465,16.679563522338867,0.0,21.890514373779297,39.28926086425781,40.77804946899414,22.022294998168945
1771501698.5622194,8.935941696166992,16.525211334228516,0.0,22.29005241394043,39.057342529296875,40.62093734741211,21.31670379638672
1771501698.5942163,8.953624725341797,16.66008758544922,0.0,21.600914001464844,39.05436706542969,40.43629455566406,21.388782501220703
1771501698.6254168,8.20996379852295,15.975664138793945,0.0,22.204334259033203,38.53114700317383,39.902801513671875,20.758960723876953
1771501698.6559417,8.961129188537598,15.757535934448242,0.0,21.597248077392578,38.588314056396484,40.062538146972656,21.706369400024414
1771501698.686951,8.268183708190918,16.42995262145996,0.0,22.532041549682617,39.53020095825195,40.57882308959961,21.21471405029297
1771501698.7199523,8.793387413024902,16.02911376953125,0.0,22.08533477783203,39.695919036865234,40.71751403808594,21.74726104736328
1771501698.7494664,7.929304599761963,16.08502960205078,0.0,21.669878005981445,38.718780517578125,39.707698822021484,20.936674118041992
1771501698.7819269,8.230362892150879,16.48417091369629,0.0,21.754066467285156,38.832862854003906,40.11246109008789,21.07162857055664
1771501698.8129299,8.110367774963379,16.480451583862305,0.0,22.298398971557617,39.48596954345703,40.39041519165039,21.04224395751953
1771501698.8454406,8.283595085144043,15.10714340209961,0.0,21.656719207763672,39.166690826416016,40.16704177856445,20.99580955505371
1771501698.8774395,7.93684720993042,16.514385223388672,0.0,23.123523712158203,39.799076080322266,40.08952713012695,19.940792083740234
1771501698.9082365,7.559209823608398,15.677042007446289,0.0,23.032779693603516,39.826229095458984,39.648475646972656,19.547956466674805
1771501698.9517472,8.113712310791016,15.537359237670898,0.0,22.91578483581543,39.27248764038086,39.39640426635742,19.775747299194336
1771501698.9847484,7.318112850189209,16.483171463012695,0.0,23.352615356445312,39.13772964477539,38.4693489074707,18.354534149169922
1771501699.0127509,7.246632099151611,17.053335189819336,0.0,23.520753860473633,39.187965393066406,38.47682571411133,18.27392578125
1771501699.0452611,6.3114705085754395,16.217315673828125,0.0,23.116016387939453,38.67343521118164,38.241943359375,17.746257781982422
1771501699.0772626,6.456890106201172,17.670589447021484,0.0,24.535619735717773,39.253108978271484,37.998512268066406,17.106840133666992
1771501699.109262,5.617639064788818,17.263866424560547,0.0,24.305240631103516,38.33495330810547,37.253753662109375,16.211118698120117
1771501699.14177,6.245802402496338,17.697498321533203,0.0,24.820064544677734,38.368560791015625,36.95573043823242,16.26375961303711
1771501699.1751335,5.229176998138428,17.133468627929688,0.0,24.099964141845703,37.43825149536133,35.69409942626953,15.483942985534668
1771501699.2071395,5.549633502960205,17.828800201416016,0.0,23.970064163208008,37.43154525756836,35.07451248168945,15.103837966918945
1771501699.238163,4.8693342208862305,17.73715591430664,0.0,22.735214233398438,34.68183898925781,31.510189056396484,12.488932609558105
1771501699.2706838,3.049675226211548,16.990503311157227,0.0,20.927947998046875,32.73272705078125,29.388866424560547,10.52512264251709
1771501699.3011281,3.206141710281372,17.323013305664062,0.0,20.52134132385254,32.065467834472656,28.17303466796875,8.840662956237793
1771501699.333251,2.2627952098846436,16.009546279907227,0.0,20.56144905090332,33.001068115234375,28.510480880737305,8.365931510925293
1771501699.3807583,1.6976444721221924,14.944388389587402,0.0,20.105289459228516,33.17896270751953,28.668426513671875,8.017674446105957
1771501699.4137661,-0.011815340258181095,13.628920555114746,0.0,19.139867782592773,32.0230712890625,27.275304794311523,6.7570672035217285
1771501699.4442782,-0.8106313347816467,13.566594123840332,0.0,18.222461700439453,31.359861373901367,26.112932205200195,5.935409069061279
1771501699.480273,-0.3705379068851471,13.912705421447754,0.0,19.350093841552734,30.883188247680664,25.568822860717773,6.817076683044434
1771501699.5092788,-2.6746888160705566,13.202313423156738,0.0,17.61676597595215,28.93820571899414,24.177886962890625,6.643121719360352
1771501699.5417826,-3.1040303707122803,13.589649200439453,0.0,17.42033576965332,28.796186447143555,24.103471755981445,5.717966556549072
1771501699.574788,-4.342748165130615,13.088561058044434,0.0,17.394176483154297,27.700471878051758,23.527555465698242,5.745942115783691
1771501699.6047907,-5.553685665130615,12.417486190795898,0.0,16.215307235717773,26.506519317626953,20.611831665039062,4.203799247741699
1771501699.6368036,-8.975234985351562,10.34904670715332,0.0,15.136357307434082,22.75442123413086,17.503515243530273,1.1466219425201416
1771501699.6689708,-7.232274055480957,10.68780517578125,0.0,16.770158767700195,24.33477210998535,19.12238311767578,2.566495895385742
1771501699.7039697,-8.722991943359375,10.3363618850708,0.0,15.837137222290039,22.94515609741211,17.414899826049805,1.5419723987579346
1771501699.732994,-9.037275314331055,10.658870697021484,0.0,15.420162200927734,22.285343170166016,16.35912322998047,1.1441583633422852
1771501699.7684941,-8.678421974182129,10.027961730957031,0.0,16.5975341796875,22.656314849853516,16.80672836303711,2.1961216926574707
1771501699.8135061,-11.629512786865234,8.245972633361816,0.0,13.823088645935059,21.070261001586914,16.093978881835938,1.5596221685409546
1771501699.847171,-15.462142944335938,7.2281107902526855,0.0,8.867900848388672,18.799728393554688,14.749311447143555,0.0
1771501699.8999367,-15.045302391052246,7.716759204864502,0.0,8.642885208129883,20.03388214111328,16.508337020874023,0.0
1771501699.9309404,-14.042095184326172,9.186117172241211,0.0,8.90919303894043,19.95756721496582,16.41973114013672,0.0
1771501699.963449,-10.146382331848145,9.875046730041504,0.0,11.506122589111328,24.22350311279297,20.558696746826172,0.47104161977767944
1771501699.9934504,-8.252790451049805,9.631462097167969,0.0,8.33963394165039,24.179197311401367,21.41241455078125,2.381066083908081
1771501700.0234587,-4.06795597076416,11.991573333740234,0.0,11.121302604675293,27.992511749267578,25.00587272644043,5.13720703125
1771501700.0559657,0.7030231356620789,12.65060043334961,0.0,9.758478164672852,27.742647171020508,26.898372650146484,8.083380699157715
1771501700.0860028,2.4401066303253174,13.435604095458984,0.0,11.002180099487305,29.43416976928711,27.856765747070312,7.893408298492432
1771501700.1050012,3.511004686355591,14.191969871520996,0.0,7.971762657165527,26.826881408691406,26.811691284179688,10.007628440856934
1771501700.137007,5.270854473114014,14.320653915405273,0.0,8.587952613830566,29.02911376953125,29.406524658203125,12.281549453735352
1771501700.1665218,4.806686878204346,13.602816581726074,0.0,3.293250799179077,21.916595458984375,24.327741622924805,9.996036529541016
1771501700.2005296,5.5427398681640625,15.444598197937012,0.0,6.307641506195068,26.202320098876953,27.5927677154541,11.358068466186523
1771501700.2460654,3.9634296894073486,15.121979713439941,0.0,5.814522743225098,24.53078269958496,26.40953826904297,10.115473747253418
1771501700.2828777,3.992509365081787,13.826175689697266,0.0,4.590840816497803,24.02924156188965,25.814929962158203,10.131526947021484
1771501700.3088892,3.7903263568878174,15.643298149108887,0.0,6.054309368133545,24.98725700378418,26.1932315826416,10.549847602844238
1771501700.3433905,2.824805498123169,13.872188568115234,0.0,5.361245632171631,24.289634704589844,26.106792449951172,9.513318061828613
1771501700.3733864,2.694936752319336,13.6814603805542,0.0,4.8148064613342285,24.066287994384766,25.73141098022461,9.93439769744873
1771501700.4053903,2.6847333908081055,14.109569549560547,0.0,2.9014649391174316,20.964439392089844,23.538623809814453,9.328832626342773
1771501700.43739,2.8048181533813477,14.379441261291504,0.0,4.264777183532715,22.91020393371582,24.52149200439453,9.695719718933105
1771501700.4694703,1.5448884963989258,13.974839210510254,0.0,2.450819730758667,19.945659637451172,22.42772102355957,8.584683418273926
1771501700.502459,1.0838313102722168,12.750877380371094,0.0,0.6577702164649963,19.27333641052246,21.90094757080078,8.777064323425293
1771501700.5334613,2.01926589012146,14.979083061218262,0.0,4.980165481567383,23.40088653564453,25.209430694580078,9.390563011169434
1771501700.5666857,2.068537712097168,12.211723327636719,0.0,1.5450650453567505,20.106430053710938,23.06927490234375,9.654072761535645
1771501700.5976887,1.3986330032348633,14.260113716125488,0.0,3.0753977298736572,22.074249267578125,24.6585693359375,9.610851287841797
1771501700.6287098,1.9555046558380127,13.364041328430176,0.0,3.4842097759246826,23.324689865112305,25.404340744018555,10.194276809692383
1771501700.6772468,2.5615148544311523,13.728086471557617,0.0,1.8967429399490356,20.509714126586914,23.48067283630371,9.566905975341797
1771501700.7102432,1.9607282876968384,14.40561580657959,0.0,2.852275848388672,22.208040237426758,25.02912139892578,10.5935640335083
1771501700.740237,2.4005637168884277,13.28329086303711,0.0,2.865619659423828,22.076717376708984,24.885318756103516,10.42566967010498
1771501700.7747552,2.5594427585601807,14.574848175048828,0.0,4.783548355102539,23.8211669921875,26.163564682006836,10.337776184082031
1771501700.8077476,2.321298360824585,11.77299690246582,0.0,0.4396469295024872,20.268802642822266,24.29281234741211,11.89450454711914
1771501700.842781,4.724409103393555,12.768769264221191,0.0,5.161243915557861,23.510663986206055,26.80477523803711,13.481413841247559
1771501700.8731031,5.265420436859131,13.806862831115723,0.0,5.978116512298584,24.317337036132812,27.34055519104004,14.213577270507812
1771501700.9050949,5.410805702209473,14.010614395141602,0.0,6.137662887573242,23.994094848632812,27.27963638305664,14.05315113067627
1771501700.9361014,5.742234230041504,13.757084846496582,0.0,7.890840530395508,26.224449157714844,29.016525268554688,15.099344253540039
1771501700.9693527,7.169112682342529,14.592979431152344,0.0,11.233888626098633,29.322898864746094,31.64470672607422,16.41416358947754
1771501700.9999003,7.560614585876465,15.300605773925781,0.0,9.528908729553223,26.31830596923828,30.076688766479492,16.80551528930664
1771501701.029905,8.927419662475586,18.82901382446289,0.0,9.158771514892578,25.184558868408203,30.269567489624023,17.124114990234375
1771501701.061432,8.164423942565918,18.019853591918945,0.0,8.787052154541016,24.564611434936523,28.968015670776367,16.540719985961914
1771501701.11153,10.808906555175781,20.88465118408203,0.0,13.921566009521484,29.761030197143555,33.78916931152344,18.86948013305664
1771501701.141543,10.81950855255127,22.553813934326172,0.0,13.29078197479248,28.535280227661133,33.50110626220703,18.37135124206543
1771501701.1730955,11.707239151000977,22.64394760131836,0.0,10.91053295135498,26.685800552368164,31.543987274169922,18.962932586669922
1771501701.2066815,11.702495574951172,23.375722885131836,0.0,15.64113998413086,31.90241241455078,36.00926971435547,20.37354850769043
1771501701.262597,12.020413398742676,23.684410095214844,0.0,16.820323944091797,32.20603561401367,36.82121658325195,18.846139907836914
1771501701.2946017,10.999832153320312,20.39183807373047,0.0,14.901042938232422,31.508682250976562,35.389312744140625,17.524200439453125
1771501701.3245964,10.738899230957031,18.207544326782227,0.0,13.606087684631348,29.953195571899414,33.43868637084961,17.997493743896484
1771501701.358149,9.903968811035156,17.515840530395508,0.0,10.631314277648926,27.603782653808594,30.7365665435791,15.620935440063477
1771501701.3891065,8.582484245300293,15.953741073608398,0.0,8.598404884338379,25.217714309692383,29.144140243530273,15.391253471374512
1771501701.4201038,8.46146011352539,16.84745979309082,0.0,10.37358570098877,26.74772071838379,31.29804039001465,16.82781410217285
1771501701.4516196,9.593121528625488,17.63796615600586,0.0,13.951711654663086,30.168148040771484,33.70877456665039,17.913190841674805
1771501701.4836252,9.75924301147461,19.621994018554688,0.0,19.674726486206055,35.638160705566406,37.89173889160156,17.65382957458496
1771501701.513616,10.431197166442871,19.609912872314453,0.0,15.963826179504395,33.194740295410156,36.48274230957031,17.036691665649414
1771501701.547142,11.094589233398438,20.633026123046875,0.0,19.07486343383789,36.248355865478516,38.59803771972656,18.79024887084961
1771501701.5781417,10.388554573059082,19.58272361755371,0.0,16.064510345458984,32.51597595214844,35.008888244628906,15.625043869018555
1771501701.610143,11.139420509338379,20.76649284362793,0.0,23.18138313293457,39.50154113769531,40.72917556762695,17.75464630126953
1771501701.641153,8.388897895812988,21.201995849609375,0.0,20.951969146728516,35.94034957885742,37.432395935058594,14.59383773803711
1771501701.6716485,9.324810981750488,20.165847778320312,0.0,19.107135772705078,34.55831527709961,36.510536193847656,15.591604232788086
1771501701.7036583,7.573726177215576,20.326448440551758,0.0,23.076547622680664,37.26203155517578,37.04389190673828,12.875394821166992
1771501701.7356534,6.343435287475586,17.718528747558594,0.0,25.750261306762695,38.806495666503906,38.36955261230469,13.140907287597656
1771501701.767194,6.621799945831299,17.57436752319336,0.0,26.87761688232422,38.36412811279297,37.40879821777344,12.171225547790527
1771501701.797187,4.610928535461426,15.52071762084961,0.0,26.495380401611328,38.56258010864258,35.75224304199219,10.569145202636719
1771501701.8282118,1.6744885444641113,13.340362548828125,0.0,26.210948944091797,36.81643295288086,31.493282318115234,7.0096821784973145
1771501701.8627422,0.38382604718208313,12.928309440612793,0.0,24.785127639770508,35.05622100830078,29.456090927124023,6.7954325675964355
1771501701.8927429,0.4673878848552704,13.52580451965332,0.0,24.652217864990234,34.020362854003906,28.850006103515625,6.398304462432861
1771501701.9407449,0.4121285378932953,12.900705337524414,0.0,23.832542419433594,33.869266510009766,28.442337036132812,6.276161193847656
1771501701.9782014,-1.9811090230941772,12.49244499206543,0.0,21.5938777923584,31.77145767211914,26.290220260620117,5.038575649261475
1771501702.0064895,-2.072291851043701,12.541046142578125,0.0,21.228939056396484,32.173683166503906,26.38167381286621,5.700881481170654
1771501702.0374987,-1.2874212265014648,12.587788581848145,0.0,20.89645004272461,33.09086608886719,27.532657623291016,6.193953037261963
1771501702.0730426,-1.6337025165557861,12.645425796508789,0.0,20.97266387939453,33.040008544921875,27.581199645996094,6.097593784332275
1771501702.1015894,-2.2019994258880615,12.649487495422363,0.0,20.840322494506836,31.95125389099121,26.11356544494629,5.269618988037109
1771501702.1346753,-1.6159788370132446,13.672855377197266,0.0,21.916208267211914,32.53952407836914,26.157901763916016,5.294873237609863
1771501702.1652055,-1.8945369720458984,13.16161823272705,0.0,21.476076126098633,32.72732925415039,26.63986587524414,5.842544078826904
1771501702.1971965,-1.5179712772369385,12.988670349121094,0.0,21.659095764160156,32.57954025268555,26.55265998840332,5.6452741622924805
1771501702.229191,-1.4119384288787842,12.965412139892578,0.0,22.261795043945312,32.60731506347656,26.681787490844727,5.871891498565674
1771501702.2616813,-2.04003643989563,12.182958602905273,0.0,21.27876853942871,32.34878921508789,26.329498291015625,5.795202732086182
1771501702.2946784,-2.0167925357818604,12.654820442199707,0.0,21.70332145690918,32.23273468017578,26.147762298583984,5.661283493041992
1771501702.3276796,-1.4750070571899414,12.58523941040039,0.0,22.25836181640625,32.409976959228516,26.305015563964844,6.043375015258789
1771501702.3742113,-1.7130310535430908,12.854239463806152,0.0,22.26940155029297,32.03829574584961,26.085569381713867,5.975127696990967
1771501702.4082122,-1.4789413213729858,12.621471405029297,0.0,22.626951217651367,32.11396026611328,26.204648971557617,6.316465854644775
1771501702.4372141,-1.3938462734222412,12.743979454040527,0.0,22.358661651611328,32.31919860839844,26.273195266723633,5.7409892082214355
1771501702.4692352,-2.5015504360198975,12.287320137023926,0.0,22.063899993896484,31.31859016418457,25.647388458251953,5.553460121154785
1771501702.5022376,-2.1250834465026855,12.373147010803223,0.0,22.312297821044922,31.6431827545166,25.99538230895996,5.831348419189453
1771501702.533244,-2.5711967945098877,12.397490501403809,0.0,21.46022605895996,31.589515686035156,25.978900909423828,5.24460506439209
1771501702.5651553,-3.2975144386291504,12.310834884643555,0.0,21.02284049987793,30.75124168395996,25.175382614135742,4.727027893066406
1771501702.623947,-2.7003626823425293,12.183313369750977,0.0,21.4396915435791,31.562915802001953,25.996253967285156,5.679996490478516
1771501702.6564798,-1.9192285537719727,12.540310859680176,0.0,21.75311279296875,31.572166442871094,26.09343910217285,5.303279399871826
1771501702.685477,-1.8865400552749634,12.233177185058594,0.0,21.04644203186035,31.95768928527832,27.0390625,5.977182865142822
1771501702.7176795,-2.0750532150268555,12.374213218688965,0.0,20.957616806030273,32.096405029296875,26.429662704467773,5.6554646492004395
1771501702.749209,-2.0084497928619385,12.209787368774414,0.0,21.08441734313965,32.29399490356445,26.637542724609375,5.7193756103515625
1771501702.7800436,-1.6387988328933716,12.788593292236328,0.0,22.368698120117188,32.165428161621094,26.6934814453125,5.930495738983154
1771501702.8110292,-3.937910556793213,11.006997108459473,0.0,20.5091495513916,30.306732177734375,25.086524963378906,5.094222545623779
1771501702.8420322,-4.4587082862854,11.302331924438477,0.0,19.970157623291016,29.810449600219727,24.6950740814209,4.288205146789551
1771501702.8735554,-4.743156433105469,11.598384857177734,0.0,19.7356014251709,29.391014099121094,24.460472106933594,4.197861671447754
1771501702.9045563,-5.016913414001465,11.44526481628418,0.0,19.23745346069336,28.982107162475586,24.0792236328125,3.5968899726867676
1771501702.9355795,-4.9310760498046875,11.366929054260254,0.0,19.631155014038086,29.01034164428711,24.208887100219727,3.973987579345703
1771501702.9659085,-4.600073337554932,11.214126586914062,0.0,19.82797622680664,29.702659606933594,24.90791893005371,4.522556781768799
1771501703.0015762,-4.174200534820557,11.575091361999512,0.0,20.429779052734375,30.16072654724121,25.091035842895508,4.372093200683594
1771501703.0295706,-4.362504482269287,11.273763656616211,0.0,20.248502731323242,30.14497947692871,24.94518280029297,4.309804916381836
1771501703.061726,-4.139258861541748,11.39210033416748,0.0,20.175317764282227,30.381900787353516,25.452789306640625,4.7009782791137695
1771501703.0927198,-3.730128526687622,11.520988464355469,0.0,20.516965866088867,30.48038673400879,25.645666122436523,4.95569372177124
1771501703.1277168,-3.143462657928467,11.960007667541504,0.0,20.985671997070312,30.7899112701416,25.508695602416992,4.602330684661865
1771501703.1578507,-4.451226711273193,11.312417030334473,0.0,20.316497802734375,29.645523071289062,24.85763931274414,4.2732462882995605
1771501703.188849,-4.3656392097473145,11.490838050842285,0.0,19.951967239379883,29.870731353759766,24.89662742614746,3.922100305557251
1771501703.2375112,-4.434434413909912,11.38183307647705,0.0,20.36101722717285,29.715900421142578,24.96190643310547,4.023817539215088
1771501703.27403,-4.242894649505615,11.343280792236328,0.0,20.374855041503906,29.991008758544922,25.323833465576172,4.147679328918457
1771501703.30103,-4.643757343292236,11.164180755615234,0.0,20.196292877197266,29.514522552490234,25.054840087890625,4.088559627532959
1771501703.3330421,-5.564247131347656,10.994515419006348,0.0,19.178760528564453,28.552221298217773,23.758975982666016,2.9824955463409424
1771501703.3662264,-4.817588806152344,11.253270149230957,0.0,19.956804275512695,29.347597122192383,24.701128005981445,3.7105884552001953
1771501703.3962271,-4.4415106773376465,11.481219291687012,0.0,20.6840877532959,28.99958610534668,25.39784049987793,3.5621273517608643
1771501703.4292336,-2.9294674396514893,12.335990905761719,0.0,20.53746223449707,31.059358596801758,26.41773223876953,4.5904436111450195
1771501703.460748,-3.20937180519104,11.980478286743164,0.0,20.732053756713867,30.797138214111328,26.34610939025879,5.0103349685668945
1771501703.4927475,-3.8414483070373535,11.458305358886719,0.0,20.042022705078125,30.565011978149414,26.154804229736328,4.727372169494629
1771501703.5247512,-3.5774893760681152,11.894816398620605,0.0,20.335275650024414,30.603349685668945,26.205862045288086,4.870537281036377
1771501703.5562723,-3.447941303253174,11.882635116577148,0.0,20.757890701293945,30.942258834838867,26.536659240722656,5.286985874176025
1771501703.5922625,-3.5852255821228027,12.070943832397461,0.0,20.349258422851562,31.07687759399414,26.476919174194336,4.9162068367004395
1771501703.625272,-2.833634853363037,12.665902137756348,0.0,20.66071319580078,31.583187103271484,27.284849166870117,5.190245151519775
1771501703.6698196,-2.5803756713867188,13.15519905090332,0.0,20.869922637939453,31.713991165161133,27.464256286621094,5.356703281402588
1771501703.7018163,-1.9237204790115356,13.226959228515625,0.0,21.39837646484375,32.877811431884766,28.4309024810791,5.813121318817139
1771501703.7328286,-1.8267120122909546,13.189697265625,0.0,20.991003036499023,32.822349548339844,28.923856735229492,6.002518177032471
1771501703.7683337,-3.933093309402466,12.342516899108887,0.0,19.275087356567383,31.178354263305664,27.24234390258789,5.307308673858643
1771501703.7993357,-2.3928966522216797,13.20440673828125,0.0,20.16488265991211,31.860654830932617,27.835054397583008,5.551657199859619
1771501703.8313289,-1.7919470071792603,13.379495620727539,0.0,21.042320251464844,32.28921890258789,27.997556686401367,5.856740951538086
1771501703.86142,-2.7115566730499268,13.847375869750977,0.0,20.965391159057617,31.317365646362305,26.82217788696289,4.554530143737793
1771501703.893422,-4.509550094604492,12.43776798248291,0.0,19.161977767944336,29.50244903564453,24.82628631591797,2.8929758071899414
1771501703.9273732,-4.030471324920654,12.344281196594238,0.0,20.1846866607666,30.316091537475586,27.149511337280273,3.7109572887420654
1771501703.9882944,-3.2465949058532715,11.635456085205078,0.0,20.067523956298828,31.524065017700195,28.319791793823242,5.042486190795898
1771501704.0192952,-3.5571820735931396,11.498270034790039,0.0,20.05319595336914,31.19972038269043,27.511964797973633,5.051076889038086
1771501704.0508087,-3.1841683387756348,11.588228225708008,0.0,20.58249855041504,31.69193458557129,27.927349090576172,5.583413124084473
1771501704.081807,-2.7977559566497803,11.976593971252441,0.0,20.45334243774414,31.734432220458984,28.666715621948242,6.095284938812256
1771501704.1138108,-2.735600233078003,11.94334602355957,0.0,20.48831558227539,32.38688659667969,28.794973373413086,6.21725606918335
1771501704.1448328,-2.517049551010132,12.588065147399902,0.0,20.95317840576172,32.162330627441406,28.78223419189453,5.991133213043213
1771501704.176357,-2.3117318153381348,12.26795482635498,0.0,20.945207595825195,32.43449783325195,29.75686264038086,6.7066779136657715
1771501704.208363,-1.0819318294525146,13.366004943847656,0.0,22.00840950012207,34.054264068603516,30.24072265625,6.847055435180664
1771501704.2393663,-0.1286477893590927,14.021594047546387,0.0,22.519350051879883,34.285804748535156,30.31634521484375,7.4659271240234375
1771501704.2698774,0.3383691608905792,14.529541015625,0.0,23.74981689453125,34.933265686035156,30.75411033630371,7.546840190887451
1771501704.30088,-1.0651355981826782,14.573806762695312,0.0,22.18536376953125,33.0549201965332,28.727022171020508,6.22791862487793
1771501704.3319027,-1.240480899810791,13.868858337402344,0.0,21.421337127685547,32.841060638427734,28.984132766723633,6.756720066070557
1771501704.3635027,-2.7025344371795654,12.280011177062988,0.0,19.123384475708008,30.464506149291992,26.44699478149414,5.676390647888184
1771501704.3964972,-3.8942344188690186,11.168604850769043,0.0,18.166336059570312,29.392332077026367,26.111801147460938,5.035849094390869
1771501704.427498,-3.0613975524902344,12.455418586730957,0.0,19.449148178100586,30.070608139038086,26.6256103515625,5.038487434387207
1771501704.459018,-2.1924080848693848,12.55400276184082,0.0,18.447994232177734,30.410776138305664,27.357542037963867,5.988772869110107
1771501704.490018,-1.75028395652771,13.112594604492188,0.0,19.644121170043945,31.06946563720703,28.18227767944336,6.267696380615234
1771501704.536025,-1.71663498878479,12.733678817749023,0.0,19.88311195373535,31.349987030029297,28.648574829101562,6.860247611999512
1771501704.5692635,-1.737089991569519,12.649515151977539,0.0,20.28178596496582,31.581932067871094,28.272750854492188,6.82902717590332
1771501704.601236,-3.3875162601470947,12.164380073547363,0.0,19.743431091308594,30.866878509521484,27.571754455566406,5.509917259216309
1771501704.6332567,-3.018740177154541,12.393507957458496,0.0,20.314306259155273,31.204343795776367,27.84627342224121,6.103203296661377
1771501704.665465,-2.262204170227051,12.797420501708984,0.0,19.949426651000977,31.480911254882812,28.34705352783203,6.430428504943848
1771501704.6954637,-2.4842419624328613,12.445321083068848,0.0,20.486732482910156,31.921321868896484,28.16330909729004,6.527304172515869
1771501704.7264621,-2.190401792526245,12.747417449951172,0.0,20.672075271606445,32.105987548828125,28.955516815185547,6.798526287078857
1771501704.7585137,-2.2275643348693848,11.973616600036621,0.0,19.578054428100586,31.95195770263672,28.91322135925293,7.534581661224365
1771501704.7905047,-2.533831834793091,11.67520523071289,0.0,20.41731071472168,32.333534240722656,28.87984848022461,7.320851802825928
1771501704.8205116,-2.8971168994903564,12.232831001281738,0.0,21.095794677734375,32.54726028442383,28.7699031829834,6.521981239318848
1771501704.854037,-2.7959818840026855,12.582502365112305,0.0,20.871782302856445,31.916900634765625,28.421871185302734,6.023064136505127
1771501704.8861034,-3.4147231578826904,12.778072357177734,0.0,20.79137420654297,31.435298919677734,27.53237533569336,5.23574686050415
1771501704.9171014,-2.364264488220215,13.091727256774902,0.0,21.577110290527344,31.71839141845703,28.25039291381836,6.036324977874756
1771501704.965934,-2.971851110458374,12.640137672424316,0.0,20.892133712768555,31.189735412597656,27.661632537841797,5.743017673492432
1771501704.9979892,-2.750087022781372,12.2791748046875,0.0,20.86048126220703,31.579389572143555,27.86612892150879,6.4664740562438965
1771501705.029953,-3.2897560596466064,12.582975387573242,0.0,20.491973876953125,31.383188247680664,27.501575469970703,5.652571201324463
1771501705.0616925,-3.5678133964538574,12.136034965515137,0.0,20.509855270385742,31.145748138427734,27.630672454833984,5.881655693054199
1771501705.0946953,-4.210786819458008,11.879705429077148,0.0,19.865678787231445,30.553895950317383,27.007490158081055,5.240431308746338
1771501705.126083,-3.6518056392669678,12.489960670471191,0.0,20.827377319335938,31.356834411621094,27.411365509033203,5.807453155517578
1771501705.1575985,-3.1188526153564453,12.394381523132324,0.0,20.964704513549805,31.562049865722656,27.5191707611084,5.899189472198486
1771501705.1895988,-3.668916940689087,12.09775161743164,0.0,20.350425720214844,30.80972671508789,27.010372161865234,5.847635269165039
1771501705.223599,-4.55584716796875,11.730774879455566,0.0,19.6201114654541,30.147680282592773,26.18851661682129,5.006953239440918
1771501705.2537048,-4.5769171714782715,11.408068656921387,0.0,20.1189022064209,30.61183738708496,26.638195037841797,5.257948398590088
1771501705.2889388,-4.1027140617370605,11.671733856201172,0.0,19.96807098388672,30.295320510864258,26.601764678955078,5.102799892425537
1771501705.3408778,-4.955839157104492,11.796817779541016,0.0,19.663516998291016,29.96412467956543,26.109163284301758,4.622505187988281
1771501705.3709977,-4.058116436004639,11.527982711791992,0.0,19.617450714111328,30.03017234802246,26.75306510925293,5.043766021728516
1771501705.4310546,-4.253670692443848,11.846039772033691,0.0,19.785371780395508,30.421955108642578,26.42965316772461,5.099275588989258
1771501705.4626098,-3.888458490371704,12.160642623901367,0.0,19.94054412841797,30.424280166625977,26.850767135620117,5.165589332580566
1771501705.493802,-3.9772531986236572,12.60738754272461,0.0,20.186752319335938,30.71129608154297,26.745595932006836,4.861660957336426
1771501705.5267997,-5.024784564971924,11.620363235473633,0.0,19.028366088867188,29.47110366821289,25.829011917114258,4.4841437339782715
1771501705.557315,-4.813386917114258,12.820906639099121,0.0,19.825531005859375,30.422374725341797,26.200315475463867,4.470244884490967
1771501705.5884755,-4.454259872436523,11.385351181030273,0.0,19.11661720275879,30.193735122680664,26.54202651977539,5.236758232116699
1771501705.6214218,-4.703869342803955,11.81493854522705,0.0,19.50147247314453,29.973825454711914,26.427143096923828,5.294126510620117
1771501705.6529229,-4.301064491271973,11.520933151245117,0.0,19.072851181030273,29.916471481323242,26.49283790588379,5.1753997802734375
1771501705.6840444,-4.579611301422119,11.67659854888916,0.0,19.436521530151367,29.89347267150879,26.396821975708008,5.065831184387207
1771501705.714021,-4.972681522369385,11.172791481018066,0.0,18.64076042175293,29.489566802978516,26.087528228759766,4.814767360687256
1771501705.7475297,-4.014241695404053,12.20307731628418,0.0,19.604190826416016,30.48146629333496,26.548843383789062,5.176895618438721
1771501705.776096,-4.513484477996826,11.483448028564453,0.0,18.47805404663086,29.932952880859375,26.552173614501953,5.155294418334961
1771501705.8291023,-4.252429485321045,12.855420112609863,0.0,19.996170043945312,30.722848892211914,26.708513259887695,4.983969211578369
1771501705.8616383,-5.482045650482178,10.436516761779785,0.0,18.167417526245117,29.43168067932129,25.87517738342285,4.8401618003845215
1771501705.8856385,-4.374655246734619,12.789119720458984,0.0,20.162750244140625,30.924530029296875,26.86226463317871,5.0689520835876465
1771501705.9186397,-5.475060939788818,10.612658500671387,0.0,18.16402244567871,29.213422775268555,25.824817657470703,4.523640155792236
1771501705.9508085,-5.121854782104492,12.046359062194824,0.0,19.529382705688477,29.997833251953125,25.86804962158203,4.424882888793945
1771501705.9832995,-4.438324928283691,11.491632461547852,0.0,18.797826766967773,30.1434268951416,26.51221466064453,4.962231636047363
1771501706.013074,-4.536187648773193,12.15808391571045,0.0,19.69322395324707,30.397050857543945,26.487468719482422,5.28414249420166
1771501706.0461066,-3.9882702827453613,11.504308700561523,0.0,18.727027893066406,30.500469207763672,27.11056137084961,5.860450744628906
1771501706.0766206,-4.012466907501221,12.167539596557617,0.0,18.795875549316406,30.447351455688477,26.620914459228516,5.073296070098877
1771501706.1076417,-3.251084566116333,12.553872108459473,0.0,19.752029418945312,31.302827835083008,27.701780319213867,5.565818786621094
1771501706.1386962,-3.3437933921813965,11.874480247497559,0.0,19.46775245666504,30.94878578186035,27.651426315307617,5.924253940582275
1771501706.170804,-4.523209571838379,11.837931632995605,0.0,18.571609497070312,29.95330810546875,26.375139236450195,4.811861991882324
1771501706.2128005,-3.5970187187194824,12.279280662536621,0.0,19.066553115844727,30.841691970825195,27.802600860595703,5.286555767059326
1771501706.2614002,-3.815258502960205,11.821462631225586,0.0,18.562911987304688,30.147245407104492,26.960115432739258,4.8691325187683105
1771501706.294392,-3.4959142208099365,12.120645523071289,0.0,19.047931671142578,31.115013122558594,27.42668342590332,5.116259574890137
1771501706.3273525,-3.532165765762329,11.750234603881836,0.0,19.041841506958008,30.9517765045166,27.445589065551758,5.4233198165893555
1771501706.359869,-4.597174644470215,11.189397811889648,0.0,17.950374603271484,29.92675018310547,27.063234329223633,4.843544006347656
1771501706.3909447,-4.1810407638549805,11.600919723510742,0.0,18.27410125732422,30.00728416442871,27.128114700317383,5.092516899108887
1771501706.4228754,-4.441158294677734,11.73054313659668,0.0,17.94190216064453,30.00399398803711,26.497663497924805,4.5707106590271
1771501706.454414,-4.359798431396484,11.326918601989746,0.0,17.01603126525879,29.831836700439453,27.70421028137207,4.934691429138184
1771501706.4863849,-4.666906356811523,11.247472763061523,0.0,17.69011116027832,29.491985321044922,27.015493392944336,4.587692737579346
1771501706.5173984,-3.1043264865875244,12.187300682067871,0.0,18.322481155395508,30.55550193786621,28.13726806640625,5.841049671173096
1771501706.5489955,-4.066618919372559,11.456392288208008,0.0,17.42487907409668,29.678964614868164,27.370107650756836,5.364579200744629
1771501706.5820215,-2.9540951251983643,11.901719093322754,0.0,18.135160446166992,30.493865966796875,27.7238712310791,5.602250099182129
1771501706.6139882,-1.9679932594299316,11.964519500732422,0.0,19.083879470825195,31.303878784179688,28.655086517333984,6.601901531219482
1771501706.6450536,-1.1549649238586426,12.231497764587402,0.0,19.687211990356445,31.84278678894043,29.734230041503906,7.279819488525391
1771501706.6928306,-1.8501168489456177,11.613377571105957,0.0,19.278697967529297,31.03373146057129,29.173742294311523,6.87708854675293
1771501706.7258441,-2.3437156677246094,12.359210968017578,0.0,19.442859649658203,30.699769973754883,27.988500595092773,5.768631935119629
1771501706.7553508,-1.8686549663543701,12.749185562133789,0.0,20.226972579956055,31.1397705078125,28.965927124023438,6.161429405212402
1771501706.791363,-1.4583691358566284,13.008159637451172,0.0,19.707679748535156,30.977535247802734,28.67021369934082,6.1248579025268555
1771501706.8183627,-1.9417831897735596,12.553494453430176,0.0,20.040592193603516,31.211183547973633,28.562091827392578,6.4709696769714355
1771501706.8484533,-2.435046434402466,12.575180053710938,0.0,20.30500602722168,30.986669540405273,28.492568969726562,6.08788537979126
1771501706.8802264,-2.0841121673583984,12.818044662475586,0.0,20.585155487060547,31.65291404724121,29.059120178222656,6.120561122894287
1771501706.912238,-2.276008367538452,12.661518096923828,0.0,20.633323669433594,31.32576560974121,28.80600357055664,5.895985126495361
1771501706.9431808,-1.7043765783309937,13.333033561706543,0.0,20.84941291809082,31.949918746948242,29.062498092651367,6.170516014099121
1771501706.9740975,-1.7022826671600342,13.231022834777832,0.0,21.123497009277344,31.735620498657227,28.862789154052734,6.043444633483887
1771501707.0140316,-2.9637813568115234,12.825522422790527,0.0,20.603803634643555,31.685810089111328,28.761356353759766,6.149872779846191
1771501707.0485458,-1.7072248458862305,13.07557201385498,0.0,21.20730972290039,32.1986198425293,29.08924674987793,6.505455017089844
1771501707.079563,-1.0863229036331177,13.064165115356445,0.0,20.58631134033203,32.07329177856445,29.220293045043945,6.527699947357178
1771501707.1246111,-1.2650426626205444,12.678106307983398,0.0,20.127822875976562,32.035362243652344,29.196483612060547,6.836824417114258
1771501707.147605,-1.211513876914978,12.736186981201172,0.0,20.087095260620117,31.96137809753418,29.1970157623291,6.708029270172119
1771501707.1781402,-1.718797206878662,12.64292049407959,0.0,19.81932830810547,31.79495620727539,29.20659828186035,6.661338806152344
1771501707.2101421,-1.8693815469741821,12.466588020324707,0.0,19.83441925048828,32.02241134643555,29.224424362182617,6.76997184753418
1771501707.242146,-1.7782491445541382,12.877581596374512,0.0,20.10161781311035,31.96398162841797,28.964866638183594,6.710638523101807
1771501707.2747273,-2.2067506313323975,12.753710746765137,0.0,20.2949275970459,31.803306579589844,28.5819034576416,6.397458553314209
1771501707.3047261,-1.9015920162200928,13.027106285095215,0.0,20.570985794067383,32.46603012084961,28.806238174438477,6.368513107299805
1771501707.336733,-2.335200309753418,12.465164184570312,0.0,20.47170066833496,32.18771743774414,28.520183563232422,6.438669681549072
1771501707.3670309,-2.850691318511963,12.234811782836914,0.0,20.840133666992188,32.19340515136719,27.994985580444336,6.4891676902771
1771501707.4140258,-1.873155117034912,12.945059776306152,0.0,20.966951370239258,32.587501525878906,28.56418800354004,6.5142669677734375
1771501707.4460304,-2.095961809158325,12.89781379699707,0.0,21.070993423461914,32.547019958496094,28.134536743164062,5.941984176635742
1771501707.4786735,-2.3257265090942383,12.950654983520508,0.0,20.96967315673828,32.342681884765625,28.04814338684082,6.086601734161377
1771501707.5246804,-0.9877166748046875,14.092432975769043,0.0,22.245939254760742,33.421722412109375,29.29024314880371,6.748285293579102
1771501707.5612097,-2.2949953079223633,12.707091331481934,0.0,20.839523315429688,31.930335998535156,27.754297256469727,5.861257076263428
1771501707.5872142,-2.259122371673584,13.080900192260742,0.0,21.18265724182129,32.619911193847656,28.156801223754883,5.915676116943359
1771501707.6173115,-2.4300684928894043,12.854652404785156,0.0,20.893165588378906,32.08058547973633,27.921205520629883,5.631873607635498
1771501707.6473193,-3.062319040298462,12.508756637573242,0.0,20.70722770690918,32.04268264770508,27.401885986328125,5.471093654632568
1771501707.680837,-2.7956244945526123,13.096181869506836,0.0,20.952922821044922,32.1434211730957,27.769617080688477,5.512388706207275
1771501707.708838,-3.410430908203125,12.70973014831543,0.0,20.41030502319336,31.38387680053711,26.896854400634766,5.1142425537109375
1771501707.7418306,-2.591813087463379,12.422648429870605,0.0,20.846668243408203,32.16912078857422,27.93012046813965,6.355892181396484
1771501707.7734559,-2.482142925262451,12.85367488861084,0.0,21.390310287475586,32.291900634765625,27.829622268676758,6.10983943939209
1771501707.8134744,-2.19236159324646,13.705157279968262,0.0,21.920015335083008,32.83564376831055,27.517364501953125,5.7344231605529785
1771501707.8454893,-2.5778775215148926,12.80688762664795,0.0,21.3033390045166,32.680904388427734,27.90380859375,6.18256950378418
1771501707.8771808,-2.1953158378601074,12.783860206604004,0.0,21.32124900817871,32.56017303466797,27.933984756469727,6.485254764556885
1771501707.9111838,-3.178286552429199,12.479804992675781,0.0,20.88682746887207,31.77242660522461,27.062641143798828,5.828965187072754
1771501707.9577088,-2.495697259902954,13.35499095916748,0.0,21.356746673583984,32.50523376464844,27.458127975463867,6.256682395935059
1771501707.9884527,-2.3693606853485107,12.542817115783691,0.0,20.8940486907959,32.058834075927734,27.64864730834961,6.176513195037842
1771501708.0081298,-2.790210723876953,13.166561126708984,0.0,21.40586280822754,32.17485427856445,27.30853843688965,5.8733415603637695
1771501708.0391474,-1.798300862312317,12.60148811340332,0.0,20.8992919921875,32.50555419921875,27.900863647460938,6.821657657623291
1771501708.0704691,-2.104522466659546,13.325448989868164,0.0,22.035263061523438,33.035057067871094,27.793651580810547,6.28371524810791
1771501708.101457,-2.198009729385376,12.988638877868652,0.0,21.76239585876465,32.72858810424805,28.062828063964844,6.658213138580322
1771501708.1338902,-0.9838336706161499,13.109452247619629,0.0,22.445837020874023,33.53497314453125,28.94896125793457,7.569694519042969
1771501708.1650324,-1.9484009742736816,13.202469825744629,0.0,21.889507293701172,32.718017578125,27.689838409423828,6.497742652893066
1771501708.214034,-6.639275550842285,10.259856224060059,0.0,19.100236892700195,29.316476821899414,25.023773193359375,4.427675247192383
1771501708.2471058,-8.284026145935059,8.963129043579102,0.0,17.745140075683594,27.66023063659668,22.39212417602539,2.9847850799560547
1771501708.2766519,-10.308422088623047,8.019350051879883,0.0,15.8240385055542,26.34563446044922,20.681095123291016,1.7964709997177124
1771501708.309575,-10.159323692321777,8.191580772399902,0.0,14.957711219787598,26.222375869750977,20.850830078125,2.2351648807525635
1771501708.3436618,-10.36503791809082,8.29355525970459,0.0,15.633435249328613,25.74333381652832,20.14364242553711,1.7687398195266724
1771501708.389179,-8.899331092834473,8.986296653747559,0.0,16.561071395874023,27.46018409729004,21.9466552734375,2.944561243057251
1771501708.4281757,-8.832551002502441,8.872797966003418,0.0,16.7962646484375,26.583450317382812,21.620506286621094,2.599437952041626
1771501708.4606986,-8.723471641540527,9.148077964782715,0.0,16.97647476196289,26.5794734954834,21.451318740844727,2.4209372997283936
1771501708.4916916,-9.495221138000488,8.686609268188477,0.0,16.311870574951172,25.659608840942383,20.89739990234375,2.170135259628296
1771501708.5246906,-9.868746757507324,8.435738563537598,0.0,16.02634048461914,24.778003692626953,21.043710708618164,1.9749056100845337
1771501708.555273,-9.682648658752441,8.752379417419434,0.0,16.29894256591797,24.968650817871094,21.202608108520508,1.8370747566223145
1771501708.5872078,-10.36386775970459,8.817142486572266,0.0,16.167211532592773,24.403297424316406,20.855209350585938,1.8372472524642944
1771501708.6182103,-11.495396614074707,8.112095832824707,0.0,15.224220275878906,22.766319274902344,18.846818923950195,1.168044924736023
1771501708.6503477,-10.79942512512207,8.372904777526855,0.0,15.340312957763672,23.85832405090332,20.44392204284668,1.7244229316711426
1771501708.682123,-8.4783935546875,9.360754013061523,0.0,17.196054458618164,25.69867706298828,22.10288429260254,2.96593976020813
1771501708.7121215,-8.399700164794922,9.50689697265625,0.0,17.222503662109375,25.144617080688477,21.752904891967773,3.181776285171509
1771501708.744125,-9.62777328491211,9.295916557312012,0.0,16.49919891357422,23.91153335571289,19.5009708404541,1.8047319650650024
1771501708.7774885,-10.539336204528809,8.559979438781738,0.0,15.97990894317627,23.479787826538086,19.306909561157227,1.422995924949646
1771501708.8204892,-11.915218353271484,7.4035868644714355,0.0,14.351175308227539,22.50968360900879,17.23581886291504,1.2313106060028076
1771501708.853019,-12.422093391418457,7.078401565551758,0.0,13.852618217468262,22.475271224975586,15.918203353881836,0.9164011478424072
1771501708.8800414,-13.969330787658691,6.756721496582031,0.0,13.111665725708008,21.355680465698242,14.904698371887207,0.6718823313713074
1771501708.9110405,-14.3804931640625,5.972836494445801,0.0,12.5263671875,20.882247924804688,14.631085395812988,0.13972531259059906
1771501708.9430695,-15.51035213470459,5.493383884429932,0.0,10.459606170654297,19.41170310974121,13.437965393066406,0.0
1771501708.976435,-17.856595993041992,4.2173285484313965,0.0,7.897103309631348,17.46864891052246,12.681852340698242,0.0
1771501709.013573,-18.6019344329834,4.3706440925598145,0.34531253576278687,7.530593395233154,16.835487365722656,12.072851181030273,0.0
1771501709.0445814,-18.428546905517578,4.9695963859558105,0.28445807099342346,8.024666786193848,18.09699058532715,11.739102363586426,0.0
1771501709.0800972,-19.096031188964844,4.436648368835449,0.014795897528529167,7.535900115966797,16.827634811401367,11.495586395263672,0.0
1771501709.1110947,-19.24269676208496,4.243437767028809,0.42558959126472473,7.755953311920166,16.557077407836914,11.22167682647705,0.0
1771501709.141655,-19.510744094848633,3.622971534729004,0.43356233835220337,7.6266608238220215,16.29585075378418,10.967845916748047,0.0
1771501709.1739428,-19.577335357666016,3.786831855773926,0.029846221208572388,7.747622966766357,16.609670639038086,10.842094421386719,0.0
1771501709.2070355,-19.878276824951172,4.068790435791016,0.5974013805389404,7.379130840301514,15.929533958435059,9.963035583496094,0.0
1771501709.2535455,-19.337169647216797,4.155726432800293,0.3200814127922058,8.27408504486084,16.47623634338379,10.401422500610352,0.0
1771501709.285558,-18.59990882873535,4.24186897277832,0.0,8.854456901550293,16.937768936157227,10.771183967590332,0.0
1771501709.316671,-18.863956451416016,4.318454742431641,0.0,9.031513214111328,16.86288070678711,10.641884803771973,0.0
1771501709.3476748,-19.373111724853516,4.361968040466309,0.0,8.663525581359863,16.34915542602539,10.323094367980957,0.0
1771501709.378194,-19.012781143188477,3.8299968242645264,0.0,9.04360294342041,16.691009521484375,11.10036849975586,0.0
1771501709.415318,-18.592185974121094,4.297303199768066,0.0,9.266844749450684,17.001157760620117,10.930656433105469,0.0
1771501709.446435,-18.7589168548584,4.362621784210205,0.0,9.375264167785645,16.731882095336914,10.383398056030273,0.0
1771501709.475847,-18.98224639892578,4.219964027404785,0.0,9.314371109008789,16.8369197845459,11.017584800720215,0.0
1771501709.5098479,-19.637500762939453,3.7111878395080566,0.0,8.35894775390625,16.437156677246094,10.618002891540527,0.0
1771501709.5418742,-19.035871505737305,4.337453842163086,0.0,8.44289493560791,16.724794387817383,10.569735527038574,0.0
1771501709.573388,-19.271848678588867,3.7984163761138916,0.0,8.473851203918457,16.74040985107422,10.376023292541504,0.0
1771501709.6063893,-18.737285614013672,3.654582977294922,0.0,8.659796714782715,17.214567184448242,11.291011810302734,0.0
1771501709.6404035,-19.46653938293457,4.306560039520264,0.0,8.428065299987793,16.585468292236328,10.762187004089355,0.0
1771501709.6864333,-19.847763061523438,4.001954555511475,0.21052397787570953,8.0037260055542,16.698619842529297,11.14259147644043,0.0
1771501709.7174323,-20.48828887939453,3.576521873474121,0.6363134980201721,7.751560688018799,15.833198547363281,10.482428550720215,0.0
1771501709.7414398,-21.372533798217773,3.542529344558716,0.7785664796829224,7.831472396850586,14.821433067321777,9.260329246520996,0.0
1771501709.7759275,-21.080272674560547,3.3390326499938965,0.5972374081611633,7.466080665588379,15.250622749328613,10.310749053955078,0.0
1771501709.8142877,-20.846532821655273,3.9039974212646484,0.9162184000015259,7.836489677429199,15.315359115600586,10.28646183013916,0.0
1771501709.8495724,-21.46506118774414,3.622973918914795,0.8479698896408081,7.05237340927124,14.78874397277832,8.97130298614502,0.0
1771501709.8816216,-20.892942428588867,3.201685905456543,0.7649526596069336,6.412409782409668,15.62126350402832,10.581050872802734,0.0
1771501709.9136145,-20.254560470581055,4.270966053009033,0.0,7.208737373352051,16.63963508605957,11.281311988830566,0.0
1771501709.944632,-19.68952178955078,4.28342866897583,0.0,7.274775981903076,16.862077713012695,11.690943717956543,0.0
1771501709.9791574,-20.929670333862305,4.228079795837402,0.7248594760894775,6.551396369934082,15.105209350585938,9.789213180541992,0.0
1771501710.007169,-21.4129695892334,4.638871192932129,0.21093209087848663,6.308889389038086,14.356819152832031,9.233818054199219,0.0
1771501710.0381615,-20.677509307861328,4.965420246124268,0.412324994802475,6.939275741577148,15.25556468963623,10.137504577636719,0.0
1771501710.0726855,-22.00941276550293,4.655158996582031,1.0618000030517578,6.201116561889648,13.781291007995605,8.879714965820312,0.0
1771501710.1206732,-22.101770401000977,4.804128170013428,1.4387376308441162,5.60881233215332,13.67745590209961,8.759493827819824,0.0
1771501710.1491356,-20.58061408996582,5.063784122467041,0.11537051200866699,6.327320098876953,15.396061897277832,10.713520050048828,0.0
1771501710.1791573,-20.352014541625977,5.146026611328125,0.3949075937271118,7.294193744659424,15.923296928405762,11.086475372314453,0.0
1771501710.2131567,-20.9567928314209,5.04334831237793,0.5656000971794128,6.67203950881958,15.603090286254883,10.109234809875488,0.0
1771501710.2451794,-19.625633239746094,5.693307399749756,0.10620266944169998,7.963412284851074,16.114824295043945,10.222003936767578,0.0
1771501710.2786767,-21.42093849182129,4.21348237991333,0.8712874054908752,5.545571327209473,14.428487777709961,8.90041446685791,0.0
1771501710.307684,-22.299800872802734,3.873866319656372,1.6587895154953003,4.4143595695495605,14.040452003479004,8.993868827819824,0.0
1771501710.3416874,-21.687902450561523,4.175234317779541,0.5619832873344421,5.343013286590576,14.887508392333984,9.646639823913574,0.0
1771501710.3728766,-20.920942306518555,3.7260310649871826,0.19655615091323853,3.898571729660034,15.801444053649902,9.963630676269531,0.0
1771501710.404874,-19.192174911499023,3.9674484729766846,0.0,4.131842136383057,16.85671615600586,10.831355094909668,0.0
1771501710.4378772,-17.69808006286621,5.207695484161377,0.0,7.283942699432373,18.066333770751953,12.531903266906738,0.0
1771501710.4704056,-14.114526748657227,6.622934818267822,0.0,10.76020336151123,20.81914710998535,15.373387336730957,0.0
1771501710.5018692,-13.909150123596191,6.845810890197754,0.0,12.301410675048828,19.777925491333008,15.7213134765625,0.0
1771501710.5489612,-15.580292701721191,6.802077770233154,0.0,12.705583572387695,18.7961483001709,14.65160083770752,0.0
1771501710.5834715,-14.929890632629395,6.423931121826172,0.0,12.940131187438965,19.15557289123535,15.201569557189941,0.0
1771501710.6124713,-11.535575866699219,8.354641914367676,0.0,14.556353569030762,21.257694244384766,16.772747039794922,0.0
1771501710.6444724,-9.081113815307617,9.201685905456543,0.0,16.049427032470703,22.99985694885254,18.516311645507812,0.8339195251464844
1771501710.6769876,-8.106755256652832,9.939631462097168,0.0,17.780349731445312,24.33645248413086,19.418306350708008,1.1169134378433228
1771501710.7099805,-7.707988739013672,10.430553436279297,0.0,17.44044303894043,24.473127365112305,19.74344825744629,1.9910635948181152
1771501710.7404652,-8.14509105682373,11.260028839111328,0.0,16.017114639282227,23.042848587036133,18.47964859008789,1.540116548538208
1771501710.7939727,-8.871773719787598,10.188583374023438,0.0,16.35149383544922,23.77313232421875,18.610401153564453,1.5187252759933472
1771501710.823973,-9.665658950805664,8.677249908447266,0.0,15.669534683227539,24.01156997680664,19.28890037536621,1.8346624374389648
1771501710.8564951,-8.838239669799805,9.328575134277344,0.0,16.205760955810547,24.51140785217285,20.097192764282227,2.543764591217041
1771501710.8874948,-8.239856719970703,10.399846076965332,0.0,16.00279426574707,24.063758850097656,19.348115921020508,2.1973178386688232
1771501710.9205735,-8.427002906799316,9.65119743347168,0.0,16.18641471862793,24.08820152282715,19.449718475341797,3.311370372772217
1771501710.951579,-8.84184455871582,9.688682556152344,0.0,15.793388366699219,23.723819732666016,18.819534301757812,2.591503381729126
1771501710.9855955,-8.27431583404541,10.216902732849121,0.0,16.86136245727539,24.968276977539062,19.88690948486328,3.181518077850342
1771501711.0141196,-8.447378158569336,9.731841087341309,0.0,15.98192310333252,24.069795608520508,19.882537841796875,2.430344820022583
1771501711.0452425,-9.829816818237305,8.333961486816406,0.0,15.228487014770508,24.375640869140625,18.482389450073242,1.9413968324661255
1771501711.0777693,-11.120720863342285,8.384899139404297,0.0,15.028088569641113,23.276771545410156,15.945707321166992,0.0
1771501711.1097543,-10.992415428161621,8.539698600769043,0.0,15.16032886505127,23.791040420532227,16.61956024169922,0.0
1771501711.143803,-11.467381477355957,8.553947448730469,0.0,15.951983451843262,24.150920867919922,16.270830154418945,0.0
1771501711.173105,-13.644457817077637,6.929962635040283,0.0,13.133360862731934,21.259130477905273,13.655550003051758,0.0
1771501711.2061105,-14.324812889099121,6.690221309661865,0.0,12.025403022766113,21.1769962310791,12.228097915649414,0.0
1771501711.2385201,-14.986795425415039,6.03721809387207,0.0,11.489392280578613,20.79424285888672,11.574259757995605,0.0
1771501711.2691164,-15.112377166748047,6.10178804397583,0.0,11.691587448120117,20.75132942199707,11.920053482055664,0.0
1771501711.30131,-16.32022476196289,5.674370765686035,0.0,10.960591316223145,19.66797637939453,11.199831008911133,0.0
1771501711.3332891,-16.677223205566406,5.392724990844727,0.0,9.783748626708984,18.538408279418945,10.64280891418457,0.0
1771501711.3688061,-17.49043083190918,5.235349655151367,0.16543082892894745,8.976669311523438,17.28628921508789,9.37808895111084,0.0
1771501711.4127905,-17.608678817749023,5.076469898223877,0.0,8.890043258666992,17.605058670043945,10.204575538635254,0.0
1771501711.4468334,-18.12568473815918,3.954347610473633,0.36613479256629944,8.785194396972656,17.69255256652832,10.248265266418457,0.0
1771501711.4773734,-17.975730895996094,4.586989402770996,0.0,9.413400650024414,17.728988647460938,9.761093139648438,0.0
1771501711.5103734,-16.7257022857666,4.856992244720459,0.0,9.865736961364746,18.622264862060547,10.39024829864502,0.0
1771501711.5413861,-16.248916625976562,5.5667724609375,0.0,9.864702224731445,18.73456382751465,11.062626838684082,0.0
1771501711.5776515,-17.05983543395996,4.9550299644470215,0.0,9.916825294494629,18.04981231689453,11.01900577545166,0.0
1771501711.608117,-15.457117080688477,5.560940265655518,0.0,12.101273536682129,19.314922332763672,12.432327270507812,0.0
1771501711.6401198,-13.375211715698242,6.573207378387451,0.0,14.483437538146973,22.057004928588867,15.111390113830566,0.0
1771501711.6696496,-11.510111808776855,7.846897125244141,0.0,15.86600112915039,23.742918014526367,16.369356155395508,0.0
1771501711.7016404,-11.89172077178955,7.069674968719482,0.0,14.852886199951172,23.28882598876953,16.90186882019043,0.1460159420967102
1771501711.7334871,-10.796710014343262,7.82348108291626,0.0,16.323497772216797,24.419343948364258,17.72928237915039,0.7890518307685852
1771501711.7650998,-9.972848892211914,8.21981143951416,0.0,16.527315139770508,25.171710968017578,18.65365219116211,1.758646011352539
1771501711.7991076,-9.426379203796387,8.238325119018555,0.0,16.509187698364258,25.795459747314453,19.57123565673828,2.2590248584747314
1771501711.8451061,-9.65868854522705,7.990100383758545,0.0,16.24768829345703,25.375720977783203,19.34326934814453,2.2933712005615234
1771501711.8786108,-10.064054489135742,8.009079933166504,0.0,15.605953216552734,25.273780822753906,19.168670654296875,2.1958422660827637
1771501711.908612,-10.809563636779785,7.389129161834717,0.0,15.156103134155273,24.21763038635254,18.306028366088867,1.8468862771987915
1771501711.9416158,-11.034603118896484,7.464954853057861,0.0,15.064406394958496,23.707313537597656,17.82827377319336,1.4383660554885864
1771501711.9774487,-10.65196418762207,7.827428340911865,0.0,15.479208946228027,23.862932205200195,17.92229461669922,1.4768325090408325
1771501712.0105214,-10.6722993850708,7.7922587394714355,0.0,15.725611686706543,23.933704376220703,17.991544723510742,1.676620364189148
1771501712.0425274,-10.754323959350586,7.752274990081787,0.0,15.879111289978027,23.88772201538086,17.693254470825195,1.849342942237854
1771501712.0740423,-12.075340270996094,6.975602626800537,0.0,15.132189750671387,22.8121337890625,16.474332809448242,0.8753492832183838
1771501712.105042,-12.30321216583252,6.8975725173950195,0.0,14.791661262512207,22.371980667114258,15.786809921264648,0.2702476680278778
1771501712.1366572,-12.454901695251465,6.622477054595947,0.0,14.405396461486816,22.0024471282959,15.625374794006348,0.5341669321060181
1771501712.1691678,-12.309565544128418,7.0610432624816895,0.0,14.787248611450195,22.336532592773438,16.272722244262695,0.9077385067939758
1771501712.2011712,-11.91191291809082,7.3964948654174805,0.0,15.120319366455078,22.37481117248535,16.3549861907959,0.9903225898742676
1771501712.2329082,-12.346012115478516,7.353760242462158,0.0,14.591145515441895,22.084104537963867,16.168624877929688,0.08147650212049484
1771501712.278331,-11.525274276733398,7.623450756072998,0.0,15.228327751159668,23.012035369873047,17.13888931274414,0.783017635345459
1771501712.3123958,-12.842143058776855,6.6843791007995605,0.0,14.270421981811523,21.91936492919922,16.261756896972656,0.7143794298171997
1771501712.342358,-12.881648063659668,6.988697528839111,0.0,14.466145515441895,22.13876724243164,16.081941604614258,0.520352303981781
1771501712.3729444,-12.14061164855957,7.05973482131958,0.0,14.998579025268555,22.38620376586914,16.544275283813477,0.5693244338035583
1771501712.4050815,-12.656185150146484,6.698789596557617,0.0,14.391809463500977,22.486629486083984,16.448650360107422,0.6301121711730957
1771501712.4401295,-11.491572380065918,7.255928993225098,0.0,15.055740356445312,23.273530960083008,17.158559799194336,1.0452501773834229
1771501712.468638,-11.999999046325684,7.107717990875244,0.0,14.75306224822998,22.73822784423828,16.752784729003906,0.7169298529624939
1771501712.4996445,-11.785577774047852,7.111930847167969,0.0,15.00186538696289,23.033414840698242,17.073619842529297,1.1750191450119019
1771501712.5316238,-11.693355560302734,7.720475673675537,0.0,15.41833782196045,23.147342681884766,17.037044525146484,0.867530345916748
1771501712.5651894,-10.589887619018555,8.106786727905273,0.0,16.0376033782959,24.07887840270996,18.170419692993164,1.4810302257537842
1771501712.5971873,-11.160073280334473,7.694361686706543,0.0,15.736495018005371,23.803525924682617,17.764102935791016,1.4292073249816895
1771501712.6292222,-10.15115737915039,8.22191333770752,0.0,16.33206558227539,24.47035789489746,18.543066024780273,1.9805105924606323
1771501712.6657453,-9.682520866394043,8.69691276550293,0.0,16.92859649658203,25.194019317626953,18.685455322265625,2.244098663330078
1771501712.7087433,-10.018303871154785,8.268255233764648,0.0,16.59514045715332,24.90845489501953,18.26962661743164,2.026247024536133
1771501712.7427597,-10.03808879852295,8.493618965148926,0.0,16.62397575378418,24.82541847229004,18.377819061279297,1.8511872291564941
1771501712.7732928,-9.839974403381348,8.110634803771973,0.0,16.51678466796875,24.560583114624023,18.375200271606445,2.1435821056365967
1771501712.8062868,-9.508101463317871,8.557950019836426,0.0,16.790197372436523,24.95366859436035,18.740562438964844,2.1780102252960205
1771501712.8382947,-10.153401374816895,8.124356269836426,0.0,16.49507713317871,24.382064819335938,18.22473907470703,2.2967615127563477
1771501712.8718178,-10.407380104064941,8.133515357971191,0.09309381246566772,16.34326934814453,24.125797271728516,18.362760543823242,2.189314603805542
1771501712.9048407,-10.903980255126953,7.751520156860352,0.0,16.025793075561523,24.12725067138672,17.73246192932129,2.040287733078003
1771501712.9368324,-10.623333930969238,7.865230560302734,0.0,15.9881010055542,23.767417907714844,17.9335994720459,1.8978290557861328
1771501712.9683716,-10.259504318237305,8.168272018432617,0.0,16.450191497802734,24.522640228271484,18.38687515258789,2.3833048343658447
1771501713.0013137,-10.563567161560059,7.946107864379883,0.0,16.07012176513672,24.274843215942383,18.280052185058594,2.300130844116211
1771501713.0290208,-10.935239791870117,7.683785438537598,0.0,15.88925552368164,24.001182556152344,18.20803451538086,2.05822491645813
1771501713.0615437,-11.39454174041748,7.625937461853027,0.0,15.661614418029785,23.349349975585938,17.538217544555664,1.8020480871200562
1771501713.0945432,-11.171065330505371,8.018648147583008,0.0,15.826769828796387,23.5017147064209,17.70895767211914,1.5879968404769897
1771501713.140536,-10.335408210754395,8.261019706726074,0.0,16.48460578918457,24.409914016723633,18.4958553314209,2.246649980545044
1771501713.1740427,-8.909125328063965,8.923971176147461,0.0,17.26409912109375,25.376047134399414,19.390846252441406,2.646493434906006
1771501713.2050455,-9.56192398071289,8.266668319702148,0.0,16.78376579284668,24.964250564575195,19.400136947631836,2.7299768924713135
1771501713.2370436,-9.556877136230469,8.361146926879883,0.0,16.722076416015625,25.131542205810547,18.988842010498047,2.525944948196411
1771501713.2695637,-9.925251960754395,8.478866577148438,0.0,16.519712448120117,24.830677032470703,18.79248046875,2.601778984069824
1771501713.3035533,-9.956513404846191,8.52382755279541,0.0,16.590219497680664,24.719921112060547,18.94208526611328,2.5539653301239014
1771501713.334556,-10.21981430053711,8.711763381958008,0.0,16.316011428833008,24.670991897583008,18.549650192260742,1.9609493017196655
1771501713.3660712,-10.462844848632812,8.096281051635742,0.0,16.117347717285156,24.415563583374023,18.443832397460938,1.5491979122161865
1771501713.3980653,-11.097028732299805,7.5777788162231445,0.0,15.655420303344727,23.97870635986328,18.158964157104492,1.482452154159546
1771501713.4300656,-9.99820327758789,8.171614646911621,0.0,16.83031463623047,24.791223526000977,18.455625534057617,2.178687572479248
1771501713.4626174,-9.730256080627441,8.118456840515137,0.0,16.59526252746582,25.120359420776367,19.03095245361328,2.4712157249450684
1771501713.4930232,-9.83091926574707,7.926307678222656,0.0,16.1801700592041,24.889320373535156,18.92535400390625,2.206979513168335
1771501713.5427995,-10.294309616088867,7.633808612823486,0.0,15.96545124053955,24.481918334960938,18.735923767089844,2.287651300430298
1771501713.5763218,-11.235679626464844,7.039182662963867,0.0,14.932223320007324,23.52166748046875,17.788896560668945,1.5999219417572021
1771501713.6083364,-10.633797645568848,7.33394718170166,0.0,15.276312828063965,24.253408432006836,18.7579288482666,2.140970230102539
1771501713.6393468,-10.135890007019043,8.458633422851562,0.0,16.004932403564453,25.069093704223633,19.71310806274414,2.5457968711853027
1771501713.6696942,-10.760298728942871,7.851102352142334,0.0,15.545595169067383,24.16080093383789,18.9395809173584,2.132310390472412
1771501713.7008314,-11.052359580993652,7.204139232635498,0.18831634521484375,15.152048110961914,23.941654205322266,18.99656867980957,2.4088258743286133
1771501713.7337642,-11.164037704467773,7.272815704345703,0.0,15.049567222595215,23.9559268951416,18.575271606445312,2.2145581245422363
1771501713.7654839,-10.546860694885254,7.8473639488220215,0.0,16.099464416503906,23.91595458984375,18.756729125976562,2.190476655960083
1771501713.7974157,-11.671982765197754,7.285678386688232,0.0,14.970186233520508,23.39337158203125,18.38576316833496,2.00160813331604
1771501713.830416,-11.969100952148438,7.183197975158691,0.0,15.003661155700684,23.521930694580078,18.54047966003418,2.1040072441101074
1771501713.8619566,-11.393341064453125,6.878903388977051,0.0,15.202591896057129,23.686092376708984,18.66873550415039,2.443549394607544
1771501713.8929935,-11.606563568115234,7.0181756019592285,0.22069506347179413,15.440674781799316,23.476905822753906,18.298912048339844,1.6718107461929321
1771501713.9249668,-11.931727409362793,7.188160419464111,0.3575174808502197,15.219846725463867,23.095754623413086,17.94674301147461,1.4957550764083862
1771501713.974523,-11.889189720153809,7.372824668884277,0.10996440798044205,15.219399452209473,23.293498992919922,18.124650955200195,1.3426674604415894
1771501714.0072837,-11.701221466064453,7.685990333557129,0.9482827186584473,15.237107276916504,23.266035079956055,17.963342666625977,1.2224541902542114
1771501714.0362842,-12.089032173156738,7.713426113128662,0.11783194541931152,15.158453941345215,23.099109649658203,17.6351261138916,1.0887012481689453
1771501714.0698786,-11.87839126586914,7.387789726257324,1.050545334815979,15.019462585449219,23.46830940246582,18.125469207763672,1.36111581325531
1771501714.1018786,-12.211777687072754,6.897663116455078,1.5390616655349731,14.499897956848145,22.96936798095703,17.844402313232422,1.1513468027114868
1771501714.1328683,-10.839273452758789,7.56689977645874,0.43486353754997253,15.661733627319336,23.878366470336914,18.576807022094727,1.804226279258728
1771501714.1696653,-10.691575050354004,7.799941539764404,0.1224081814289093,15.800333976745605,24.185733795166016,18.376096725463867,1.7104480266571045
1771501714.1981547,-9.81076717376709,8.314027786254883,0.0,16.22303581237793,24.8507022857666,19.278827667236328,2.284038782119751
1771501714.2291238,-11.118905067443848,7.519865036010742,0.0,15.411575317382812,23.97892951965332,18.653043746948242,1.3969701528549194
1771501714.261717,-10.266079902648926,8.331155776977539,0.0,16.18850326538086,24.43602752685547,19.100732803344727,1.8540351390838623
1771501714.2947228,-11.877809524536133,7.184145450592041,0.865726113319397,14.695440292358398,23.051246643066406,17.74989891052246,1.077743649482727
1771501714.3245616,-10.539878845214844,7.985335350036621,0.0,15.765050888061523,24.49052619934082,18.897287368774414,1.8811858892440796
1771501714.358097,-10.909780502319336,7.25435209274292,0.0,15.020125389099121,23.89590835571289,18.82396697998047,1.965280532836914
1771501714.4092348,-10.503541946411133,7.5261359214782715,0.0,15.686463356018066,24.143991470336914,18.99159049987793,2.14507794380188
1771501714.440233,-10.788786888122559,7.350165843963623,0.061522942036390305,15.127467155456543,23.958166122436523,18.819517135620117,1.9961423873901367
1771501714.4697533,-10.891735076904297,7.611827373504639,0.0,15.43684196472168,23.890430450439453,18.544416427612305,1.7888567447662354
1771501714.501754,-10.432198524475098,7.663861274719238,0.0,15.670951843261719,24.531776428222656,19.479934692382812,2.342684507369995
1771501714.5347462,-11.011870384216309,7.304104328155518,0.0,14.977177619934082,24.027908325195312,18.884567260742188,1.9651788473129272
1771501714.5732584,-11.148892402648926,7.375452041625977,0.0,15.363208770751953,24.079435348510742,18.819244384765625,1.8882479667663574
1771501714.5992584,-11.037113189697266,7.671699047088623,0.0,15.638614654541016,23.961322784423828,18.74789810180664,1.653556227684021
1771501714.6292589,-11.3811616897583,7.821057319641113,0.0,15.15687370300293,23.77464485168457,18.688692092895508,1.373010516166687
1771501714.6617775,-11.32933235168457,7.467033863067627,0.0,15.179597854614258,23.823017120361328,18.767013549804688,1.6451233625411987
1771501714.6937826,-11.185611724853516,7.761159420013428,0.0,15.375863075256348,23.809206008911133,18.403404235839844,1.2596447467803955
1771501714.72579,-10.628840446472168,7.9624152183532715,0.0,15.699206352233887,24.360258102416992,18.888944625854492,1.8829132318496704
1771501714.7583113,-10.578676223754883,7.705758094787598,0.0,16.048381805419922,24.40867042541504,19.16010856628418,1.8823801279067993
1771501714.7893636,-11.172714233398438,7.755439758300781,0.348947137594223,15.446063995361328,24.19479751586914,18.683374404907227,1.3852981328964233
1771501714.8383212,-10.498485565185547,8.007055282592773,0.0,15.868616104125977,24.548254013061523,19.08745574951172,1.4091742038726807
1771501714.8924031,-10.397106170654297,7.81231164932251,0.0,15.777146339416504,24.509323120117188,19.17403793334961,1.7706856727600098
1771501714.9234054,-10.355606079101562,8.20409870147705,0.041729897260665894,16.008684158325195,24.873577117919922,19.259492874145508,1.6153420209884644
1771501714.9534192,-11.263399124145508,7.577579975128174,0.04019908234477043,15.270645141601562,24.04351234436035,18.79909324645996,1.207721471786499
1771501714.9875407,-10.990518569946289,7.7794976234436035,0.0,15.951985359191895,24.190460205078125,18.892749786376953,1.4054027795791626
1771501715.0190556,-10.933464050292969,8.290169715881348,0.1424565464258194,15.654370307922363,24.303146362304688,18.883466720581055,1.2117257118225098
1771501715.046578,-11.531026840209961,7.428132057189941,0.08265727013349533,15.255658149719238,23.779312133789062,18.541776657104492,1.1785563230514526
1771501715.0790894,-11.317675590515137,7.392127990722656,0.025280239060521126,15.42382526397705,24.054973602294922,18.70580291748047,1.3353391885757446
1771501715.1091053,-11.08435344696045,7.783797740936279,0.35387861728668213,15.587764739990234,24.09745216369629,18.647335052490234,1.0433366298675537
1771501715.1411128,-11.370930671691895,7.7480268478393555,0.0,15.613330841064453,24.13582992553711,18.98048973083496,1.3435598611831665
1771501715.1726496,-11.943071365356445,7.294683933258057,0.33183208107948303,14.782888412475586,23.20862579345703,17.961902618408203,0.724613606929779
1771501715.203649,-11.349960327148438,7.680634498596191,0.32542353868484497,15.332710266113281,23.9461612701416,18.51727294921875,1.3140078783035278
1771501715.2349985,-10.838659286499023,7.471855640411377,0.0,15.4784517288208,24.319660186767578,19.029190063476562,1.675498127937317
1771501715.2735498,-11.300324440002441,7.376031398773193,0.2367512583732605,15.045157432556152,24.087629318237305,19.01836585998535,1.712053894996643
1771501715.301596,-10.875170707702637,7.483379364013672,0.346541166305542,15.615740776062012,24.281211853027344,19.171499252319336,1.9943970441818237
1771501715.3325646,-11.377846717834473,7.798245429992676,0.0,15.454710960388184,23.97408103942871,18.545886993408203,1.48822820186615
1771501715.3652117,-11.220419883728027,7.4862895011901855,0.0028148917481303215,15.435916900634766,24.110952377319336,18.711231231689453,1.5687438249588013
1771501715.3971994,-11.482671737670898,7.5516533851623535,0.0,15.02197265625,24.229419708251953,18.797868728637695,1.1651030778884888
1771501715.4302113,-11.318333625793457,7.920939922332764,0.0,15.368770599365234,23.95526695251465,18.803447723388672,1.3818488121032715
1771501715.4628372,-10.461564064025879,8.117751121520996,0.0,16.168710708618164,24.91940689086914,19.228073120117188,1.632977843284607
1771501715.4928496,-10.428704261779785,7.91417932510376,0.0,15.944304466247559,24.832496643066406,19.552776336669922,2.0222036838531494
1771501715.5258422,-11.027853965759277,7.540508270263672,0.0,15.447307586669922,24.223670959472656,19.1694278717041,1.678471326828003
1771501715.557373,-11.820856094360352,7.386116027832031,0.0,14.502725601196289,23.309539794921875,18.320301055908203,0.9480649828910828
1771501715.590373,-11.148881912231445,7.674671173095703,0.0,15.265399932861328,23.91249656677246,18.910423278808594,1.6233493089675903
1771501715.6223857,-11.091588973999023,7.880954742431641,0.009937071241438389,15.52367877960205,24.041723251342773,18.771940231323242,1.1091127395629883
1771501715.6544409,-10.41289234161377,8.074394226074219,0.0,15.793630599975586,24.775115966796875,19.560928344726562,1.9409688711166382
1771501715.702025,-10.630900382995605,7.779938697814941,0.0,15.753738403320312,24.64337730407715,19.6890811920166,1.9412721395492554
1771501715.7360148,-10.711237907409668,7.9532294273376465,0.0,15.384232521057129,24.654085159301758,19.49105453491211,2.0246264934539795
1771501715.7657013,-11.076122283935547,7.750064373016357,0.0,15.012816429138184,24.233705520629883,19.184431076049805,1.4910773038864136
1771501715.7987363,-11.08729362487793,7.609454154968262,0.0,15.197595596313477,24.299510955810547,19.142454147338867,1.876046061515808
1771501715.8306704,-11.078764915466309,7.508979797363281,0.0,15.282559394836426,24.06077003479004,19.04058074951172,1.969423770904541
1771501715.864359,-11.189279556274414,7.641956806182861,0.0,15.1628999710083,24.084972381591797,19.08077049255371,1.9715842008590698
1771501715.8972368,-12.357275009155273,6.940884113311768,0.0,13.773205757141113,23.48465347290039,18.35261344909668,1.523887276649475
1771501715.9254458,-12.479691505432129,7.075979232788086,0.0,13.860027313232422,23.13282585144043,17.972999572753906,1.2174105644226074
1771501715.958035,-12.38782024383545,7.082081317901611,0.0,14.020066261291504,23.11856460571289,18.053739547729492,1.1200703382492065
1771501715.9890547,-11.160346984863281,7.398171424865723,0.0,14.874468803405762,24.266986846923828,19.39398193359375,2.04792857170105
1771501716.0210588,-11.390410423278809,7.714347839355469,0.0,15.358577728271484,24.093599319458008,18.729597091674805,1.5585100650787354
1771501716.0540323,-10.616161346435547,8.209683418273926,0.0,16.11812973022461,24.912002563476562,19.068878173828125,1.3615684509277344
1771501716.086543,-11.086064338684082,7.872556686401367,0.0,15.699525833129883,24.163379669189453,18.725502014160156,1.0345301628112793
1771501716.1360261,-11.481181144714355,7.69976806640625,0.08844330161809921,15.175655364990234,23.949790954589844,18.792863845825195,1.4730148315429688
1771501716.171579,-10.9480619430542,7.922461032867432,0.0,15.641070365905762,24.160358428955078,18.788394927978516,1.5775487422943115
1771501716.197092,-10.62541389465332,7.600045204162598,0.04121165722608566,15.573675155639648,24.723541259765625,19.3715877532959,1.5790698528289795
1771501716.2526114,-9.837350845336914,8.170275688171387,0.0,16.311599731445312,25.48761749267578,20.429365158081055,2.7348361015319824
1771501716.2831204,-10.619861602783203,8.116218566894531,0.0,15.634703636169434,24.69271469116211,19.380464553833008,2.1567556858062744
1771501716.3151202,-8.925165176391602,9.223196029663086,0.0,17.436975479125977,26.064983367919922,20.85288429260254,2.920968532562256
1771501716.3459086,-9.317056655883789,8.421354293823242,0.0,16.737720489501953,25.74878692626953,20.54838752746582,2.840674638748169
1771501716.378432,-9.335705757141113,8.662501335144043,0.0,16.41313362121582,26.064470291137695,20.85912322998047,2.9348819255828857
1771501716.4095342,-9.659560203552246,8.861227035522461,0.0,16.605602264404297,25.883914947509766,20.839548110961914,3.0867645740509033
1771501716.4404316,-9.667800903320312,8.912233352661133,0.0,16.391788482666016,25.63089942932129,20.42508316040039,2.4579246044158936
1771501716.473191,-9.172589302062988,9.162022590637207,0.0,16.935197830200195,26.290184020996094,21.15084457397461,2.8663291931152344
1771501716.5051498,-9.590963363647461,8.838089942932129,0.0,16.712970733642578,25.946029663085938,20.48841667175293,2.4776992797851562
1771501716.5361414,-8.912312507629395,7.905213832855225,0.0,16.657398223876953,26.357410430908203,21.204509735107422,3.3950955867767334
1771501716.567853,-9.367350578308105,7.608684539794922,0.0,15.924981117248535,25.766151428222656,21.037717819213867,3.0863242149353027
1771501716.5988317,-8.624516487121582,7.7405805587768555,0.0,16.18115234375,25.969947814941406,21.381614685058594,3.89247727394104
1771501716.6308942,-8.555251121520996,8.017399787902832,0.0,16.370723724365234,26.152698516845703,21.939516067504883,4.114472389221191
1771501716.6624,-10.03739070892334,7.540160655975342,0.0,15.353652954101562,24.77623176574707,20.392881393432617,2.9140987396240234
1771501716.6938708,-9.69063949584961,7.701572418212891,0.0,15.982189178466797,26.01865577697754,21.21578598022461,3.4467666149139404
1771501716.7257366,-9.481677055358887,8.001256942749023,0.0,15.421246528625488,25.564571380615234,21.014806747436523,3.31473970413208
1771501716.7606745,-8.96393871307373,8.81814193725586,0.0,16.132068634033203,26.444473266601562,21.465726852416992,3.300469160079956
1771501716.7899866,-8.465201377868652,8.878067970275879,0.0,16.70958137512207,26.536970138549805,21.035123825073242,3.2154204845428467
1771501716.8210762,-7.726795196533203,8.939480781555176,0.0,16.57917594909668,26.856624603271484,21.580486297607422,3.4963295459747314
1771501716.8542957,-7.173864841461182,9.575937271118164,0.0,16.631778717041016,27.33272361755371,22.468769073486328,4.01530122756958
1771501716.8869262,-6.174126148223877,9.523591041564941,0.0,17.15552520751953,28.82834815979004,23.777843475341797,4.874492168426514
1771501716.918486,-6.0355610847473145,9.644551277160645,0.0,17.36960792541504,29.20697021484375,24.524667739868164,4.917860984802246
1771501716.9512877,-4.993771076202393,10.0994873046875,0.0,18.920669555664062,30.742841720581055,25.522502899169922,6.057386875152588
1771501717.0327947,-5.216903209686279,9.96864128112793,0.0,17.90723419189453,30.616697311401367,25.664737701416016,5.959874153137207
1771501717.0527987,-5.326155662536621,9.315193176269531,0.0,17.842998504638672,31.21027374267578,26.401596069335938,7.02094030380249
1771501717.101308,-5.574650287628174,8.77099895477295,0.0,17.723020553588867,30.94061851501465,26.950763702392578,6.837482452392578
1771501717.131827,-4.27608585357666,9.128800392150879,0.0,19.186267852783203,32.683109283447266,29.68190574645996,8.193263053894043
1771501717.1633375,-3.2052860260009766,9.429177284240723,0.0,20.516197204589844,34.72052001953125,32.86262130737305,10.196805953979492
1771501717.1953378,0.7898821234703064,11.720783233642578,0.0,24.581764221191406,39.433956146240234,39.04388427734375,14.619495391845703
1771501717.226346,0.16200219094753265,10.250273704528809,0.0,24.81085777282715,41.41442108154297,42.92890548706055,17.679466247558594
1771501717.2566261,-1.8834261894226074,10.174264907836914,0.0,24.696298599243164,41.21590805053711,43.1649169921875,17.79505729675293
1771501717.289706,-1.5220412015914917,11.183629035949707,0.0,26.49093246459961,41.90060043334961,45.102962493896484,19.226579666137695
1771501717.3191652,-0.8363203406333923,11.881990432739258,0.0,27.968196868896484,41.1545295715332,45.49136734008789,20.799571990966797
1771501717.349642,-1.3909248113632202,13.4644193649292,1.3928909301757812,28.266361236572266,40.862091064453125,45.837493896484375,21.13176918029785
1771501717.381695,-3.0158071517944336,14.130203247070312,1.4241400957107544,28.02907943725586,40.30879211425781,45.32847595214844,19.959814071655273
1771501717.435475,-4.580331325531006,15.682846069335938,2.7004740238189697,27.159637451171875,38.39247131347656,44.08625030517578,22.12348175048828
1771501717.465906,-5.0898051261901855,15.552254676818848,2.4624805450439453,26.577865600585938,37.930992126464844,43.39434814453125,23.600393295288086
1771501717.4908123,-4.267775058746338,15.091197967529297,1.9973058700561523,27.780902862548828,39.05655288696289,44.55192947387695,24.708328247070312
1771501717.5467649,-5.115126132965088,15.276721000671387,2.0889413356781006,26.821794509887695,38.559879302978516,43.918949127197266,25.473691940307617
1771501717.5752616,-5.651436805725098,15.537530899047852,1.3710659742355347,26.864368438720703,39.06249237060547,45.05874252319336,25.730432510375977
1771501717.6177938,-5.440618991851807,17.576053619384766,0.5017886757850647,27.6688289642334,40.36663818359375,45.910518646240234,25.94019889831543
1771501717.6479557,-2.4683690071105957,17.45425033569336,0.0,30.638410568237305,45.188865661621094,50.18574142456055,29.035907745361328
1771501717.6784732,-3.641392469406128,16.57282257080078,0.0,32.067256927490234,48.957767486572266,51.5939826965332,30.067092895507812
1771501717.7097638,-4.174131870269775,18.597362518310547,0.0,33.79124450683594,51.725772857666016,51.997623443603516,30.175443649291992
1771501717.740788,-3.0327370166778564,20.083589553833008,0.0,35.702274322509766,54.0734977722168,53.4774169921875,31.145492553710938
1771501717.7739196,-3.0148932933807373,21.081092834472656,0.0,36.897674560546875,54.42970275878906,53.894287109375,31.591020584106445
1771501717.8038728,-3.183196783065796,21.922727584838867,0.0,36.3995475769043,52.99905014038086,53.06919479370117,31.320636749267578
1771501717.8338397,-0.9837319850921631,23.712352752685547,0.0,38.373291015625,56.8430290222168,59.16826248168945,35.970603942871094
1771501717.866373,0.12526844441890717,22.55251121520996,0.0,41.262332916259766,61.71343994140625,62.869590759277344,40.526947021484375
1771501717.8973737,1.4999926090240479,21.742944717407227,0.0,41.81575393676758,64.6814193725586,67.61358642578125,42.656700134277344
1771501717.9283767,0.9607993960380554,21.127668380737305,0.0,41.39381790161133,64.41228485107422,67.09356689453125,43.71956253051758
1771501717.9594595,0.19714997708797455,19.68970489501953,0.0,40.790771484375,64.62650299072266,67.73047637939453,43.46969223022461
1771501717.9795117,1.0209881067276,19.071821212768555,0.0,42.79327392578125,67.44837951660156,70.3414077758789,45.51304626464844
1771501718.0120804,0.3317004442214966,17.97631072998047,0.0,44.05446243286133,68.41767883300781,71.5984878540039,45.1990966796875
1771501718.043082,-0.3331889510154724,17.69575309753418,0.0,44.520408630371094,68.95785522460938,71.75084686279297,45.95381164550781
1771501718.0736158,-2.650623321533203,16.0590877532959,0.0,43.687538146972656,67.38226318359375,69.90062713623047,43.617610931396484
1771501718.1056123,-2.491117477416992,15.942044258117676,0.0,44.8842658996582,68.13741302490234,70.3365249633789,44.75846862792969
1771501718.1362684,-4.8311333656311035,14.39891242980957,0.0,44.53885269165039,67.54460144042969,68.94310760498047,43.12555694580078
1771501718.1667228,-4.009187698364258,13.87242603302002,0.0,45.68793487548828,69.83890533447266,70.92234802246094,44.891571044921875
1771501718.21343,-3.2541184425354004,14.129491806030273,0.0,47.49595642089844,71.78133392333984,72.71711730957031,47.256614685058594
1771501718.2474327,-6.024346351623535,12.137057304382324,0.0,47.881385803222656,71.99952697753906,72.68167877197266,47.50463104248047
1771501718.2939417,-4.436160564422607,12.218782424926758,0.0,51.123470306396484,75.3466796875,75.56440734863281,51.892982482910156
1771501718.325284,-6.648663520812988,10.35350227355957,0.0,53.30915069580078,74.91819763183594,74.15489196777344,50.153011322021484
1771501718.3552518,-6.943825721740723,10.173643112182617,0.0,52.68187713623047,74.56421661376953,73.56620788574219,49.684814453125
1771501718.3858101,-4.85023832321167,11.062413215637207,0.0,56.4047966003418,78.29499053955078,77.66068267822266,53.658775329589844
1771501718.4178078,-5.247339725494385,12.432302474975586,0.0,55.4532585144043,78.40201568603516,78.35753631591797,54.88620376586914
1771501718.4513562,-4.92232084274292,12.208369255065918,0.0,55.6818733215332,78.76286315917969,79.91218566894531,57.03583908081055
1771501718.4818916,-4.1806321144104,13.408343315124512,0.0,54.78653335571289,79.31452178955078,81.13941955566406,58.85215377807617
1771501718.5129025,-4.453787803649902,13.765798568725586,0.0,54.90636444091797,79.4272232055664,81.82156372070312,59.269248962402344
1771501718.5448918,-4.089291095733643,14.473904609680176,0.0,56.11720657348633,81.20884704589844,83.52600860595703,60.7420539855957
1771501718.5744185,-6.642776966094971,13.682259559631348,0.0,55.44430160522461,80.26285552978516,81.93994903564453,59.435569763183594
1771501718.6151547,-8.735295295715332,11.763710021972656,0.0,57.81559371948242,82.77718353271484,85.35413360595703,66.73194885253906
1771501718.6441548,-8.616276741027832,11.628824234008789,0.0,61.387290954589844,84.80484008789062,85.46892547607422,68.77574157714844
1771501718.6766844,-8.276407241821289,10.843857765197754,0.0,63.36686706542969,86.49999237060547,84.34452056884766,69.4749755859375
1771501718.728731,-8.256206512451172,10.933070182800293,0.0,64.12944030761719,86.98967742919922,84.42816925048828,71.20930480957031
1771501718.752692,-8.367243766784668,10.913351058959961,0.0,64.37540435791016,87.21343231201172,84.28690338134766,71.41883850097656
1771501718.7823,-8.17741584777832,10.037359237670898,0.0,65.16804504394531,87.19886016845703,83.83419799804688,71.42011260986328
1771501718.812559,-7.95045804977417,10.021727561950684,0.0,65.80583190917969,87.32606506347656,83.32164764404297,71.19248962402344
1771501718.845523,-4.751070976257324,9.69281005859375,0.0,67.76567077636719,85.74214172363281,81.63542938232422,73.33721923828125
1771501718.8780317,-4.517337799072266,9.425786018371582,0.0,67.51266479492188,85.87554931640625,80.99967956542969,73.67483520507812
1771501718.911118,-4.458766937255859,9.366963386535645,0.0,68.9400405883789,85.65151977539062,80.36038208007812,73.87623596191406
1771501718.9725115,-4.726338863372803,8.86088752746582,0.0,67.96351623535156,86.34408569335938,80.29096221923828,73.65573120117188
1771501719.0045097,-3.52728271484375,9.476110458374023,0.0,67.1889877319336,84.9817886352539,79.44902038574219,74.57048034667969
1771501719.0355086,-4.047351360321045,10.02544116973877,0.0,69.29730987548828,85.26732635498047,79.22018432617188,73.81450653076172
1771501719.0678499,-5.945880889892578,9.836906433105469,0.0,68.43830108642578,86.34371185302734,79.86845397949219,73.15425109863281
1771501719.0988495,-4.599631309509277,9.640185356140137,0.0,69.29370880126953,85.09715270996094,78.98381042480469,73.80000305175781
1771501719.1288514,-2.4318671226501465,10.114311218261719,0.0,71.50894927978516,83.2352294921875,77.52731323242188,74.31546020507812
1771501719.1599019,-3.013094663619995,9.711612701416016,0.0,72.37334442138672,84.36865997314453,77.9129638671875,74.3486099243164
1771501719.1945517,-3.5857255458831787,9.835064888000488,0.0,70.39315795898438,85.70244598388672,78.69029998779297,74.12313079833984
1771501719.223553,-2.9672319889068604,10.042844772338867,0.0,70.02201080322266,85.07860565185547,78.34854125976562,74.3613052368164
1771501719.2555575,-3.229013681411743,9.745881080627441,0.0,70.26527404785156,85.05806732177734,78.58850860595703,74.66944885253906
1771501719.2870984,-4.009642601013184,9.929656028747559,0.0,67.47738647460938,86.59032440185547,79.16376495361328,74.96778106689453
1771501719.3181162,-2.532841682434082,11.048609733581543,0.0,69.90129089355469,83.98099517822266,77.44302368164062,75.91854095458984
1771501719.3610806,-3.9117891788482666,10.98090934753418,0.0,66.78480529785156,85.65147399902344,79.78557586669922,75.73970794677734
1771501719.394329,-3.2380552291870117,11.46662712097168,0.0,67.67112731933594,84.5177001953125,78.8083267211914,76.1073226928711
1771501719.4257724,-2.7437732219696045,11.54187297821045,0.0,68.4135513305664,83.31918334960938,78.2741470336914,76.5769271850586
1771501719.4607658,-4.023467063903809,11.165870666503906,0.0,68.35140228271484,83.24767303466797,78.55847930908203,76.29132843017578
1771501719.492338,-4.665398120880127,10.87252426147461,0.0,68.93389129638672,83.45809173583984,79.13066864013672,76.12934112548828
1771501719.5192962,-4.7051849365234375,10.782421112060547,0.0,69.50062561035156,83.9518814086914,79.07662963867188,75.33219909667969
1771501719.5583088,-4.7621049880981445,11.389860153198242,0.0,66.98848724365234,84.40938568115234,79.38755798339844,75.10533905029297
1771501719.5924385,-5.8038530349731445,11.307157516479492,0.0,67.44010162353516,84.70391082763672,79.91284942626953,74.59259796142578
1771501719.6160827,-5.653329849243164,11.537508964538574,0.0,66.99380493164062,84.72254943847656,79.81290435791016,74.63660430908203
1771501719.6471608,-5.022594451904297,11.81619930267334,0.0,66.59642028808594,84.55101013183594,79.52557373046875,74.6480941772461
1771501719.6786594,-5.091831684112549,12.01417064666748,0.0,65.55029296875,84.74543762207031,79.74214935302734,74.73412322998047
1771501719.7096667,-4.343023777008057,12.020645141601562,0.0,67.09078979492188,83.97523498535156,79.13921356201172,75.66838073730469
1771501719.7397811,-5.02667760848999,12.082124710083008,0.0,66.6220932006836,84.21490478515625,79.42725372314453,75.17695617675781
1771501719.7706845,-4.503082275390625,12.629239082336426,0.0,68.64141082763672,83.091552734375,78.54095458984375,75.91806030273438
1771501719.8197036,-3.9073939323425293,12.818585395812988,0.0,70.07174682617188,82.0096435546875,77.89488983154297,77.02114868164062
1771501719.8486834,-2.957418203353882,13.296175956726074,0.0,69.81062316894531,81.43727111816406,76.8838882446289,76.45963287353516
1771501719.879267,-2.54685640335083,13.645084381103516,0.0,71.83711242675781,80.25668334960938,75.68250274658203,77.40657043457031
1771501719.911263,-2.5946481227874756,13.485099792480469,0.0,73.26991271972656,79.36079406738281,75.26313018798828,77.39314270019531
1771501719.9429903,-3.8540732860565186,13.038219451904297,0.0,73.31209564208984,80.50714874267578,75.95940399169922,77.19088745117188
1771501719.9894226,-3.8808982372283936,13.446870803833008,0.0,72.76258087158203,80.36933898925781,75.75373840332031,76.83470153808594
1771501720.0240734,-5.602768421173096,12.87059211730957,0.0,73.25421142578125,81.77889251708984,76.84296417236328,75.1875991821289
1771501720.056042,-5.811168670654297,12.515142440795898,0.0,72.35729217529297,81.39166259765625,77.83024597167969,76.01390075683594
1771501720.0841928,-6.830077171325684,12.340630531311035,0.0,73.9822998046875,82.14421844482422,77.88072967529297,74.53563690185547
1771501720.1171923,-7.85455322265625,12.828859329223633,0.0,73.45685577392578,81.52842712402344,78.7716293334961,76.5069351196289
1771501720.147205,-7.488296031951904,12.43408203125,0.0,75.3570785522461,82.15457153320312,77.94170379638672,75.56280517578125
1771501720.1767292,-8.076566696166992,12.582122802734375,0.0,73.85580444335938,81.8853530883789,79.0557632446289,75.42625427246094
1771501720.2147386,-8.939727783203125,12.068825721740723,0.0,75.93721771240234,82.39795684814453,78.81776428222656,74.72416687011719
1771501720.2477355,-6.557409763336182,12.80597972869873,0.0,75.52143859863281,80.52931213378906,76.58858489990234,76.60797119140625
1771501720.2822514,-5.386877059936523,13.392349243164062,0.0,76.1331787109375,80.6894302368164,76.18092346191406,77.35517120361328
1771501720.311423,-5.131617546081543,12.895722389221191,0.0,76.02005767822266,79.84678649902344,76.26461029052734,77.120361328125
1771501720.342418,-5.131904125213623,12.809412002563477,0.0,75.75148010253906,79.51213073730469,75.78666687011719,77.06991577148438
1771501720.374962,-7.236818790435791,12.273518562316895,0.0,76.13615417480469,80.80894470214844,77.35164642333984,75.72918701171875
1771501720.4219975,-6.1534552574157715,12.167719841003418,0.0,75.86844635009766,80.29888153076172,76.53569793701172,76.70967864990234
1771501720.4579935,-7.372340202331543,11.800514221191406,0.0,75.80119323730469,80.97447967529297,77.60956573486328,76.12311553955078
1771501720.4895117,-7.77509880065918,11.779908180236816,0.0,75.4996566772461,81.26425170898438,77.91632843017578,76.277587890625
1771501720.5205276,-8.127143859863281,12.02664852142334,0.0,75.83995056152344,81.06824493408203,77.24475860595703,75.97578430175781
1771501720.5515327,-8.00701904296875,11.939526557922363,0.0,75.44286346435547,80.70197296142578,77.2593994140625,75.70816040039062
1771501720.5840547,-7.165150165557861,12.18622875213623,0.05615014210343361,75.38524627685547,80.30521392822266,76.48104858398438,74.77910614013672
1771501720.6140542,-4.98969030380249,12.209417343139648,0.7024077773094177,76.03372192382812,78.78572082519531,74.71762084960938,74.82540130615234
1771501720.6450655,-4.843023300170898,12.708684921264648,0.9028607606887817,76.10623931884766,78.44091033935547,74.25149536132812,74.524169921875
1771501720.6805592,-5.0417656898498535,12.808473587036133,1.4369457960128784,75.35440063476562,78.54900360107422,73.66277313232422,75.4876708984375
1771501720.7095518,-3.694791555404663,13.054490089416504,1.6466621160507202,75.79105377197266,77.30388641357422,71.9002685546875,75.91526794433594
1771501720.7416322,-2.573894739151001,13.380463600158691,2.332885980606079,76.1784439086914,75.62127685546875,70.18241882324219,75.95035552978516
1771501720.7741416,-2.4893929958343506,13.103211402893066,2.6474790573120117,76.89820098876953,75.3603286743164,69.30223846435547,76.1552963256836
1771501720.8059368,-2.0709753036499023,13.552252769470215,3.2057204246520996,76.61266326904297,75.41483306884766,69.12651824951172,76.5079574584961
1771501720.8529415,-1.124922752380371,14.570611000061035,3.5160441398620605,75.54103088378906,74.42874908447266,67.97512817382812,76.21288299560547
1771501720.8884554,1.0005015134811401,15.339798927307129,4.603007793426514,74.74516296386719,71.89241790771484,65.40778350830078,76.35120391845703
1771501720.9084558,0.8570607900619507,15.344325065612793,4.486470699310303,74.94784545898438,71.99410247802734,65.41199493408203,76.10893249511719
1771501720.9394562,1.8263366222381592,15.830646514892578,4.903234004974365,74.1446533203125,71.28768920898438,64.67231750488281,76.11390686035156
1771501720.970997,1.5586011409759521,15.792057037353516,4.56246280670166,74.04206848144531,71.87960815429688,65.476318359375,76.35176849365234
1771501721.014346,1.0344418287277222,15.20033073425293,4.3997063636779785,74.60200500488281,72.38008880615234,65.49775695800781,76.52091979980469
1771501721.0473523,0.43971264362335205,14.904569625854492,3.961207151412964,74.4305648803711,72.93555450439453,66.18546295166016,76.56725311279297
1771501721.0798624,0.3019786477088928,14.6151123046875,4.612911224365234,74.57511138916016,72.75776672363281,66.2447509765625,76.60010528564453
1771501721.1148624,-0.37103039026260376,14.536160469055176,3.9676477909088135,74.80294036865234,73.37779235839844,67.18731689453125,76.58546447753906
1771501721.1418822,-0.008658689446747303,14.442303657531738,3.8517723083496094,74.4912338256836,72.87468719482422,66.65465545654297,76.49034881591797
1771501721.173419,0.4641706347465515,14.388798713684082,3.9956846237182617,74.10359191894531,72.42078399658203,66.04225158691406,76.24301147460938
1771501721.207432,0.7052671313285828,14.492464065551758,3.96504807472229,73.98943328857422,72.189453125,65.85275268554688,76.0218276977539
1771501721.2374203,1.2874720096588135,14.376002311706543,3.9553911685943604,74.06131744384766,72.13665771484375,66.0595474243164,75.67807006835938
1771501721.2849367,-0.12416835874319077,13.914984703063965,3.8001487255096436,74.64065551757812,73.0787582397461,66.64231872558594,75.94641876220703
1771501721.3219652,0.1874486654996872,13.952502250671387,3.7644245624542236,74.58210754394531,72.82833862304688,66.74746704101562,76.11434936523438
1771501721.3439574,0.5254051089286804,14.077601432800293,3.9798214435577393,74.54393768310547,72.46526336669922,65.99159240722656,76.3395767211914
1771501721.3754683,1.0238205194473267,14.141676902770996,4.218023777008057,74.3023910522461,71.94393920898438,65.28629302978516,76.11385345458984
1771501721.4134655,-0.39367589354515076,13.864874839782715,3.865356922149658,75.22071075439453,73.11133575439453,66.37509155273438,76.41947937011719
1771501721.4464684,0.1833300143480301,13.85534381866455,4.231871128082275,74.95670318603516,72.95243835449219,66.02391815185547,75.83928680419922
1771501721.4777904,0.361532062292099,13.887104034423828,4.109959125518799,74.90660095214844,72.5278549194336,65.49076080322266,75.86300659179688
1771501721.5087826,0.23665575683116913,13.665163040161133,3.968453884124756,74.96244049072266,72.682861328125,65.76048278808594,76.23509979248047
1771501721.5437918,1.8893284797668457,14.005690574645996,4.503712177276611,74.59127044677734,71.11774444580078,64.05582427978516,75.33478546142578
1771501721.5723197,1.179106593132019,13.855334281921387,4.271928310394287,74.66104125976562,71.47327423095703,64.58954620361328,75.61785125732422
1771501721.6053197,1.080420732498169,13.837949752807617,4.291935920715332,74.60638427734375,71.7430191040039,64.98353576660156,75.88521575927734
1771501721.637364,1.5426946878433228,13.679306030273438,3.6716721057891846,74.23582458496094,71.77067565917969,65.3958511352539,75.63479614257812
1771501721.669101,2.2367634773254395,13.7156400680542,4.250970363616943,74.22122192382812,70.69692993164062,64.08075714111328,75.5380630493164
1771501721.717168,1.8907126188278198,13.24448013305664,3.3578431606292725,74.37322235107422,71.24175262451172,64.5984115600586,75.59320831298828
1771501721.7561717,2.823331594467163,12.9197359085083,3.4483721256256104,74.1264877319336,70.47923278808594,63.91640853881836,75.46353149414062
1771501721.7811902,2.72412109375,12.791916847229004,3.3745977878570557,74.17996978759766,70.4715805053711,63.64578628540039,75.41594696044922
1771501721.8133807,2.5043113231658936,12.121123313903809,3.6925251483917236,74.54070281982422,70.99082946777344,64.5024642944336,75.41239166259766
1771501721.8453743,2.96075701713562,12.252574920654297,3.7660999298095703,74.19573211669922,70.44068145751953,63.86740493774414,75.21238708496094
1771501721.8781435,3.9226248264312744,12.392340660095215,4.053264141082764,74.3099594116211,69.595703125,63.23320007324219,75.11229705810547
1771501721.9090517,4.027678966522217,12.197240829467773,3.9412848949432373,74.26240539550781,69.45999908447266,62.92599868774414,74.43579864501953
1771501721.9410508,4.318450450897217,12.542486190795898,4.430295944213867,74.40650939941406,69.07899475097656,62.70343780517578,74.36991119384766
1771501721.9759696,4.270960330963135,12.703130722045898,4.500545501708984,74.49324798583984,69.2614974975586,62.570899963378906,74.73599243164062
1771501722.0058253,5.658058166503906,13.213205337524414,5.038094520568848,73.34696960449219,68.50077819824219,62.19353485107422,74.20071411132812
1771501722.0368235,4.570065498352051,12.45970630645752,4.827399253845215,73.24420166015625,69.65266418457031,63.93375015258789,74.21495819091797
1771501722.0713458,3.5202088356018066,12.080903053283691,4.541845321655273,72.91350555419922,70.34691619873047,64.5301513671875,74.25802612304688
1771501722.100338,3.6922805309295654,12.143013000488281,4.440909385681152,71.73536682128906,70.03564453125,64.65945434570312,74.41020965576172
1771501722.1487765,4.157745361328125,12.255404472351074,4.403164386749268,71.62982940673828,69.61639404296875,64.63993072509766,74.44082641601562
1771501722.1832917,4.386072158813477,12.653916358947754,4.55343770980835,70.62647247314453,69.67514038085938,64.82479095458984,74.44986724853516
1771501722.2173011,6.54300594329834,12.980749130249023,5.447758674621582,68.34981536865234,67.67410278320312,63.261478424072266,73.92094421386719
1771501722.2492926,7.132521629333496,12.648547172546387,5.152352333068848,67.13584899902344,67.62783813476562,63.534446716308594,73.94482421875
1771501722.2804608,6.408140182495117,12.626983642578125,4.20033597946167,66.64634704589844,68.14082336425781,64.4869155883789,74.4495849609375
1771501722.3104584,4.620589256286621,11.556349754333496,2.900613307952881,67.30374908447266,69.33104705810547,66.1110610961914,74.79649353027344
1771501722.3414578,3.4489409923553467,11.438264846801758,2.628910541534424,67.52085876464844,70.06761169433594,67.47101593017578,75.77936553955078
1771501722.3733213,2.1113386154174805,11.005969047546387,1.9065109491348267,68.36808013916016,71.44450378417969,68.62857055664062,76.30770874023438
1771501722.4093168,3.7046902179718018,11.105212211608887,2.0957815647125244,68.09616088867188,69.78264617919922,67.17279815673828,76.1240005493164
1771501722.43917,3.116365909576416,10.789876937866211,1.7376654148101807,68.52742004394531,70.79254913330078,68.23341369628906,76.77574157714844
1771501722.4697027,2.9329607486724854,10.903691291809082,1.7393900156021118,68.40576934814453,70.95989990234375,68.35391235351562,76.30935668945312
1771501722.5006962,2.835893154144287,10.910265922546387,1.3427565097808838,68.05072784423828,70.91020202636719,68.19102478027344,76.05113983154297
1771501722.5327275,2.1022825241088867,10.737278938293457,1.5382332801818848,68.47584533691406,71.30602264404297,68.95964813232422,77.09660339355469
1771501722.5813377,2.135244131088257,10.719023704528809,1.1677908897399902,68.18464660644531,71.68267059326172,69.09085845947266,76.50271606445312
1771501722.6163442,3.6217145919799805,11.594666481018066,1.7255126237869263,67.14061737060547,69.62198638916016,67.15847778320312,76.80230712890625
1771501722.6452823,2.203718900680542,11.366118431091309,1.5109941959381104,68.13092803955078,70.93582153320312,68.35429382324219,76.19145965576172
1771501722.6766372,2.396129846572876,11.749399185180664,2.0363385677337646,67.08016967773438,69.9810791015625,67.20340728759766,76.4076156616211
1771501722.7086408,3.260136604309082,11.809517860412598,1.9955806732177734,66.65275573730469,69.97699737548828,67.40615844726562,76.10453796386719
1771501722.741641,2.6263976097106934,11.914508819580078,2.011258602142334,67.17452239990234,69.6250228881836,66.96243286132812,75.47615051269531
1771501722.7751546,3.4547433853149414,12.33427906036377,2.3576912879943848,66.85836029052734,69.31988525390625,66.3691635131836,75.5699462890625
1771501722.807155,2.493915557861328,12.605962753295898,2.6869022846221924,67.52617645263672,70.05950164794922,67.59783935546875,75.1844482421875
1771501722.8401573,1.5773013830184937,12.363818168640137,2.757631540298462,67.86708068847656,71.00171661376953,68.96552276611328,73.92420196533203
1771501722.8696687,0.7353222370147705,11.844642639160156,2.6672863960266113,68.13896942138672,71.80029296875,69.98046875,73.46768951416016
1771501722.9006717,0.8185537457466125,12.286792755126953,2.7974510192871094,68.266845703125,71.50984191894531,69.25965881347656,73.1203842163086
1771501722.9326692,0.26199254393577576,12.48365306854248,2.655184507369995,68.91348266601562,72.3480224609375,69.91441345214844,72.66693115234375
1771501722.964678,-0.654064416885376,12.219095230102539,2.537599802017212,70.3019790649414,73.578125,70.94081115722656,72.41332244873047
1771501723.0145226,-0.6897575259208679,12.298316955566406,2.977832317352295,69.92122650146484,73.55049896240234,70.48551177978516,72.397216796875
1771501723.0495224,-1.4712296724319458,12.60495376586914,2.61816143989563,70.78775787353516,74.4249038696289,71.42620086669922,71.96126556396484
1771501723.080055,-3.3733816146850586,12.284363746643066,1.729503870010376,72.82064819335938,76.54798889160156,72.82379150390625,71.1418228149414
1771501723.110075,-5.063326835632324,11.99116325378418,0.0,75.82587432861328,78.75753784179688,75.19068908691406,70.41303253173828
1771501723.144154,-7.999030113220215,11.969298362731934,0.0,78.13761138916016,81.20819854736328,76.94727325439453,69.82482147216797
1771501723.1741729,-9.38283920288086,11.988448143005371,0.0,79.03313446044922,82.35588836669922,77.81945037841797,70.72884368896484
1771501723.2071724,-8.954001426696777,12.56711196899414,0.0,78.84519958496094,81.87493133544922,76.68119049072266,70.99010467529297
1771501723.237256,-8.4492826461792,13.047612190246582,0.0,79.360107421875,81.3782730102539,76.56333923339844,70.79654693603516
1771501723.272661,-7.389863014221191,12.839701652526855,0.0,78.53107452392578,80.23734283447266,75.59204864501953,72.19003295898438
1771501723.3056817,-6.838561058044434,13.07421875,0.0,77.22205352783203,79.1158218383789,74.0617904663086,72.8743896484375
1771501723.339682,-5.357712268829346,13.274646759033203,0.0,76.80412292480469,78.10389709472656,73.58560180664062,72.70201110839844
1771501723.3701956,-3.702484130859375,13.39997386932373,0.0,75.03996276855469,76.6015625,72.47611999511719,73.66092681884766
1771501723.4021955,-3.4823060035705566,13.008030891418457,0.0,74.33505249023438,76.42308807373047,72.37589263916016,73.84580993652344
1771501723.4452186,-3.8279120922088623,13.041727066040039,0.0,74.92778015136719,76.59410858154297,72.45452117919922,73.52558898925781
1771501723.480728,-4.133752346038818,12.98412036895752,0.0,74.22956085205078,76.4512939453125,72.49604797363281,74.21707916259766
1771501723.510729,-3.8853919506073,12.538761138916016,0.0,73.6938705444336,76.44506072998047,72.53214263916016,74.13494873046875
1771501723.5417297,-3.6365106105804443,12.849678993225098,0.0,73.71665954589844,75.92208099365234,71.95262145996094,74.84960174560547
1771501723.5750797,-3.584815263748169,12.651942253112793,0.0,73.62203216552734,75.15249633789062,71.07681274414062,74.93580627441406
1771501723.6050766,-1.6391432285308838,12.801229476928711,0.0,72.3784408569336,73.93251037597656,69.64095306396484,75.4288101196289
1771501723.6370978,-3.146956205368042,12.35321044921875,0.0,73.5801773071289,75.1937484741211,70.83346557617188,75.32221984863281
1771501723.6686285,-4.636075973510742,11.727920532226562,0.0,74.46355438232422,76.6340103149414,72.27919006347656,74.99115753173828
1771501723.704629,-6.025803089141846,11.098182678222656,0.0,74.27277374267578,77.17440032958984,72.6124496459961,74.30176544189453
1771501723.7326298,-6.999487400054932,10.870244979858398,0.0,75.06415557861328,78.48655700683594,73.63672637939453,74.28144073486328
1771501723.764645,-7.6808648109436035,10.776250839233398,0.0,75.63756561279297,79.19835662841797,74.90621948242188,73.8337631225586
1771501723.7971606,-8.020406723022461,10.774192810058594,0.0,77.33734130859375,79.95950317382812,75.41724395751953,72.49791717529297
1771501723.829189,-8.189623832702637,10.84256649017334,0.0,77.40860748291016,80.31866455078125,76.18936157226562,72.60682678222656
1771501723.877725,-11.307610511779785,10.32598876953125,0.0,78.87029266357422,82.62940216064453,78.369140625,70.64604949951172
1771501723.9142582,-12.445344924926758,10.460143089294434,0.0,78.93750762939453,83.89950561523438,79.99369812011719,69.78558349609375
1771501723.948267,-13.961458206176758,10.1812105178833,0.0,78.7591323852539,85.34536743164062,81.79948425292969,68.45441436767578
1771501723.980734,-15.739431381225586,9.629748344421387,0.0,78.4555435180664,85.44365692138672,84.35350799560547,67.1793441772461
1771501724.012267,-14.359724998474121,10.431233406066895,0.0,77.3289794921875,85.1118392944336,84.0756607055664,68.19554901123047
1771501724.042791,-14.280207633972168,10.828082084655762,0.0,76.4472885131836,84.91080474853516,84.81344604492188,67.28193664550781
1771501724.0753078,-14.758810043334961,10.645230293273926,0.0,76.499267578125,84.58097839355469,85.40206146240234,66.80303955078125
1771501724.1063068,-16.560766220092773,10.174173355102539,0.0,74.18365478515625,84.31983184814453,86.13142395019531,65.71166229248047
1771501724.1392632,-17.023834228515625,10.40903377532959,0.0,71.76067352294922,83.41912078857422,86.84247589111328,65.46622467041016
1771501724.1707861,-16.413785934448242,10.87998104095459,0.0,70.27129364013672,83.33261108398438,87.285888671875,64.5795669555664
1771501724.200993,-17.013885498046875,10.161123275756836,0.0,69.68875122070312,82.90784454345703,86.78155517578125,63.215267181396484
1771501724.2330074,-17.275558471679688,9.939255714416504,0.0,68.59832763671875,84.05109405517578,85.27287292480469,63.17795181274414
1771501724.2647529,-16.65070915222168,10.090487480163574,0.0,68.95059204101562,86.62652587890625,85.5163803100586,64.7049789428711
1771501724.3093324,-14.500049591064453,10.34650993347168,0.0,67.35511779785156,88.29016876220703,85.6581039428711,67.0533447265625
1771501724.3471699,-16.2860050201416,9.195513725280762,0.0,64.3914794921875,88.9295425415039,84.68514251708984,65.1053237915039
1771501724.375511,-18.4825382232666,7.505832672119141,0.0,61.89503479003906,88.30337524414062,83.1440200805664,63.439735412597656
1771501724.4367466,-18.01129722595215,7.131353855133057,0.0,60.291664123535156,87.62010192871094,82.10528564453125,62.510013580322266
1771501724.4682672,-19.432462692260742,7.435709476470947,0.0,58.19670104980469,87.4448013305664,81.69439697265625,61.16500473022461
1771501724.5002666,-19.83574104309082,6.721549987792969,0.0,58.407379150390625,86.35443878173828,80.78253936767578,59.83415222167969
1771501724.5324216,-20.600749969482422,6.584881782531738,0.0,57.061832427978516,85.7576675415039,80.3537368774414,59.053646087646484
1771501724.5614505,-20.58316421508789,6.598615646362305,0.0,58.50691604614258,85.56385040283203,80.15280151367188,59.8673210144043
1771501724.5925527,-22.468286514282227,5.428198337554932,0.0,58.42981719970703,83.78302764892578,78.29718017578125,57.49234390258789
1771501724.6255474,-23.43316078186035,5.201779842376709,0.0,56.51164245605469,82.3936996459961,77.46023559570312,56.70604705810547
1771501724.657551,-22.20508575439453,5.541043758392334,0.0,56.723777770996094,82.85693359375,78.12824249267578,57.268558502197266
1771501724.68806,-23.366689682006836,5.838293552398682,0.0,55.9511604309082,81.33868408203125,77.20329284667969,55.977638244628906
1771501724.7190628,-22.176273345947266,6.225834846496582,0.0,55.4489631652832,80.911865234375,77.49968719482422,56.69416809082031
1771501724.7510607,-19.93158531188965,7.053041458129883,0.0,57.0992546081543,81.569580078125,78.5842514038086,58.445125579833984
1771501724.783573,-18.730876922607422,7.30286169052124,0.0,60.58522415161133,82.37784576416016,79.7059097290039,58.57187271118164
1771501724.8155966,-17.343547821044922,7.566781520843506,0.0,59.52942657470703,82.3488540649414,79.9452133178711,59.35495376586914
1771501724.8475955,-18.051706314086914,6.978339195251465,0.0,61.18679428100586,82.04132080078125,80.3709945678711,60.01472091674805
1771501724.8801117,-17.419137954711914,6.669922351837158,0.0,60.01580047607422,81.85579681396484,80.21407318115234,60.206016540527344
1771501724.910118,-17.144163131713867,7.155865669250488,0.0,63.167720794677734,83.38615417480469,81.57559204101562,61.20296859741211
1771501724.9431098,-18.64220428466797,6.9387431144714355,0.0,62.31596755981445,83.04850006103516,80.42794036865234,59.73591613769531
1771501724.974729,-19.991455078125,6.75801944732666,0.0,61.50157165527344,82.79573059082031,79.73505401611328,58.792457580566406
1771501725.007729,-20.964143753051758,5.992951393127441,0.0,59.16229248046875,81.90670013427734,78.40816497802734,58.00315856933594
1771501725.0377393,-18.74553871154785,6.957664966583252,0.0,63.449344635009766,85.13835906982422,81.19576263427734,62.57124710083008
1771501725.0689704,-17.810604095458984,7.126374244689941,0.0,65.32273864746094,86.45873260498047,82.3294906616211,63.49232482910156
1771501725.1019657,-18.438833236694336,7.128652095794678,0.0,63.492401123046875,85.95542907714844,81.56475830078125,62.57390213012695
1771501725.1409645,-18.19124412536621,7.494863510131836,0.0,63.401634216308594,85.97605895996094,81.80793762207031,63.274967193603516
1771501725.1745536,-18.446863174438477,7.40408992767334,0.0,62.50110626220703,86.33600616455078,81.71013641357422,63.413665771484375
1771501725.2095242,-16.841381072998047,7.933133125305176,0.0,65.3655014038086,87.93606567382812,82.53575897216797,64.37469482421875
1771501725.2425072,-15.93718147277832,8.319025993347168,0.0,64.7828598022461,88.55463409423828,82.77427673339844,65.01871490478516
1771501725.274105,-15.013903617858887,8.371786117553711,0.0,68.5736083984375,89.3279800415039,83.2667007446289,66.43447875976562
1771501725.3051393,-15.412439346313477,8.71884822845459,0.0,68.72360229492188,89.68659210205078,83.09947967529297,66.10984802246094
1771501725.3381126,-14.397329330444336,9.120004653930664,0.0,69.7458267211914,88.54707336425781,83.17484283447266,67.40945434570312
1771501725.367983,-12.214948654174805,10.01557731628418,0.0,70.64164733886719,87.22744750976562,82.56671142578125,68.56864929199219
1771501725.3990617,-12.67638111114502,9.770033836364746,0.0,70.41586303710938,87.63371276855469,82.44339752197266,67.96897888183594
1771501725.4350853,-11.507859230041504,10.398223876953125,0.0,71.62789154052734,86.57257080078125,81.94429016113281,68.73178100585938
1771501725.4621012,-10.881597518920898,10.385672569274902,0.0,71.8912353515625,85.91519165039062,81.25714874267578,69.64364624023438
1771501725.4936075,-12.186149597167969,10.48314094543457,0.0,70.41181182861328,86.78179931640625,81.82821655273438,69.06401062011719
1771501725.5256207,-11.891324996948242,10.815686225891113,0.0,70.59616088867188,86.76728820800781,82.22433471679688,69.1581802368164
1771501725.5741553,-11.24400520324707,10.831133842468262,0.0,71.1783218383789,86.0743408203125,81.90029907226562,70.49566650390625
1771501725.6082962,-10.90805435180664,10.756099700927734,0.0,71.05542755126953,85.75397491455078,81.85649108886719,70.07503509521484
1771501725.64115,-11.615433692932129,10.364288330078125,0.0,70.30693054199219,86.04988098144531,81.69007110595703,70.20016479492188
1771501725.6686602,-10.58511734008789,11.04857063293457,0.0,70.2738037109375,85.14456939697266,81.32524871826172,70.7055892944336
1771501725.7016656,-10.767489433288574,10.447928428649902,0.0,71.19448852539062,84.55982971191406,81.00618743896484,70.39546966552734
1771501725.7345076,-10.909871101379395,10.300077438354492,0.0,71.5307846069336,84.81873321533203,80.93982696533203,70.58588409423828
1771501725.7645035,-11.075794219970703,10.290227890014648,0.0,70.29154205322266,85.3510971069336,81.55207824707031,70.9759292602539
1771501725.797045,-11.349716186523438,9.96825885772705,0.0,70.26750946044922,85.92613983154297,81.73342895507812,70.3499755859375
1771501725.8290474,-12.626163482666016,10.00327205657959,0.0,69.34767150878906,86.7331314086914,81.99197387695312,69.73338317871094
1771501725.8670309,-13.898530960083008,9.351441383361816,0.0,69.32341003417969,87.82084655761719,82.0689697265625,68.63743591308594
1771501725.8993046,-14.525924682617188,9.498635292053223,0.0,68.21345520019531,87.95751190185547,82.56668090820312,68.86493682861328
1771501725.9303896,-13.906777381896973,9.168442726135254,0.0,69.76555633544922,87.6266098022461,82.32240295410156,68.84870910644531
1771501725.9634066,-13.025644302368164,9.799149513244629,0.0,69.1770248413086,86.70365905761719,82.04695129394531,70.02486419677734
1771501726.0055435,-12.046049118041992,9.569140434265137,0.0,69.85895538330078,86.14171600341797,81.38766479492188,70.50977325439453
1771501726.0416586,-10.047768592834473,10.717951774597168,0.0,71.75178527832031,84.1349868774414,80.55348205566406,72.5582046508789
1771501726.074194,-6.640754699707031,12.05823802947998,0.0,74.94746398925781,80.45442962646484,78.06892395019531,74.75187683105469
1771501726.10421,-2.5101819038391113,13.055486679077148,0.0,78.26778411865234,76.64232635498047,75.2253189086914,76.16930389404297
1771501726.1371956,-1.8469103574752808,13.459613800048828,0.0,76.37981414794922,75.66230010986328,74.53998565673828,77.45343017578125
1771501726.168718,-3.339773416519165,13.353549003601074,0.0,77.12532806396484,77.09886932373047,75.42498016357422,76.06840515136719
1771501726.2007957,-3.0297281742095947,13.544220924377441,0.0,76.70845031738281,77.0497055053711,75.35591125488281,76.36454010009766
1771501726.2327907,-3.2059669494628906,13.537507057189941,0.0,76.55992889404297,77.37923431396484,75.64779663085938,76.39490509033203
1771501726.26279,-2.495969772338867,13.724808692932129,0.0,76.44705200195312,76.658447265625,75.6071548461914,76.18563842773438
1771501726.2980435,-2.085202693939209,14.220149993896484,0.0,76.86898040771484,76.29181671142578,75.10772705078125,75.76753234863281
1771501726.3250437,-1.790016770362854,14.133659362792969,0.0,77.0044937133789,75.14698028564453,74.36437225341797,76.28170776367188
1771501726.3600507,-1.06454598903656,14.44073486328125,0.0,77.00809478759766,74.59290313720703,73.18392944335938,75.88983917236328
1771501726.39121,-1.2297450304031372,14.377108573913574,0.0,76.9555435180664,75.0167236328125,73.7579345703125,75.9478530883789
1771501726.4382186,-1.7645823955535889,14.083637237548828,0.0,76.48017120361328,75.70984649658203,74.25839233398438,76.18930053710938
1771501726.4706273,-2.3883583545684814,13.780797958374023,0.0,75.82575988769531,75.84489440917969,74.40776824951172,75.88784790039062
1771501726.5036328,-1.847289800643921,14.002123832702637,0.0,77.0042495727539,75.23770904541016,74.0080795288086,76.20679473876953
1771501726.534629,-2.5363662242889404,13.657965660095215,0.0,76.96968841552734,76.03746032714844,74.6595687866211,75.92109680175781
1771501726.5656426,-0.5669960379600525,14.140279769897461,0.0,77.05966186523438,74.6640625,73.44435119628906,75.97470092773438
1771501726.5971708,-1.3207780122756958,13.428717613220215,0.0,76.6944580078125,76.31974792480469,74.59811401367188,75.7293930053711
1771501726.6301684,-1.8851081132888794,13.785229682922363,0.0,77.2900161743164,76.1908187866211,74.29652404785156,75.82329559326172
1771501726.6611967,-2.2549471855163574,13.404044151306152,0.0,77.60231018066406,76.16828918457031,74.73290252685547,76.3026351928711
1771501726.6928327,-3.9469408988952637,13.067927360534668,0.0,75.51116180419922,78.19635009765625,76.32133483886719,75.29810333251953
1771501726.7288246,-4.400126934051514,12.666029930114746,0.0,74.81482696533203,79.22117614746094,76.2693862915039,74.96146392822266
1771501726.7615297,-5.799259662628174,12.737061500549316,0.0,72.38948822021484,80.1932601928711,77.2886962890625,74.63958740234375
1771501726.7921598,-3.047358989715576,12.84377384185791,0.0,75.32527160644531,78.01248168945312,74.43103790283203,74.22034454345703
1771501726.8241577,-6.188677787780762,13.095847129821777,0.0,69.70270538330078,81.36331939697266,77.43509674072266,73.92598724365234
1771501726.8681984,-6.245971202850342,11.977160453796387,0.0,73.65727233886719,80.53109741210938,75.452392578125,73.44047546386719
1771501726.9047763,-8.398757934570312,12.499760627746582,0.0,67.52047729492188,83.48343658447266,79.01731872558594,72.87380981445312
1771501726.9347212,-8.539839744567871,12.291936874389648,0.0,67.02815246582031,83.81489562988281,78.71290588378906,72.28556823730469
1771501726.9647162,-9.692835807800293,12.257950782775879,0.0,67.2965087890625,84.99296569824219,79.37565612792969,71.56828308105469
1771501726.997299,-9.603489875793457,11.896781921386719,0.0,66.35813903808594,85.17797088623047,79.17328643798828,70.92161560058594
1771501727.0303187,-8.493040084838867,12.270991325378418,0.0,67.49211883544922,84.21202087402344,78.52235412597656,71.60606384277344
1771501727.062301,-10.226214408874512,11.646370887756348,0.0,66.46588897705078,85.3180923461914,79.22087860107422,70.6033706665039
1771501727.0958955,-9.606132507324219,12.216166496276855,0.0,67.39550018310547,85.05957794189453,79.24358367919922,71.7677230834961
1771501727.1258967,-9.822685241699219,11.489980697631836,0.0,66.44944763183594,85.25170135498047,79.24105834960938,71.31889343261719
1771501727.161921,-8.853096961975098,11.823835372924805,0.0,72.51224517822266,83.44988250732422,77.68978118896484,71.81441497802734
1771501727.197376,-8.475713729858398,11.946219444274902,0.0,69.54459381103516,82.8914566040039,77.51463317871094,71.7840805053711
1771501727.2274837,-7.9109697341918945,12.938589096069336,0.0,68.12458801269531,82.7428207397461,77.79173278808594,72.94386291503906
1771501727.259473,-7.863215923309326,12.529356956481934,0.0,69.218505859375,82.5842056274414,77.46574401855469,73.36363220214844
1771501727.3010092,-4.575148105621338,13.408702850341797,0.0,73.39772033691406,79.64616394042969,75.9557876586914,75.42925262451172
1771501727.3340023,-4.972018718719482,13.343789100646973,0.0,73.82988739013672,80.35877227783203,76.88980102539062,75.71363830566406
1771501727.3665566,-4.859520435333252,13.257511138916016,0.0,77.78140258789062,79.15657806396484,75.83992767333984,74.41651153564453
1771501727.3981051,-5.399802207946777,14.060460090637207,0.0,76.05177307128906,79.4676284790039,77.33891296386719,75.16924285888672
1771501727.4291024,-6.040892601013184,12.821353912353516,0.0,77.04475402832031,78.92223358154297,77.31100463867188,75.22785949707031
1771501727.4611158,-6.291088104248047,12.866999626159668,0.0,75.31327819824219,79.4326400756836,78.31812286376953,74.7778549194336
1771501727.4926279,-9.719335556030273,12.217340469360352,0.0,73.24051666259766,82.47884368896484,81.61184692382812,72.35322570800781
1771501727.5266244,-9.931994438171387,12.519664764404297,0.0,71.8902587890625,83.10636138916016,82.92875671386719,72.15428924560547
1771501727.5566373,-10.247476577758789,11.29488754272461,0.0,73.51970672607422,82.78376007080078,82.39232635498047,72.88616180419922
1771501727.5921566,-10.498315811157227,11.798065185546875,0.0,74.15933990478516,83.07162475585938,82.71492004394531,72.58294677734375
1771501727.6211498,-9.807624816894531,12.424047470092773,0.0,73.66395568847656,82.18824768066406,82.49177551269531,72.85585021972656
1771501727.6531808,-10.190696716308594,12.216815948486328,0.0,74.31713104248047,82.33942413330078,82.62759399414062,72.08580780029297
1771501727.6854668,-9.679133415222168,13.04273509979248,0.0,73.91946411132812,81.6895980834961,82.14537048339844,72.95549011230469
1771501727.7334666,-9.94308853149414,12.863967895507812,0.0,75.23104858398438,81.96067810058594,82.36508178710938,72.46572875976562
1771501727.7684848,-11.627853393554688,12.361191749572754,0.0,73.9007568359375,82.6412353515625,84.27576446533203,70.67212677001953
1771501727.8021362,-11.566054344177246,12.391785621643066,0.0,75.57482147216797,82.12869262695312,84.01394653320312,70.96275329589844
1771501727.8361542,-10.684983253479004,12.481722831726074,0.0,76.80549621582031,81.1456298828125,82.48171997070312,71.3955307006836
1771501727.8671663,-11.224845886230469,11.79737377166748,0.0,77.25291442871094,81.37504577636719,81.67310333251953,70.83074951171875
1771501727.8986719,-11.851753234863281,11.523547172546387,0.0,77.87398529052734,82.14852142333984,82.00438690185547,69.84183502197266
1771501727.9296703,-13.592681884765625,11.61494255065918,0.0,78.07405090332031,83.16797637939453,82.62423706054688,68.26533508300781
1771501727.959744,-13.506592750549316,11.492698669433594,0.0,77.0525894165039,82.84088897705078,82.62480163574219,68.48736572265625
1771501727.9908922,-13.436400413513184,11.708155632019043,0.0,76.89348602294922,82.94842529296875,81.4544677734375,69.10221099853516
1771501728.026893,-12.97140121459961,12.109231948852539,0.0,77.08666229248047,82.75088500976562,80.46099853515625,70.37744140625
1771501728.0548933,-12.540863037109375,12.334686279296875,0.0,77.59251403808594,82.65009307861328,80.2921371459961,70.32526397705078
1771501728.0879319,-11.596412658691406,12.522141456604004,0.0,77.02718353271484,81.37142181396484,79.54313659667969,70.770751953125
1771501728.1219318,-8.975515365600586,12.974799156188965,0.0,78.44817352294922,80.68748474121094,77.91779327392578,72.224609375
1771501728.1689367,-8.865986824035645,12.510405540466309,0.0,77.90534973144531,80.16246795654297,76.9522476196289,72.35073852539062
1771501728.2024472,-9.389728546142578,12.078556060791016,0.0,77.93698120117188,80.80302429199219,77.41373443603516,71.5737075805664
1771501728.234446,-10.749366760253906,11.293487548828125,0.0,78.03135681152344,82.2613754272461,79.32935333251953,70.16068267822266
1771501728.2634516,-10.15442943572998,11.117058753967285,0.0,78.4137191772461,82.71147918701172,79.4559555053711,70.15198516845703
1771501728.2949696,-9.438715934753418,10.879167556762695,0.0,78.57122802734375,81.15875244140625,78.08135223388672,70.97650146484375
1771501728.3259635,-10.740175247192383,10.82503604888916,0.0,78.66941833496094,82.43560791015625,79.4549331665039,69.86353302001953
1771501728.3589654,-10.20556354522705,10.506486892700195,0.0,79.265380859375,82.48490142822266,79.04403686523438,69.88447570800781
1771501728.3904743,-10.31212043762207,10.16284465789795,0.0,79.32465362548828,82.46534729003906,78.80537414550781,69.9068374633789
1771501728.4224753,-9.637243270874023,10.070380210876465,0.0,79.55113220214844,82.10347747802734,78.446533203125,69.78833770751953
1771501728.4584808,-8.016738891601562,10.521610260009766,0.0,78.89313507080078,80.21927642822266,76.41654205322266,71.57435607910156
1771501728.4880025,-8.9959077835083,10.391498565673828,0.0,79.33633422851562,81.28598022460938,77.33563995361328,71.67689514160156
1771501728.5180092,-8.969858169555664,10.583090782165527,0.0,78.59636688232422,81.04112243652344,77.78221130371094,71.70946502685547
1771501728.5520048,-10.1364164352417,10.245973587036133,0.0,78.19608306884766,81.62963104248047,78.34921264648438,71.65402221679688
1771501728.6309729,-10.657470703125,9.74641227722168,0.0,78.13652801513672,82.085693359375,78.18687438964844,71.0775375366211
1771501728.6499789,-10.88779354095459,9.576883316040039,0.0,77.70996856689453,81.9043960571289,78.28144836425781,71.37490844726562
1771501728.6814835,-10.7290620803833,9.7299165725708,0.0,78.05862426757812,82.11534118652344,78.24887084960938,70.5605239868164
1771501728.712481,-13.145245552062988,8.999265670776367,0.0,78.19303131103516,83.43550109863281,79.79103088378906,69.68685913085938
1771501728.7444804,-13.171340942382812,8.62528133392334,0.0,78.7726821899414,83.91500854492188,80.38084411621094,68.97492980957031
1771501728.7749937,-13.302618026733398,8.301918983459473,0.0,79.3680648803711,84.15259552001953,80.55543518066406,68.77003479003906
1771501728.8069935,-13.95075511932373,8.85811996459961,0.0,79.39883422851562,84.71487426757812,81.63585662841797,68.28145599365234
1771501728.8380003,-14.333192825317383,8.570569038391113,0.0,78.9943618774414,84.58647918701172,82.01467895507812,68.01214599609375
1771501728.870997,-14.677919387817383,7.8304243087768555,0.0,79.56275939941406,85.5326156616211,82.4468002319336,67.72513580322266
1771501728.9010625,-15.656356811523438,7.6677374839782715,0.0,79.81587982177734,86.10187530517578,83.22005462646484,67.03022003173828
1771501728.9331448,-16.838449478149414,7.747907638549805,0.0,79.60140228271484,86.47769165039062,84.06647491455078,66.23941040039062
1771501728.9651494,-16.18286895751953,8.234538078308105,0.0,79.8421401977539,86.50934600830078,83.60469055175781,66.14541625976562
1771501729.0290194,-15.476644515991211,8.72390079498291,0.0,80.08967590332031,86.31405639648438,83.36111450195312,66.64681243896484
1771501729.0620253,-15.40644359588623,7.945582866668701,0.038049280643463135,79.78028106689453,86.26885986328125,83.4220962524414,67.22644805908203
1771501729.0915282,-14.808660507202148,8.346427917480469,0.0,79.741455078125,85.77613067626953,82.84017944335938,67.47601318359375
1771501729.1215317,-15.004980087280273,8.170816421508789,0.0,79.52525329589844,85.58003997802734,82.88216400146484,67.91950988769531
1771501729.1530375,-13.985980987548828,8.81148624420166,0.9342977404594421,78.8296890258789,85.00432586669922,82.1937484741211,68.70694732666016
1771501729.1850512,-13.74970531463623,8.830662727355957,1.4614979028701782,78.670166015625,84.7250747680664,82.61974334716797,68.93073272705078
1771501729.2150512,-14.073084831237793,9.234244346618652,2.082057476043701,78.05683898925781,84.75984954833984,82.1374740600586,68.62406921386719
1771501729.2470534,-13.057991981506348,9.67147445678711,3.5884509086608887,77.48057556152344,83.96434020996094,81.86515045166016,68.13693237304688
1771501729.277656,-11.947890281677246,9.641291618347168,4.007691860198975,76.49103546142578,82.97127532958984,80.71544647216797,69.13774871826172
1771501729.310661,-11.582254409790039,9.84408950805664,4.211753845214844,76.23081970214844,82.60160827636719,80.45708465576172,69.210693359375
1771501729.3416061,-11.286962509155273,9.737528800964355,4.535003662109375,75.26092529296875,81.89222717285156,79.82459259033203,69.7209243774414
1771501729.3726325,-11.194095611572266,9.458789825439453,3.801610231399536,75.35218811035156,81.84668731689453,78.95118713378906,69.898193359375
1771501729.4137237,-9.848466873168945,9.918992042541504,4.028162002563477,75.24385070800781,81.51045227050781,78.27619934082031,70.44812774658203
1771501729.4617567,-10.607455253601074,9.722492218017578,3.793522596359253,75.72173309326172,82.04627990722656,78.37745666503906,70.02021789550781
1771501729.4942796,-10.301472663879395,9.909994125366211,4.189342021942139,75.74771881103516,82.2972183227539,79.07084655761719,69.76264953613281
1771501729.5252795,-11.017385482788086,9.439895629882812,4.2650861740112305,76.07179260253906,82.6424560546875,79.42485809326172,69.84762573242188
1771501729.5558517,-11.183027267456055,9.588799476623535,4.115930080413818,76.12169647216797,82.52861022949219,79.34382629394531,69.80361938476562
1771501729.586474,-10.945584297180176,9.919846534729004,3.7021372318267822,76.10456085205078,82.75469970703125,79.56023406982422,69.48152923583984
1771501729.617441,-10.74856185913086,10.118532180786133,4.077724456787109,75.99887084960938,82.44230651855469,79.15338134765625,70.210205078125
1771501729.6463463,-9.146885871887207,10.310355186462402,4.294393539428711,75.45642852783203,81.58291625976562,78.74068450927734,70.38399505615234
1771501729.6803055,-9.639431953430176,10.179564476013184,4.476114273071289,75.31420135498047,81.91116333007812,78.76844024658203,70.08308410644531
1771501729.7128649,-8.834853172302246,10.168522834777832,4.390856742858887,74.9238510131836,81.57258605957031,78.61898040771484,70.07671356201172
1771501729.7425914,-10.420452117919922,9.786592483520508,4.297980308532715,75.42733764648438,82.53765106201172,79.30645751953125,69.67388153076172
1771501729.7791927,-10.49655818939209,9.767576217651367,3.589325189590454,74.70462036132812,82.313720703125,79.2454833984375,69.5694580078125
1771501729.816844,-11.434211730957031,9.330069541931152,4.132470607757568,74.80115509033203,83.15458679199219,80.26051330566406,68.94103240966797
1771501729.8482742,-11.326601028442383,9.258119583129883,4.001005172729492,75.14607238769531,83.4409408569336,80.45881652832031,68.57852172851562
1771501729.8957796,-11.682671546936035,9.087478637695312,4.571632385253906,75.14884185791016,83.73017883300781,80.90570831298828,68.43868255615234
1771501729.929812,-11.035270690917969,8.958641052246094,4.4043707847595215,75.11046600341797,83.69863891601562,80.86363220214844,68.06758880615234
1771501729.9588838,-11.490649223327637,8.693720817565918,4.232789993286133,75.56368255615234,84.0691146850586,81.02094268798828,67.83671569824219
1771501729.990136,-11.004263877868652,9.27468204498291,4.896823883056641,75.26175689697266,83.45123291015625,80.52327728271484,68.54881286621094
1771501730.0231285,-12.562642097473145,8.849574089050293,3.9907279014587402,75.91605377197266,84.16910552978516,81.2319564819336,68.14859771728516
1771501730.0541382,-10.556408882141113,9.588799476623535,4.862777233123779,74.92423248291016,83.08627319335938,80.27799224853516,68.63436126708984
1771501730.0853076,-11.20166015625,9.023802757263184,4.649191856384277,75.59942626953125,84.07926940917969,81.04963684082031,67.60315704345703
1771501730.1163304,-12.213754653930664,8.963994026184082,4.378804683685303,75.3001480102539,84.618896484375,82.23562622070312,67.0699691772461
1771501730.1483326,-11.489651679992676,8.873923301696777,4.921508312225342,75.40127563476562,84.20579528808594,81.01333618164062,67.70819091796875
1771501730.1794446,-12.065910339355469,8.797781944274902,4.58033561706543,76.06036376953125,84.68094635009766,81.21215057373047,66.59300231933594
1771501730.2144344,-11.868800163269043,9.227712631225586,5.208217620849609,75.40985870361328,84.15262603759766,81.30073547363281,67.75341033935547
1771501730.246443,-12.256847381591797,8.706069946289062,4.500530242919922,76.1024169921875,84.46370697021484,81.39419555664062,67.2175521850586
1771501730.2779915,-12.387438774108887,8.945226669311523,4.655525207519531,75.00457763671875,84.19532012939453,81.72649383544922,67.58270263671875
1771501730.3269916,-12.760278701782227,8.649227142333984,4.5448408126831055,75.54581451416016,84.45616912841797,81.79007720947266,67.95231628417969
1771501730.3590016,-12.532952308654785,8.61601734161377,4.579720497131348,75.47696685791016,84.59778594970703,82.30326080322266,67.49217224121094
1771501730.3815255,-12.78796672821045,8.484236717224121,4.6742987632751465,75.38521575927734,84.6067123413086,82.48649597167969,67.47270965576172
1771501730.4110222,-12.256449699401855,8.389908790588379,4.465341091156006,75.36138916015625,84.51952362060547,82.25455474853516,67.67903900146484
1771501730.4420302,-13.034597396850586,8.518160820007324,4.158450603485107,75.78860473632812,84.70664978027344,82.3973388671875,67.0180892944336
1771501730.4748137,-11.89242935180664,8.586326599121094,4.626465797424316,74.95689392089844,84.00259399414062,82.11927795410156,67.72052001953125
1771501730.5057583,-12.5903902053833,8.215628623962402,4.219302654266357,75.47474670410156,84.61751556396484,82.24199676513672,67.49903869628906
1771501730.5368278,-12.591570854187012,8.025894165039062,4.22105598449707,75.63836669921875,84.8470230102539,82.58809661865234,66.82780456542969
1771501730.5678866,-13.226768493652344,8.222467422485352,4.125749111175537,75.91765594482422,85.09615325927734,82.75711059570312,66.67001342773438
1771501730.6165159,-11.495624542236328,8.346122741699219,4.789920806884766,75.47549438476562,83.77080535888672,81.2844009399414,68.40581512451172
1771501730.6455183,-12.498528480529785,8.425372123718262,4.055750846862793,75.47566986083984,84.37102508544922,82.19281768798828,67.68180084228516
1771501730.6780324,-12.510902404785156,8.393157958984375,4.661708354949951,75.70974731445312,84.33399963378906,82.10103607177734,67.83663940429688
1771501730.7120337,-12.046873092651367,8.298056602478027,4.283351421356201,75.35758972167969,84.2354736328125,81.60726165771484,68.14971160888672
1771501730.7600393,-12.74783706665039,8.428534507751465,4.3154120445251465,75.68418884277344,84.2539291381836,81.53248596191406,68.47136688232422
1771501730.7885723,-12.189899444580078,8.6945161819458,4.800487518310547,75.2607650756836,84.07844543457031,81.69605255126953,68.24262237548828
1771501730.817555,-11.676050186157227,8.556534767150879,4.806341171264648,75.12605285644531,83.96346282958984,81.58200073242188,68.27041625976562
1771501730.8495946,-12.478672981262207,8.321656227111816,4.27377462387085,75.97823333740234,84.63151550292969,81.79287719726562,68.01597595214844
1771501730.8792353,-11.74350643157959,8.637022018432617,4.784947395324707,75.67462158203125,84.23982238769531,81.59169006347656,68.13196563720703
1771501730.9102426,-13.398301124572754,8.402945518493652,4.5084333419799805,75.55882263183594,84.64859008789062,82.38866424560547,67.90489959716797
1771501730.9412274,-12.386080741882324,9.050528526306152,4.622411727905273,75.24514770507812,84.15863037109375,81.8232650756836,68.03882598876953
1771501730.9719193,-12.980476379394531,8.642532348632812,4.3737473487854,75.58905792236328,84.60213470458984,82.526611328125,67.62086486816406
1771501731.0165372,-13.013152122497559,8.509925842285156,4.717337131500244,75.54632568359375,84.59125518798828,82.5494384765625,67.91737365722656
1771501731.050435,-13.385662078857422,8.095293045043945,4.886589050292969,75.73431396484375,84.96891784667969,82.96829223632812,67.28160858154297
1771501731.0779965,-13.034380912780762,8.621146202087402,4.685335636138916,75.6334228515625,84.6854019165039,82.51774597167969,67.309814453125
1771501731.1119962,-13.36884593963623,8.527691841125488,5.593724250793457,75.75098419189453,84.64159393310547,82.3780746459961,67.65657806396484
1771501731.1580486,-13.251749992370605,8.928266525268555,5.8424248695373535,75.54769134521484,84.78902435302734,82.86473846435547,67.35858917236328
1771501731.19164,-12.575155258178711,8.256058692932129,6.16411018371582,76.02041625976562,84.88648986816406,82.66917419433594,67.3614501953125
1771501731.2186873,-12.458327293395996,8.366368293762207,5.658120632171631,75.87965393066406,84.94669342041016,82.79300689697266,67.26173400878906
1771501731.2497234,-12.841039657592773,8.297316551208496,6.0908355712890625,75.80122375488281,84.86328887939453,82.70633697509766,67.31937408447266
1771501731.3459766,-13.041324615478516,8.283872604370117,5.923023700714111,75.6681900024414,84.75125885009766,82.92259979248047,67.27558898925781
1771501731.3786662,-12.867899894714355,8.320027351379395,6.262845516204834,75.64122772216797,84.27912139892578,82.8537826538086,67.64608764648438
1771501731.4076078,-14.033981323242188,8.344048500061035,5.967991352081299,75.4826889038086,84.61064147949219,83.0785903930664,67.70494842529297
1771501731.4366076,-12.593990325927734,8.16466999053955,6.48899507522583,75.54041290283203,84.43211364746094,82.2692642211914,67.95957946777344
1771501731.4697049,-13.232470512390137,8.340447425842285,5.3744893074035645,75.47196960449219,84.32418060302734,82.68345642089844,67.76313781738281
1771501731.501408,-13.743853569030762,8.16984748840332,5.577862739562988,75.6482925415039,84.47014617919922,82.83363342285156,67.85626220703125
1771501731.5323608,-13.516749382019043,8.402873039245605,5.4050822257995605,75.58273315429688,84.3991928100586,82.86660766601562,68.07070922851562
1771501731.5634787,-13.93184757232666,8.173624992370605,5.783384799957275,75.2125473022461,84.43517303466797,83.4074478149414,67.87696075439453
1771501731.5949833,-13.967374801635742,7.8161091804504395,5.169705867767334,75.44476318359375,84.48441314697266,83.31056213378906,67.51127624511719
1771501731.6279514,-13.830007553100586,8.49133586883545,5.066815376281738,75.1528549194336,84.48249816894531,82.95087432861328,67.39002227783203
1771501731.659001,-14.27000617980957,8.196294784545898,5.2134175300598145,75.28114318847656,84.42047119140625,83.0244140625,67.76631164550781
1771501731.6908407,-14.724324226379395,8.207846641540527,5.03892707824707,75.4585952758789,84.56880187988281,83.4444351196289,67.42505645751953
1771501731.7223961,-14.223809242248535,8.470477104187012,5.099268436431885,75.38019561767578,84.4033203125,83.06449127197266,67.77452850341797
1771501731.755216,-13.885807037353516,8.298484802246094,5.340611934661865,75.31815338134766,84.43211364746094,82.89662170410156,68.0099105834961
1771501731.7868407,-14.169057846069336,8.3013334274292,5.4028401374816895,75.65300750732422,84.58094024658203,82.96748352050781,67.60492706298828
1771501731.8178408,-14.031153678894043,8.300117492675781,4.894020080566406,75.85348510742188,84.55004119873047,82.36642456054688,68.23538208007812
1771501731.8588405,-13.270292282104492,7.959294319152832,5.197896480560303,75.59750366210938,84.53883361816406,82.88897705078125,67.55425262451172
1771501731.8814468,-13.814440727233887,8.389567375183105,5.079924583435059,75.3409652709961,84.45104217529297,83.0255126953125,67.77664947509766
1771501731.9124458,-13.605829238891602,8.147159576416016,4.945254325866699,74.90385437011719,84.27265167236328,82.8198471069336,68.15247344970703
1771501731.9444568,-14.057727813720703,8.268942832946777,4.653676986694336,74.78030395507812,84.29548645019531,82.68077087402344,68.18878936767578
1771501731.976099,-13.981595993041992,8.139264106750488,4.764238357543945,74.92222595214844,84.12139892578125,83.2047119140625,67.79093933105469
1771501732.009099,-14.839999198913574,7.949597358703613,4.591699600219727,75.02108001708984,84.32352447509766,83.81005096435547,67.49698638916016
1771501732.0421414,-14.625394821166992,8.057412147521973,4.624544620513916,74.55030822753906,84.32894897460938,83.98695373535156,67.5487289428711
1771501732.0711029,-14.572152137756348,7.747666835784912,4.826652526855469,75.17098999023438,84.78252410888672,83.91059875488281,66.82361602783203
1771501732.1026616,-14.024842262268066,7.568426609039307,5.208662509918213,75.12861633300781,84.75017547607422,83.65560150146484,66.9495849609375
1771501732.13417,-13.79226016998291,7.898908615112305,4.774325370788574,75.02889251708984,84.35662841796875,83.00464630126953,67.4023208618164
1771501732.1662939,-14.428741455078125,7.912927150726318,4.619497776031494,74.99993133544922,84.38158416748047,83.38778686523438,67.65167236328125
1771501732.1968331,-14.32339096069336,7.808632850646973,4.766335487365723,74.88742065429688,84.28515625,83.25406646728516,67.57133483886719
1771501732.2289805,-15.087923049926758,7.885074138641357,4.306396484375,75.15552520751953,84.39146423339844,83.40792083740234,67.95207214355469
1771501732.259357,-15.113719940185547,7.662930965423584,4.867916107177734,75.5984115600586,84.74368286132812,83.0442123413086,67.85987091064453
1771501732.2915792,-14.247265815734863,8.248574256896973,4.778655529022217,74.97858428955078,83.9253921508789,82.91484832763672,68.4049301147461
1771501732.3235574,-14.81942081451416,7.645261764526367,5.362926483154297,75.21464538574219,84.7375717163086,83.31272888183594,67.45633697509766
1771501732.3525846,-13.530418395996094,8.152782440185547,5.172726631164551,75.6637191772461,84.55543518066406,82.74455261230469,67.52738189697266
1771501732.3842669,-13.868483543395996,7.763774871826172,5.966156005859375,75.37431335449219,84.52252960205078,83.26261901855469,67.64269256591797
1771501732.4152422,-13.052355766296387,8.335426330566406,5.301564693450928,75.7605972290039,84.52890014648438,82.241943359375,67.41184997558594
1771501732.4949303,-13.642765998840332,8.444866180419922,5.434309482574463,75.35368347167969,84.17826080322266,82.8766860961914,67.83570098876953
1771501732.5239573,-14.297039985656738,8.332240104675293,4.994747161865234,75.09955596923828,84.27375030517578,82.66411590576172,67.92718505859375
1771501732.5549095,-14.27678108215332,8.027178764343262,4.883833408355713,75.0301742553711,84.28121185302734,82.82867431640625,67.80635833740234
1771501732.5855737,-14.086007118225098,8.13927173614502,5.2283453941345215,75.24882507324219,84.36031341552734,83.04418182373047,67.68156433105469
1771501732.617568,-14.324063301086426,8.02213191986084,4.795185565948486,74.93737030029297,84.17637634277344,83.27515411376953,67.70984649658203
1771501732.648566,-14.30683422088623,7.7565226554870605,4.491055011749268,74.61824798583984,84.20579528808594,82.81632232666016,67.89688873291016
1771501732.6803179,-14.644512176513672,8.183060646057129,4.563904285430908,74.4455337524414,83.93990325927734,83.35441589355469,67.4781265258789
1771501732.7124803,-14.655190467834473,7.8063788414001465,4.493685722351074,74.8645248413086,84.22090148925781,83.04297637939453,67.7550048828125
1771501732.7430782,-14.086897850036621,7.96221399307251,4.4480509757995605,74.65213012695312,83.97825622558594,82.61158752441406,68.16914367675781
1771501732.7756484,-14.898871421813965,7.916524410247803,4.321902275085449,74.28763580322266,84.06462097167969,83.13984680175781,67.93479919433594
1771501732.8056738,-14.554095268249512,7.910073757171631,4.413725852966309,74.48211669921875,83.83289337158203,82.92784118652344,68.38896179199219
1771501732.8371403,-14.298102378845215,8.006649017333984,4.617339134216309,75.08475494384766,84.26297760009766,83.33785247802734,67.85094451904297
1771501732.8697426,-14.76089859008789,7.960202693939209,4.399747371673584,74.44996643066406,84.0123062133789,83.46621704101562,67.92980194091797
1771501732.9012475,-14.203964233398438,8.005556106567383,4.033860206604004,74.85826110839844,84.18418884277344,83.46166229248047,67.2430191040039
1771501732.933246,-14.014220237731934,7.988066673278809,4.6561079025268555,74.81197357177734,84.18536376953125,83.38802337646484,67.81554412841797
1771501732.9642942,-14.467281341552734,8.031586647033691,4.411157131195068,74.8960189819336,84.35176849365234,83.67032623291016,67.3621826171875
1771501732.995799,-14.468300819396973,7.893568515777588,4.689452648162842,74.84669494628906,83.964599609375,83.1129379272461,68.14189910888672
1771501733.028801,-14.175824165344238,8.350382804870605,4.521997451782227,74.93933868408203,84.27497863769531,83.40530395507812,67.38481903076172
1771501733.0587995,-14.881147384643555,8.151611328125,4.444166660308838,74.67750549316406,84.19913482666016,84.06759643554688,67.6119155883789
1771501733.08943,-15.36857795715332,7.953406810760498,4.379813194274902,74.63493347167969,84.25293731689453,84.54443359375,66.77677917480469
1771501733.121429,-14.511713981628418,7.905703544616699,4.4533162117004395,74.9799575805664,84.31383514404297,83.34043884277344,67.76787567138672
1771501733.1524312,-14.426480293273926,7.740412712097168,4.690480709075928,74.99571990966797,84.3647232055664,83.91046905517578,67.42111206054688
1771501733.1839893,-14.288700103759766,8.15294075012207,4.437324523925781,75.05757904052734,84.10079956054688,83.2157974243164,67.94009399414062
1771501733.2159693,-14.099210739135742,8.094220161437988,4.586749076843262,75.05322265625,84.38737487792969,83.27803802490234,67.63536834716797
1771501733.247219,-13.339665412902832,8.023147583007812,4.979856014251709,74.6218032836914,84.15476989746094,83.10598754882812,67.82681274414062
1771501733.2791271,-13.763602256774902,7.975100994110107,4.188934326171875,74.48443603515625,83.99739837646484,83.37516021728516,67.70480346679688
1771501733.356138,-13.427886009216309,8.094096183776855,4.7950592041015625,74.86759185791016,84.27237701416016,83.42329406738281,67.77587890625
1771501733.3891459,-13.966719627380371,7.831190586090088,3.8963024616241455,74.63655090332031,84.33074951171875,83.8589859008789,67.33480834960938
1771501733.4200978,-13.439496040344238,7.959280490875244,4.577913284301758,74.49778747558594,84.1869888305664,83.32508850097656,67.97317504882812
1771501733.4520972,-14.544629096984863,8.169127464294434,4.274478435516357,74.55463409423828,84.100830078125,84.17876434326172,67.11760711669922
1771501733.483605,-13.963827133178711,8.2635498046875,4.445605278015137,74.11651611328125,83.56208801269531,83.50094604492188,68.03081512451172
1771501733.5156038,-13.861560821533203,8.165538787841797,3.929795503616333,74.11190032958984,83.75486755371094,83.71759033203125,67.73278045654297
1771501733.5456023,-14.422433853149414,8.079657554626465,3.868189811706543,73.82855987548828,83.76580047607422,83.82543182373047,67.63207244873047
1771501733.577162,-14.478999137878418,8.129931449890137,3.4209842681884766,73.89865112304688,84.00851440429688,83.6570816040039,67.44918060302734
1771501733.6081822,-13.851531982421875,8.006000518798828,4.704442501068115,74.37777709960938,84.08834838867188,83.38523864746094,67.799560546875
1771501733.6410227,-14.460665702819824,8.007011413574219,3.979720115661621,74.6629867553711,84.45758056640625,83.50833892822266,67.0052719116211
1771501733.6730509,-13.734203338623047,8.286235809326172,5.166611194610596,74.50142669677734,84.02994537353516,83.37069702148438,67.83238220214844
1771501733.7017446,-13.32986831665039,8.18064022064209,4.593618392944336,74.59457397460938,84.47039794921875,83.50460052490234,67.11660766601562
1771501733.7348406,-14.593640327453613,7.982540607452393,4.073968410491943,74.22286987304688,83.96755981445312,83.71028900146484,67.97384643554688
1771501733.7638443,-14.825181007385254,8.308711051940918,3.7991135120391846,74.42110443115234,83.88961029052734,83.61554718017578,67.63540649414062
1771501733.7943811,-14.92756462097168,7.592257022857666,4.124831676483154,74.26046752929688,84.26307678222656,83.97029113769531,67.50003814697266
1771501733.826356,-14.814151763916016,7.786998271942139,3.4867913722991943,74.86585998535156,84.36650085449219,84.2497329711914,67.03803253173828
1771501733.8568988,-14.535746574401855,7.806378364562988,3.9321420192718506,74.28665161132812,84.04405212402344,84.05083465576172,67.66332244873047
1771501733.888935,-14.31578254699707,7.856332302093506,3.8155181407928467,74.76823425292969,84.05211639404297,83.77984619140625,67.64189147949219
1771501733.920854,-14.495867729187012,7.744733810424805,4.164896488189697,74.56896209716797,84.2037353515625,83.87291717529297,67.30863189697266
1771501733.9508507,-14.127887725830078,7.788873195648193,4.656135559082031,75.15641784667969,84.53115844726562,83.58246612548828,67.70911407470703
1771501733.98237,-15.005462646484375,7.885573863983154,4.094725131988525,74.45281219482422,84.115234375,84.32445526123047,67.86534118652344
1771501734.0133688,-15.068381309509277,7.882329940795898,4.058395862579346,74.53820037841797,84.14884185791016,83.65139770507812,68.39458465576172
1771501734.0453708,-15.2369384765625,8.394352912902832,4.392501354217529,75.11384582519531,84.2250747680664,83.97311401367188,67.74763488769531
1771501734.0733757,-14.693562507629395,8.02571964263916,4.488285541534424,75.51799011230469,84.23146057128906,83.18022155761719,68.30628204345703
1771501734.1039062,-14.054841041564941,7.951045513153076,5.183093070983887,75.96961212158203,84.68028259277344,83.39214324951172,67.88591003417969
1771501734.133888,-13.915009498596191,8.404512405395508,4.931236267089844,76.21636199951172,84.64324188232422,82.57920837402344,68.04903411865234
1771501734.183424,-13.266465187072754,7.906842231750488,5.456661224365234,75.9981918334961,84.41836547851562,82.69265747070312,68.1617431640625
1771501734.2174284,-13.437535285949707,8.015950202941895,4.536086082458496,75.1192398071289,84.31269073486328,82.96627807617188,67.86019134521484
1771501734.250426,-12.60519790649414,8.007298469543457,4.416656017303467,75.38877868652344,83.95784759521484,81.76708221435547,68.08360290527344
1771501734.2819376,-13.455045700073242,7.37773323059082,4.308667182922363,75.55879211425781,84.81880950927734,83.06980895996094,66.8046646118164
1771501734.3129578,-13.352957725524902,7.890705108642578,4.533602237701416,75.5060043334961,84.10122680664062,81.87032318115234,68.13896179199219
1771501734.3436103,-12.660733222961426,8.011137008666992,5.0373311042785645,75.86602783203125,84.2762451171875,82.10399627685547,68.1705551147461
1771501734.375204,-12.015356063842773,7.79847526550293,4.664176940917969,76.16062927246094,84.77989196777344,82.50699615478516,67.16693878173828
1771501734.4067152,-12.349475860595703,8.250997543334961,5.077810764312744,75.59217834472656,84.3346176147461,82.41193389892578,67.82014465332031
1771501734.4397142,-12.852627754211426,8.291268348693848,4.803438186645508,75.40314483642578,84.41419219970703,82.81394958496094,67.7156753540039
1771501734.4687424,-12.686321258544922,8.153738975524902,4.950587749481201,75.49688720703125,84.41766357421875,82.81654357910156,68.14452362060547
1771501734.50425,-12.513044357299805,8.14594554901123,5.531062602996826,75.97310638427734,84.60409545898438,82.40386962890625,67.69892883300781
1771501734.5340726,-13.37459659576416,8.398090362548828,4.8555908203125,75.9597396850586,84.44486999511719,82.55597686767578,67.77958679199219
1771501734.5685892,-13.22401237487793,8.077237129211426,5.086178302764893,75.81925201416016,84.88419342041016,83.06398010253906,67.16207885742188
1771501734.6141222,-13.42619800567627,8.220025062561035,4.9608869552612305,75.6563720703125,84.72789764404297,82.6784439086914,67.27776336669922
1771501734.6461086,-11.744295120239258,8.413169860839844,5.350070476531982,75.63133239746094,83.98976135253906,81.4475326538086,68.2682876586914
1771501734.6784425,-13.47866153717041,7.937127113342285,5.120026111602783,75.74830627441406,84.55460357666016,82.70018005371094,67.82286071777344
1771501734.7146966,-13.58504581451416,7.908780574798584,4.971582412719727,75.22106170654297,84.36587524414062,82.98960876464844,68.2127685546875
1771501734.7447066,-14.262081146240234,7.55488395690918,5.036648750305176,75.23602294921875,84.28272247314453,82.7989501953125,68.39794158935547
1771501734.7754374,-14.12581729888916,7.68505859375,4.107179641723633,75.3606185913086,84.33967590332031,83.12451171875,67.96820831298828
1771501734.807968,-13.791891098022461,8.12918758392334,4.891670227050781,75.36622619628906,84.44783020019531,82.89157104492188,67.80120086669922
1771501734.8382971,-12.579803466796875,7.824686527252197,5.53964376449585,75.41685485839844,83.96989440917969,81.9837646484375,68.44466400146484
1771501734.8703234,-13.506897926330566,7.372989654541016,5.027913570404053,75.79649353027344,84.83039855957031,83.06904602050781,67.63558197021484
1771501734.9019384,-12.875961303710938,7.7785162925720215,5.1238250732421875,75.83136749267578,84.48779296875,82.41260528564453,68.19872283935547
1771501734.9369333,-13.688576698303223,7.593947410583496,4.398745536804199,75.30756378173828,84.32891082763672,82.75917053222656,68.0170669555664
1771501734.9699721,-14.210740089416504,7.7696213722229,4.871477127075195,75.67955017089844,84.57588195800781,83.00894165039062,67.94721221923828
1771501735.0017061,-14.335409164428711,8.116628646850586,5.217467308044434,75.32402801513672,84.37928009033203,82.94400787353516,68.15565490722656
1771501735.0475204,-13.595063209533691,8.423491477966309,4.765934467315674,75.81987762451172,83.98027801513672,82.20134735107422,68.11547088623047
1771501735.0800338,-12.321460723876953,8.50741958618164,5.902064800262451,75.28036499023438,83.79202270507812,82.01177978515625,68.1784439086914
1771501735.111067,-13.856374740600586,8.328424453735352,4.863582134246826,75.62715148925781,84.15420532226562,82.0708999633789,68.43488311767578
1771501735.1435075,-14.077445983886719,8.46631145477295,5.0033860206604,75.13058471679688,84.0537338256836,83.19937133789062,68.14490509033203
1771501735.1750789,-13.677140235900879,8.29336929321289,4.8920578956604,74.79978942871094,83.98920440673828,83.17455291748047,68.06289672851562
1771501735.2363,-14.342723846435547,7.927352428436279,4.341675758361816,74.77836608886719,84.05851745605469,83.72473907470703,67.79558563232422
1771501735.2683074,-14.786355972290039,8.065641403198242,4.113212585449219,74.6175537109375,83.99181365966797,83.74702453613281,67.9693832397461
1771501735.3008227,-13.976399421691895,7.945784568786621,4.553496360778809,74.75548553466797,84.00749969482422,83.50994110107422,67.77361297607422
1771501735.3318226,-14.819401741027832,7.861694812774658,4.156781196594238,74.55375671386719,84.16131591796875,83.68915557861328,67.35417175292969
1771501735.3638246,-13.934133529663086,7.589565753936768,4.319712162017822,74.5964126586914,84.24909210205078,83.3022689819336,67.75765991210938
1771501735.394378,-14.51230239868164,7.606490135192871,4.186925888061523,74.65986633300781,84.34254455566406,83.6565933227539,67.61360168457031
1771501735.4263792,-14.29521656036377,7.752101898193359,4.511970520019531,75.12450408935547,84.83953857421875,83.48389434814453,67.111572265625
1771501735.4573965,-13.49563980102539,7.79134464263916,4.452769756317139,75.14421844482422,84.44081115722656,83.02520751953125,67.66468048095703
1771501735.4895682,-12.533989906311035,7.829004287719727,4.787240028381348,75.51614379882812,84.45931243896484,82.55599975585938,67.70034790039062
1771501735.520591,-14.004977226257324,7.609894275665283,4.214289665222168,74.6387710571289,84.25454711914062,83.46649169921875,67.4647216796875
1771501735.552568,-13.011590957641602,8.033172607421875,4.436945915222168,74.7632064819336,84.34445190429688,83.22410583496094,67.33888244628906
1771501735.5831134,-13.243581771850586,8.169392585754395,4.265949249267578,74.57492065429688,84.06786346435547,83.17386627197266,68.08621215820312
1771501735.6151123,-13.660496711730957,8.238020896911621,3.175935983657837,73.9847183227539,83.4544677734375,82.25861358642578,68.61585235595703
1771501735.6461112,-13.60673999786377,7.955339431762695,3.2980360984802246,74.1623764038086,83.92471313476562,82.65027618408203,68.74604797363281
1771501735.6786494,-14.343070030212402,7.905190944671631,3.236501932144165,74.24077606201172,84.16780090332031,83.28636169433594,67.7710952758789
1771501735.709647,-13.979056358337402,7.669529914855957,3.8472042083740234,74.4268798828125,84.40567016601562,83.43740844726562,67.45478820800781
1771501735.7386494,-13.855443000793457,7.712208271026611,3.7119951248168945,74.40255737304688,84.36820220947266,83.05570220947266,68.07298278808594
1771501735.7696507,-13.39864444732666,7.891108989715576,4.16804313659668,75.1767349243164,84.66593170166016,83.03553009033203,67.9862060546875
1771501735.802193,-13.180880546569824,8.160344123840332,4.317160606384277,75.21675109863281,84.5058822631836,83.04206848144531,67.788330078125
1771501735.8311658,-13.477052688598633,8.738699913024902,3.827608823776245,74.94293212890625,84.14676666259766,82.85770416259766,68.25956726074219
1771501735.8612108,-13.405592918395996,8.627165794372559,3.642787456512451,75.27446746826172,84.25249481201172,82.91124725341797,67.54515075683594
1771501735.908758,-13.953149795532227,8.72356128692627,3.4912376403808594,75.42803192138672,84.4239501953125,83.0845718383789,67.60523223876953
1771501735.9424498,-14.674118995666504,8.20724105834961,4.020867824554443,75.7996826171875,85.005859375,83.95879364013672,66.84712219238281
1771501735.973454,-13.917604446411133,8.598104476928711,3.333987236022949,75.83715057373047,84.46434020996094,83.33370208740234,67.38790893554688
1771501736.008546,-14.926907539367676,8.667448043823242,2.405636787414551,76.95787811279297,85.1525650024414,83.50236511230469,66.9847412109375
1771501736.0401163,-15.907819747924805,8.18268871307373,1.0757975578308105,76.65553283691406,86.08038330078125,84.34420776367188,66.84986114501953
1771501736.072123,-16.013105392456055,8.572884559631348,0.5268284678459167,76.07443237304688,85.29193115234375,84.6048583984375,67.35089874267578
1771501736.1016862,-15.37530517578125,8.277053833007812,0.0,77.0189437866211,85.66338348388672,84.3521499633789,66.5162353515625
1771501736.1357012,-16.677570343017578,7.592312812805176,0.0,76.02588653564453,86.04839324951172,85.24885559082031,65.04800415039062
1771501736.168709,-19.399707794189453,6.758209705352783,0.0,76.12271881103516,85.32596588134766,85.8604736328125,62.548797607421875
1771501736.1972432,-22.466453552246094,5.957574367523193,0.0,72.8058853149414,83.03544616699219,84.0013198852539,59.430809020996094
1771501736.2312427,-22.487510681152344,6.079083442687988,0.0,72.83489227294922,83.06146240234375,84.4012222290039,59.61690139770508
1771501736.2612982,-24.4232120513916,5.71612024307251,0.0,71.19927978515625,81.71793365478516,83.37593078613281,58.306636810302734
1771501736.293834,-22.988874435424805,6.721141338348389,0.0,71.59896087646484,82.22736358642578,83.58686828613281,58.82431411743164
1771501736.340833,-23.93219566345215,6.123709678649902,0.0,70.69364166259766,81.24242401123047,82.53736114501953,57.526763916015625
1771501736.3748193,-23.619003295898438,6.035809516906738,0.0,71.20407104492188,81.4002685546875,82.62264251708984,57.37015914916992
1771501736.40923,-24.900882720947266,6.039815425872803,0.0,70.14569854736328,80.15940856933594,81.61460876464844,55.80015563964844
1771501736.4402368,-24.58450698852539,6.706106662750244,0.0,67.55296325683594,79.55482482910156,81.47200012207031,55.9525260925293
1771501736.471243,-24.915298461914062,7.008693695068359,0.0,65.2480239868164,78.79844665527344,80.22281646728516,55.09867858886719
1771501736.5028043,-25.88215446472168,6.695677280426025,0.0,63.279048919677734,78.07018280029297,79.41685485839844,53.69719314575195
1771501736.5348651,-26.856170654296875,6.962245464324951,0.0,59.60209655761719,76.40237426757812,77.7984848022461,52.183937072753906
1771501736.5660164,-26.687822341918945,7.714258670806885,1.1946046352386475,55.317569732666016,75.9483871459961,77.40311431884766,52.08869934082031
1771501736.5994482,-24.667938232421875,9.35689640045166,2.1156623363494873,51.11971664428711,75.88312530517578,77.21861267089844,51.282405853271484
1771501736.629447,-22.834903717041016,9.825472831726074,3.069045305252075,46.72958755493164,76.02567291259766,77.74402618408203,52.21747589111328
1771501736.664887,-22.71295738220215,9.722249031066895,3.1150264739990234,47.278079986572266,75.16529846191406,76.39872741699219,51.673213958740234
1771501736.7041728,-21.374658584594727,9.693130493164062,3.620511293411255,44.42570877075195,73.85398864746094,75.74433898925781,51.14297103881836
1771501736.7371716,-22.546358108520508,9.631424903869629,3.5721752643585205,45.83497619628906,72.7762680053711,74.456298828125,49.51925277709961
1771501736.7731743,-22.808780670166016,10.137848854064941,3.6328063011169434,47.600746154785156,72.68217468261719,74.78884887695312,49.017337799072266
1771501736.806242,-22.65755271911621,10.412409782409668,3.8078737258911133,47.08383560180664,72.30049896240234,74.86292266845703,48.66757583618164
1771501736.8372688,-21.124174118041992,10.55846881866455,4.2739577293396,45.46255111694336,72.7975845336914,76.17037200927734,50.3087272644043
1771501736.8742473,-22.565860748291016,10.25043773651123,4.115271091461182,47.310142517089844,72.39680480957031,74.65596771240234,47.967288970947266
1771501736.900807,-21.91435432434082,10.418374061584473,3.966238260269165,47.13554382324219,72.6263427734375,75.3988265991211,49.50133514404297
1771501736.9338043,-21.59112548828125,10.625748634338379,3.998345136642456,45.689537048339844,72.43448638916016,75.17598724365234,49.43315887451172
1771501736.964831,-22.070348739624023,10.449585914611816,4.2400288581848145,46.87417984008789,72.31983184814453,74.62743377685547,48.754634857177734
1771501736.9974194,-21.809452056884766,10.41904067993164,4.329243183135986,46.21444320678711,72.1451644897461,74.87892150878906,48.89369583129883
1771501737.0312018,-21.58097267150879,10.128077507019043,3.835205554962158,45.599178314208984,71.94393920898438,74.56939697265625,48.77060317993164
1771501737.0628898,-21.89457130432129,10.015656471252441,4.7056145668029785,46.30010223388672,71.57405090332031,74.27356719970703,48.445919036865234
1771501737.1005042,-22.045957565307617,9.942657470703125,4.498581886291504,47.68061065673828,71.79544067382812,74.08531188964844,48.23467254638672
1771501737.130502,-21.78089714050293,9.869634628295898,4.622452735900879,47.50786209106445,71.63435363769531,73.92072296142578,47.95416259765625
1771501737.1755457,-21.73082733154297,9.829221725463867,4.731880187988281,45.69869613647461,70.62256622314453,72.92301177978516,47.046775817871094
1771501737.2064986,-22.25377655029297,9.82069206237793,4.5390496253967285,45.17508316040039,69.63360595703125,72.042724609375,46.303470611572266
1771501737.2412152,-21.560298919677734,10.299418449401855,4.976385593414307,45.79115295410156,69.67149353027344,71.5679702758789,45.8929443359375
1771501737.2734058,-22.440946578979492,9.780901908874512,5.422431468963623,45.85570526123047,67.77947235107422,68.85604858398438,43.458213806152344
1771501737.3067544,-23.36711883544922,9.749695777893066,5.554962158203125,46.53194808959961,66.35792541503906,67.0285873413086,40.98747634887695
1771501737.3357544,-24.9215145111084,8.806161880493164,5.387320041656494,44.53984451293945,63.05424118041992,62.39982986450195,36.14992904663086
1771501737.3657582,-22.994739532470703,10.50487232208252,5.3757524490356445,42.653751373291016,62.258209228515625,60.96994400024414,35.99040222167969
1771501737.40027,-20.455842971801758,12.465788841247559,6.4023356437683105,42.77424621582031,59.393123626708984,59.60519790649414,34.38137435913086
1771501737.430267,-19.628204345703125,13.967881202697754,7.440493583679199,41.41223907470703,58.01067352294922,57.683082580566406,32.8487663269043
1771501737.4622672,-18.614906311035156,14.954001426696777,8.852535247802734,41.09292221069336,55.54034423828125,55.71791076660156,31.76671028137207
1771501737.4947877,-18.380861282348633,15.603320121765137,9.930814743041992,43.218544006347656,53.055763244628906,52.989585876464844,28.763872146606445
1771501737.528096,-18.085128784179688,16.101604461669922,11.087817192077637,41.136802673339844,51.454872131347656,52.10383605957031,26.84727668762207
1771501737.5576777,-18.561492919921875,18.071123123168945,12.946211814880371,38.21611785888672,47.41773986816406,46.98899841308594,22.365644454956055
1771501737.605837,-16.97022247314453,19.080163955688477,14.925585746765137,38.07033920288086,44.639495849609375,43.54644775390625,21.69827651977539
1771501737.6408167,-13.467267036437988,20.559226989746094,15.332752227783203,38.12990188598633,45.599815368652344,44.46483612060547,23.97925567626953
1771501737.6753309,-9.822294235229492,22.444812774658203,13.993253707885742,37.361175537109375,46.233638763427734,44.7940673828125,24.37928581237793
1771501737.7069392,-11.476936340332031,21.615093231201172,15.233505249023438,34.6426887512207,43.9084358215332,42.532630920410156,22.254072189331055
1771501737.7372289,-8.4542236328125,20.57341766357422,14.150291442871094,33.51945495605469,44.62677764892578,43.35985565185547,25.752580642700195
1771501737.7702754,-7.692821979522705,20.829374313354492,14.030838966369629,35.03724670410156,44.30235290527344,41.694007873535156,23.141862869262695
1771501737.8018086,-7.408283710479736,21.503421783447266,14.456098556518555,33.9445686340332,43.41692352294922,40.8683967590332,23.02824592590332
1771501737.833805,-8.729052543640137,19.249792098999023,13.158059120178223,31.360200881958008,41.316200256347656,38.09391403198242,21.383071899414062
1771501737.8657532,-5.725879669189453,21.077028274536133,11.834736824035645,32.411468505859375,41.381046295166016,38.91047286987305,23.19417953491211
1771501737.895942,-4.248556137084961,22.289615631103516,11.089608192443848,33.49278259277344,41.72542190551758,39.08138656616211,24.157611846923828
1771501737.9277582,-6.266146183013916,19.832366943359375,11.674336433410645,30.319412231445312,39.50365447998047,36.7782096862793,22.82950782775879
1771501737.9616058,-5.996325969696045,18.908649444580078,11.522991180419922,30.916357040405273,38.677520751953125,36.136661529541016,22.826568603515625
1771501737.9910548,-5.131223678588867,18.669836044311523,10.675122261047363,31.090105056762695,38.53780746459961,36.777984619140625,21.043834686279297
1771501738.038054,-3.4798619747161865,19.6817626953125,9.894033432006836,32.31344223022461,40.849098205566406,38.97209930419922,21.62186622619629
1771501738.0760589,-3.38116717338562,20.177215576171875,9.028081893920898,32.60342788696289,40.833740234375,38.57009506225586,20.203081130981445
1771501738.1036189,-3.222851514816284,19.983280181884766,8.637628555297852,31.963104248046875,40.32864761352539,37.89710998535156,18.64508628845215
1771501738.133749,-0.7789537906646729,20.730510711669922,6.766777992248535,34.772605895996094,42.58856201171875,40.28644943237305,19.741928100585938
1771501738.1697495,-1.9885599613189697,19.49605369567871,7.860686779022217,33.116058349609375,39.6982421875,37.62511444091797,16.59772491455078
1771501738.1980455,-2.160820722579956,19.118539810180664,6.132833957672119,32.8941535949707,39.7884407043457,37.099700927734375,16.011648178100586
1771501738.2311387,0.4531390070915222,19.206911087036133,3.6334617137908936,34.35158157348633,42.53081512451172,38.045257568359375,16.313520431518555
1771501738.268094,-0.20102544128894806,17.993627548217773,3.5982604026794434,31.964460372924805,41.574073791503906,36.891456604003906,14.886445045471191
1771501738.2936044,-0.9454750418663025,17.131628036499023,2.999406337738037,30.191728591918945,40.017005920410156,35.16166687011719,13.386482238769531
1771501738.3255847,-2.0505669116973877,16.480411529541016,1.3752521276474,28.06369400024414,37.83696365356445,33.34348678588867,12.191155433654785
1771501738.3586032,-1.9547456502914429,16.281471252441406,0.5711859464645386,25.8481388092041,36.635581970214844,32.6898078918457,10.901449203491211
1771501738.39124,-1.1501164436340332,17.032428741455078,0.0,24.999631881713867,36.40484619140625,32.437217712402344,10.321553230285645
1771501738.4222414,-1.37068510055542,16.735836029052734,0.0,22.988317489624023,35.721961975097656,31.611982345581055,9.174213409423828
1771501738.4700391,-1.605733871459961,16.685380935668945,0.0,22.1488037109375,34.3834114074707,29.55840492248535,7.846511363983154
1771501738.5135105,-0.13391876220703125,17.05717658996582,0.0,22.636287689208984,35.358917236328125,30.288862228393555,8.58559513092041
1771501738.5375092,-1.3323500156402588,16.02309799194336,0.0,21.373233795166016,34.340858459472656,29.367406845092773,7.796858310699463
1771501738.5679922,0.06340688467025757,16.54446792602539,0.0,22.091157913208008,34.44385528564453,30.11114501953125,8.534995079040527
1771501738.6015224,0.45919153094291687,16.36446762084961,0.0,22.203752517700195,34.64461135864258,30.67969512939453,8.791625022888184
1771501738.634659,1.3439487218856812,16.163110733032227,0.0,22.204336166381836,34.679649353027344,30.940574645996094,8.695942878723145
1771501738.6636055,1.028136968612671,16.549833297729492,0.0,22.781343460083008,34.62841796875,30.739673614501953,8.249996185302734
1771501738.6962638,2.0818207263946533,17.32727813720703,0.0,23.98415756225586,35.1709098815918,31.484560012817383,8.857233047485352
1771501738.726264,1.970297932624817,16.817413330078125,0.0,23.379880905151367,35.51091003417969,32.11112976074219,9.049147605895996
1771501738.7583346,3.940044403076172,17.370485305786133,0.0,24.665332794189453,37.213340759277344,34.63472366333008,10.903185844421387
1771501738.7899299,4.071689605712891,17.054777145385742,0.0,25.063058853149414,37.302162170410156,35.53382873535156,11.353407859802246
1771501738.8236682,4.6637444496154785,16.908830642700195,0.0,24.7919921875,37.28813171386719,36.70671844482422,12.703340530395508
1771501738.8536859,4.471144676208496,16.995887756347656,0.0,24.721126556396484,37.343467712402344,36.41935348510742,11.98747444152832
1771501738.902097,3.806586265563965,16.32245445251465,0.0,23.718229293823242,36.647029876708984,37.501033782958984,12.24838638305664
1771501738.9340749,4.710513114929199,17.394916534423828,0.0,22.459945678710938,37.05434036254883,39.95240020751953,12.965309143066406
1771501738.9649725,4.880439758300781,19.071353912353516,0.0,21.537755966186523,35.96497344970703,39.26674270629883,12.666107177734375
1771501738.9975512,5.217963695526123,19.742786407470703,0.0,21.005704879760742,35.81474304199219,39.69129943847656,12.959917068481445
1771501739.0340223,4.382898807525635,18.673402786254883,0.0,20.444232940673828,35.47761154174805,39.37862777709961,12.816058158874512
1771501739.0667598,5.391144752502441,19.11326026916504,0.0,23.074493408203125,38.61249542236328,41.44732666015625,14.683747291564941
1771501739.1002152,5.977128028869629,19.451478958129883,0.0,23.60071563720703,39.12675857543945,41.97616958618164,15.437755584716797
1771501739.1291242,5.337357521057129,19.509044647216797,0.0,23.73798942565918,38.65081024169922,41.55020523071289,14.8170804977417
1771501739.1601532,6.490149974822998,20.227802276611328,0.0,24.01515769958496,39.248138427734375,41.81376266479492,15.547874450683594
1771501739.1906376,5.556656837463379,19.449844360351562,0.0,23.076791763305664,38.60208511352539,41.52592468261719,15.319353103637695
1771501739.2216957,5.633306980133057,19.345914840698242,0.0,21.91405487060547,37.457275390625,41.12501525878906,15.237200736999512
1771501739.2566662,6.536111831665039,19.825475692749023,0.0,23.293872833251953,38.22795104980469,41.27384567260742,15.169028282165527
1771501739.2859461,5.592759609222412,19.137195587158203,0.0,21.82345962524414,37.33897018432617,40.51961135864258,14.710495948791504
1771501739.334956,6.3807053565979,19.485326766967773,0.0,22.11728286743164,37.2767333984375,40.63140869140625,15.229348182678223
1771501739.3659446,5.6826581954956055,18.758142471313477,0.0,22.689125061035156,37.80164337158203,40.85780715942383,15.13534164428711
1771501739.4001102,4.686736583709717,17.733592987060547,0.0,21.152320861816406,36.67903137207031,39.694496154785156,14.434986114501953
1771501739.4290867,5.135207653045654,18.281450271606445,0.0,21.364294052124023,36.7985954284668,40.02913284301758,14.56158447265625
1771501739.4664845,5.503790855407715,17.980268478393555,0.0,21.00591278076172,36.838417053222656,39.82197570800781,14.762175559997559
1771501739.494212,5.963345050811768,19.068904876708984,0.0,21.542869567871094,36.93977737426758,39.600189208984375,14.368374824523926
1771501739.52635,5.869850158691406,18.274269104003906,0.0,21.166175842285156,36.51152038574219,39.89419174194336,14.776277542114258
1771501739.5573292,5.7921576499938965,18.034975051879883,0.0,21.581594467163086,37.72538757324219,40.61435317993164,15.16865348815918
1771501739.5898705,7.504185676574707,19.121543884277344,0.0,24.054933547973633,38.63725280761719,41.3254508972168,15.680656433105469
1771501739.621873,6.962320804595947,19.025096893310547,0.0,24.417654037475586,39.08259201049805,41.05453109741211,14.993120193481445
1771501739.6528983,6.2053422927856445,18.58371353149414,0.0,24.024070739746094,38.30828857421875,40.60483169555664,14.419760704040527
1771501739.6905031,5.5619797706604,17.885225296020508,0.0,22.973711013793945,37.852928161621094,40.04712677001953,14.047229766845703
1771501739.7224464,5.663129806518555,18.027572631835938,0.0,23.453224182128906,38.79240417480469,40.59807586669922,14.083606719970703
1771501739.766466,6.929964542388916,18.111719131469727,0.0,24.597686767578125,39.25703048706055,41.15968322753906,15.432161331176758
1771501739.8000617,6.771617412567139,17.72726058959961,0.0,25.199758529663086,39.83812713623047,40.517356872558594,14.896376609802246
1771501739.8330805,6.880765438079834,17.604570388793945,0.0,25.475584030151367,40.218048095703125,41.36833953857422,14.957414627075195
1771501739.8640425,5.137205123901367,16.211210250854492,0.0,23.361446380615234,38.71026611328125,39.807594299316406,14.435652732849121
1771501739.8967905,4.856248378753662,16.470029830932617,0.0,22.900876998901367,37.4940185546875,38.9993896484375,13.729287147521973
1771501739.925714,6.280946731567383,17.147502899169922,0.0,23.27968406677246,38.479007720947266,39.982025146484375,14.312679290771484
1771501739.956734,6.038261413574219,17.0458927154541,0.0,22.285659790039062,37.7593994140625,39.956390380859375,14.126293182373047
1771501739.990339,5.361614227294922,16.021753311157227,0.0,21.89356803894043,37.581871032714844,39.29939270019531,14.006731033325195
1771501740.0221663,5.74253511428833,16.26581573486328,0.0,23.898677825927734,38.56108474731445,39.25027847290039,13.939990997314453
1771501740.0543382,4.8297319412231445,15.63265323638916,0.0,23.32126235961914,37.35961151123047,37.55320739746094,12.55648136138916
1771501740.085852,4.937055587768555,15.372309684753418,0.0,23.627971649169922,37.300655364990234,37.9499626159668,12.670258522033691
1771501740.1208518,5.212527275085449,15.938583374023438,0.0,22.230958938598633,37.06107711791992,37.61562728881836,12.608891487121582
1771501740.1498768,5.0490570068359375,15.5780611038208,0.0,23.350479125976562,37.71102523803711,37.9517822265625,12.639327049255371
1771501740.231404,4.964200496673584,16.023757934570312,0.0,23.247562408447266,37.32503128051758,37.34990310668945,12.404313087463379
1771501740.2574446,4.571809768676758,15.658147811889648,0.0,22.708932876586914,36.89934158325195,37.20500564575195,11.977161407470703
1771501740.2870784,4.755128860473633,15.705469131469727,0.0,22.989643096923828,36.92085647583008,37.622982025146484,12.610965728759766
1771501740.3200119,4.566413879394531,15.412459373474121,0.0,22.91994857788086,36.976966857910156,37.442386627197266,12.358413696289062
1771501740.3506386,4.050572872161865,15.18095874786377,0.0,22.89376449584961,36.835689544677734,37.56305694580078,12.33067512512207
1771501740.3892846,4.26259708404541,15.126688003540039,0.0,22.892791748046875,37.052825927734375,36.98582458496094,11.965786933898926
1771501740.4132123,4.129016399383545,14.895201683044434,0.0,23.2949275970459,37.43177795410156,37.35264587402344,12.610180854797363
1771501740.4452507,4.500067234039307,14.940888404846191,0.0,22.846494674682617,37.0914306640625,37.3092041015625,11.961118698120117
1771501740.4772654,4.33894681930542,15.241777420043945,0.0,22.681968688964844,37.14215850830078,37.07158660888672,12.199851989746094
1771501740.5083892,4.476071357727051,15.072840690612793,0.0,22.930164337158203,36.99139404296875,37.314720153808594,12.286736488342285
1771501740.5403643,2.8804996013641357,14.48097038269043,0.0,21.859310150146484,35.90956497192383,36.329193115234375,11.044364929199219
1771501740.5703857,2.5965590476989746,14.327239990234375,0.0,21.430431365966797,36.33565139770508,36.02796936035156,11.607283592224121
1771501740.6300557,3.8699405193328857,14.8886079788208,0.0,23.048397064208984,37.521484375,37.25273895263672,11.943646430969238
1771501740.6959379,3.958538770675659,15.287408828735352,0.0,22.297727584838867,36.84514236450195,36.61101150512695,11.852599143981934
1771501740.7279553,4.110230922698975,15.37098217010498,0.0,22.23113250732422,37.01839065551758,36.68096923828125,11.798590660095215
1771501740.7591295,3.7081592082977295,15.14828872680664,0.0,22.168502807617188,36.60798645019531,36.64051818847656,11.778573036193848
1771501740.788686,3.995255470275879,14.856024742126465,0.0,22.414026260375977,37.018280029296875,37.216712951660156,12.228819847106934
1771501740.820684,3.489069700241089,14.712263107299805,0.0,22.582120895385742,37.03361892700195,36.71763610839844,11.817564964294434
1771501740.851187,3.218600034713745,14.630810737609863,0.0,21.653823852539062,36.362857818603516,36.3651008605957,11.374356269836426
1771501740.8820043,2.946167469024658,14.265355110168457,0.0,21.787370681762695,36.172271728515625,36.05183410644531,11.220100402832031
1771501740.9131746,2.4953503608703613,13.76530647277832,0.0,21.996706008911133,36.231040954589844,35.8970832824707,11.086699485778809
1771501740.9436648,3.7201590538024902,14.382802963256836,0.0,22.467376708984375,36.90392303466797,36.667598724365234,11.478898048400879
1771501740.974669,2.9459893703460693,13.94759464263916,0.0,21.312755584716797,36.047576904296875,36.28266906738281,11.42031192779541
1771501741.0058773,3.9612183570861816,14.692924499511719,0.0,22.28449058532715,36.40840148925781,36.44445037841797,11.7158784866333
1771501741.0367417,3.269242763519287,14.390960693359375,0.0,22.168886184692383,36.566402435302734,36.31359100341797,11.679098129272461
1771501741.0677419,3.9949657917022705,14.916139602661133,0.0,22.614240646362305,37.09785461425781,36.666015625,11.668731689453125
1771501741.0992565,3.2239277362823486,14.515212059020996,0.0,21.5882511138916,35.961265563964844,36.2628173828125,11.311456680297852
1771501741.1302557,3.685910940170288,14.68932819366455,0.0,22.271854400634766,36.68844985961914,36.4079704284668,11.680689811706543
1771501741.1622577,4.402040004730225,15.21760368347168,0.0,21.989761352539062,36.681480407714844,36.8159294128418,11.821532249450684
1771501741.1937711,3.857271194458008,14.660318374633789,0.0,22.531211853027344,36.958641052246094,36.68803024291992,12.277161598205566
1771501741.2237904,3.7589666843414307,14.386879920959473,0.0,21.513099670410156,36.5153923034668,36.55124282836914,11.940665245056152
1771501741.2567914,1.808455228805542,13.184350967407227,0.0,20.960002899169922,35.706607818603516,35.40727615356445,11.066062927246094
1771501741.2883284,2.548170566558838,13.62143611907959,0.0,21.8940372467041,36.47249984741211,36.3285026550293,11.504426002502441
1771501741.3193278,3.6364922523498535,14.38302993774414,0.0,22.238346099853516,37.04176712036133,36.13829040527344,11.6760892868042
1771501741.3503509,4.644603252410889,14.393394470214844,0.0,23.199216842651367,37.949668884277344,37.23036575317383,12.52274227142334
1771501741.3813772,3.403282642364502,13.904762268066406,0.0,22.314302444458008,36.53175735473633,35.845787048339844,10.954439163208008
1771501741.4169595,4.9772725105285645,14.935513496398926,0.0,22.468441009521484,37.06365203857422,35.298912048339844,10.511709213256836
1771501741.4479697,3.317427635192871,13.418367385864258,0.0,23.241920471191406,37.180625915527344,35.36871337890625,9.987414360046387
1771501741.4935172,3.75492000579834,14.058687210083008,0.0,22.2806339263916,35.48035430908203,34.29909896850586,8.976634979248047
1771501741.527712,4.094471454620361,14.297831535339355,0.0,21.76485824584961,35.367496490478516,33.82307434082031,8.940082550048828
1771501741.5527127,3.8114726543426514,14.011893272399902,0.0,21.55296516418457,35.146392822265625,33.75405502319336,8.667829513549805
1771501741.5852742,3.73425555229187,13.597521781921387,0.0,21.390789031982422,35.291831970214844,33.38544464111328,9.038113594055176
1771501741.6192741,2.5962069034576416,12.719805717468262,0.0,20.873676300048828,34.65329360961914,33.07029724121094,8.814351081848145
1771501741.6472747,3.088402271270752,12.911930084228516,0.0,20.87640953063965,35.07471466064453,33.653228759765625,9.211662292480469
1771501741.678304,5.4198198318481445,14.46934986114502,0.0,21.616443634033203,35.52702331542969,34.165321350097656,9.546442031860352
1771501741.7088404,5.713067054748535,15.397807121276855,0.0,22.293485641479492,36.114990234375,34.17744445800781,9.082720756530762
1771501741.7388403,5.8649797439575195,15.103928565979004,0.0,20.813762664794922,35.487186431884766,33.99659729003906,9.44752025604248
1771501741.7698932,7.221837520599365,15.732812881469727,0.0,22.7967529296875,36.960594177246094,35.16191864013672,10.017154693603516
1771501741.8159966,7.330519199371338,16.205615997314453,0.0,22.714941024780273,37.13125991821289,35.57196044921875,10.034318923950195
1771501741.8479981,5.985206604003906,15.653227806091309,0.0,21.503923416137695,35.73583221435547,34.89447021484375,9.664872169494629
1771501741.8783894,6.708018779754639,16.722015380859375,0.0,21.5883731842041,35.77203369140625,35.068260192871094,9.602415084838867
1771501741.9270298,6.623348712921143,17.429044723510742,0.0,22.774127960205078,36.53312683105469,35.92201614379883,10.089472770690918
1771501741.9600077,6.0602827072143555,17.097280502319336,0.0,21.376325607299805,35.11442947387695,34.812278747558594,9.72891616821289
1771501741.9893138,6.859372138977051,17.091777801513672,0.0,22.921968460083008,37.646583557128906,36.66172409057617,10.826896667480469
1771501742.0212336,7.699116230010986,17.365888595581055,0.0,23.01558494567871,37.343502044677734,36.56788635253906,11.043203353881836
1771501742.056482,6.037248611450195,16.873340606689453,0.0,22.382522583007812,36.23447036743164,35.342552185058594,9.6310453414917
1771501742.086037,6.228931903839111,17.181930541992188,0.0,22.13409996032715,35.441139221191406,34.83505630493164,9.489471435546875
1771501742.1169991,5.350152969360352,16.06028938293457,0.0,20.783061981201172,34.44348907470703,34.04265213012695,8.799176216125488
1771501742.1490026,5.4239983558654785,15.593476295471191,0.0,21.212177276611328,34.71830368041992,34.33505630493164,9.020172119140625
1771501742.1780055,4.43556547164917,14.949005126953125,0.0,21.414871215820312,34.823768615722656,33.844886779785156,8.215668678283691
1771501742.2165358,3.4344043731689453,14.7384033203125,0.0,21.771631240844727,34.393802642822266,33.353450775146484,8.288189888000488
1771501742.2463486,3.292858123779297,14.91763687133789,0.0,20.743820190429688,33.45530319213867,33.291404724121094,8.232836723327637
1771501742.2829425,1.914919376373291,14.209789276123047,0.0,21.055416107177734,33.26033401489258,32.93454360961914,7.708089351654053
1771501742.3171234,2.501633405685425,14.923375129699707,0.0,20.97637367248535,33.45500564575195,33.0267448425293,7.7852091789245605
1771501742.3581078,2.2823376655578613,14.8701810836792,0.0,22.106809616088867,34.19435119628906,33.29154586791992,7.925382614135742
1771501742.381275,2.107912063598633,14.596683502197266,0.0,21.82695770263672,33.87690353393555,32.99678039550781,7.65014123916626
1771501742.4124444,2.2334530353546143,14.65931510925293,0.0,22.52050018310547,34.397525787353516,33.41438674926758,8.011454582214355
1771501742.442395,3.049410820007324,15.251379013061523,0.0,23.591751098632812,35.43672180175781,34.20709228515625,9.12548542022705
1771501742.4744637,4.048396110534668,15.287615776062012,0.0,24.592525482177734,36.605350494384766,35.35844039916992,10.52358341217041
1771501742.5049653,4.035959720611572,15.517727851867676,0.0,25.613182067871094,37.03909683227539,35.53745651245117,10.265317916870117
1771501742.5355616,4.412649631500244,15.502372741699219,0.0,25.8586483001709,36.9796028137207,35.57205581665039,10.427630424499512
1771501742.5676682,4.635958671569824,16.037031173706055,0.0,25.53361701965332,37.138431549072266,35.51515197753906,10.509984970092773
1771501742.6167307,4.067976951599121,15.60996150970459,0.0,24.984033584594727,36.3553466796875,34.87617111206055,10.30319595336914
1771501742.645919,4.291693210601807,15.597834587097168,0.0,26.376981735229492,37.51871871948242,35.421146392822266,10.808125495910645
1771501742.6771002,4.694457054138184,16.173551559448242,0.0,25.73972511291504,36.603450775146484,35.23989486694336,10.393004417419434
1771501742.7127151,4.937694549560547,16.046180725097656,0.0,25.76253318786621,36.992088317871094,35.64192581176758,10.808938980102539
1771501742.7417028,4.111502647399902,15.867193222045898,0.0,25.946578979492188,37.08446502685547,34.6929931640625,10.516694068908691
1771501742.789425,4.55033016204834,16.409046173095703,0.0,25.70731544494629,37.053871154785156,34.805145263671875,10.504401206970215
1771501742.818421,4.3802170753479,16.169137954711914,0.0,25.663211822509766,36.84872817993164,34.70042037963867,10.388507843017578
1771501742.8484683,5.383084297180176,16.76120376586914,0.0,26.794025421142578,37.838623046875,35.305381774902344,10.362714767456055
1771501742.878836,4.500575542449951,16.182790756225586,0.0,26.449098587036133,37.32661819458008,34.842498779296875,10.2489013671875
1771501742.9118943,3.872152090072632,15.51906967163086,0.0,25.997821807861328,37.30745315551758,34.807315826416016,9.910257339477539
1771501742.943894,4.501958847045898,16.227380752563477,0.0,26.66387939453125,37.73408889770508,35.12588119506836,10.359172821044922
1771501742.9749217,5.054210662841797,16.437957763671875,0.0,26.889890670776367,38.170494079589844,35.12443542480469,10.268677711486816
1771501743.0134308,4.2940754890441895,16.035362243652344,0.0,26.345151901245117,37.340980529785156,34.52494430541992,9.785337448120117
1771501743.0486424,4.233951091766357,15.799443244934082,0.0,25.35214614868164,37.12417221069336,34.31631088256836,9.53883171081543
1771501743.0777152,4.306809902191162,15.791711807250977,0.0,25.368703842163086,37.40009689331055,34.4908447265625,9.697582244873047
1771501743.1091917,4.564140319824219,16.18221664428711,0.0,25.51995849609375,37.401161193847656,34.404319763183594,9.55350112915039
1771501743.1421933,5.7434000968933105,16.85463523864746,0.0,27.070344924926758,38.65028381347656,35.12184524536133,9.97998332977295
1771501743.1924114,6.0301384925842285,16.80541229248047,0.0,26.488595962524414,38.588382720947266,35.414974212646484,10.112890243530273
1771501743.2264915,5.449530601501465,16.634920120239258,0.0,26.340373992919922,38.58577346801758,35.51393127441406,10.155704498291016
1771501743.2564125,5.389618396759033,16.562910079956055,0.0,26.239280700683594,38.52218246459961,35.590518951416016,10.254226684570312
1771501743.2890534,5.773451805114746,16.880945205688477,0.0,26.081342697143555,38.44625473022461,35.83110046386719,10.380465507507324
1771501743.319706,5.919766426086426,16.78302574157715,0.0,25.93581771850586,38.25263977050781,35.540462493896484,10.307754516601562
1771501743.3517244,5.598537921905518,16.523540496826172,0.0,25.61125946044922,38.329532623291016,35.38431930541992,10.170886039733887
1771501743.380971,6.222970485687256,17.03587532043457,0.0,26.17781639099121,38.7917366027832,35.855499267578125,10.305546760559082
1771501743.4134812,6.008227825164795,17.04514503479004,0.0,25.780628204345703,38.73752975463867,36.141632080078125,10.199740409851074
1771501743.4455726,6.453368663787842,17.819246292114258,0.0,25.927940368652344,38.46055221557617,36.0442008972168,10.188718795776367
1771501743.478811,4.442547798156738,16.29937744140625,0.0,24.743589401245117,37.155784606933594,35.012351989746094,9.295961380004883
1771501743.5206847,6.137937068939209,17.724031448364258,0.0,25.552616119384766,38.13748550415039,35.815738677978516,9.45856761932373
1771501743.5537388,5.371326923370361,17.110401153564453,0.0,25.083927154541016,37.661441802978516,35.3370246887207,8.992195129394531
1771501743.5847838,5.71885347366333,16.842884063720703,0.0,25.19196891784668,37.91411209106445,35.71378707885742,9.51688289642334
1771501743.622375,6.241103172302246,17.318618774414062,0.0,25.07307243347168,37.9902458190918,36.15834045410156,9.79797649383545
1771501743.6554155,5.898937702178955,17.379695892333984,0.0,25.517536163330078,38.25730514526367,35.9194221496582,9.401860237121582
1771501743.6787179,5.5445451736450195,16.855087280273438,0.0,25.274572372436523,38.07058334350586,35.84394454956055,9.369277000427246
1771501743.7091439,5.4341607093811035,16.580684661865234,0.0,23.929113388061523,37.35630416870117,35.65805435180664,8.951658248901367
1771501743.7401452,5.134004592895508,16.213756561279297,0.0,25.034229278564453,38.260719299316406,35.992244720458984,9.60543441772461
1771501743.7712362,5.919095993041992,16.662439346313477,0.0,24.991640090942383,38.25986099243164,36.19451141357422,9.703049659729004
1771501743.8139179,5.826967239379883,16.497196197509766,0.0,25.38167953491211,38.52718734741211,36.1943359375,9.704066276550293
1771501743.8459105,5.738579273223877,16.36084747314453,0.0,24.768695831298828,38.26244354248047,35.88938522338867,9.530874252319336
1771501743.87994,5.215701580047607,16.05558967590332,0.0,24.95843505859375,38.13136672973633,35.74457931518555,9.584274291992188
1771501743.9095109,5.694085597991943,16.252113342285156,0.0,25.05489158630371,38.57266616821289,36.35254669189453,10.25788402557373
1771501743.9425147,5.3926286697387695,16.08111000061035,0.0,25.17410659790039,38.1085090637207,36.20269775390625,10.120491027832031
1771501743.973571,4.755532741546631,16.033178329467773,0.0,24.795408248901367,38.035743713378906,35.5722541809082,9.563475608825684
1771501744.0081,4.959720134735107,16.13343048095703,0.0,24.843048095703125,38.08303451538086,35.847450256347656,9.771002769470215
1771501744.053912,5.78519868850708,16.260732650756836,0.0,25.176990509033203,38.545902252197266,36.472816467285156,10.357833862304688
1771501744.0914223,5.460937023162842,16.430654525756836,0.0,25.322128295898438,38.580867767333984,36.05352783203125,9.871902465820312
1771501744.114428,5.452297210693359,16.33912467956543,0.0,25.2612247467041,38.49616622924805,35.799591064453125,9.901994705200195
1771501744.1474214,5.37069034576416,16.232067108154297,0.0,25.19036102294922,38.589473724365234,35.85491180419922,10.230188369750977
1771501744.17745,5.774735927581787,16.533435821533203,0.0,25.14964485168457,38.58815383911133,35.84044647216797,9.996793746948242
1771501744.2179961,5.3242878913879395,15.87484359741211,0.0,25.76381492614746,38.69337844848633,36.05974197387695,10.20997428894043
1771501744.2499845,5.844929218292236,16.895166397094727,0.0,25.499807357788086,38.5755615234375,35.640892028808594,9.788005828857422
1771501744.278064,5.322994232177734,15.874028205871582,0.0,24.7281436920166,38.24702453613281,35.46254348754883,9.857841491699219
1771501744.309521,5.405180931091309,16.048067092895508,0.0,25.27452850341797,38.636390686035156,35.8256950378418,10.001786231994629
1771501744.3467462,5.532376289367676,15.843299865722656,0.0,25.399192810058594,38.51738357543945,36.14452362060547,9.948877334594727
1771501744.379841,4.669013500213623,15.606867790222168,0.0,25.154563903808594,38.20819854736328,35.739158630371094,9.513812065124512
1771501744.4093666,5.421040058135986,16.473251342773438,0.0,24.635190963745117,37.90083312988281,35.41152572631836,9.128561019897461
1771501744.4423466,5.183785438537598,16.167804718017578,0.0,25.02446746826172,38.19746398925781,35.60201644897461,9.57627010345459
1771501744.485711,5.93050479888916,16.7900390625,0.0,24.917118072509766,38.31724548339844,35.94047927856445,9.588064193725586
1771501744.5202105,5.997276782989502,16.627098083496094,0.0,25.216468811035156,38.48402786254883,36.00820541381836,9.629508018493652
1771501744.5502107,5.881985664367676,16.471240997314453,0.0,24.917686462402344,38.24119567871094,35.91992950439453,9.547735214233398
1771501744.5813782,5.032269477844238,15.965964317321777,0.0,24.74264907836914,37.96315383911133,35.5923957824707,9.30987548828125
1771501744.6167634,5.071270942687988,16.030136108398438,0.0,24.98250961303711,37.897735595703125,35.91424560546875,9.592616081237793
1771501744.647755,4.93268346786499,15.9443941116333,0.0,25.219388961791992,38.05524444580078,35.825496673583984,9.540473937988281
1771501744.678782,5.827670574188232,16.39105796813965,0.0,25.49150848388672,38.66025924682617,36.28873825073242,9.956399917602539
1771501744.7093363,5.365170001983643,15.93637466430664,0.0,24.720483779907227,38.10978698730469,36.0551872253418,9.58822250366211
1771501744.7423394,4.829530239105225,15.953045845031738,0.0,24.58685302734375,37.64569091796875,35.437950134277344,9.182650566101074
1771501744.7743585,5.186146259307861,16.601205825805664,0.0,25.006237030029297,37.78852081298828,35.72578811645508,9.231846809387207
1771501744.8088677,4.976873397827148,16.309900283813477,0.0,25.424272537231445,38.00864791870117,35.605995178222656,9.088427543640137
1771501744.8378887,6.239131450653076,16.836654663085938,0.0,25.531272888183594,38.68413162231445,36.57427215576172,10.02709674835205
1771501744.8796787,5.287369728088379,15.789816856384277,0.0,24.844003677368164,37.972259521484375,36.283912658691406,9.798420906066895
1771501744.9182377,5.705698490142822,16.047096252441406,0.0,25.343326568603516,38.466033935546875,36.45162582397461,9.759489059448242
1771501744.9502375,5.073338508605957,15.835958480834961,0.0,24.53342056274414,38.14652633666992,36.107547760009766,9.543654441833496
1771501744.9732668,4.864987850189209,15.695155143737793,0.0,24.64380645751953,38.28278732299805,36.258033752441406,9.455181121826172
1771501745.0144718,6.003726959228516,16.607742309570312,0.0,25.497421264648438,38.704647064208984,36.72370147705078,9.861127853393555
1771501745.046474,4.822883129119873,15.528214454650879,0.0,24.71525764465332,37.99368667602539,35.968414306640625,9.651263236999512
1771501745.0794775,5.4830780029296875,15.752096176147461,0.0,25.036088943481445,38.54392623901367,36.33809280395508,10.07640552520752
1771501745.1098204,4.9096150398254395,15.656402587890625,0.0,25.389482498168945,38.477745056152344,36.13313293457031,9.87179183959961
1771501745.1420093,5.134882926940918,16.092575073242188,0.0,24.974300384521484,38.05571746826172,35.76190948486328,9.62222957611084
1771501745.1724334,5.123619079589844,16.196250915527344,0.0,25.34328842163086,38.24818801879883,35.886714935302734,9.563732147216797
1771501745.2048585,5.436436176300049,16.168601989746094,0.0,25.323665618896484,38.63172912597656,36.22391891479492,9.80359172821045
1771501745.2378566,5.139819622039795,15.493667602539062,0.0,24.743850708007812,38.298431396484375,36.36933898925781,10.180889129638672
1771501745.2688549,5.547107219696045,16.422744750976562,0.0,25.393173217773438,38.736331939697266,36.06917953491211,10.015337944030762
1771501745.3039665,5.374849796295166,15.673519134521484,0.0,25.48504066467285,38.91257858276367,36.48270034790039,10.28986644744873
1771501745.3499458,5.282501697540283,15.77912425994873,0.0,25.367910385131836,38.89356231689453,36.497703552246094,10.325837135314941
1771501745.3819423,5.589188575744629,16.291088104248047,0.0,25.407535552978516,38.626705169677734,36.0623893737793,9.766952514648438
1771501745.413481,5.074055194854736,15.713601112365723,0.0,25.149898529052734,38.41893768310547,35.92570114135742,10.198851585388184
1771501745.4453347,5.478932857513428,15.940853118896484,0.0,25.59783935546875,38.80009460449219,36.350303649902344,10.178817749023438
1771501745.477384,4.71854829788208,15.671439170837402,0.0,25.232572555541992,38.339088439941406,35.55742263793945,9.796513557434082
1771501745.5139384,5.733867168426514,15.966865539550781,0.0,25.030380249023438,38.448707580566406,36.05091094970703,10.186563491821289
1771501745.5409384,5.000176906585693,15.478771209716797,0.0,25.154157638549805,38.49190902709961,36.072166442871094,10.106752395629883
1771501745.5739453,5.53400993347168,16.535629272460938,0.0,25.160537719726562,38.555110931396484,36.26782989501953,10.008488655090332
1771501745.6061134,5.574191570281982,15.993142127990723,0.0,25.384702682495117,38.69134521484375,36.12009048461914,10.11427116394043
1771501745.639114,5.3038434982299805,15.53993034362793,0.0,24.88873291015625,38.3596305847168,35.8909912109375,10.020101547241211
1771501745.6691153,4.981052398681641,15.541749000549316,0.0,25.093130111694336,38.45586013793945,36.08634567260742,10.010719299316406
1771501745.701668,4.997912406921387,15.585899353027344,0.0,25.237102508544922,38.35832595825195,36.03533935546875,10.384181022644043
1771501745.7366467,5.381337642669678,16.03811264038086,0.0,25.553634643554688,38.56800079345703,35.86700439453125,10.12885856628418
1771501745.7816494,5.888440132141113,16.198627471923828,0.0,25.186094284057617,38.65168380737305,36.31507110595703,9.932965278625488
1771501745.8172376,5.29787015914917,16.513389587402344,0.0,25.6595401763916,38.895164489746094,36.051429748535156,10.017792701721191
1771501745.8482196,5.425500869750977,15.76644229888916,0.0,25.833385467529297,38.91267776489258,36.208885192871094,10.237972259521484
1771501745.8782227,5.781491279602051,16.372562408447266,0.0,26.015113830566406,39.0570182800293,36.06047058105469,10.34126091003418
1771501745.9087286,6.11698579788208,16.5039005279541,0.0,25.848970413208008,39.2423095703125,36.469051361083984,10.856036186218262
1771501745.9457545,5.367671966552734,16.180477142333984,0.0,25.19786834716797,38.354549407958984,35.55550003051758,10.197162628173828
1771501745.975757,6.363292694091797,16.379844665527344,0.0,25.876176834106445,39.14297103881836,36.26261901855469,10.590566635131836
1771501746.0052705,6.203684329986572,16.666269302368164,0.0,25.4969539642334,39.014015197753906,35.75370788574219,9.820111274719238
1771501746.0411482,5.48191499710083,16.34383201599121,0.0,25.4204044342041,38.62896728515625,35.596702575683594,10.025993347167969
1771501746.071463,5.272394180297852,15.664999008178711,0.0,25.098831176757812,38.23942947387695,35.71656799316406,9.936461448669434
1771501746.1019764,5.757856369018555,16.825531005859375,0.0,26.033397674560547,38.79617691040039,35.798011779785156,9.976780891418457
1771501746.1340063,4.88029146194458,15.787607192993164,0.0,25.148277282714844,38.269004821777344,35.3977165222168,9.727530479431152
1771501746.1659772,5.654761791229248,16.401382446289062,0.0,25.35989761352539,38.452552795410156,35.81232833862305,9.870762825012207
1771501746.2144828,5.345462322235107,16.258272171020508,0.0,25.549243927001953,38.52613067626953,35.51665496826172,9.968646049499512
1771501746.246483,5.726630210876465,16.242177963256836,0.0,25.284015655517578,38.60320281982422,35.83542251586914,9.788580894470215
1771501746.2775066,6.134254455566406,16.713642120361328,0.0,25.98922348022461,39.01346206665039,35.766448974609375,10.19308090209961
1771501746.3090541,5.962696075439453,16.280658721923828,0.0,25.563459396362305,39.00164794921875,35.64499282836914,9.717761993408203
1771501746.3410485,5.676276683807373,16.13738441467285,0.0,25.14794158935547,38.595943450927734,35.983795166015625,10.252228736877441
1771501746.3790326,5.78165340423584,16.2442626953125,0.0,25.508453369140625,38.60874557495117,36.26070785522461,10.33883285522461
1771501746.4105408,5.794363021850586,16.29037857055664,0.0,25.794832229614258,38.872581481933594,35.915771484375,10.161371231079102
1771501746.4415371,6.079448699951172,16.435482025146484,0.0,25.75320816040039,39.15504455566406,36.006317138671875,10.252935409545898
1771501746.4735377,5.010561466217041,16.069297790527344,0.0,25.309438705444336,38.04387283325195,35.5202751159668,9.421563148498535
1771501746.503557,5.828907489776611,16.898235321044922,0.0,25.778484344482422,38.45851135253906,35.608192443847656,9.621520042419434
1771501746.5365663,5.196471214294434,16.02718734741211,0.0,25.100685119628906,38.18975830078125,35.411224365234375,9.629460334777832
1771501746.5665674,4.8381123542785645,15.550897598266602,0.0,25.006269454956055,38.0465087890625,35.54924392700195,9.814976692199707
1771501746.5990746,5.6175665855407715,16.80335235595703,0.0,25.346128463745117,38.152198791503906,35.34535598754883,9.279176712036133
1771501746.6465926,5.434703350067139,16.614267349243164,0.0,24.59590721130371,37.849449157714844,35.20462417602539,9.540468215942383
1771501746.679614,5.961758613586426,16.75026512145996,0.0,25.507984161376953,38.577545166015625,35.792274475097656,9.792853355407715
1771501746.710128,5.202396392822266,16.28118133544922,0.0,24.839345932006836,37.61228942871094,35.19879150390625,9.227583885192871
1771501746.7412324,5.692060470581055,16.47408103942871,0.0,25.50370979309082,38.3784294128418,35.89483642578125,9.875274658203125
1771501746.7737217,5.414894104003906,16.536380767822266,0.0,24.666183471679688,37.71471405029297,35.26911926269531,9.320356369018555
1771501746.810559,5.018459796905518,16.335439682006836,0.0,25.056564331054688,38.03817367553711,35.2949104309082,8.995779037475586
1771501746.8374174,5.42022180557251,16.195377349853516,0.0,25.14398956298828,38.53334426879883,35.80959701538086,9.336687088012695
1771501746.8700461,4.706650733947754,15.617225646972656,0.0,24.546815872192383,38.21084976196289,35.69089889526367,9.569928169250488
1771501746.9015234,5.131373405456543,16.00346565246582,0.0,24.573436737060547,37.99869155883789,35.72966003417969,9.36307430267334
1771501746.9348445,5.275326251983643,16.37941551208496,0.0,24.831642150878906,38.071632385253906,35.67061996459961,9.350645065307617
1771501746.9675782,4.995047092437744,16.3038330078125,0.0,24.892850875854492,37.90191650390625,35.35744857788086,9.225983619689941
1771501746.9975524,4.4722981452941895,15.467529296875,0.0,24.72054672241211,37.82622146606445,35.23172378540039,9.318181991577148
1771501747.0330367,4.038788795471191,15.321765899658203,0.0,24.649263381958008,37.87894058227539,35.25703811645508,9.09341812133789
1771501747.0782182,5.532994270324707,16.54925537109375,0.0,24.85642433166504,38.37853240966797,35.98005676269531,9.533011436462402
1771501747.111367,5.52386999130249,16.544973373413086,0.0,25.599605560302734,38.680057525634766,35.92532730102539,9.544553756713867
1771501747.145408,4.711370944976807,16.069133758544922,0.0,24.68927574157715,37.87607192993164,35.34294509887695,9.332564353942871
1771501747.1762218,5.116063117980957,16.225038528442383,0.0,24.882822036743164,38.12590026855469,35.64482498168945,9.533598899841309
1771501747.207435,5.174960613250732,16.133708953857422,0.0,24.222745895385742,37.882789611816406,35.6678352355957,9.630703926086426
1771501747.2403893,5.348588943481445,16.131750106811523,0.0,24.97633934020996,38.0896110534668,35.721153259277344,9.638628959655762
1771501747.2704258,5.8422698974609375,16.485065460205078,0.0,25.295917510986328,38.756797790527344,36.65371322631836,10.079829216003418
1771501747.3020818,6.322581768035889,16.62866973876953,0.0,24.612621307373047,38.37535858154297,36.14601516723633,10.097572326660156
1771501747.3340917,5.489130973815918,16.399019241333008,0.0,23.988618850708008,37.628623962402344,35.926536560058594,9.788800239562988
1771501747.365111,5.276810646057129,16.148834228515625,0.0,23.809940338134766,37.708831787109375,35.74124526977539,9.684773445129395
1771501747.3987665,6.016671657562256,16.749441146850586,0.0,24.635528564453125,38.22825241088867,36.09225845336914,9.932539939880371
1771501747.4296281,5.560571193695068,16.784530639648438,0.0,24.506372451782227,38.15093994140625,35.53605651855469,9.42839241027832
1771501747.4657533,5.292011737823486,16.325666427612305,0.0,24.534788131713867,38.17906951904297,35.52716827392578,9.379773139953613
1771501747.5095093,5.691338539123535,16.749814987182617,0.0,24.43393325805664,38.335540771484375,36.09964370727539,9.672109603881836
1771501747.5445392,5.101006984710693,16.155109405517578,0.0,24.632369995117188,38.53372573852539,36.37580108642578,10.266119003295898
1771501747.5765774,5.711387634277344,16.331937789916992,0.0,24.604122161865234,38.59184265136719,36.22835159301758,10.281197547912598
1771501747.613555,6.121725082397461,16.565149307250977,0.0,25.184555053710938,39.228580474853516,36.7814826965332,10.647847175598145
1771501747.6435683,6.294917106628418,16.575693130493164,0.0,24.981632232666016,38.99978256225586,36.69723892211914,10.675249099731445
1771501747.674561,7.475609302520752,17.561046600341797,0.0,25.28205108642578,39.45519256591797,37.15142059326172,10.787630081176758
1771501747.706101,5.922341346740723,16.675989151000977,0.0,24.913049697875977,38.626468658447266,36.29273223876953,10.760393142700195
1771501747.7390947,6.085588455200195,16.6549015045166,0.0,25.443288803100586,39.1145133972168,36.879642486572266,10.93579387664795
1771501747.7693093,5.480327129364014,16.50037384033203,0.0,24.851879119873047,38.3400764465332,36.166385650634766,10.51595687866211
1771501747.8004472,5.578912734985352,16.29739761352539,0.0,25.137235641479492,38.75077438354492,36.54336929321289,10.820249557495117
1771501747.8324356,6.766225337982178,17.219003677368164,0.0,26.365812301635742,39.890037536621094,37.073787689208984,11.525197982788086
1771501747.8632793,7.323474407196045,17.177169799804688,0.0,26.308027267456055,40.209922790527344,38.07524871826172,12.222208023071289
1771501747.8948674,5.646966457366943,16.434555053710938,0.0,25.846296310424805,38.98796081542969,36.75019836425781,11.513169288635254
1771501747.9412372,6.532955169677734,17.021869659423828,0.0,25.53508758544922,39.36046600341797,36.82362365722656,11.484354972839355
1771501747.9771574,5.841726779937744,16.521142959594727,0.0,25.59173583984375,39.39589309692383,36.74946594238281,11.081663131713867
1771501748.005844,6.1347737312316895,16.769433975219727,0.0,25.119705200195312,38.691139221191406,36.762413024902344,11.440132141113281
1771501748.0369368,6.801146984100342,17.484567642211914,0.0,26.277799606323242,39.89963912963867,37.260536193847656,11.62358570098877
1771501748.068937,6.677770614624023,16.791170120239258,0.0,25.999303817749023,39.450538635253906,37.14710998535156,11.861233711242676
1771501748.1024728,6.397144317626953,16.88642120361328,0.0,26.31620216369629,39.47981643676758,37.01008224487305,11.620591163635254
1771501748.1344736,6.6360321044921875,17.11681365966797,0.0,26.39249038696289,39.74140167236328,37.59166717529297,12.00672721862793
1771501748.165473,5.12965726852417,15.71445369720459,0.0,24.96335792541504,38.59601974487305,36.417503356933594,11.005744934082031
1771501748.1978102,5.631208896636963,16.297029495239258,0.0,25.267383575439453,38.77976989746094,36.57937240600586,11.037511825561523
1771501748.2288318,5.873907566070557,16.73427963256836,0.0,24.956768035888672,38.83599853515625,36.518531799316406,10.68978214263916
1771501748.260808,6.173639297485352,16.410192489624023,0.0,25.482574462890625,39.451011657714844,36.94165802001953,11.198469161987305
1771501748.2933686,5.779443264007568,16.359071731567383,0.0,25.572586059570312,39.346435546875,36.75498962402344,11.12035083770752
1771501748.3274622,5.070275783538818,15.882791519165039,0.0,25.394315719604492,38.69358825683594,35.88032531738281,10.45230770111084
1771501748.373834,5.391178607940674,16.498722076416016,0.0,24.779680252075195,38.4318733215332,36.21792221069336,10.255355834960938
1771501748.4075153,5.545873641967773,16.568239212036133,0.0,26.097898483276367,39.1449089050293,36.48756408691406,10.89067554473877
1771501748.441497,4.793766021728516,15.87242317199707,0.0,25.32965850830078,38.336639404296875,35.91592788696289,10.29007339477539
1771501748.4724991,5.905920505523682,16.212186813354492,0.0,25.87500762939453,39.16336441040039,36.86928939819336,11.002090454101562
1771501748.5034132,5.261892318725586,15.82952880859375,0.0,25.800052642822266,38.844722747802734,35.93918228149414,11.034330368041992
1771501748.5340416,5.621845722198486,16.04686164855957,0.0,26.022005081176758,38.95243453979492,36.109275817871094,10.979185104370117
1771501748.5670192,6.088200569152832,16.657499313354492,0.0,26.273670196533203,39.34711837768555,36.28373718261719,10.851737976074219
1771501748.5975506,4.833538055419922,15.632511138916016,0.0,24.282913208007812,38.15187072753906,35.419921875,10.016658782958984
1771501748.632571,5.198159217834473,15.732128143310547,0.0,25.43281364440918,38.687808990478516,35.98796463012695,10.479985237121582
1771501748.6605768,3.5828142166137695,14.676807403564453,0.0,23.81696319580078,37.38182830810547,35.24868392944336,10.059311866760254
1771501748.6931932,4.6617021560668945,15.665403366088867,0.0,24.967742919921875,38.46371078491211,36.0079231262207,10.432418823242188
1771501748.7247746,5.671632766723633,16.581562042236328,0.0,25.300819396972656,38.84109115600586,36.3167610168457,10.670574188232422
1771501748.7758126,5.682903289794922,16.498783111572266,0.0,25.431262969970703,38.83570861816406,36.14204025268555,10.638599395751953
1771501748.805944,5.031818389892578,15.555950164794922,0.0,24.813648223876953,38.475765228271484,36.03305435180664,10.713905334472656
1771501748.8371177,5.875229835510254,16.31785011291504,0.0,25.772228240966797,39.270851135253906,37.070919036865234,11.485405921936035
1771501748.8701851,4.573124408721924,15.637906074523926,0.0,24.832578659057617,38.49946594238281,36.079837799072266,10.512372970581055
1771501748.9018679,5.756954193115234,16.18010711669922,0.0,25.69312858581543,39.083251953125,36.99936294555664,11.473054885864258
1771501748.934071,5.194942474365234,16.194589614868164,0.0,25.09726905822754,38.48395919799805,36.244136810302734,10.648015022277832
1771501748.9721785,5.646243572235107,16.183183670043945,0.0,25.803647994995117,39.17173385620117,37.083770751953125,11.288633346557617
1771501749.0037217,5.920465469360352,16.48422622680664,0.0,25.697256088256836,39.0977897644043,36.84523391723633,11.170144081115723
1771501749.0338566,4.883026599884033,15.639232635498047,0.0,25.07111930847168,38.506309509277344,36.456295013427734,10.900938987731934
1771501749.0648563,5.781322956085205,16.416303634643555,0.0,24.983549118041992,38.830787658691406,36.83212661743164,10.826764106750488
1771501749.0963674,5.785363674163818,16.519685745239258,0.0,25.261905670166016,38.78547668457031,36.699031829833984,10.84205436706543
1771501749.1273687,5.804953575134277,16.318025588989258,0.0,25.32370948791504,39.18140411376953,36.65553665161133,10.805651664733887
1771501749.1573703,6.068122863769531,16.57307243347168,0.0,26.101648330688477,39.52342987060547,37.22132873535156,11.413166999816895
1771501749.2069707,5.5851545333862305,16.00680160522461,0.0,25.519939422607422,39.03907775878906,36.655757904052734,10.861373901367188
1771501749.2409728,6.109783172607422,16.687707901000977,0.0,25.6989803314209,39.170310974121094,37.00559997558594,10.845052719116211
1771501749.2699733,5.98588752746582,16.3928165435791,0.0,25.04100799560547,39.07353591918945,36.723533630371094,11.030951499938965
1771501749.3014917,5.6738667488098145,16.368886947631836,0.0,25.820592880249023,39.21177673339844,36.84036636352539,11.038422584533691
1771501749.332535,5.39764404296875,16.231826782226562,0.0,24.949678421020508,38.412723541259766,36.10615158081055,10.562780380249023
1771501749.3655431,4.956556797027588,15.1625394821167,0.0,24.734695434570312,38.4411506652832,36.27523422241211,10.855512619018555
1771501749.399076,5.156546592712402,15.903314590454102,0.0,25.430274963378906,38.75065994262695,36.476295471191406,10.994189262390137
1771501749.4301255,4.991027355194092,15.436386108398438,0.0,25.023731231689453,38.40616989135742,36.33129119873047,10.98287296295166
1771501749.461129,5.781949996948242,16.306821823120117,0.0,25.007917404174805,38.9749870300293,36.582427978515625,10.53657341003418
1771501749.49264,5.5337300300598145,16.08624839782715,0.0,24.654701232910156,38.6425895690918,36.402305603027344,10.830790519714355
1771501749.52466,6.682474136352539,17.198902130126953,0.0,24.99484634399414,38.955230712890625,36.636959075927734,10.89468002319336
1771501749.5566568,6.400684833526611,16.22859764099121,0.0,24.354928970336914,38.92181396484375,37.093692779541016,11.06026840209961
1771501749.5896406,8.431747436523438,17.412874221801758,0.0,25.024272918701172,39.861328125,37.75480651855469,11.232508659362793
1771501749.6402054,9.539226531982422,18.008502960205078,0.0,25.780658721923828,40.26508331298828,38.230464935302734,11.89211368560791
1771501749.6729932,9.557909965515137,17.20488739013672,0.0,25.742013931274414,40.356197357177734,38.24350357055664,11.885749816894531
1771501749.7036138,9.945164680480957,16.876972198486328,0.0,25.50912094116211,40.14059066772461,38.36085510253906,11.917983055114746
1771501749.7352428,10.107876777648926,17.19081687927246,0.0,25.28265380859375,39.8631477355957,37.99323272705078,11.520791053771973
1771501749.7652462,10.126395225524902,17.02737045288086,0.0,24.305349349975586,39.39463806152344,37.89665985107422,11.251762390136719
1771501749.797781,10.579535484313965,17.905288696289062,0.0,25.035690307617188,39.49990463256836,37.70024490356445,10.91804313659668
1771501749.8307781,10.527189254760742,17.595705032348633,0.0,26.542194366455078,40.100914001464844,38.294715881347656,11.036972999572754
1771501749.860781,9.56078052520752,16.377004623413086,0.0,25.49376678466797,39.50518798828125,37.74898147583008,10.918384552001953
1771501749.89333,9.855420112609863,16.570953369140625,0.0,25.993677139282227,39.968223571777344,37.725624084472656,10.862552642822266
1771501749.9265661,9.853322982788086,16.619190216064453,0.0,26.128307342529297,39.74562454223633,37.63835144042969,10.616950035095215
1771501749.9582431,8.939536094665527,16.250701904296875,0.0,24.932098388671875,38.960594177246094,36.967369079589844,9.967683792114258
1771501749.9890165,10.197240829467773,16.928293228149414,0.0,25.61315155029297,39.2847785949707,37.22098159790039,10.48843002319336
1771501750.0227625,11.126117706298828,17.269750595092773,0.0,25.46913719177246,39.35783386230469,37.19340515136719,10.181268692016602
1771501750.0697637,10.904802322387695,17.106367111206055,0.0,26.839303970336914,40.548919677734375,37.88028335571289,10.82226276397705
1771501750.1013072,10.272368431091309,16.56894302368164,0.0,25.64322280883789,39.695064544677734,37.535797119140625,10.08617115020752
1771501750.1342807,8.86997127532959,15.61235523223877,0.0,24.883567810058594,39.19399642944336,36.96928024291992,10.19288158416748
1771501750.165284,9.192216873168945,16.14179039001465,0.0,24.824068069458008,39.14973449707031,37.5108757019043,10.41493034362793
1771501750.1998162,8.978360176086426,15.982590675354004,0.0,24.0185604095459,38.30649948120117,36.402076721191406,9.349629402160645
1771501750.2308674,8.349156379699707,15.635187149047852,0.0,24.969038009643555,38.94688034057617,36.73756408691406,10.035223960876465
1771501750.2647448,7.931869029998779,15.34203815460205,0.0,23.44727325439453,38.034488677978516,36.23610305786133,9.473336219787598
1771501750.3248155,7.086221694946289,15.021180152893066,0.0,24.111679077148438,37.43472671508789,35.58879089355469,9.112353324890137
1771501750.3568344,6.971500873565674,15.063974380493164,0.0,24.624860763549805,37.84098434448242,35.634151458740234,9.467330932617188
1771501750.3876295,6.114828109741211,14.530062675476074,0.0,24.350688934326172,37.60852813720703,35.408878326416016,9.361583709716797
1771501750.4179108,6.961478233337402,14.940400123596191,0.0,23.325490951538086,37.484928131103516,35.46089172363281,9.562737464904785
1771501750.4501567,6.125863075256348,14.736885070800781,0.0,22.540372848510742,36.817840576171875,34.65046691894531,8.588794708251953
1771501750.4820678,6.535163402557373,14.908056259155273,0.0,23.37640953063965,36.74769973754883,34.43690490722656,8.454322814941406
1771501750.5126956,6.352200984954834,14.80816650390625,0.0,23.177743911743164,36.87037658691406,34.43721389770508,8.464097023010254
1771501750.5446699,6.506344795227051,14.72092056274414,0.0,23.140005111694336,36.99222946166992,34.59934616088867,9.044150352478027
1771501750.575706,6.6839423179626465,15.019401550292969,0.0,23.00031280517578,37.265872955322266,34.99958419799805,9.028229713439941
1771501750.6073928,6.04416036605835,14.581111907958984,0.0,23.834453582763672,37.308773040771484,34.668853759765625,8.9344482421875
1771501750.6393611,6.653483867645264,15.052071571350098,0.0,23.731891632080078,37.3834342956543,34.93780517578125,9.018357276916504
1771501750.670323,6.3783464431762695,14.805749893188477,0.0,23.815250396728516,37.54393005371094,34.781089782714844,9.291170120239258
1771501750.7021556,5.745909690856934,14.230169296264648,0.0,23.57349395751953,37.297122955322266,34.71213912963867,9.31304931640625
1771501750.731171,5.416244983673096,14.260653495788574,0.0,22.89622688293457,36.76227569580078,34.58586502075195,8.917810440063477
1771501750.7621255,5.712568283081055,14.456384658813477,0.0,23.38237762451172,37.19233322143555,35.024993896484375,9.52015209197998
1771501750.7937517,5.902194976806641,14.494714736938477,0.0,23.591840744018555,37.50272750854492,35.59109878540039,9.797937393188477
1771501750.8248432,5.97252082824707,14.752230644226074,0.0,23.344579696655273,37.2999382019043,35.27863693237305,9.501005172729492
1771501750.8557906,5.405323505401611,14.33133602142334,0.0,22.63709259033203,36.62035369873047,35.083641052246094,9.483885765075684
1771501750.8888881,5.4789814949035645,14.142658233642578,0.0,24.4393253326416,38.07318115234375,35.639556884765625,9.981412887573242
1771501750.9340487,5.450492858886719,14.256548881530762,0.0,23.44620132446289,37.31343078613281,35.719547271728516,9.85653305053711
1771501750.9670281,6.041476726531982,14.771235466003418,0.0,23.148542404174805,37.59286880493164,36.01396942138672,9.916714668273926
1771501750.9991424,6.550844669342041,15.237470626831055,0.0,23.27198028564453,37.65763854980469,36.20552444458008,9.972957611083984
1771501751.0311074,6.114711284637451,14.999865531921387,0.0,23.48139190673828,37.71611022949219,36.13997268676758,10.144171714782715
1771501751.0621424,6.013229846954346,15.267657279968262,0.0,22.787141799926758,37.138946533203125,35.957366943359375,9.438260078430176
1771501751.0936542,5.934830665588379,15.49194049835205,0.0,22.925947189331055,36.80595016479492,35.48041534423828,9.206116676330566
1771501751.1296613,6.01870584487915,15.467997550964355,0.0,23.680953979492188,37.10109329223633,35.67177200317383,9.632280349731445
1771501751.158321,6.345019340515137,15.808309555053711,0.0,24.64931869506836,37.93841552734375,36.70056915283203,10.498773574829102
1771501751.1885993,6.130993843078613,15.795938491821289,0.0,23.70053482055664,37.87716293334961,36.54869079589844,10.330254554748535
1771501751.2222142,6.708008766174316,15.684845924377441,0.0,23.68399429321289,37.8587532043457,36.77847671508789,10.436478614807129
1771501751.2532156,7.161098957061768,15.839364051818848,0.0,24.51775550842285,38.46158218383789,37.362754821777344,10.723623275756836
1771501751.2862177,7.097854137420654,16.207504272460938,0.0,24.16366958618164,37.987083435058594,36.66510009765625,10.319345474243164
1771501751.3184228,6.127215385437012,15.524235725402832,0.0,23.034948348999023,37.703243255615234,36.410797119140625,10.216934204101562
1771501751.3674319,6.788681507110596,16.056087493896484,0.0,23.31485366821289,37.72071075439453,36.532020568847656,10.52118968963623
1771501751.3981328,6.557908535003662,16.035757064819336,0.0,23.000120162963867,37.43609619140625,36.17344665527344,10.540340423583984
1771501751.4300857,6.785148620605469,15.894758224487305,0.0,22.41116714477539,37.19500732421875,36.318294525146484,10.765679359436035
1771501751.4620945,6.413632869720459,15.78443431854248,0.0,23.91011619567871,38.142696380615234,36.59693908691406,10.542085647583008
1771501751.49364,5.840950965881348,15.829383850097656,0.0,22.79560089111328,37.45875549316406,36.245819091796875,10.389691352844238
1771501751.5246694,7.183213233947754,16.582490921020508,0.0,23.71030616760254,37.91374206542969,36.74454879760742,10.723465919494629
1771501751.5597014,6.321000576019287,15.970369338989258,0.0,23.743730545043945,38.17152786254883,36.654605865478516,10.812538146972656
1771501751.592709,6.827961444854736,16.62422752380371,0.0,24.848140716552734,38.6463737487793,37.108158111572266,10.86567497253418
1771501751.623338,6.666998386383057,16.215805053710938,0.0,24.843292236328125,38.89753341674805,37.117435455322266,10.884252548217773
1771501751.654923,7.081376075744629,16.40529441833496,0.0,24.041162490844727,38.57493591308594,37.23664474487305,11.00015640258789
1771501751.685931,7.133125305175781,16.269241333007812,0.0,24.323997497558594,38.979976654052734,37.49778747558594,11.414063453674316
1771501751.7175193,6.363749027252197,15.76697826385498,0.0,25.01726531982422,39.154842376708984,37.376991271972656,10.931062698364258
1771501751.7485685,7.001224994659424,16.266721725463867,0.0,24.936473846435547,39.23527145385742,37.55977249145508,11.59972858428955
1771501751.8316648,7.35493278503418,16.177030563354492,0.0,25.168325424194336,39.47976303100586,37.95425796508789,11.961821556091309
1771501751.8586144,7.140517711639404,16.07601547241211,0.0,24.99642562866211,39.4143180847168,37.728885650634766,11.61428165435791
1771501751.8890133,7.7569580078125,16.64452362060547,0.0,25.276405334472656,39.669281005859375,37.85757064819336,11.729878425598145
1771501751.921161,8.08681869506836,16.86852264404297,0.0,25.55344009399414,39.9868278503418,38.28145980834961,11.981987953186035
1771501751.9522069,7.642439365386963,16.42572021484375,0.0,24.69112777709961,39.40523147583008,37.731895446777344,11.491140365600586
1771501751.9851599,7.381481170654297,16.161666870117188,0.0,24.697507858276367,39.2446403503418,37.520233154296875,11.460314750671387
1771501752.014595,7.819297790527344,16.767282485961914,0.0,25.17829132080078,39.42975997924805,38.00383377075195,11.69447135925293
1771501752.046726,8.306259155273438,16.775001525878906,0.0,25.71038055419922,39.87318420410156,38.145259857177734,11.415813446044922
1771501752.0771856,7.93726110458374,16.504281997680664,0.0,25.06960678100586,39.33562469482422,38.0004768371582,11.236045837402344
1771501752.10776,7.8665995597839355,16.51823616027832,0.0,25.143259048461914,39.40361022949219,37.949554443359375,11.139801979064941
1771501752.1397352,8.129006385803223,16.362442016601562,0.0,25.04993438720703,39.44804000854492,37.972808837890625,11.143393516540527
1771501752.1697347,7.6271820068359375,16.085208892822266,0.0,25.57930564880371,39.917991638183594,37.827667236328125,11.530081748962402
1771501752.231345,6.4999895095825195,14.695028305053711,0.0,24.500497817993164,39.20595169067383,37.12360763549805,11.022294044494629
1771501752.2643254,6.488380432128906,15.664542198181152,0.0,23.714082717895508,38.18187713623047,36.32049560546875,10.14521598815918
1771501752.2954962,6.432498931884766,15.40208911895752,0.0,23.685400009155273,38.20529556274414,36.28866195678711,10.118749618530273
1771501752.3280191,5.637481212615967,15.133374214172363,0.0,24.379478454589844,38.56752014160156,36.10746383666992,10.315662384033203
1771501752.3580883,5.353214263916016,14.923820495605469,0.0,23.870805740356445,37.802711486816406,35.43950653076172,9.944059371948242
1771501752.3891113,5.779328346252441,15.523585319519043,0.0,24.67388153076172,38.40210723876953,35.272396087646484,10.056852340698242
1771501752.4214861,5.128281593322754,15.278386116027832,0.0,24.639440536499023,38.37516784667969,35.3115348815918,10.382733345031738
1771501752.4534867,4.1722412109375,14.87673282623291,0.0,24.633989334106445,37.668785095214844,34.28678512573242,9.695356369018555
1771501752.4834926,4.262881755828857,14.953258514404297,0.0,24.376728057861328,37.74737548828125,34.360042572021484,9.678473472595215
1771501752.5144942,4.887250900268555,15.150924682617188,0.0,24.879837036132812,38.1527099609375,34.59407043457031,10.194967269897461
1771501752.5444942,3.4707751274108887,14.192386627197266,0.0,23.400310516357422,37.121150970458984,33.1568489074707,9.095479011535645
1771501752.573935,1.7047683000564575,14.062432289123535,0.0,22.085432052612305,35.68842697143555,30.690095901489258,7.555159091949463
1771501752.616449,-0.8588900566101074,13.630495071411133,0.0,21.695253372192383,32.89544677734375,28.008169174194336,6.0149946212768555
1771501752.6656058,-2.8872549533843994,12.504335403442383,0.0,19.66229248046875,31.237764358520508,26.296592712402344,4.498857498168945
1771501752.6991496,-1.9041545391082764,12.88010311126709,0.0,21.28689956665039,32.309566497802734,27.306196212768555,5.51589822769165
1771501752.730175,-2.9702413082122803,12.564655303955078,0.0,19.867965698242188,31.17713737487793,26.209421157836914,4.361877918243408
1771501752.7621446,-2.328751802444458,12.819955825805664,0.0,20.801576614379883,32.03424072265625,27.322978973388672,5.529368877410889
1771501752.792212,-2.414292812347412,12.676952362060547,0.0,20.52355194091797,31.78482437133789,26.97011375427246,5.2095232009887695
1771501752.823066,-2.7700254917144775,12.681286811828613,0.0,20.730968475341797,31.484848022460938,26.644081115722656,5.0992960929870605
1771501752.8540564,-3.446648359298706,12.033169746398926,0.0,19.85963249206543,31.008323669433594,26.579906463623047,4.887616157531738
1771501752.8860965,-2.5382273197174072,12.970769882202148,0.0,20.577844619750977,31.43678092956543,26.286447525024414,4.724615573883057
1771501752.9176328,-2.766489028930664,12.580586433410645,0.0,20.342863082885742,31.599027633666992,26.97008514404297,5.207877159118652
1771501752.9486322,-3.697955846786499,12.139908790588379,0.0,19.485591888427734,30.604583740234375,26.002216339111328,4.435193061828613
1771501752.9796526,-3.1346073150634766,12.27253246307373,0.0,19.848642349243164,31.176315307617188,26.572528839111328,4.934386253356934
1771501753.0141268,-3.8591089248657227,12.007463455200195,0.0,19.07132911682129,31.13089370727539,26.8233642578125,4.672765254974365
1771501753.0580883,-2.770922899246216,12.920933723449707,0.0,20.325016021728516,31.79608154296875,27.295743942260742,5.123048305511475
1771501753.094596,-2.559446096420288,13.31793212890625,0.0,20.489717483520508,31.981155395507812,27.267866134643555,5.062983989715576
1771501753.127601,-3.277757167816162,12.880236625671387,0.0,20.251434326171875,31.42744255065918,26.728370666503906,4.6554670333862305
1771501753.1516523,-2.9724717140197754,13.124326705932617,0.0,20.769573211669922,30.944169998168945,26.168045043945312,4.301257133483887
1771501753.1826751,-4.096038818359375,12.192182540893555,0.0,19.596336364746094,30.93212127685547,26.22548484802246,4.448690891265869
1771501753.2121933,-3.7098395824432373,12.584856986999512,0.0,19.618223190307617,31.31766128540039,26.472164154052734,4.470663070678711
1771501753.2446043,-2.8916172981262207,13.143477439880371,0.0,20.54868507385254,31.519975662231445,27.00023078918457,4.8023176193237305
1771501753.2770238,-3.1726465225219727,12.723542213439941,0.0,20.360700607299805,31.13690185546875,26.84532928466797,4.72114896774292
1771501753.3075542,-3.557168483734131,12.511248588562012,0.0,19.911577224731445,31.19403839111328,26.828697204589844,4.682772159576416
1771501753.3365345,-2.0594868659973145,13.21364974975586,0.0,20.695680618286133,32.21315002441406,28.017990112304688,5.492116451263428
1771501753.3680456,-2.1075944900512695,12.616962432861328,0.0,20.69599151611328,32.6335563659668,28.97874641418457,6.060245990753174
1771501753.4136467,-2.238860607147217,12.791645050048828,0.0,20.3950138092041,32.676021575927734,28.500272750854492,5.483152389526367
1771501753.44781,-1.8083702325820923,13.032560348510742,0.0,20.759754180908203,33.04710388183594,29.043859481811523,5.707595348358154
1771501753.4788365,-2.7817606925964355,12.39550495147705,0.0,19.996540069580078,32.440406799316406,28.258455276489258,5.277651309967041
1771501753.52647,-2.461082935333252,12.668540954589844,0.0,20.305532455444336,32.83261489868164,28.496261596679688,5.504161357879639
1771501753.5584717,-2.3589935302734375,12.682215690612793,0.0,20.081138610839844,33.142086029052734,28.831228256225586,5.714500427246094
1771501753.5894735,-2.437518358230591,12.60058879852295,0.0,20.152626037597656,33.1362419128418,28.858362197875977,5.984986782073975
1771501753.619986,-1.7559857368469238,13.299639701843262,0.0,20.74516487121582,33.01441192626953,28.288185119628906,5.344912528991699
1771501753.6509883,-1.9260848760604858,12.869939804077148,0.0,20.669836044311523,33.22193908691406,29.04378318786621,5.814090728759766
1771501753.6838982,-1.7460697889328003,13.072874069213867,0.0,20.924301147460938,32.90434646606445,28.52669334411621,5.816537857055664
1771501753.716952,-2.5131676197052,12.668591499328613,0.0,20.218103408813477,32.29895782470703,28.21352767944336,5.369076251983643
1771501753.7469535,-1.6366699934005737,13.105246543884277,0.0,20.751298904418945,33.13357162475586,29.059345245361328,5.89182186126709
1771501753.7779522,-1.1269772052764893,13.23867416381836,0.0,21.217544555664062,33.23868942260742,28.991804122924805,5.9170403480529785
1771501753.814486,-0.6439645290374756,13.692916870117188,0.0,21.55980110168457,33.54387664794922,29.23094940185547,6.137606620788574
1771501753.845506,-0.7785161137580872,13.319756507873535,0.0,21.074554443359375,33.26337432861328,28.82981300354004,5.933920860290527
1771501753.8775225,-0.7930262684822083,12.88268756866455,0.0,20.756885528564453,33.44614028930664,28.897506713867188,6.20472526550293
1771501753.9090524,-0.26486366987228394,13.518150329589844,0.0,21.541297912597656,33.83732223510742,29.264047622680664,6.228209495544434
1771501753.9597812,-0.9455784559249878,13.018795013427734,0.0,21.30565071105957,33.57373046875,29.3547306060791,6.308845043182373
1771501753.9917905,-0.12573164701461792,13.992169380187988,0.0,21.753053665161133,33.78373336791992,29.272523880004883,6.137577056884766
1771501754.0123618,-0.409553200006485,13.652498245239258,0.0,21.51420021057129,33.749671936035156,29.422151565551758,6.394238471984863
1771501754.0443397,-0.3335442543029785,13.68228530883789,0.0,21.560928344726562,33.58335876464844,29.143774032592773,6.157188892364502
1771501754.0753436,-0.17886751890182495,13.7365083694458,0.0,21.951461791992188,34.011775970458984,29.632572174072266,6.603488922119141
1771501754.1068878,-0.5059096813201904,13.471071243286133,0.0,21.502330780029297,33.83946228027344,29.819665908813477,6.6976447105407715
1771501754.1388967,-1.0532634258270264,12.995346069335938,0.0,21.218626022338867,33.76332473754883,29.486112594604492,6.477104663848877
1771501754.1679013,0.07324959337711334,13.724457740783691,0.0,21.440248489379883,33.96420669555664,29.828750610351562,6.97564172744751
1771501754.2134144,-0.9999595284461975,13.02252197265625,0.0,21.31997299194336,33.49046325683594,29.505449295043945,6.68161678314209
1771501754.2494876,0.2401793897151947,13.753616333007812,0.0,22.07110595703125,33.99170684814453,29.876909255981445,6.844118118286133
1771501754.2795043,-0.11352352797985077,13.658815383911133,0.0,21.968769073486328,34.03956604003906,29.721906661987305,6.7196245193481445
1771501754.3120706,-0.7050089836120605,13.55548095703125,0.0,21.32048225402832,33.76803970336914,29.586454391479492,6.42610502243042
1771501754.3431191,-0.6199033260345459,13.540760040283203,0.0,21.388891220092773,33.89896011352539,29.33773422241211,6.2675580978393555
1771501754.3940952,0.08245141059160233,13.45778751373291,0.0,21.659055709838867,34.324588775634766,30.148284912109375,7.071473598480225
1771501754.418629,0.005141974426805973,13.444022178649902,0.0,21.583696365356445,34.27503967285156,30.261205673217773,7.143860340118408
1771501754.4486287,0.41236647963523865,14.167649269104004,0.0,21.817956924438477,34.359466552734375,29.889755249023438,6.74614143371582
1771501754.4786603,0.14924611151218414,13.889664649963379,0.0,22.11878776550293,34.35261917114258,29.980066299438477,6.959578990936279
1771501754.510928,-0.2616831064224243,13.51681900024414,0.0,21.779436111450195,34.25725555419922,29.48208236694336,6.538400173187256
1771501754.540898,-0.42989328503608704,13.36047077178955,0.0,21.495819091796875,34.12314224243164,29.655797958374023,6.872669219970703
1771501754.5708973,0.7094774842262268,14.192570686340332,0.0,22.497533798217773,34.65909957885742,30.234254837036133,7.241186618804932
1771501754.6184146,0.28980037569999695,14.146020889282227,0.0,21.739580154418945,34.672847747802734,30.28886604309082,6.816063404083252
1771501754.6514077,0.14496080577373505,13.332712173461914,0.0,22.691295623779297,34.63960266113281,30.144453048706055,6.891012191772461
1771501754.682383,0.10673701018095016,13.909006118774414,0.0,22.52360725402832,34.57619094848633,29.92680549621582,6.9982099533081055
1771501754.7130013,0.3537338078022003,13.835102081298828,0.0,22.98825454711914,34.95295715332031,30.396081924438477,7.3253631591796875
1771501754.745977,0.7726913094520569,14.001843452453613,0.0,22.818471908569336,34.8099250793457,30.438827514648438,7.142900466918945
1771501754.7899656,1.0880067348480225,13.941572189331055,0.0,22.576534271240234,35.050025939941406,30.61927032470703,7.463637828826904
1771501754.8251588,0.6452723741531372,13.666475296020508,0.0,22.1326904296875,34.81822204589844,30.763347625732422,7.612908363342285
1771501754.8561583,0.714375913143158,13.647942543029785,0.0,22.111713409423828,35.047119140625,30.828201293945312,7.625252723693848
1771501754.8851604,0.2991395592689514,13.311844825744629,0.0,21.917631149291992,34.629371643066406,30.52202796936035,7.65370512008667
1771501754.914672,1.130214810371399,13.787503242492676,0.0,22.362092971801758,35.470882415771484,31.032058715820312,7.952511787414551
1771501754.9480174,0.8874111771583557,13.407540321350098,0.0,22.50840187072754,35.087059020996094,31.281742095947266,8.3712739944458
1771501754.978974,1.5676450729370117,13.768136978149414,0.0,22.618989944458008,36.07361602783203,31.664148330688477,8.070792198181152
1771501755.0144978,1.255042314529419,13.332108497619629,0.0,22.400760650634766,35.643917083740234,31.931976318359375,9.055727005004883
1771501755.0479136,0.945081889629364,13.559906005859375,0.0,22.26828956604004,35.52948760986328,31.03664207458496,7.68873929977417
1771501755.0779314,0.5972599387168884,12.955942153930664,0.0,21.333717346191406,35.11796569824219,31.010936737060547,8.115708351135254
1771501755.1094418,1.263289213180542,13.726613998413086,0.0,22.287452697753906,35.38488006591797,30.991477966308594,7.983142852783203
1771501755.1424415,0.39880236983299255,13.260621070861816,0.0,21.674379348754883,34.97861099243164,30.627614974975586,7.80225944519043
1771501755.1734228,0.3920240104198456,13.560748100280762,0.0,22.022968292236328,34.847320556640625,30.245407104492188,7.633410930633545
1771501755.2212985,0.2649153769016266,12.927889823913574,0.0,21.776702880859375,35.14834213256836,30.69350814819336,7.833129405975342
1771501755.2552955,0.3092191517353058,13.0204439163208,0.0,21.899261474609375,34.785152435302734,30.36357307434082,7.744731426239014
1771501755.2772145,0.7044018507003784,13.52286434173584,0.0,22.404380798339844,35.12415313720703,30.295047760009766,7.315004348754883
1771501755.3068027,0.09009592980146408,13.056015014648438,0.0,21.70642852783203,34.78287887573242,30.415876388549805,7.639857769012451
1771501755.3367965,0.8660529851913452,13.511223793029785,0.0,21.89011001586914,35.30622100830078,30.634485244750977,7.673903942108154
1771501755.3680198,0.2004023939371109,12.979381561279297,0.0,21.567462921142578,34.655094146728516,30.281518936157227,7.666713237762451
1771501755.4126034,1.3946595191955566,13.43170166015625,0.0,22.557159423828125,35.93694305419922,31.212186813354492,8.289164543151855
1771501755.4466355,1.1281965970993042,13.646639823913574,0.0,22.50237464904785,35.77067565917969,31.065231323242188,8.319320678710938
1771501755.481785,0.36507874727249146,12.962437629699707,0.0,21.73727035522461,35.231346130371094,30.525409698486328,7.851891040802002
1771501755.510331,0.9204145073890686,13.438312530517578,0.0,22.07872200012207,35.40395736694336,30.597200393676758,7.493759632110596
1771501755.541298,0.46223220229148865,12.944781303405762,0.0,21.696075439453125,35.342613220214844,30.822490692138672,8.061291694641113
1771501755.5742872,1.2672582864761353,13.859715461730957,0.0,22.635618209838867,35.404930114746094,30.644512176513672,7.47617244720459
1771501755.6054757,1.4458366632461548,13.88524055480957,0.0,22.737668991088867,35.69636154174805,30.902767181396484,7.852603435516357
1771501755.6534758,0.6978504657745361,13.14529800415039,0.0,22.7630558013916,35.404518127441406,30.822654724121094,7.979078769683838
1771501755.6865041,1.6063144207000732,14.024077415466309,0.0,23.109952926635742,35.939842224121094,31.08586883544922,7.79451847076416
1771501755.7098112,1.5849463939666748,13.924870491027832,0.0,23.0574893951416,36.00083541870117,31.165681838989258,7.877540588378906
1771501755.7408352,2.3712501525878906,13.996472358703613,0.0,23.85946273803711,36.50741195678711,31.989147186279297,8.859382629394531
1771501755.788363,1.709134578704834,13.724878311157227,0.0,23.191003799438477,35.86380386352539,31.421724319458008,8.130123138427734
1771501755.819951,2.2951371669769287,13.994490623474121,0.0,23.519182205200195,36.28459167480469,31.59429168701172,8.472472190856934
1771501755.8529966,1.2898483276367188,13.457180976867676,0.0,22.920074462890625,35.552223205566406,31.221115112304688,8.363260269165039
1771501755.8820133,1.1939947605133057,13.591124534606934,0.0,22.27398681640625,34.9030647277832,30.558147430419922,7.493910312652588
1771501755.915534,1.0363707542419434,13.701148986816406,0.0,22.858905792236328,35.21902847290039,30.74185562133789,7.8157477378845215
1771501755.9465234,0.11810584366321564,13.330734252929688,0.0,22.40938949584961,34.565486907958984,30.24344253540039,7.5825324058532715
1771501755.9775243,1.3585456609725952,14.094169616699219,0.0,23.184144973754883,35.52788162231445,30.787254333496094,7.8988471031188965
1771501756.0080402,0.6707683801651001,13.266725540161133,0.0,22.586387634277344,35.08563232421875,30.679100036621094,7.545787334442139
1771501756.041318,0.0740017518401146,13.159136772155762,0.0,22.060815811157227,34.71238708496094,30.288570404052734,7.382591247558594
1771501756.0860798,1.1897377967834473,13.603180885314941,0.0,22.959003448486328,35.58174133300781,31.224376678466797,7.952530384063721
1771501756.1211095,1.6085660457611084,14.049915313720703,0.0,22.534175872802734,35.61507797241211,30.869014739990234,7.509603977203369
1771501756.151107,1.450217604637146,13.511746406555176,0.0,22.421794891357422,35.67676544189453,31.12591552734375,8.08519172668457
1771501756.182106,1.4047164916992188,13.694428443908691,0.0,22.360713958740234,35.537208557128906,31.059593200683594,8.067183494567871
1771501756.2131474,2.2446353435516357,14.254865646362305,0.0,22.797142028808594,36.14746856689453,31.178102493286133,8.085799217224121
1771501756.2457738,2.3715920448303223,14.67573356628418,0.0,23.325279235839844,36.4140625,31.38131332397461,8.41299819946289
1771501756.2771711,1.7851483821868896,14.089911460876465,0.0,22.69615364074707,36.04801559448242,31.345417022705078,8.30648136138916
1771501756.309668,1.2897263765335083,14.296010971069336,0.0,21.898662567138672,35.04379653930664,30.140485763549805,7.5054030418396
1771501756.342629,2.845285654067993,14.919024467468262,0.0,23.10515022277832,36.04914093017578,31.0286865234375,8.366851806640625
1771501756.3736293,2.7537789344787598,15.29733657836914,0.0,22.465227127075195,36.05047607421875,30.980579376220703,8.104782104492188
1771501756.4049642,3.1844162940979004,15.615793228149414,0.0,22.217559814453125,36.38726043701172,31.151012420654297,7.978809833526611
1771501756.436898,3.7719032764434814,16.443952560424805,0.0,22.864797592163086,36.48921585083008,30.989673614501953,8.325370788574219
1771501756.468943,3.9401283264160156,16.19893455505371,0.0,23.018815994262695,36.401832580566406,31.310054779052734,8.757012367248535
1771501756.5184388,3.6145122051239014,16.29322624206543,0.0,22.529680252075195,35.90625,30.509645462036133,8.222481727600098
1771501756.5534415,4.3510332107543945,16.565427780151367,0.0,22.95203971862793,36.6911735534668,31.1093807220459,8.496550559997559
1771501756.5865564,3.9303064346313477,16.132665634155273,0.0,23.14935874938965,36.513023376464844,30.92987632751465,8.45518970489502
1771501756.6191497,3.4427642822265625,15.843119621276855,0.0,22.41716957092285,36.13395690917969,30.34768295288086,7.718705654144287
1771501756.6511476,2.718074083328247,15.068855285644531,0.0,22.630952835083008,36.37870788574219,30.497793197631836,8.333196640014648
1771501756.682149,2.4175350666046143,14.849637031555176,0.0,22.665895462036133,36.56590270996094,31.157026290893555,8.992681503295898
1771501756.7116654,2.3467373847961426,14.693036079406738,0.0,23.197010040283203,36.873958587646484,31.42954444885254,9.265067100524902
1771501756.7426639,1.7536792755126953,14.50839900970459,0.0,22.843595504760742,36.6476936340332,31.219865798950195,8.97027587890625
1771501756.777664,1.6841884851455688,13.981927871704102,0.0,23.315813064575195,37.15871810913086,32.01836395263672,10.139901161193848
1771501756.8052003,2.0005605220794678,14.363934516906738,0.0,24.03439712524414,38.20047378540039,33.65489959716797,11.555073738098145
1771501756.8378892,2.431766986846924,14.536048889160156,0.0,24.51044464111328,38.70418930053711,35.35798645019531,13.04896354675293
1771501756.8689091,0.7413678169250488,13.125428199768066,0.0,23.271451950073242,37.785274505615234,35.626583099365234,13.246532440185547
1771501756.901438,1.244301438331604,13.124162673950195,0.0,23.216154098510742,37.884246826171875,36.02962112426758,13.593404769897461
1771501756.9502902,0.9641988277435303,13.055269241333008,0.0,22.891157150268555,37.7380256652832,36.630226135253906,14.163595199584961
1771501756.985329,1.4467967748641968,12.65925407409668,0.0,23.261585235595703,38.445152282714844,37.65247344970703,15.085174560546875
1771501757.0128355,1.025240421295166,12.574440956115723,0.0,23.294572830200195,38.19631576538086,37.32926940917969,15.096587181091309
1771501757.044959,0.9571489095687866,12.902613639831543,0.0,23.15784454345703,38.378360748291016,37.728153228759766,15.086341857910156
1771501757.07803,1.577511191368103,12.368840217590332,0.0,23.512313842773438,39.2285270690918,38.79459762573242,16.334444046020508
1771501757.1105428,1.0031819343566895,12.500638961791992,0.0,22.843969345092773,38.84651565551758,38.591461181640625,15.722500801086426
1771501757.1425426,0.9647380709648132,12.526142120361328,0.0,23.01392936706543,38.88014221191406,38.8082160949707,16.157129287719727
1771501757.1745422,0.8933468461036682,12.463191032409668,0.0,22.943605422973633,38.86899948120117,38.683738708496094,15.958881378173828
1771501757.2071521,0.6399370431900024,12.31216812133789,0.0,22.729219436645508,38.5320930480957,38.93697738647461,15.895262718200684
1771501757.2371507,0.4321098327636719,12.027091979980469,0.0,22.768712997436523,38.588165283203125,38.73429489135742,16.07708740234375
1771501757.269154,-0.6230871081352234,11.606191635131836,0.0,22.405467987060547,37.94090270996094,38.551334381103516,15.688965797424316
1771501757.3016865,-0.4678211212158203,11.68267822265625,0.0,22.98088836669922,38.070213317871094,39.530479431152344,16.407756805419922
1771501757.3327153,-0.7156819105148315,11.123990058898926,0.0,22.33707046508789,37.9825439453125,39.951881408691406,17.09705924987793
1771501757.3811255,-0.6940567493438721,11.736573219299316,0.0,23.18094825744629,37.717262268066406,40.30307388305664,17.09325408935547
1771501757.416837,-0.7150670886039734,11.84082317352295,0.0,24.341533660888672,38.41349792480469,41.00553512573242,18.181684494018555
1771501757.4458137,-1.562097430229187,11.416267395019531,0.0,23.61301040649414,37.751312255859375,41.18495559692383,18.057714462280273
1771501757.477819,-2.4181675910949707,11.445871353149414,0.0,23.780086517333984,38.366153717041016,41.22578430175781,18.219417572021484
1771501757.5094419,-1.522016167640686,11.875565528869629,0.0,24.671573638916016,39.58058166503906,42.32276916503906,19.47727394104004
1771501757.541439,-2.1309685707092285,11.843318939208984,0.0,24.396678924560547,39.23133850097656,41.96660614013672,19.46459197998047
1771501757.5734973,-0.973926305770874,12.219578742980957,0.0,25.33388328552246,40.34504318237305,42.99160385131836,20.388900756835938
1771501757.605851,-1.4235193729400635,12.399567604064941,0.07642151415348053,25.41263771057129,40.11113357543945,43.146209716796875,21.03506851196289
1771501757.6418068,-1.9524236917495728,12.071244239807129,0.0,25.056337356567383,39.56964111328125,42.87858200073242,21.161418914794922
1771501757.66983,-1.202958106994629,12.261722564697266,0.0,25.802356719970703,39.911930084228516,43.2629280090332,21.113990783691406
1771501757.7010105,-2.5306556224823,12.350028991699219,1.3598718643188477,25.302715301513672,38.5202522277832,41.96384811401367,20.743223190307617
1771501757.734007,-1.9973403215408325,12.832901000976562,1.7395949363708496,25.254369735717773,38.905860900878906,42.394432067871094,21.423114776611328
1771501757.765007,-4.2285380363464355,12.415054321289062,2.2258286476135254,23.600257873535156,36.99171829223633,40.75072479248047,20.838706970214844
1771501757.8125005,-4.649204254150391,12.969632148742676,3.031749963760376,22.58423614501953,36.189605712890625,39.69098663330078,20.544797897338867
1771501757.8478603,-5.634054660797119,12.990331649780273,4.108207702636719,22.321813583374023,34.530025482177734,38.84019088745117,20.100170135498047
1771501757.877887,-6.949813365936279,13.594667434692383,4.142972946166992,22.123552322387695,34.49569320678711,38.521732330322266,19.165334701538086
1771501757.9094176,-6.4332709312438965,13.7517671585083,4.492198944091797,22.532142639160156,34.369503021240234,38.850860595703125,19.977134704589844
1771501757.9413726,-5.507323265075684,13.897172927856445,4.307701587677002,22.79709815979004,35.06588363647461,40.04634475708008,20.667417526245117
1771501757.9743268,-6.163315296173096,14.215519905090332,5.21077823638916,23.13361167907715,34.74159622192383,39.331302642822266,20.441349029541016
1771501758.0069232,-5.53759241104126,15.06806755065918,5.524288177490234,22.351652145385742,34.08171844482422,39.18910217285156,21.445592880249023
1771501758.0379245,-6.542879104614258,15.561675071716309,6.241556644439697,22.001211166381836,34.44953536987305,38.75917053222656,21.12382698059082
1771501758.071925,-6.005593299865723,16.30198097229004,5.5413498878479,22.356876373291016,34.38459396362305,39.142635345458984,21.679962158203125
1771501758.101029,-7.399949073791504,16.006200790405273,5.435815334320068,21.692630767822266,33.410552978515625,39.194393157958984,23.054670333862305
1771501758.1330087,-5.874597072601318,16.102018356323242,5.569644451141357,23.46316146850586,35.25571823120117,42.47126007080078,25.932252883911133
1771501758.1652224,-3.8837759494781494,17.171693801879883,4.936779022216797,24.682201385498047,36.92766571044922,44.69761276245117,27.460538864135742
1771501758.1982088,-1.4567539691925049,19.04505157470703,3.886507511138916,26.197490692138672,40.19525909423828,46.90825653076172,28.329259872436523
1771501758.245418,-2.16113543510437,18.75895881652832,3.7025692462921143,26.316692352294922,39.4380989074707,46.47560501098633,26.479394912719727
1771501758.281419,-3.1535942554473877,18.884654998779297,3.7605340480804443,25.907299041748047,38.61134719848633,46.07244110107422,24.69045066833496
1771501758.30949,-4.565264701843262,17.996795654296875,1.5381494760513306,26.382123947143555,41.56790542602539,48.12203598022461,26.630285263061523
1771501758.3411458,-4.818739414215088,17.576915740966797,0.0,27.31068992614746,44.78001403808594,49.709312438964844,28.253116607666016
1771501758.372346,-4.967477798461914,19.547340393066406,0.0,30.23020362854004,48.21661376953125,51.515586853027344,29.16997528076172
1771501758.4054346,-5.761744976043701,20.37143898010254,0.0,30.72456169128418,49.348506927490234,51.924869537353516,28.777481079101562
1771501758.437436,-7.553648471832275,19.72504425048828,0.0,30.451066970825195,50.62749481201172,53.013710021972656,28.41684341430664
1771501758.468912,-7.128150939941406,20.626548767089844,0.0,31.692224502563477,51.1898078918457,53.12552261352539,29.151926040649414
1771501758.507457,-6.02680778503418,20.659963607788086,0.24414852261543274,32.49168395996094,52.77865219116211,54.9495964050293,30.83037757873535
1771501758.5384557,-4.937564849853516,20.575702667236328,0.0,34.61475372314453,55.130985260009766,58.23569869995117,33.260101318359375
1771501758.5704575,-6.422115325927734,18.618741989135742,0.0,34.662696838378906,55.17874526977539,58.56343078613281,33.11258316040039
1771501758.6029692,-7.147891521453857,17.625944137573242,0.0,35.293296813964844,54.97407531738281,59.2687873840332,33.41371154785156
1771501758.6339931,-7.563793182373047,16.761638641357422,0.0,36.32024002075195,55.875244140625,60.01481628417969,33.183380126953125
1771501758.67702,-8.200132369995117,15.982126235961914,0.0,37.85185241699219,57.61856460571289,61.29682922363281,33.127811431884766
1771501758.7145088,-9.230950355529785,14.907164573669434,0.0,37.38821029663086,57.82279968261719,61.51204299926758,33.05237579345703
1771501758.7435093,-9.151254653930664,15.021500587463379,0.0,38.14345169067383,58.816795349121094,62.931663513183594,34.929866790771484
1771501758.7755089,-10.046632766723633,14.400140762329102,0.0,37.84436798095703,59.135074615478516,63.24178695678711,35.9711799621582
1771501758.807022,-10.56967544555664,14.374396324157715,0.0,37.47482681274414,59.04549789428711,62.537696838378906,34.995330810546875
1771501758.838021,-11.08476448059082,14.09488582611084,0.0,37.50285720825195,58.607608795166016,62.39471435546875,34.06985855102539
1771501758.869021,-11.208578109741211,13.617944717407227,0.0,38.29065704345703,59.876800537109375,63.0177001953125,35.10955810546875
1771501758.9015348,-12.451972961425781,11.998137474060059,0.0,37.509334564208984,59.3553352355957,63.017276763916016,35.168678283691406
1771501758.9375546,-12.454648971557617,12.052424430847168,0.0,38.49497604370117,60.28461456298828,63.89464569091797,36.31096267700195
1771501758.9655547,-13.739641189575195,11.125814437866211,0.0,38.10629653930664,59.353050231933594,62.97724533081055,35.746849060058594
1771501758.9975684,-13.537109375,10.729161262512207,0.0,38.97970962524414,60.55072021484375,63.97286605834961,37.02779769897461
1771501759.0298069,-14.382686614990234,9.677111625671387,0.0,38.81279754638672,59.8769416809082,63.26691436767578,35.67243194580078
1771501759.0616546,-14.921454429626465,9.198859214782715,0.0,38.63618469238281,60.95055389404297,63.998512268066406,36.08171463012695
1771501759.1101646,-14.704879760742188,9.657135009765625,0.0,39.00514602661133,62.12004852294922,65.23280334472656,37.16545867919922
1771501759.1431644,-14.335295677185059,9.401443481445312,0.0,41.25342559814453,64.57595825195312,67.53890228271484,39.97365951538086
1771501759.1741643,-12.760371208190918,9.483150482177734,0.0,42.2463493347168,66.5885009765625,69.59223937988281,41.88823318481445
1771501759.2057014,-12.572209358215332,9.053503036499023,0.0,44.745689392089844,67.29454040527344,69.81130981445312,42.39036560058594
1771501759.237701,-12.566594123840332,9.677999496459961,0.0,45.24331283569336,67.8397216796875,70.27098083496094,43.65605926513672
1771501759.270704,-13.503654479980469,9.126653671264648,0.0,46.10858154296875,68.35581970214844,70.45478057861328,44.480987548828125
1771501759.3012362,-13.70875358581543,8.889366149902344,0.5823323130607605,49.16703414916992,70.24674987792969,72.135009765625,46.89424514770508
1771501759.3332791,-13.150181770324707,9.217531204223633,0.9942864179611206,52.20564270019531,72.53973388671875,73.80235290527344,49.118186950683594
1771501759.367253,-12.678686141967773,9.320292472839355,0.802202045917511,54.04591369628906,73.30619049072266,74.4471435546875,50.61566925048828
1771501759.3972573,-11.455000877380371,10.27112102508545,0.6129238605499268,54.68663787841797,76.01458740234375,76.77960968017578,52.06759262084961
1771501759.4287953,-10.716513633728027,11.616310119628906,0.7730104923248291,59.484004974365234,78.22240447998047,78.7354507446289,54.192264556884766
1771501759.4617724,-9.175710678100586,12.375883102416992,0.8850560784339905,63.42416000366211,80.193115234375,80.71385955810547,54.923980712890625
1771501759.4927747,-9.045971870422363,12.239389419555664,1.1824160814285278,64.22447204589844,81.35943603515625,82.27140045166016,56.32633972167969
1771501759.5409217,-8.372772216796875,12.085813522338867,0.8188838958740234,65.29432678222656,81.83677673339844,83.35836791992188,56.951873779296875
1771501759.5789423,-9.895126342773438,11.916677474975586,0.7247143387794495,64.76420593261719,81.28624725341797,83.25174713134766,56.734947204589844
1771501759.6104517,-8.869162559509277,12.084221839904785,0.4722224175930023,65.55538940429688,82.03759765625,84.04655456542969,57.59608840942383
1771501759.6414535,-6.904258728027344,12.34011459350586,0.36312857270240784,68.04884338378906,83.17510223388672,84.29415130615234,58.816856384277344
1771501759.6734538,-5.233415126800537,12.46701431274414,0.0,69.67781066894531,83.39838409423828,85.50455474853516,59.42941665649414
1771501759.7040088,-2.501473903656006,13.75859260559082,0.7582230567932129,70.85507202148438,84.69474029541016,87.1277847290039,61.801002502441406
1771501759.7360086,-2.3331243991851807,13.88127326965332,0.9876507520675659,71.42679595947266,84.44596099853516,87.64856719970703,62.61516189575195
1771501759.767165,-4.9342875480651855,13.10444164276123,0.2883107662200928,72.39098358154297,83.8153076171875,87.2687759399414,61.0799560546875
1771501759.7999294,-4.073246955871582,12.945897102355957,0.7336387038230896,72.51250457763672,82.51203155517578,89.11088562011719,62.24916458129883
1771501759.8284378,-4.915207386016846,12.816038131713867,0.7457180619239807,71.7423095703125,82.53741455078125,88.62783813476562,61.680084228515625
1771501759.8624392,-5.9588470458984375,13.332038879394531,1.6308116912841797,69.51202392578125,81.7838134765625,88.13470458984375,61.235572814941406
1771501759.893443,-5.3204240798950195,13.843585968017578,2.819844961166382,69.41951751708984,82.03562927246094,89.36541748046875,63.695640563964844
1771501759.9259968,-2.9617691040039062,14.57161808013916,3.5166513919830322,72.25601959228516,81.69766235351562,85.50228881835938,66.44608306884766
1771501759.9769967,-1.4236940145492554,15.264935493469238,4.228270053863525,73.96284484863281,79.54883575439453,81.44571685791016,69.42472839355469
1771501760.0060782,1.0157380104064941,15.935149192810059,4.77992582321167,73.87855529785156,77.72478485107422,78.77629852294922,71.3906478881836
1771501760.038077,0.009021684527397156,15.364884376525879,5.194303512573242,74.40882110595703,78.35931396484375,78.14493560791016,71.60099792480469
1771501760.070079,0.08332657814025879,15.87576675415039,5.479921340942383,73.68997955322266,77.81575775146484,77.76070404052734,71.9783706665039
1771501760.1016188,0.9542980790138245,16.21969985961914,5.829145908355713,73.42689514160156,77.1766586303711,77.4486312866211,73.32929992675781
1771501760.1356514,1.1985421180725098,15.91070556640625,5.850391387939453,73.53633117675781,76.93817138671875,77.11046600341797,73.52346801757812
1771501760.1651459,0.6731602549552917,15.73409652709961,6.077560901641846,73.46636962890625,77.47372436523438,77.52519226074219,72.82854461669922
1771501760.1971512,0.4572853744029999,15.574503898620605,5.767489910125732,73.75540924072266,77.21884155273438,76.79228973388672,72.95677947998047
1771501760.230658,-0.36923086643218994,15.103797912597656,5.882791996002197,74.20492553710938,78.28555297851562,77.177490234375,72.27384185791016
1771501760.2616596,0.23382240533828735,15.012060165405273,6.196895122528076,74.40605163574219,77.84825897216797,76.86920166015625,72.83175659179688
1771501760.2936618,1.720107078552246,15.14548397064209,6.499873161315918,73.2209701538086,76.07382202148438,74.9673843383789,74.1152572631836
1771501760.3251743,1.630236268043518,14.588802337646484,6.588540077209473,73.51891326904297,76.73812866210938,75.62965393066406,73.71139526367188
1771501760.357199,1.3176409006118774,14.244953155517578,6.557124137878418,74.73448944091797,77.17761993408203,74.95478057861328,73.7560806274414
1771501760.4067106,-0.5288668870925903,13.901323318481445,6.868471622467041,75.0438003540039,78.54901885986328,76.06393432617188,72.75361633300781
1771501760.4407115,-1.5294939279556274,13.917228698730469,6.8688740730285645,75.27754211425781,78.76957702636719,76.47710418701172,72.77764129638672
1771501760.4717376,-1.5900629758834839,13.043416976928711,7.1930389404296875,75.02885437011719,78.68183898925781,76.8423080444336,73.01471710205078
1771501760.501222,-2.0838050842285156,12.774353981018066,7.429358959197998,74.86953735351562,78.56018829345703,76.89942169189453,72.45821380615234
1771501760.5342288,-2.832176685333252,12.556180000305176,7.667134761810303,74.87826538085938,78.89382934570312,77.10018157958984,72.18746185302734
1771501760.566229,-4.391079902648926,12.299675941467285,6.993224143981934,74.90545654296875,79.35903930664062,77.48066711425781,72.32626342773438
1771501760.5982428,-3.547084331512451,13.051376342773438,7.677079677581787,75.25298309326172,79.2333984375,77.63733673095703,71.94631958007812
1771501760.6303918,-3.229935884475708,12.806395530700684,7.760921478271484,75.82987976074219,79.32293701171875,77.8049545288086,71.52702331542969
1771501760.6643937,-3.6940014362335205,12.255608558654785,7.642493724822998,75.27943420410156,79.08887481689453,77.66512298583984,72.2682876586914
1771501760.696443,-3.462308883666992,12.27202033996582,8.034662246704102,75.32106018066406,79.003662109375,77.36478424072266,72.72265625
1771501760.7256382,-3.5764641761779785,12.121021270751953,7.4168195724487305,75.04967498779297,78.50938415527344,77.0478286743164,72.95608520507812
1771501760.7576368,-5.309354305267334,11.200876235961914,7.496685028076172,74.91740417480469,79.81716918945312,78.62386322021484,72.30667114257812
1771501760.8052046,-4.22844934463501,11.134500503540039,7.174704551696777,75.47584533691406,79.39237976074219,78.00749969482422,72.02308654785156
1771501760.839238,-4.384328365325928,10.679868698120117,7.41436767578125,75.10123443603516,79.56533813476562,77.85404968261719,72.783935546875
1771501760.8702369,-5.0992112159729,10.498783111572266,6.793440818786621,75.02387237548828,79.64498901367188,78.3271484375,72.55280303955078
1771501760.9016979,-4.622612476348877,10.419554710388184,6.984837532043457,74.58367919921875,78.77531433105469,77.10920715332031,73.58623504638672
1771501760.932701,-5.4269819259643555,10.642026901245117,6.977988243103027,74.77738952636719,79.25115966796875,77.94841003417969,72.90786743164062
1771501760.964703,-5.284045219421387,10.313528060913086,6.841686248779297,74.22605895996094,79.10528564453125,77.45036315917969,73.04283142089844
1771501760.9967341,-4.5923871994018555,10.116021156311035,7.003014087677002,74.8690414428711,78.93110656738281,77.52762603759766,72.40425872802734
1771501761.0291557,-5.438225746154785,9.77991008758545,6.6985087394714355,74.62767791748047,78.98748779296875,77.3903579711914,73.00306701660156
1771501761.0618901,-4.93048095703125,10.21602725982666,6.625308990478516,74.8779525756836,78.85047912597656,77.45621490478516,72.94430541992188
1771501761.0964181,-4.964807510375977,9.990418434143066,6.207897663116455,74.92369842529297,78.77273559570312,77.62236785888672,72.68756866455078
1771501761.1279695,-5.057067394256592,9.935956001281738,5.889931678771973,74.9594497680664,78.77619171142578,77.53241729736328,72.29550170898438
1771501761.1589706,-4.721858978271484,10.165101051330566,6.060159206390381,74.41177368164062,78.67875671386719,77.67107391357422,72.73483276367188
1771501761.1908789,-5.1193132400512695,9.716605186462402,5.766088485717773,74.78600311279297,78.95733642578125,77.89378356933594,72.45918273925781
1771501761.2384398,-5.186698913574219,9.816293716430664,5.764377593994141,74.60844421386719,78.55744934082031,77.7062759399414,72.72921752929688
1771501761.2734153,-6.099329948425293,9.495430946350098,5.9122161865234375,75.13956451416016,79.39781951904297,78.460693359375,72.12616729736328
1771501761.3030288,-4.653125762939453,9.707048416137695,5.816238880157471,74.85587310791016,78.50761413574219,77.54570007324219,72.7823257446289
1771501761.3341115,-4.761038303375244,9.946653366088867,5.598477840423584,75.15169525146484,78.7343521118164,77.72105407714844,71.87456512451172
1771501761.3651135,-6.293289661407471,9.40488338470459,5.547130584716797,74.60122680664062,79.6547622680664,78.64681243896484,71.81764221191406
1771501761.397144,-5.281871318817139,9.602446556091309,5.654538631439209,74.3299560546875,79.13225555419922,77.93833923339844,72.56311798095703
1771501761.4287622,-6.748143672943115,9.52011489868164,5.443328380584717,74.3525161743164,79.49662780761719,78.46576690673828,72.70724487304688
1771501761.4597633,-6.618598937988281,9.310683250427246,5.063130855560303,74.4122543334961,79.686279296875,79.02098846435547,72.31468200683594
1771501761.4928138,-7.610091686248779,9.102441787719727,5.38410758972168,74.47118377685547,79.85086059570312,79.1034927368164,72.59098052978516
1771501761.5263429,-6.66766357421875,9.64948558807373,5.2523579597473145,74.33756256103516,79.51164245605469,78.81978607177734,72.34785461425781
1771501761.558343,-6.558424949645996,9.620065689086914,5.702033042907715,74.86090850830078,79.45569610595703,78.8339614868164,72.50686645507812
1771501761.590346,-5.5706868171691895,9.539121627807617,5.80723237991333,74.93109130859375,79.10260772705078,78.30406951904297,72.1159896850586
1771501761.6228726,-6.43862247467041,9.93121337890625,5.534295558929443,73.99990844726562,78.72844696044922,78.3282470703125,73.5976333618164
1771501761.6688526,-6.389037132263184,9.608549118041992,5.872159004211426,74.73104858398438,79.22398376464844,78.43022918701172,72.3053207397461
1771501761.700858,-5.646332740783691,9.748411178588867,5.713952541351318,74.50004577636719,78.9615478515625,78.0357666015625,72.75471496582031
1771501761.7343965,-6.19972038269043,9.685691833496094,5.792908668518066,74.55410766601562,79.4011001586914,78.80514526367188,71.87337493896484
1771501761.765444,-6.851356506347656,9.61648941040039,5.803605556488037,74.56099700927734,79.62877655029297,79.17465209960938,72.3259506225586
1771501761.7974257,-6.77926778793335,9.652668952941895,5.653580188751221,74.32203674316406,79.7717056274414,79.42483520507812,71.12723541259766
1771501761.8299341,-7.71270227432251,9.628029823303223,6.355638027191162,73.7871322631836,79.96916198730469,79.40548706054688,72.20201873779297
1771501761.861933,-8.320450782775879,9.739642143249512,5.47770881652832,73.39276123046875,79.92967224121094,80.46623992919922,71.11711120605469
1771501761.8949578,-8.17696762084961,9.917146682739258,5.216128349304199,73.46754455566406,79.82662200927734,80.2319107055664,71.34883880615234
1771501761.9275112,-8.137850761413574,9.564231872558594,6.4282097816467285,74.13660430908203,80.07567596435547,79.63935089111328,71.70735168457031
1771501761.959511,-7.784904956817627,9.5908842086792,6.293272495269775,73.82960510253906,79.5805892944336,79.32373046875,71.82039642333984
1771501761.9905229,-8.044816017150879,9.738256454467773,6.921392440795898,73.7828140258789,79.92498779296875,79.37130737304688,72.1078109741211
1771501762.021116,-8.89582633972168,9.601751327514648,5.930166244506836,74.0987548828125,81.0135726928711,80.51520538330078,70.58795166015625
1771501762.0535052,-9.893610954284668,9.98553466796875,4.75386381149292,73.98573303222656,81.70960998535156,81.31578826904297,69.30707550048828
1771501762.1016197,-9.64219856262207,10.221142768859863,4.804832458496094,73.94738006591797,81.50615692138672,81.42716217041016,69.63134765625
1771501762.1341083,-11.68879508972168,8.797446250915527,3.9461376667022705,73.46929931640625,83.1097183227539,83.24636840820312,67.05091857910156
1771501762.1681097,-11.269742012023926,8.95877456665039,3.394989490509033,74.01184844970703,83.28174591064453,83.00725555419922,66.92351531982422
1771501762.1976545,-12.544901847839355,8.099849700927734,2.3642022609710693,73.6968994140625,84.92753601074219,84.989990234375,64.15352630615234
1771501762.2292132,-14.898956298828125,7.6938581466674805,2.2392499446868896,73.42521667480469,85.59446716308594,85.77789306640625,62.1826057434082
1771501762.2622125,-14.549810409545898,7.373189449310303,2.2087504863739014,74.16130065917969,85.79564666748047,85.7542953491211,62.39054489135742
1771501762.2942212,-16.236480712890625,6.972361087799072,1.2511236667633057,74.06024932861328,85.54380798339844,86.57057189941406,60.91521072387695
1771501762.3247976,-17.316268920898438,6.838172912597656,1.401675820350647,73.45957946777344,85.12946319580078,86.573486328125,60.22128677368164
1771501762.3567727,-17.736188888549805,6.460252285003662,0.8307422995567322,73.70237731933594,84.87420654296875,86.5638427734375,59.71468734741211
1771501762.391797,-18.6456241607666,6.653191089630127,1.2891379594802856,72.34026336669922,83.71759033203125,85.87678527832031,58.16566467285156
1771501762.4243166,-19.849985122680664,7.6182780265808105,2.1917428970336914,70.94522857666016,82.20063781738281,83.99256896972656,56.11062240600586
1771501762.455131,-19.985719680786133,8.030715942382812,2.245659828186035,70.33226776123047,81.58062744140625,83.90901947021484,55.230716705322266
1771501762.4864433,-20.007722854614258,8.838150024414062,3.3545143604278564,68.14198303222656,79.710205078125,82.52241516113281,54.19809341430664
1771501762.5339818,-19.958206176757812,9.086409568786621,4.337041854858398,65.51944732666016,77.83619689941406,79.9720230102539,52.22612762451172
1771501762.5670073,-20.081941604614258,9.257513999938965,4.836480140686035,60.48552703857422,76.13121032714844,77.78707122802734,50.510406494140625
1771501762.6009889,-20.706253051757812,9.394747734069824,4.468843460083008,59.42043685913086,74.82827758789062,76.06594848632812,48.56802749633789
1771501762.6294932,-20.111682891845703,10.227953910827637,5.079901218414307,53.5238151550293,72.91226196289062,74.61572265625,47.59267807006836
1771501762.6615076,-19.313655853271484,9.964725494384766,4.705827713012695,53.05750274658203,72.86544799804688,75.3906478881836,46.94553756713867
1771501762.693509,-19.36871337890625,9.033001899719238,4.1940131187438965,53.031105041503906,72.1764144897461,74.18707275390625,45.35978317260742
1771501762.7250166,-19.055883407592773,8.929793357849121,4.337695121765137,50.605594635009766,71.26856994628906,73.41022491455078,45.55434036254883
1771501762.7570152,-21.23787498474121,7.698390483856201,4.4141693115234375,47.995338439941406,68.1778564453125,70.57185363769531,41.9866943359375
1771501762.790021,-22.799362182617188,7.613771915435791,4.432335376739502,46.0116081237793,65.0376205444336,68.7539291381836,40.516700744628906
1771501762.8231723,-22.276968002319336,8.120160102844238,4.565932273864746,38.876953125,62.61643981933594,68.24446105957031,40.456905364990234
1771501762.854145,-22.515640258789062,8.44590950012207,5.020744800567627,38.83567810058594,60.962646484375,66.76937866210938,39.0037727355957
1771501762.88615,-22.242830276489258,8.784008979797363,5.380723476409912,39.232215881347656,61.65302658081055,66.39667510986328,38.352012634277344
1771501762.9172697,-22.085390090942383,10.572928428649902,5.341938495635986,36.46970748901367,58.842628479003906,63.9239387512207,36.718955993652344
1771501762.9662917,-20.61140251159668,11.926163673400879,5.424696922302246,35.383766174316406,57.682769775390625,62.30731201171875,34.843082427978516
1771501762.9982738,-20.49176597595215,12.453219413757324,5.167603015899658,34.167781829833984,56.335235595703125,60.53331756591797,33.98200225830078
1771501763.032696,-19.796497344970703,12.81423568725586,5.358543395996094,34.08168029785156,55.90007781982422,58.38134002685547,32.84373474121094
1771501763.062369,-21.244670867919922,12.296988487243652,5.4540486335754395,31.502605438232422,52.690467834472656,55.814903259277344,30.368200302124023
1771501763.0943742,-20.682039260864258,12.377408981323242,5.415380001068115,30.468610763549805,49.586673736572266,52.41327667236328,27.056718826293945
1771501763.1279202,-21.612646102905273,11.831942558288574,6.05593204498291,29.0557861328125,47.05439376831055,48.90935134887695,23.03536033630371
1771501763.1599205,-20.378652572631836,12.648076057434082,7.441664695739746,28.627412796020508,44.11835479736328,46.883209228515625,21.20033073425293
1771501763.1909246,-20.12308120727539,13.104430198669434,8.083903312683105,28.118656158447266,42.16493606567383,44.44028091430664,18.765722274780273
1771501763.2224755,-22.326061248779297,13.488677978515625,8.84125804901123,26.611045837402344,38.336734771728516,41.350975036621094,15.377058029174805
1771501763.257495,-23.259017944335938,12.828375816345215,8.285633087158203,25.613422393798828,37.58711624145508,41.194061279296875,14.83089828491211
1771501763.2854786,-20.321855545043945,14.03386402130127,9.267653465270996,26.626157760620117,37.862152099609375,39.914276123046875,13.754267692565918
1771501763.3180156,-19.35978889465332,14.244283676147461,9.314390182495117,26.91094207763672,38.21307373046875,39.68477249145508,14.356439590454102
1771501763.3500142,-17.56960105895996,14.775054931640625,9.524426460266113,29.888208389282227,39.7171516418457,39.40020751953125,14.394713401794434
1771501763.430593,-12.206730842590332,15.69805908203125,9.863085746765137,29.392213821411133,39.256221771240234,38.627567291259766,19.99709129333496
1771501763.4595904,-13.352154731750488,14.189754486083984,8.847660064697266,27.557043075561523,37.46666717529297,36.91236877441406,19.1793212890625
1771501763.4892719,-11.644988059997559,13.810410499572754,7.710263729095459,26.71935272216797,35.94930648803711,35.362064361572266,19.60751724243164
1771501763.5222783,-8.934000015258789,14.962576866149902,6.383044242858887,25.257076263427734,36.49244689941406,36.479209899902344,22.014324188232422
1771501763.5542777,-8.794295310974121,14.849770545959473,3.9958062171936035,23.460561752319336,35.020973205566406,35.21110916137695,22.106067657470703
1771501763.5852923,-4.565284252166748,16.03312110900879,2.669032096862793,26.938920974731445,38.14086151123047,38.93439865112305,25.56477928161621
1771501763.61656,-4.494655132293701,15.761833190917969,2.1268272399902344,28.096689224243164,38.536739349365234,37.879310607910156,24.06161117553711
1771501763.647558,-5.220273971557617,15.481521606445312,1.1766459941864014,27.687028884887695,37.95844650268555,37.46547317504883,22.903396606445312
1771501763.6805835,-3.809572458267212,16.009571075439453,0.2417772263288498,28.449071884155273,39.777889251708984,38.697715759277344,23.26201820373535
1771501763.7106519,-2.623047351837158,16.465688705444336,0.0,29.23442840576172,41.73037338256836,39.760772705078125,24.131046295166016
1771501763.7410495,-2.5307133197784424,16.29230499267578,0.0,30.048141479492188,42.54801940917969,39.99673843383789,23.975656509399414
1771501763.7730424,-2.2596654891967773,15.959099769592285,0.0,29.237401962280273,41.96186447143555,39.857566833496094,23.282651901245117
1771501763.830584,-0.9012327194213867,16.560935974121094,0.0,30.761547088623047,43.17411422729492,40.49483108520508,22.193359375
1771501763.8619566,-1.916588306427002,14.727327346801758,0.0,28.88521385192871,41.600955963134766,39.06645584106445,21.35056495666504
1771501763.8960927,-2.039020538330078,15.23791790008545,0.0,29.426801681518555,41.649559020996094,39.02310562133789,20.887102127075195
1771501763.9598181,-3.8880815505981445,14.083972930908203,0.0,27.57866668701172,40.0515251159668,37.24934005737305,19.355850219726562
1771501763.9908419,-1.4883527755737305,13.847338676452637,0.0,30.0581111907959,41.286712646484375,39.15427017211914,19.654949188232422
1771501764.0213404,1.0499807596206665,14.685758590698242,0.0,32.865509033203125,43.54727554321289,40.601009368896484,19.64630699157715
1771501764.0533419,1.6809331178665161,14.790305137634277,0.0,34.56912612915039,44.45154571533203,40.48265075683594,19.179927825927734
1771501764.0843518,2.5133395195007324,14.777743339538574,0.0,35.28999710083008,45.34110641479492,39.78495788574219,19.03676986694336
1771501764.1169531,2.267969846725464,14.66886043548584,0.0,35.137001037597656,44.89356994628906,38.27630615234375,18.069154739379883
1771501764.146954,2.3623077869415283,14.633116722106934,0.0,34.64790344238281,44.18953323364258,37.167755126953125,16.88983917236328
1771501764.1779552,1.7664821147918701,15.14509391784668,0.0,32.60615158081055,42.86813735961914,35.690975189208984,15.362703323364258
1771501764.2095883,1.6753742694854736,15.42337703704834,0.0,31.19072914123535,42.043331146240234,34.894161224365234,14.348692893981934
1771501764.2395868,0.38256171345710754,14.515021324157715,0.0,28.118362426757812,39.70896911621094,32.87942886352539,11.680106163024902
1771501764.271589,2.3174026012420654,16.238344192504883,0.0,28.64312744140625,40.073638916015625,33.22642517089844,11.554411888122559
1771501764.303596,1.8410216569900513,16.462574005126953,0.0,27.293119430541992,38.6173210144043,32.38326644897461,10.724136352539062
1771501764.3351367,1.6742146015167236,16.5179443359375,0.0,26.9954891204834,38.10948944091797,32.14937973022461,10.712804794311523
1771501764.3671699,2.037919521331787,17.070220947265625,0.0,26.120933532714844,37.673702239990234,31.779272079467773,10.308306694030762
1771501764.3973186,2.974172353744507,18.241592407226562,0.0,26.198862075805664,37.80368423461914,31.920215606689453,10.380861282348633
1771501764.4279053,2.984693765640259,18.271379470825195,0.0,25.332275390625,37.05952453613281,31.515504837036133,9.883052825927734
1771501764.4589584,3.3321993350982666,19.41156578063965,0.0,24.861818313598633,36.89826583862305,30.88839340209961,9.028396606445312
1771501764.4899085,3.9275951385498047,19.07833480834961,0.0,25.260950088500977,37.42549133300781,31.858278274536133,9.691264152526855
1771501764.5214498,3.1393768787384033,18.68923568725586,0.0,24.42197036743164,36.0030632019043,30.829681396484375,8.850690841674805
1771501764.5524707,3.740445375442505,19.131305694580078,0.0,24.907320022583008,36.43962860107422,30.827613830566406,9.128562927246094
1771501764.5834727,3.3824801445007324,18.55974006652832,0.0,23.388111114501953,35.165916442871094,30.38551902770996,8.565648078918457
1771501764.6160238,2.5949718952178955,17.400772094726562,0.0,22.911935806274414,34.90522766113281,31.836673736572266,9.010212898254395
1771501764.6469302,1.238022804260254,16.348718643188477,0.0,21.53418731689453,33.14290237426758,30.207822799682617,8.40314769744873
1771501764.695955,2.1649205684661865,17.21368408203125,0.0,22.150379180908203,32.846797943115234,30.197315216064453,8.32465648651123
1771501764.726349,2.3986270427703857,16.707744598388672,0.0,22.016584396362305,33.6025505065918,31.210529327392578,8.533576011657715
1771501764.757348,0.8510428071022034,15.217020034790039,0.0,20.39238929748535,32.31716537475586,30.562942504882812,7.875932216644287
1771501764.7883468,1.1563297510147095,15.313183784484863,0.0,20.187761306762695,32.53001403808594,31.006608963012695,7.8824896812438965
1771501764.8199704,2.915755033493042,16.45270538330078,0.0,21.1238956451416,33.07735061645508,31.443893432617188,7.706406593322754
1771501764.8519588,4.576936721801758,17.751848220825195,0.0,20.544038772583008,33.05060958862305,31.587018966674805,7.665184020996094
1771501764.883959,5.178536891937256,17.993854522705078,0.0,20.99184226989746,33.881282806396484,31.68419647216797,7.82959508895874
1771501764.9175923,3.2657523155212402,15.942445755004883,0.0,18.6724910736084,32.547821044921875,31.165714263916016,7.718084335327148
1771501764.9475834,5.117332458496094,17.298946380615234,0.0,20.286148071289062,34.39235305786133,33.317203521728516,8.987231254577637
1771501764.9805832,5.328829288482666,16.78036117553711,0.0,19.85584831237793,34.977840423583984,33.848567962646484,9.852213859558105
1771501765.0132828,5.266890048980713,15.562920570373535,0.0,18.81671714782715,35.05176544189453,35.137752532958984,12.25981616973877
1771501765.0452285,4.99466609954834,15.070198059082031,0.0,16.799545288085938,33.354515075683594,34.62932586669922,12.395248413085938
1771501765.0790417,5.45046854019165,14.85012149810791,0.0,16.063983917236328,32.402774810791016,33.80257797241211,12.704880714416504
1771501765.1267216,5.194783687591553,13.924517631530762,0.0,14.250358581542969,30.516719818115234,32.90443420410156,12.950455665588379
1771501765.159723,4.636091709136963,14.524521827697754,0.0,14.433003425598145,30.356582641601562,32.67897033691406,12.93354320526123
1771501765.1807227,4.397335052490234,13.558618545532227,0.0,14.407461166381836,30.25967025756836,33.16741943359375,13.195977210998535
1771501765.212313,4.644102096557617,13.650891304016113,0.0,13.459362030029297,30.24799156188965,33.293006896972656,13.159449577331543
1771501765.2430632,3.7575557231903076,13.125679969787598,0.0,13.80317211151123,29.990283966064453,33.22250747680664,13.205779075622559
1771501765.2743797,3.9647421836853027,15.110808372497559,0.0,15.196908950805664,31.00775718688965,33.43684768676758,12.79560661315918
1771501765.3212771,4.3867292404174805,13.76414966583252,0.0,14.189409255981445,30.602956771850586,33.890621185302734,14.505219459533691
1771501765.3522804,3.7646000385284424,14.623285293579102,0.0,15.948785781860352,32.27283477783203,34.70267868041992,13.925032615661621
1771501765.3833666,4.26522970199585,14.796846389770508,0.0,17.850006103515625,34.27897644042969,36.75324630737305,14.808095932006836
1771501765.4186223,5.101217746734619,15.830804824829102,0.0,18.507909774780273,34.073265075683594,36.67673110961914,14.87746524810791
1771501765.4476604,5.268174648284912,15.05359172821045,0.0,17.604238510131836,34.03177261352539,36.998291015625,15.739177703857422
1771501765.4776192,4.9537224769592285,15.180500030517578,0.0,17.765039443969727,33.90892028808594,36.4125862121582,15.250401496887207
1771501765.5112875,5.243743419647217,14.925665855407715,0.0,17.486005783081055,34.05913162231445,36.71553039550781,15.528576850891113
1771501765.5582628,4.606019496917725,14.840843200683594,0.0,16.909154891967773,33.49551010131836,36.468814849853516,15.509742736816406
1771501765.589261,5.040309906005859,14.668988227844238,0.0,16.865205764770508,33.68111801147461,36.59098815917969,15.73548412322998
1771501765.618787,5.203036785125732,15.76437759399414,0.0,16.891592025756836,33.08124542236328,35.89341735839844,15.340739250183105
1771501765.6497824,3.536365270614624,14.662817001342773,0.0,17.518896102905273,33.82571029663086,36.573036193847656,14.782594680786133
1771501765.6828039,4.4370012283325195,14.677794456481934,0.0,17.81300163269043,34.747737884521484,36.96754837036133,15.418766975402832
1771501765.7133434,4.4360833168029785,15.247976303100586,0.0,17.97748374938965,34.20481491088867,36.56493377685547,14.714285850524902
1771501765.7453458,4.027011871337891,15.020743370056152,0.0,17.611608505249023,33.96295928955078,36.32252502441406,14.590535163879395
1771501765.7759502,4.417089462280273,16.092975616455078,0.0,18.3878173828125,34.306190490722656,36.50102615356445,14.652092933654785
1771501765.8171206,3.321383237838745,14.970718383789062,0.0,17.179954528808594,33.338802337646484,35.68072509765625,14.08417797088623
1771501765.847126,4.7902421951293945,16.282194137573242,0.0,17.670391082763672,33.89810562133789,36.17200469970703,15.048991203308105
1771501765.8801022,3.419639825820923,14.867911338806152,0.0,16.559267044067383,33.40504837036133,35.93669891357422,14.610342025756836
1771501765.9106984,4.320972919464111,15.37441349029541,0.0,16.796518325805664,33.29694366455078,35.970035552978516,14.643465995788574
1771501765.9413016,4.1930251121521,15.879232406616211,0.0,17.18416404724121,33.51091003417969,35.640899658203125,14.26291561126709
1771501765.9903042,3.2542855739593506,15.303146362304688,0.0,17.526140213012695,33.314090728759766,35.587120056152344,13.572819709777832
1771501766.0158644,3.1974174976348877,15.253116607666016,0.0,18.404464721679688,34.177162170410156,35.99258041381836,13.676021575927734
1771501766.0457826,3.6692557334899902,14.757890701293945,0.0,17.259817123413086,33.46674346923828,35.877193450927734,14.215808868408203
1771501766.076377,3.785352945327759,15.846184730529785,0.0,17.222068786621094,33.530887603759766,35.51279830932617,13.662778854370117
1771501766.1080363,3.032423734664917,15.110261917114258,0.0,16.039291381835938,32.67519760131836,34.81366729736328,13.263517379760742
1771501766.13899,2.83518648147583,15.727757453918457,0.0,16.77396011352539,32.93488311767578,34.7574462890625,12.965706825256348
1771501766.1709883,3.032172203063965,16.44963836669922,0.0,18.085662841796875,33.969844818115234,35.34514617919922,13.114005088806152
1771501766.2135663,2.3737008571624756,14.73867416381836,0.0,15.774587631225586,32.125770568847656,34.324066162109375,13.069075584411621
1771501766.246211,2.796414852142334,16.37014389038086,0.0,18.169137954711914,33.65492248535156,34.99717712402344,13.02740478515625
1771501766.2797394,3.1696066856384277,14.956676483154297,0.0,16.578800201416016,32.77555465698242,35.57269287109375,13.878074645996094
1771501766.3106863,1.9123053550720215,14.81696605682373,0.0,17.4864501953125,33.216796875,34.96210479736328,13.289095878601074
1771501766.3426526,2.2597625255584717,16.06962776184082,0.0,19.2430419921875,34.179988861083984,35.08503723144531,13.061381340026855
1771501766.3916712,1.344285488128662,15.283105850219727,0.0,18.0405216217041,32.86539840698242,34.485618591308594,12.632023811340332
1771501766.4258585,1.272271990776062,15.623246192932129,0.0,17.889863967895508,33.22635269165039,34.422794342041016,12.711859703063965
1771501766.4539127,1.013003945350647,15.501781463623047,0.0,17.471107482910156,32.66918182373047,34.07039260864258,12.302865028381348
1771501766.4845283,0.8679124712944031,14.78118896484375,0.0,16.971906661987305,32.91936111450195,34.39239501953125,12.543508529663086
1771501766.5150428,1.0602079629898071,15.682520866394043,0.0,17.954753875732422,33.3896598815918,34.25084686279297,12.417877197265625
1771501766.5459933,0.4727785289287567,16.089603424072266,0.0,18.240278244018555,33.10427474975586,33.58076477050781,11.634679794311523
1771501766.5769691,0.6792529821395874,16.186241149902344,0.0,17.43514060974121,32.485172271728516,33.010589599609375,11.608797073364258
1771501766.616791,0.7595301866531372,17.70188331604004,0.0,17.875396728515625,33.270111083984375,32.55366134643555,10.477917671203613
1771501766.6452706,1.5998767614364624,17.264066696166992,0.0,18.5943546295166,34.78319549560547,34.06127166748047,11.925108909606934
1771501766.6856987,1.3157188892364502,16.947046279907227,0.0,19.199995040893555,35.364662170410156,34.20479965209961,12.143681526184082
1771501766.7162547,0.7039213180541992,17.633411407470703,0.0,17.93052864074707,33.730464935302734,32.38550567626953,10.029431343078613
1771501766.7483253,1.000983715057373,17.996511459350586,0.0,18.119943618774414,34.09181213378906,32.7398796081543,9.754185676574707
1771501766.778431,2.566739082336426,18.947097778320312,0.0,19.837987899780273,35.617794036865234,34.13896942138672,11.49321174621582
1771501766.8216836,2.7033212184906006,18.76993179321289,0.0,21.730876922607422,37.1914176940918,35.659751892089844,12.238533973693848
1771501766.8527365,1.5467280149459839,16.958742141723633,0.0,20.590164184570312,36.59182357788086,35.77321243286133,11.905256271362305
1771501766.8747075,1.2463209629058838,16.867481231689453,0.0,19.55821418762207,36.003334045410156,34.87176513671875,11.583412170410156
1771501766.9047122,2.0745437145233154,17.65545654296875,0.0,20.016489028930664,36.66664123535156,35.744815826416016,11.945322036743164
1771501766.9353664,1.143338918685913,16.798114776611328,0.0,19.734821319580078,36.75188064575195,35.29969024658203,12.238409042358398
1771501766.9643543,2.1665310859680176,17.20985221862793,0.0,20.90631675720215,37.92819595336914,36.436248779296875,13.136739730834961
1771501767.0138853,2.4402835369110107,17.09120750427246,0.0,20.822486877441406,38.17448043823242,36.789276123046875,13.617032051086426
1771501767.0458317,2.048069477081299,16.687339782714844,0.0,21.392152786254883,38.49994659423828,37.457279205322266,13.300509452819824
1771501767.0766966,0.8903608918190002,15.7247953414917,0.0,20.686132431030273,37.543209075927734,35.884544372558594,12.623841285705566
1771501767.108876,1.762905240058899,16.341394424438477,0.0,21.789180755615234,38.85134506225586,37.576602935791016,13.980433464050293
1771501767.1448748,1.0744754076004028,16.21685791015625,0.0,21.509227752685547,37.646820068359375,36.73630905151367,12.82261848449707
1771501767.172875,1.5027838945388794,15.891434669494629,0.0,21.752277374267578,38.487998962402344,37.28668975830078,13.059147834777832
1771501767.2063015,0.32117900252342224,15.04341983795166,0.0,20.69852638244629,37.776668548583984,36.84933853149414,12.50005054473877
1771501767.2538407,-0.505207896232605,13.666587829589844,0.0,20.49599266052246,37.78923034667969,38.02660369873047,13.471311569213867
1771501767.2848418,-1.6888748407363892,12.492778778076172,0.0,20.357019424438477,37.86619567871094,38.42121887207031,14.295268058776855
1771501767.3091908,-1.0758914947509766,12.907615661621094,0.0,19.942731857299805,37.8529052734375,39.03629684448242,14.647096633911133
1771501767.340158,-2.108121633529663,11.481046676635742,0.0,19.584583282470703,38.23966598510742,39.4210090637207,15.261120796203613
1771501767.3691602,-1.853932499885559,11.949844360351562,0.0,19.706146240234375,38.48600387573242,40.22095489501953,15.471098899841309
1771501767.413446,-0.8403504490852356,11.468963623046875,0.0,21.634464263916016,39.89389419555664,42.34310531616211,17.54546546936035
1771501767.445402,-1.0015316009521484,11.578425407409668,0.0,22.55795669555664,39.76042938232422,42.20686721801758,17.839590072631836
1771501767.4794004,-0.5272330641746521,11.475282669067383,0.0,24.261762619018555,41.243900299072266,43.47735595703125,19.068401336669922
1771501767.5110161,-2.4230732917785645,11.143606185913086,0.0,23.024642944335938,39.17464065551758,41.677791595458984,18.92170524597168
1771501767.542201,-2.584970712661743,11.703658103942871,0.0,23.910850524902344,39.06769561767578,41.60727310180664,19.007871627807617
1771501767.575201,-2.167653799057007,11.995692253112793,0.0,24.066852569580078,39.41190719604492,42.49378967285156,21.141817092895508
1771501767.6062074,-2.0040602684020996,13.631531715393066,0.0,24.803714752197266,39.46598815917969,42.828121185302734,21.684110641479492
1771501767.6397138,-1.1874405145645142,15.264981269836426,0.0,25.996355056762695,40.66620635986328,44.03545379638672,22.580448150634766
1771501767.6859915,-2.130967617034912,15.402166366577148,0.0,25.149330139160156,38.80845260620117,43.3745231628418,22.614593505859375
1771501767.7184603,-3.0197384357452393,15.977434158325195,0.0,25.012784957885742,38.600223541259766,43.05650329589844,22.154508590698242
1771501767.7464614,-3.163644552230835,16.009096145629883,0.0,25.116920471191406,38.64621353149414,43.047855377197266,22.2651424407959
1771501767.777544,-3.5031542778015137,16.489242553710938,0.0,25.16020393371582,37.9481086730957,42.88444900512695,21.92407989501953
1771501767.8141286,-5.181014060974121,15.13772964477539,1.2158271074295044,23.194232940673828,36.411800384521484,41.259986877441406,23.193561553955078
1771501767.8460858,-4.810485363006592,15.495464324951172,2.5516903400421143,23.36728858947754,36.551753997802734,41.23918151855469,24.10556983947754
1771501767.876975,-5.339774131774902,15.97326374053955,1.946426272392273,23.235153198242188,36.34661102294922,41.12854766845703,24.582204818725586
1771501767.9106662,-6.236944198608398,14.53095817565918,1.9972831010818481,22.335609436035156,34.39289855957031,40.211669921875,24.744667053222656
1771501767.9418976,-6.057558059692383,15.46990966796875,3.1346232891082764,21.951955795288086,34.03639221191406,40.140384674072266,25.868322372436523
1771501767.974919,-5.811598777770996,15.534455299377441,2.0117268562316895,22.17873764038086,34.31528854370117,40.36131286621094,26.018796920776367
1771501768.0093796,-6.593529224395752,15.20948314666748,3.7883784770965576,21.137041091918945,32.888763427734375,39.17445755004883,25.393476486206055
1771501768.0413833,-6.103280067443848,15.1243257522583,4.099478244781494,22.044708251953125,33.39031982421875,39.670623779296875,25.81781768798828
1771501768.072384,-6.243827819824219,15.465394973754883,4.497654438018799,21.631175994873047,33.39563751220703,39.701072692871094,25.481224060058594
1771501768.1179142,-5.6736226081848145,15.153973579406738,4.706874847412109,22.6036434173584,33.98130798339844,40.31497573852539,25.73200035095215
1771501768.1498952,-6.008760929107666,15.928383827209473,5.166788578033447,22.166500091552734,33.31154251098633,39.73521423339844,24.95110511779785
1771501768.1808975,-5.816737174987793,15.749059677124023,4.694527626037598,22.339035034179688,33.48152160644531,39.83805847167969,25.175886154174805
1771501768.2164214,-6.805593967437744,15.73671817779541,5.618473052978516,21.224323272705078,33.19814682006836,39.23766326904297,24.460887908935547
1771501768.2454226,-6.898576259613037,15.478382110595703,6.362141132354736,21.99578857421875,33.39935302734375,39.66157531738281,24.19497299194336
1771501768.2774222,-6.6195831298828125,16.103239059448242,5.552049160003662,22.66887092590332,34.54037094116211,40.57365417480469,24.64460563659668
1771501768.3090637,-6.810004234313965,16.512107849121094,5.689358711242676,23.12677574157715,34.14833068847656,41.243873596191406,24.72864532470703
1771501768.3421195,-8.361245155334473,15.74306583404541,5.391368389129639,21.999916076660156,33.79429626464844,40.4241943359375,23.800146102905273
1771501768.3730702,-7.154651641845703,15.951860427856445,4.236883640289307,23.000011444091797,35.476715087890625,41.91249465942383,24.527666091918945
1771501768.4059427,-7.235645771026611,15.475730895996094,3.6902270317077637,24.25343132019043,35.84269714355469,41.78958511352539,24.763916015625
1771501768.439469,-5.892553329467773,15.579833030700684,2.704240322113037,26.63836669921875,37.499515533447266,42.97420120239258,25.744895935058594
1771501768.4704685,-5.098205089569092,17.21597671508789,2.005333185195923,27.386882781982422,38.61283493041992,43.49870681762695,25.898170471191406
1771501768.502454,-7.497917175292969,15.27536678314209,1.8479546308517456,25.715412139892578,38.068321228027344,42.10463333129883,24.468589782714844
1771501768.5499685,-7.496833324432373,14.793009757995605,1.7044001817703247,26.368701934814453,39.10697555541992,43.962440490722656,23.827863693237305
1771501768.5830169,-8.521401405334473,14.731023788452148,1.384848952293396,25.069059371948242,38.66487503051758,43.193138122558594,23.13351821899414
1771501768.6166492,-8.129270553588867,14.64152717590332,1.4836047887802124,26.11370086669922,39.59914779663086,44.627044677734375,24.008066177368164
1771501768.648654,-8.661141395568848,14.512109756469727,1.385955810546875,26.999380111694336,40.471031188964844,45.536766052246094,23.542068481445312
1771501768.6794593,-8.198102951049805,15.078487396240234,1.34725022315979,26.952831268310547,40.58381652832031,45.71202087402344,23.769336700439453
1771501768.709417,-8.877152442932129,15.243821144104004,1.3011175394058228,26.61293601989746,41.622901916503906,46.04875564575195,22.916465759277344
1771501768.7414243,-11.037181854248047,15.136613845825195,0.0,26.245241165161133,41.65929412841797,44.70427322387695,21.40909194946289
1771501768.7734413,-10.15856647491455,17.734811782836914,0.0,29.089399337768555,45.575321197509766,46.68002700805664,22.919967651367188
1771501768.8044236,-10.621539115905762,16.858619689941406,0.11114475131034851,28.569364547729492,46.64147186279297,48.13660430908203,24.098379135131836
1771501768.8369362,-9.584894180297852,17.193815231323242,0.0,29.347509384155273,49.67523956298828,51.289405822753906,26.040464401245117
1771501768.8739533,-9.136812210083008,17.504194259643555,0.0,28.13465690612793,50.02143859863281,51.78951644897461,27.50485610961914
1771501768.901987,-10.401480674743652,17.512454986572266,0.0,26.88501739501953,49.56709671020508,51.49957275390625,27.67658042907715
1771501768.9335158,-9.672626495361328,16.878969192504883,0.0,26.531938552856445,49.960472106933594,51.66341781616211,27.76152992248535
1771501768.9816215,-9.844942092895508,15.89164924621582,0.0,26.310226440429688,50.376617431640625,52.455936431884766,28.253997802734375
1771501769.014192,-8.033158302307129,17.0650577545166,0.0,27.687419891357422,52.49309158325195,54.68159866333008,31.564294815063477
1771501769.0454857,-6.82332181930542,17.38184356689453,0.0,29.250202178955078,54.516357421875,56.93095779418945,34.5489501953125
1771501769.081258,-6.516272068023682,17.01896858215332,0.0,30.16781997680664,56.906856536865234,59.48112106323242,36.58362579345703
1771501769.1097653,-7.807811737060547,15.207451820373535,0.0,31.09539222717285,59.11493682861328,61.76856231689453,39.13740158081055
1771501769.1407907,-8.908915519714355,12.105782508850098,0.0,31.008359909057617,59.99378204345703,63.46430969238281,38.91634750366211
1771501769.172771,-9.698451042175293,11.752545356750488,0.0,31.445554733276367,61.85932159423828,64.96900177001953,38.353416442871094
1771501769.2057867,-11.230849266052246,11.708030700683594,0.0,32.520904541015625,63.12440872192383,66.01321411132812,38.62476348876953
1771501769.2379205,-13.627549171447754,10.774187088012695,0.0,31.535120010375977,63.1460075378418,66.15492248535156,38.67716979980469
1771501769.2709098,-15.637054443359375,10.24991226196289,0.0,32.531673431396484,62.776180267333984,65.31975555419922,38.19249725341797
1771501769.303953,-15.922017097473145,10.310271263122559,0.0,33.5017204284668,62.984832763671875,65.0315933227539,38.26921463012695
1771501769.334237,-15.516509056091309,10.480860710144043,0.0,35.11387252807617,63.722774505615234,65.31226348876953,38.011627197265625
1771501769.366235,-15.706559181213379,10.827911376953125,0.0,35.425262451171875,64.1544189453125,65.40026092529297,37.89204788208008
1771501769.4131386,-17.15760612487793,10.198638916015625,0.0,35.477386474609375,63.536529541015625,64.61566925048828,38.05708694458008
1771501769.44709,-18.29268455505371,9.41075611114502,0.0,35.876033782958984,63.05508804321289,64.07318115234375,38.04828643798828
1771501769.477188,-17.85547637939453,10.209589004516602,0.0,35.19515609741211,62.53974151611328,63.9807014465332,37.87228012084961
1771501769.5121763,-18.780418395996094,10.061318397521973,0.0,35.771480560302734,62.74697494506836,64.25164031982422,37.99637985229492
1771501769.5421755,-18.856576919555664,10.255373001098633,0.0,35.63267135620117,63.58113098144531,65.15412139892578,38.14057540893555
1771501769.573197,-18.758834838867188,10.200243949890137,0.0,36.694087982177734,64.23223114013672,65.99231719970703,38.508766174316406
1771501769.6061852,-19.216371536254883,10.3059720993042,0.0,37.492984771728516,64.8670654296875,65.78839111328125,38.207740783691406
1771501769.639415,-19.218093872070312,10.07939338684082,0.0,37.17567443847656,64.85176086425781,65.5960693359375,38.134037017822266
1771501769.6685324,-19.37744903564453,9.891854286193848,0.0,38.26676559448242,65.7437515258789,66.65485382080078,38.49166488647461
1771501769.7015698,-19.353771209716797,10.435864448547363,0.0,39.068050384521484,66.05632019042969,66.94723510742188,38.887451171875
1771501769.737123,-18.86884307861328,9.760833740234375,0.0,41.4173698425293,68.4223403930664,69.11235046386719,41.535072326660156
1771501769.7653148,-18.07481575012207,9.063092231750488,0.0,42.007530212402344,69.8599624633789,70.5541000366211,43.47182083129883
1771501769.798249,-18.017004013061523,9.35988712310791,0.0,43.2927131652832,69.87984466552734,70.94769287109375,43.57698059082031
1771501769.8447933,-18.2113037109375,8.913578033447266,0.0,44.38228988647461,69.97076416015625,71.53861236572266,45.470558166503906
1771501769.877775,-19.826683044433594,8.849516868591309,0.0,43.1160774230957,68.63501739501953,70.81077575683594,45.07508087158203
1771501769.9093256,-18.93778419494629,9.332930564880371,0.7128485441207886,45.47563934326172,69.23040771484375,71.65103149414062,46.652740478515625
1771501769.9448233,-19.279258728027344,9.034687995910645,1.024072289466858,45.59624481201172,69.15277862548828,71.30934143066406,46.1785888671875
1771501769.9778233,-19.4397029876709,8.32402229309082,0.9046286940574646,46.8847770690918,69.738037109375,71.85576629638672,46.56943893432617
1771501770.0088687,-18.40312385559082,8.6144380569458,0.881860077381134,47.62278747558594,70.56073760986328,72.98248291015625,48.065189361572266
1771501770.0413814,-17.60588264465332,8.30231761932373,1.3162744045257568,48.71746826171875,71.54447174072266,74.0027847290039,49.054508209228516
1771501770.071073,-17.770227432250977,8.142239570617676,1.5730057954788208,49.50986099243164,72.11064147949219,74.16022491455078,49.43636703491211
1771501770.1027055,-17.072765350341797,8.160852432250977,0.37092968821525574,51.372032165527344,72.72187805175781,74.98717498779297,50.32006072998047
1771501770.1342173,-15.571534156799316,8.880175590515137,0.0,52.73398971557617,74.9933090209961,76.85712432861328,52.757816314697266
1771501770.1682358,-14.937254905700684,9.936639785766602,0.0,52.161495208740234,76.05122375488281,77.78160095214844,53.249351501464844
1771501770.1978414,-14.457096099853516,9.929861068725586,0.0,54.40981674194336,77.56980895996094,78.61743927001953,54.04182052612305
1771501770.2295654,-13.593134880065918,9.737089157104492,0.0,57.75575256347656,79.55066680908203,80.21515655517578,55.380149841308594
1771501770.2775605,-13.555663108825684,9.627775192260742,0.0,59.403656005859375,81.10426330566406,80.549072265625,55.8834114074707
1771501770.3096714,-12.557466506958008,9.695484161376953,0.0,62.5323486328125,83.26325988769531,82.0488510131836,57.461856842041016
1771501770.3421247,-11.906134605407715,9.361270904541016,0.0,64.53726959228516,84.33364868164062,82.38338470458984,58.714088439941406
1771501770.375128,-12.100176811218262,9.062821388244629,0.0,65.8447265625,85.03765869140625,83.23128509521484,59.3848876953125
1771501770.4051497,-11.532581329345703,9.144763946533203,0.0,67.18632507324219,85.67514038085938,83.3369369506836,59.748165130615234
1771501770.4367816,-11.750808715820312,9.245603561401367,0.0,68.42973327636719,87.03291320800781,83.16539764404297,60.17234802246094
1771501770.4687831,-11.933428764343262,9.581727027893066,0.0,71.88411712646484,87.13638305664062,84.02262878417969,60.608192443847656
1771501770.5008416,-10.484884262084961,9.564946174621582,0.0,71.82141876220703,85.5393295288086,85.26020812988281,62.301918029785156
1771501770.5344458,-10.143632888793945,9.908697128295898,0.0,70.76634979248047,84.66303253173828,86.36105346679688,63.60561752319336
1771501770.565523,-10.496758460998535,10.452144622802734,0.0,69.35749053955078,83.44728088378906,86.56510162353516,65.15501403808594
1771501770.6004732,-11.55699634552002,9.562947273254395,0.0,69.5595703125,83.2264175415039,86.77523803710938,64.73014068603516
1771501770.631985,-13.135414123535156,9.226542472839355,0.0,70.58460998535156,82.91880798339844,87.8892822265625,64.15020751953125
1771501770.6621134,-13.306099891662598,8.363080978393555,0.0,71.40008544921875,83.70175170898438,87.67686462402344,64.12616729736328
1771501770.7101145,-13.264607429504395,7.897040843963623,0.0,72.19740295410156,82.79426574707031,88.2011489868164,64.55210876464844
1771501770.7730622,-13.756848335266113,7.7288289070129395,0.0,71.79847717285156,82.20346069335938,88.59737396240234,65.07630920410156
1771501770.8062632,-12.83314037322998,8.197881698608398,0.0,70.95124053955078,81.71337890625,87.85579681396484,66.66445922851562
1771501770.8347952,-11.88034439086914,8.74423599243164,0.0,71.0397720336914,81.54269409179688,86.45723724365234,68.90776062011719
1771501770.8653216,-11.621207237243652,8.853063583374023,0.0,71.10111999511719,81.82451629638672,86.3177261352539,68.35698699951172
1771501770.8983984,-10.865701675415039,9.431065559387207,0.0,71.9073486328125,81.72352600097656,84.46101379394531,69.4722671508789
1771501770.9300067,-9.214997291564941,10.232404708862305,0.07350139319896698,72.57344055175781,80.87682342529297,82.25812530517578,71.09745788574219
1771501770.9587834,-10.276495933532715,9.611952781677246,0.0,72.57698059082031,81.83316802978516,83.28910827636719,69.60578918457031
1771501770.9906626,-8.540728569030762,8.970829963684082,0.0,73.08392333984375,81.84541320800781,82.3058853149414,70.3335952758789
1771501771.0241485,-8.824983596801758,8.371475219726562,0.12622369825839996,73.4645767211914,81.66777038574219,81.84317016601562,70.155517578125
1771501771.0530112,-7.751892566680908,8.358034133911133,0.4799305498600006,73.45933532714844,81.24451446533203,80.6366958618164,70.92228698730469
1771501771.0859218,-7.338223457336426,8.112777709960938,0.0,73.1673355102539,80.63182830810547,79.86631774902344,71.51978302001953
1771501771.1165311,-7.500854015350342,7.288576602935791,0.0,74.00630950927734,80.89478302001953,79.63640594482422,71.50360107421875
1771501771.1475303,-7.898184299468994,7.352919578552246,0.0,74.73094940185547,81.47547912597656,80.36758422851562,71.87757873535156
1771501771.177532,-8.519174575805664,6.8091325759887695,0.0,74.30130767822266,80.83890533447266,80.2318115234375,71.97089385986328
1771501771.2095342,-9.27335262298584,6.571382999420166,0.27344852685928345,74.16020202636719,81.26457214355469,80.77680206298828,72.43486785888672
1771501771.2400925,-8.707180976867676,6.91528844833374,0.6459258794784546,74.08674621582031,80.63282012939453,80.966796875,72.6136245727539
1771501771.2720938,-8.980569839477539,7.013216018676758,1.5101205110549927,74.20491790771484,80.987548828125,81.30850219726562,71.80731201171875
1771501771.3050995,-9.581758499145508,7.119723796844482,1.8669100999832153,73.92703247070312,80.9128189086914,81.3128662109375,72.06349182128906
1771501771.3366306,-9.713451385498047,7.683761119842529,2.734478712081909,74.20519256591797,80.87938690185547,80.81729125976562,72.14871978759766
1771501771.367627,-9.802186965942383,7.909143924713135,2.6853139400482178,73.96524810791016,80.41798400878906,80.98358154296875,73.09170532226562
1771501771.398171,-9.995587348937988,7.829098701477051,3.3313283920288086,74.52001953125,81.29978942871094,80.96316528320312,71.16914367675781
1771501771.4296598,-11.422219276428223,7.304226398468018,3.127664089202881,74.60880279541016,81.94789123535156,81.61653137207031,70.35313415527344
1771501771.4616594,-12.072383880615234,6.874716758728027,3.2770090103149414,74.66036987304688,82.65522003173828,82.4987564086914,69.67066192626953
1771501771.4936574,-11.819896697998047,6.808433532714844,3.487410545349121,75.33836364746094,82.60009765625,82.47462463378906,69.80889892578125
1771501771.5252638,-10.190680503845215,6.788180828094482,4.0267462730407715,75.68059539794922,81.98621368408203,81.40629577636719,70.06121826171875
1771501771.5742688,-10.722466468811035,6.62017297744751,3.896425724029541,75.8683090209961,82.07087707519531,81.22486114501953,70.4683609008789
1771501771.6062958,-12.061321258544922,6.722970485687256,3.437241792678833,75.72864532470703,82.69929504394531,82.26903533935547,69.09320831298828
1771501771.6378088,-11.591080665588379,6.974489688873291,3.6500813961029053,75.3680648803711,82.47718048095703,82.0423583984375,70.00308227539062
1771501771.7019444,-11.0453519821167,7.247359275817871,3.4032421112060547,75.44136810302734,82.32209777832031,82.0316390991211,69.67579650878906
1771501771.7254531,-11.699462890625,7.011041641235352,3.453219175338745,75.0374755859375,82.42243957519531,82.27404022216797,70.01863861083984
1771501771.7564528,-11.519759178161621,6.880684852600098,3.5068838596343994,75.25189971923828,82.27904510498047,81.96524810791016,70.28462219238281
1771501771.7874553,-10.718025207519531,6.707824230194092,3.8927903175354004,75.53972625732422,82.24237823486328,82.10914611816406,69.958251953125
1771501771.816976,-11.345198631286621,6.841724395751953,3.7541720867156982,74.75199890136719,82.10006713867188,82.354736328125,69.87335205078125
1771501771.8499632,-11.140752792358398,6.940313339233398,4.025496482849121,74.93981170654297,82.03131866455078,82.16947174072266,69.69314575195312
1771501771.8819616,-11.360138893127441,7.159852027893066,4.062257766723633,75.0071792602539,81.66647338867188,82.16050720214844,70.57604217529297
1771501771.9135263,-10.385126113891602,6.414336681365967,4.271118640899658,75.64852905273438,82.06233978271484,81.92573547363281,70.21061706542969
1771501771.9415343,-10.901837348937988,6.820072174072266,4.094573020935059,75.85304260253906,82.16761779785156,81.69661712646484,69.57911682128906
1771501771.9732056,-10.830820083618164,6.660820007324219,4.357646465301514,75.8268814086914,81.99969482421875,81.3672103881836,70.65242767333984
1771501772.0052874,-10.927275657653809,7.12982177734375,3.7653346061706543,75.53216552734375,82.2942123413086,81.9084701538086,70.51734161376953
1771501772.0388267,-10.985027313232422,7.0939040184021,3.4896225929260254,75.4802474975586,82.2761001586914,81.5985107421875,70.41877746582031
1771501772.0698273,-10.925633430480957,7.143111228942871,3.5644335746765137,75.46297454833984,82.23062133789062,81.61908721923828,70.78961181640625
1771501772.103831,-11.234210968017578,6.996622085571289,3.2185988426208496,75.53707885742188,82.34741973876953,81.90121459960938,70.9786605834961
1771501772.1323357,-10.556279182434082,6.7741241455078125,3.3257601261138916,76.49395751953125,82.17471313476562,80.80838775634766,71.39647674560547
1771501772.167336,-10.624691009521484,6.971075057983398,3.4427945613861084,76.98350524902344,82.24632263183594,80.85964965820312,72.03102111816406
1771501772.1993723,-10.727002143859863,6.75457763671875,2.9638924598693848,76.97271728515625,82.64350128173828,80.72869110107422,71.65670013427734
1771501772.229814,-11.839751243591309,6.2808403968811035,1.9033602476119995,77.15939331054688,83.91365814208984,81.67180633544922,71.09009552001953
1771501772.2638497,-13.52492618560791,6.3471527099609375,0.7904402017593384,76.79167938232422,84.01116180419922,81.36430358886719,72.27496337890625
1771501772.2948136,-15.828654289245605,5.567737102508545,0.0771418884396553,77.04268646240234,84.51744842529297,82.05655670166016,72.3497543334961
1771501772.329352,-13.924087524414062,5.302002906799316,0.5653558969497681,77.82190704345703,83.6581039428711,79.59156799316406,73.95719909667969
1771501772.3567595,-14.127766609191895,5.478215217590332,0.04146778956055641,77.0840835571289,82.69749450683594,79.83124542236328,74.79232788085938
1771501772.4048176,-15.280634880065918,4.764096736907959,0.0,77.21651458740234,83.59066009521484,80.51673889160156,73.5941390991211
1771501772.4383774,-14.012063980102539,5.444762229919434,0.0,77.58706665039062,82.40692138671875,80.2300796508789,74.63566589355469
1771501772.468321,-15.575855255126953,5.177172660827637,0.0,76.90531921386719,83.23241424560547,81.2596206665039,73.54948425292969
1771501772.4993877,-15.036225318908691,5.859738349914551,0.0,77.52134704589844,82.90706634521484,80.84109497070312,74.15174102783203
1771501772.5689063,-15.94433307647705,5.38729190826416,0.0,76.32422637939453,83.4286880493164,81.39106750488281,74.20633697509766
1771501772.5970001,-17.86990737915039,4.8510894775390625,0.0,77.6298599243164,84.74748992919922,82.9433364868164,72.2203598022461
1771501772.6275697,-17.9659423828125,4.922571659088135,0.0,76.79713439941406,84.51073455810547,83.23713684082031,72.06260681152344
1771501772.6594975,-18.34248161315918,4.665605545043945,0.0,77.5949478149414,85.0667953491211,83.22025299072266,70.94791412353516
1771501772.690252,-17.931156158447266,4.478325843811035,0.0,77.39920043945312,84.90399169921875,83.10169219970703,71.313232421875
1771501772.7198863,-17.76800537109375,4.89388370513916,0.0,77.89663696289062,84.98311614990234,83.21973419189453,71.28022766113281
1771501772.7548869,-16.875141143798828,5.0010881423950195,0.0,76.90031433105469,84.19869995117188,82.92803955078125,70.69303131103516
1771501772.7849472,-17.685522079467773,5.365347862243652,0.0,76.82069396972656,84.25399780273438,83.79277801513672,69.01213073730469
1771501772.8154187,-15.521913528442383,6.032474994659424,0.43282467126846313,77.40575408935547,84.19818878173828,82.9326171875,70.64385223388672
1771501772.8454015,-15.915200233459473,5.4047441482543945,0.8152242302894592,77.68864440917969,85.10150909423828,83.68247985839844,69.42965698242188
1771501772.8768983,-11.87903118133545,5.9264349937438965,2.2502942085266113,78.03812408447266,84.11693572998047,82.44628143310547,69.96501922607422
1771501772.9089065,-11.108216285705566,5.920001983642578,2.137416124343872,77.76690673828125,84.23948669433594,82.76947784423828,70.4513168334961
1771501772.9404254,-12.153886795043945,5.343963623046875,3.2475178241729736,77.43680572509766,84.29827117919922,82.9394760131836,70.06996154785156
1771501772.9715168,-10.354573249816895,5.789937973022461,3.324692726135254,76.85895538330078,83.91791534423828,82.42945861816406,70.37127685546875
1771501773.0035155,-11.501127243041992,4.960596084594727,3.241649866104126,76.46849060058594,83.75056457519531,83.58867645263672,69.46253204345703
1771501773.0360174,-10.647381782531738,4.803974628448486,3.0218231678009033,76.682861328125,84.19427490234375,83.14293670654297,68.85266876220703
1771501773.068969,-11.305992126464844,4.911054611206055,2.943145513534546,76.12151336669922,83.79695129394531,83.04472351074219,68.79452514648438
1771501773.0979676,-13.149870872497559,4.203915119171143,2.0099990367889404,75.18877410888672,84.32569885253906,84.26943969726562,67.73438262939453
1771501773.1285021,-13.770516395568848,4.238995552062988,1.6683216094970703,75.44403076171875,84.4524917602539,83.737060546875,68.70940399169922
1771501773.161481,-13.525501251220703,3.9729433059692383,1.821040391921997,75.82061767578125,84.38594818115234,84.24203491210938,67.42928314208984
1771501773.192477,-13.147319793701172,4.548910140991211,1.6862568855285645,76.09722900390625,84.69374084472656,83.4604263305664,68.17874908447266
1771501773.2230031,-13.078265190124512,4.444684028625488,1.729618787765503,75.60416412353516,83.51925659179688,83.04362487792969,69.17561340332031
1771501773.2703655,-11.873177528381348,4.858177661895752,2.2220656871795654,76.14532470703125,83.82244873046875,82.31057739257812,69.9070053100586
1771501773.3020186,-12.997038841247559,4.7409234046936035,1.479400634765625,75.13041687011719,83.75678253173828,83.17378234863281,69.14867401123047
1771501773.3351936,-12.56275749206543,4.270332336425781,2.209005117416382,76.31475067138672,83.55192565917969,82.2635269165039,70.21746826171875
1771501773.3657985,-12.964447975158691,4.319991588592529,1.4907306432724,75.6204605102539,83.8656005859375,83.17912292480469,68.56278228759766
1771501773.4018528,-12.700671195983887,4.294931411743164,2.514508008956909,76.55743408203125,83.7032470703125,83.31153106689453,69.72227478027344
1771501773.4292707,-13.817773818969727,4.10750150680542,2.545940399169922,76.38512420654297,83.1677474975586,83.18669128417969,70.060302734375
1771501773.4632177,-11.563541412353516,4.629327297210693,3.1713972091674805,76.37081146240234,83.34709930419922,82.20210266113281,71.05511474609375
1771501773.5020897,-13.355229377746582,4.156882286071777,2.825493097305298,76.3541259765625,83.18660736083984,83.00733947753906,71.01686096191406
1771501773.5346415,-12.557211875915527,4.349221229553223,2.2859158515930176,75.79657745361328,83.40331268310547,83.0447769165039,70.27245330810547
1771501773.5656412,-12.92502498626709,4.262942790985107,2.875988006591797,76.07540893554688,82.99442291259766,83.03170776367188,70.78534698486328
1771501773.596643,-13.772514343261719,3.9843955039978027,2.7288930416107178,75.27528381347656,83.20254516601562,83.29185485839844,70.89189910888672
1771501773.6272635,-13.614971160888672,4.069215297698975,2.8407790660858154,75.43719482421875,83.21025085449219,83.33985137939453,70.63304138183594
1771501773.658315,-13.552407264709473,3.8873980045318604,3.4681293964385986,74.80118560791016,82.80335998535156,83.14376068115234,71.1688232421875
1771501773.7017772,-14.506004333496094,3.849468946456909,3.2807562351226807,74.70222473144531,82.52784729003906,83.62397003173828,70.72993469238281
1771501773.736335,-14.567322731018066,3.561124801635742,3.2881929874420166,75.06856536865234,83.13772583007812,84.05944061279297,70.9692153930664
1771501773.7682915,-15.361871719360352,3.0731329917907715,4.107179641723633,75.15837097167969,83.3907241821289,85.17508697509766,70.0584716796875
1771501773.7993925,-12.723883628845215,3.965010166168213,4.154802322387695,75.95353698730469,83.13041687011719,82.47527313232422,73.20587158203125
1771501773.8319333,-14.089719772338867,3.4524435997009277,4.019214630126953,76.08899688720703,83.39995574951172,84.02210235595703,71.67696380615234
1771501773.861932,-13.437625885009766,3.4278464317321777,5.041242599487305,76.07044219970703,83.35370635986328,83.56401062011719,72.66028594970703
1771501773.8949294,-13.324533462524414,3.592792272567749,3.889904737472534,75.6347885131836,83.41593170166016,83.6421127319336,71.86695861816406
1771501773.925839,-13.803380012512207,3.2812440395355225,2.585726737976074,75.548583984375,83.92720031738281,84.44402313232422,72.2813720703125
1771501773.957884,-15.880290031433105,3.316100835800171,2.175341844558716,74.6867904663086,83.89725494384766,85.75572967529297,71.240966796875
1771501773.9898524,-14.343679428100586,3.61047101020813,2.1448371410369873,75.5105209350586,84.12336730957031,82.89781188964844,73.26377868652344
1771501774.0213645,-17.965391159057617,2.7401599884033203,0.3674410879611969,76.11373901367188,84.92989349365234,85.75226593017578,70.93373107910156
1771501774.05559,-20.57365608215332,2.191376209259033,0.0,74.7481918334961,84.33749389648438,86.43663024902344,69.84917449951172
1771501774.086854,-20.29887580871582,2.9020326137542725,0.0,75.18618774414062,85.05311584472656,86.42406463623047,68.84867858886719
1771501774.1339483,-21.895708084106445,2.1800074577331543,0.0,75.37690734863281,84.15380096435547,86.54667663574219,66.96942901611328
1771501774.1659484,-22.143972396850586,2.1749560832977295,0.0,76.28913879394531,84.61969757080078,86.00502014160156,66.64618682861328
1771501774.1969483,-23.401905059814453,1.501110315322876,0.0,77.45907592773438,83.9711685180664,85.44331359863281,67.07965850830078
1771501774.2291799,-22.19296646118164,1.7602659463882446,0.0,77.43738555908203,84.61140441894531,84.85414123535156,67.2629165649414
1771501774.2651834,-22.2580623626709,2.2566139698028564,0.0,76.6543197631836,84.63370513916016,84.93952941894531,67.58973693847656
1771501774.2971394,-22.473432540893555,1.7716615200042725,0.0,77.50341033935547,84.17859649658203,83.97868347167969,66.67218017578125
1771501774.3298018,-25.071569442749023,0.4734008312225342,0.04227716848254204,75.08729553222656,81.83843231201172,83.96817779541016,64.09821319580078
1771501774.3617642,-23.402002334594727,1.011172890663147,0.0,77.4787826538086,83.9857177734375,83.9691162109375,67.61033630371094
1771501774.393753,-23.504871368408203,1.249732494354248,0.0,75.92710876464844,83.74125671386719,84.32504272460938,65.598388671875
1771501774.4258478,-22.135984420776367,1.9787245988845825,0.3050684332847595,77.85723114013672,85.25830841064453,83.93951416015625,69.61254119873047
1771501774.4568665,-22.030288696289062,2.1916823387145996,0.5065743923187256,76.45037841796875,84.20343017578125,84.8871078491211,70.04586029052734
1771501774.4878669,-22.05634307861328,2.4846880435943604,0.3372766971588135,76.51678466796875,83.8341064453125,85.40641021728516,69.3639144897461
1771501774.5194273,-22.03256607055664,2.9288148880004883,0.0,76.3145523071289,82.91584014892578,86.10323333740234,67.8689956665039
1771501774.5654283,-23.10349464416504,2.253298044204712,0.06363005191087723,75.70716094970703,82.66885375976562,86.62042999267578,67.3836898803711
1771501774.599429,-23.265335083007812,2.44337797164917,0.5067349076271057,75.57518005371094,82.97331237792969,86.74658203125,67.91527557373047
1771501774.6305993,-24.86862564086914,1.8445713520050049,0.4283524751663208,75.4011001586914,82.03395080566406,87.2302017211914,67.31256866455078
1771501774.660702,-24.113344192504883,2.0867903232574463,1.3165358304977417,74.0721664428711,81.74221801757812,87.66426849365234,67.38859558105469
1771501774.6957018,-23.80297088623047,2.290201425552368,1.7140166759490967,73.00528717041016,80.96012115478516,89.06623077392578,69.55119323730469
1771501774.7253706,-22.389183044433594,2.6041855812072754,1.9798938035964966,72.73359680175781,81.70513916015625,88.78018951416016,70.08280181884766
1771501774.7584631,-22.728452682495117,1.4845354557037354,1.9275048971176147,72.53471374511719,81.53206634521484,86.71222686767578,71.62286376953125
1771501774.7894528,-24.10457992553711,1.6465864181518555,1.6318333148956299,72.5443115234375,81.3539810180664,88.16484832763672,69.43701171875
1771501774.8216162,-24.446514129638672,1.718074083328247,0.8079886436462402,72.17064666748047,80.91431427001953,87.67459106445312,70.47229766845703
1771501774.8628201,-24.695571899414062,1.443200945854187,1.587713360786438,72.43231201171875,80.5971908569336,88.1800537109375,70.19973754882812
1771501774.893859,-23.047544479370117,1.9605973958969116,2.296215534210205,72.8190689086914,80.89363861083984,87.70270538330078,70.19053649902344
1771501774.9253771,-22.846099853515625,1.719369649887085,2.4274051189422607,73.17607879638672,81.60127258300781,85.62879180908203,70.56780242919922
1771501774.9555128,-24.49337387084961,1.4722989797592163,1.7601468563079834,72.7812271118164,81.17224884033203,87.00899505615234,69.29534149169922
1771501775.031045,-24.52235984802246,1.278645634651184,1.4617763757705688,72.85924530029297,81.07926940917969,87.38700866699219,69.58889770507812
1771501775.0632133,-25.057376861572266,1.1806222200393677,1.3172547817230225,72.87863159179688,80.92355346679688,87.0161361694336,70.01122283935547
1771501775.0953455,-25.521015167236328,1.3492766618728638,0.9604207873344421,72.70707702636719,80.01093292236328,88.42915344238281,68.88166809082031
1771501775.126856,-25.412111282348633,0.8369301557540894,0.5398695468902588,72.83393859863281,80.53805541992188,87.26541137695312,69.67182159423828
1771501775.1578581,-23.447120666503906,1.3139221668243408,1.2918485403060913,73.2044677734375,81.77857971191406,87.3873062133789,68.58943939208984
1771501775.1893299,-23.988021850585938,0.9996235370635986,1.3580148220062256,73.34199523925781,81.93428039550781,86.22394561767578,70.08353424072266
1771501775.2204816,-24.897018432617188,1.3378345966339111,1.3408321142196655,72.60911560058594,80.97480773925781,87.8393325805664,68.73342895507812
1771501775.2524776,-24.749948501586914,1.4067691564559937,1.564382791519165,72.52924346923828,81.31465148925781,87.389404296875,69.19737243652344
1771501775.2824996,-24.97038459777832,1.5589780807495117,1.4369423389434814,72.77111053466797,81.3456039428711,86.22840881347656,70.59932708740234
1771501775.312486,-23.950531005859375,1.6477779150009155,2.5496203899383545,72.46121978759766,80.67555236816406,87.49149322509766,70.4714584350586
1771501775.3449428,-25.45716094970703,0.9728485345840454,2.2980611324310303,71.98233795166016,80.31661224365234,87.11174011230469,71.05601501464844
1771501775.375936,-24.818185806274414,0.9885383248329163,2.8528168201446533,71.63896942138672,80.19397735595703,86.93758392333984,71.55665588378906
1771501775.4294927,-24.014057159423828,-0.00611096853390336,3.187040328979492,72.33060455322266,81.15180206298828,85.59646606445312,72.70108795166016
1771501775.46257,-23.874238967895508,-0.5152330994606018,3.0395054817199707,72.57373046875,81.25331115722656,85.69219970703125,73.36376190185547
1771501775.4854944,-24.275344848632812,-0.6968653798103333,2.8957815170288086,72.9165267944336,81.29405212402344,85.92676544189453,73.59033203125
1771501775.5180535,-24.33534812927246,-0.8664810657501221,2.936976432800293,73.44261932373047,81.79338073730469,85.29459381103516,73.99221801757812
1771501775.5510468,-23.680194854736328,-0.16864174604415894,3.0769405364990234,72.45830535888672,81.70123291015625,84.64057159423828,73.71764373779297
1771501775.5800676,-23.94927406311035,-0.5510276556015015,2.9644532203674316,72.74394226074219,81.2349624633789,84.79718780517578,73.94551086425781
1771501775.6120582,-24.74045753479004,-0.531586766242981,2.9833383560180664,72.92305755615234,81.30229187011719,84.96113586425781,73.73039245605469
1771501775.64358,-24.752235412597656,0.31804242730140686,2.58463978767395,73.25667572021484,81.34500885009766,84.78563690185547,74.0636978149414
1771501775.6735597,-24.487829208374023,-0.06852434575557709,2.6700778007507324,73.3321762084961,81.22335815429688,84.33126831054688,74.18565368652344
1771501775.7065642,-25.186717987060547,0.13788996636867523,2.6112143993377686,72.59326171875,80.5954818725586,84.64119720458984,73.77438354492188
1771501775.7382715,-24.331533432006836,-0.0840119868516922,2.4422402381896973,72.9033432006836,80.96778106689453,84.15483856201172,74.28948211669922
1771501775.769271,-23.58768653869629,0.3774228096008301,2.576404333114624,73.30183410644531,80.94757080078125,84.0108642578125,74.93927764892578
1771501775.8133,-25.23221206665039,-0.42338258028030396,2.7367498874664307,73.61233520507812,81.11984252929688,84.0801010131836,74.73155975341797
1771501775.860834,-23.811080932617188,-0.06959446519613266,2.8057079315185547,73.25263977050781,81.1085205078125,83.96249389648438,75.25011444091797
1771501775.896834,-23.77120590209961,-0.1038694754242897,2.564566135406494,73.71878814697266,81.22150421142578,83.11290740966797,75.8110580444336
1771501775.9236982,-23.571155548095703,-0.3649173676967621,2.92686128616333,73.53728485107422,81.15513610839844,83.43167877197266,75.45484161376953
1771501775.955929,-23.80892562866211,-0.07086201757192612,2.8396027088165283,74.17980194091797,81.38835144042969,83.11091613769531,76.21563720703125
1771501775.9898448,-23.767276763916016,-0.5404448509216309,3.0344440937042236,73.56121063232422,81.33716583251953,83.28121948242188,75.6791763305664
1771501776.0184157,-23.986915588378906,-0.6464837193489075,2.814260959625244,73.66736602783203,81.63052368164062,83.2836685180664,75.45771026611328
1771501776.0514138,-24.74950408935547,-0.3800610601902008,3.131547689437866,72.81261444091797,81.25955963134766,84.01063537597656,74.39881134033203
1771501776.0814443,-25.2548828125,-0.6880496740341187,2.6123406887054443,73.0333480834961,81.35173034667969,84.24200439453125,74.31800079345703
1771501776.1124177,-22.87604522705078,0.1294505000114441,2.7832422256469727,72.91426849365234,81.42797088623047,84.49600982666016,74.42852783203125
1771501776.1439524,-22.776748657226562,0.9308416843414307,2.094735860824585,73.61626434326172,81.6148681640625,84.84778594970703,73.36050415039062
1771501776.1740253,-22.523853302001953,1.194718360900879,1.2547599077224731,74.1269760131836,82.22549438476562,85.5024642944336,71.15613555908203
1771501776.2168448,-22.71624755859375,1.0625011920928955,0.0,74.98072052001953,83.0201187133789,86.2886962890625,68.2851791381836
1771501776.2448504,-25.56742286682129,1.204014778137207,0.0,75.55677032470703,82.40947723388672,86.30461120605469,65.25909423828125
1771501776.2938812,-26.746009826660156,0.759593665599823,0.0,73.9417953491211,80.88276672363281,83.92761993408203,62.57715606689453
1771501776.3262212,-26.19823455810547,1.3869796991348267,0.0,72.02391052246094,81.16717529296875,83.95359802246094,63.56733322143555
1771501776.3482757,-27.0493221282959,0.6163208484649658,0.0,72.33390045166016,80.17765045166016,83.3768539428711,62.940364837646484
1771501776.3792408,-29.240530014038086,0.32905226945877075,0.0,72.8270263671875,79.52621459960938,81.05406951904297,59.32624816894531
1771501776.4108944,-27.991199493408203,0.6690788865089417,0.0,72.190185546875,79.67874908447266,81.59815979003906,59.545196533203125
1771501776.441931,-29.017866134643555,0.4862618148326874,0.0,71.30010223388672,77.98831939697266,79.4751968383789,57.49552917480469
1771501776.473025,-29.917396545410156,1.4207850694656372,0.0,71.49596405029297,76.46353149414062,79.22570037841797,55.98931121826172
1771501776.5050313,-30.433103561401367,1.5937155485153198,0.0,71.2756576538086,76.0828628540039,78.88079071044922,54.46645736694336
1771501776.534723,-31.854188919067383,0.901116132736206,0.0,66.25027465820312,73.50334930419922,75.78394317626953,52.13755416870117
1771501776.568723,-30.275203704833984,3.92667293548584,0.0,61.9451904296875,73.1706314086914,74.16962432861328,49.987361907958984
1771501776.6137426,-30.053817749023438,4.593116760253906,1.6947009563446045,50.706748962402344,67.31595611572266,66.96955108642578,42.43303298950195
1771501776.6462362,-29.742137908935547,5.509222984313965,1.8672499656677246,53.356529235839844,66.42031860351562,66.40718078613281,40.55089569091797
1771501776.6782389,-30.28765296936035,5.085738658905029,2.295335531234741,50.99774932861328,64.64221954345703,63.3435173034668,36.896968841552734
1771501776.7274148,-29.762563705444336,5.675057888031006,2.4113690853118896,49.4057731628418,61.57449722290039,60.005550384521484,32.90506362915039
1771501776.7637296,-29.856111526489258,6.17534875869751,3.1565873622894287,48.62692642211914,60.357154846191406,57.205078125,30.10905647277832
1771501776.7847624,-29.53290557861328,6.727327346801758,3.9287188053131104,49.10837173461914,60.8446044921875,58.01176834106445,31.128938674926758
1771501776.8185678,-30.271390914916992,5.87103271484375,4.070741653442383,45.215675354003906,56.90095901489258,55.055824279785156,28.509782791137695
1771501776.8485987,-28.37221908569336,5.682316780090332,3.7120771408081055,41.26906967163086,53.157222747802734,51.801578521728516,26.9605655670166
1771501776.880348,-28.4686336517334,6.719719886779785,4.530848026275635,35.81256103515625,50.05773162841797,49.0498161315918,23.635446548461914
1771501776.910099,-28.555227279663086,6.837308406829834,4.597179889678955,35.994815826416016,48.85951232910156,48.53944396972656,21.796703338623047
1771501776.9406238,-29.693613052368164,6.252651214599609,5.329466342926025,33.91611862182617,46.623291015625,47.156803131103516,20.799236297607422
1771501776.9751506,-29.48656463623047,6.847179889678955,5.786272048950195,33.66933822631836,46.727943420410156,46.29399108886719,19.09123420715332
1771501777.016797,-29.1382999420166,6.191559314727783,5.731972694396973,32.07470703125,44.064918518066406,44.309486389160156,17.108413696289062
1771501777.0503147,-29.828161239624023,6.589499473571777,6.361767292022705,29.788204193115234,41.79106140136719,41.944915771484375,15.134834289550781
1771501777.0804312,-29.322025299072266,7.3026323318481445,6.966776371002197,30.198177337646484,41.38924789428711,41.33604049682617,14.502964973449707
1771501777.1111224,-29.909822463989258,7.058908462524414,6.479371070861816,28.692848205566406,40.07246017456055,41.08327865600586,13.576382637023926
1771501777.1586373,-28.214916229248047,7.9678635597229,7.416822910308838,27.880779266357422,38.01393127441406,39.095916748046875,12.670400619506836
1771501777.1926367,-28.995820999145508,8.79145622253418,7.861631393432617,27.141523361206055,36.34260559082031,37.9464225769043,10.702795028686523
1771501777.2207084,-28.69483184814453,8.510212898254395,7.849200248718262,26.966012954711914,36.6953239440918,38.348472595214844,11.172849655151367
1771501777.25223,-28.635038375854492,8.965670585632324,8.305305480957031,25.34564971923828,34.184452056884766,35.78610610961914,8.974404335021973
1771501777.2848248,-27.00942039489746,10.676840782165527,9.206404685974121,25.50726318359375,32.352272033691406,34.28034973144531,6.836901664733887
1771501777.317491,-26.64607048034668,10.466875076293945,8.958979606628418,24.858366012573242,31.54271697998047,33.388668060302734,6.674829483032227
1771501777.3452277,-26.4461612701416,10.043534278869629,9.002144813537598,24.206096649169922,30.682435989379883,33.44658660888672,6.435301780700684
1771501777.3767874,-27.67989730834961,8.694350242614746,8.868882179260254,23.171672821044922,29.036130905151367,33.157649993896484,5.301610946655273
1771501777.4151344,-27.307947158813477,8.499859809875488,9.723092079162598,23.176584243774414,28.0158748626709,30.185924530029297,4.059924602508545
1771501777.445933,-27.193603515625,7.930271625518799,10.18875789642334,24.126834869384766,27.71161460876465,29.995708465576172,3.2596046924591064
1771501777.478406,-26.67686653137207,8.403311729431152,9.836223602294922,23.644765853881836,27.29448699951172,28.741485595703125,2.7998251914978027
1771501777.5128455,-25.778329849243164,8.058785438537598,9.767020225524902,22.253732681274414,28.186742782592773,29.651952743530273,3.649592161178589
1771501777.5416288,-24.080902099609375,8.147011756896973,10.647154808044434,22.73668670654297,27.610061645507812,29.662965774536133,5.613002300262451
1771501777.5947978,-23.828678131103516,7.593527317047119,11.053251266479492,21.83228302001953,27.471927642822266,29.226980209350586,6.546004295349121
1771501777.625243,-24.66598892211914,7.950661659240723,11.130091667175293,21.31114387512207,27.112932205200195,28.779563903808594,5.997480869293213
1771501777.656782,-24.839290618896484,7.774045944213867,11.381916046142578,22.242477416992188,27.529129028320312,28.387252807617188,6.023208141326904
1771501777.6887937,-24.364198684692383,6.893464088439941,10.750776290893555,22.146682739257812,27.7642822265625,28.865678787231445,6.626224994659424
1771501777.719072,-24.627361297607422,7.032573223114014,11.3777437210083,22.679672241210938,26.866846084594727,27.675643920898438,5.868879795074463
1771501777.750274,-23.494407653808594,8.533994674682617,11.750935554504395,23.739463806152344,27.44451332092285,28.071857452392578,5.673781871795654
1771501777.7811565,-22.3970890045166,8.896469116210938,12.056474685668945,24.7149715423584,27.920074462890625,28.93960189819336,6.349771499633789
1771501777.8131866,-20.796939849853516,10.322556495666504,13.460859298706055,26.646629333496094,29.301271438598633,29.44084930419922,5.957537651062012
1771501777.8457315,-21.415910720825195,10.368494987487793,14.139129638671875,25.970468521118164,28.86445426940918,30.0483341217041,4.186915874481201
1771501777.8777337,-18.07773780822754,10.415626525878906,11.854987144470215,28.598709106445312,31.64879035949707,32.48908615112305,6.21356725692749
1771501777.908738,-18.255474090576172,11.331099510192871,11.845320701599121,28.403724670410156,31.125564575195312,32.013954162597656,5.153274059295654
1771501777.9423635,-15.187899589538574,12.946907043457031,10.734166145324707,30.08269691467285,33.297969818115234,34.08119583129883,7.023387908935547
1771501777.9733486,-15.781428337097168,12.467355728149414,11.075581550598145,29.122655868530273,32.65149688720703,32.89091110229492,6.804821968078613
1771501778.0233626,-14.0826416015625,13.239404678344727,9.992317199707031,29.210140228271484,33.83231735229492,33.35609817504883,8.19995403289795
1771501778.0479112,-13.449413299560547,13.207535743713379,9.94648265838623,29.06769561767578,34.27729034423828,33.1202392578125,8.974123001098633
1771501778.0785265,-12.203567504882812,13.506315231323242,9.389527320861816,27.81303596496582,34.12667465209961,33.14944839477539,9.333356857299805
1771501778.109328,-11.236824035644531,13.203608512878418,8.933463096618652,26.667936325073242,33.70295333862305,33.71179962158203,10.04590892791748
1771501778.1418464,-10.3680419921875,12.957326889038086,8.747008323669434,26.064525604248047,33.149105072021484,33.209625244140625,10.862709045410156
1771501778.1718469,-9.332480430603027,11.338187217712402,6.089231014251709,24.741859436035156,33.298828125,33.651309967041016,10.775581359863281
1771501778.2138803,-7.1505632400512695,10.867510795593262,3.3591716289520264,25.1910400390625,34.073665618896484,34.752445220947266,12.119122505187988
1771501778.2464645,-6.940836429595947,12.140339851379395,2.5154385566711426,27.192506790161133,35.55556869506836,34.40815734863281,10.110352516174316
1771501778.2774663,-4.884999752044678,13.239014625549316,0.0,28.693527221679688,37.59524917602539,35.82500457763672,10.133596420288086
1771501778.3094683,-2.7618446350097656,13.066645622253418,0.0,30.018491744995117,38.73378372192383,36.29178237915039,11.280549049377441
1771501778.3420286,-1.7630544900894165,12.085251808166504,0.0,29.738845825195312,39.34523010253906,36.72747802734375,12.528847694396973
1771501778.3780077,-0.3621561825275421,13.080596923828125,0.0,31.39889144897461,40.897789001464844,37.454166412353516,12.941340446472168
1771501778.4215734,1.1327183246612549,14.192848205566406,0.0,34.29811096191406,42.28544616699219,37.75551223754883,13.496882438659668
1771501778.4555445,0.03764060139656067,13.489733695983887,0.0,32.27342224121094,40.76551055908203,36.21244812011719,12.54755973815918
1771501778.4865441,-0.3065217137336731,13.004505157470703,0.0,31.580608367919922,40.1594123840332,35.61268997192383,12.286900520324707
1771501778.5175483,-0.9897626042366028,13.485746383666992,0.0,30.629655838012695,39.90803527832031,35.0100212097168,11.702737808227539
1771501778.5496414,-1.6453771591186523,12.637248039245605,0.0,28.20232582092285,39.29448318481445,34.313961029052734,10.835838317871094
1771501778.5809467,-2.0776164531707764,12.591684341430664,0.0,27.250505447387695,38.537288665771484,33.18647766113281,9.725797653198242
1771501778.6161695,-2.8978662490844727,13.33411979675293,0.0,25.589506149291992,36.8485221862793,31.155908584594727,7.925082683563232
1771501778.6448925,-3.4336061477661133,13.131048202514648,0.0,23.162933349609375,35.24207305908203,30.44456672668457,7.29937219619751
1771501778.677797,-3.992419481277466,13.778556823730469,0.0,20.970163345336914,33.109161376953125,28.44963264465332,5.583136558532715
1771501778.7098014,-4.2096638679504395,14.143097877502441,0.0,19.44075584411621,31.35329818725586,27.3597469329834,5.017847061157227
1771501778.7423053,-4.025815963745117,14.62000846862793,0.0,19.03546714782715,30.68451690673828,26.38665771484375,4.490572929382324
1771501778.7733448,-2.672759532928467,15.794256210327148,0.0,19.077959060668945,30.474788665771484,26.430694580078125,4.55281400680542
1771501778.8073082,-2.159491539001465,15.939555168151855,0.0,19.19077491760254,30.074132919311523,26.30480194091797,4.843473434448242
1771501778.8528833,-2.3148903846740723,15.079658508300781,0.0,19.280475616455078,30.2048397064209,26.28313636779785,4.645596027374268
1771501778.8868802,-1.6682252883911133,15.617055892944336,0.0,19.185117721557617,30.632104873657227,26.427352905273438,4.270904064178467
1771501778.9102979,-1.90536630153656,15.020923614501953,0.0,19.102252960205078,30.54361343383789,26.73623275756836,5.2780609130859375
1771501778.9559414,0.07446476072072983,16.870704650878906,0.0,20.618253707885742,32.19222640991211,27.459468841552734,4.843973159790039
1771501778.9874861,-1.2559700012207031,15.017552375793457,0.0,19.473873138427734,31.26560401916504,27.465999603271484,4.998215198516846
1771501779.018511,0.988294780254364,15.879149436950684,0.0,21.18039894104004,33.07893371582031,29.391769409179688,6.7423996925354
1771501779.049013,0.9778077006340027,15.631211280822754,0.0,20.64779281616211,32.88697052001953,29.3436279296875,7.204302787780762
1771501779.0800834,0.849690318107605,15.330070495605469,0.0,20.001075744628906,32.37990951538086,29.274721145629883,7.025941848754883
1771501779.110016,1.7426769733428955,15.321578025817871,0.0,19.285079956054688,32.63847732543945,30.078868865966797,7.457602500915527
1771501779.142539,2.3551881313323975,15.690399169921875,0.0,18.98142433166504,33.009552001953125,30.963918685913086,7.768797397613525
1771501779.17254,1.5721508264541626,14.848563194274902,0.0,17.94251251220703,32.026180267333984,30.700613021850586,7.904417037963867
1771501779.2045407,2.6292035579681396,15.130720138549805,0.0,18.392305374145508,31.9544734954834,31.013427734375,7.60513162612915
1771501779.2408469,1.7682605981826782,14.392739295959473,0.0,16.591386795043945,30.179603576660156,29.841827392578125,7.178194999694824
1771501779.2868476,0.8663436770439148,14.294891357421875,0.0,15.956869125366211,29.14403533935547,28.438915252685547,6.574160099029541
1771501779.3178506,0.5449313521385193,13.41367244720459,0.0,16.58010482788086,30.37053871154785,28.92461395263672,7.253111839294434
1771501779.3432803,-0.12431439757347107,13.56464958190918,0.0,17.0953369140625,30.521976470947266,28.734697341918945,6.741220474243164
1771501779.3740819,-0.2248612344264984,12.923456192016602,0.0,13.57252025604248,28.423980712890625,28.356531143188477,6.495343208312988
1771501779.4131289,1.1028743982315063,13.698349952697754,0.0,14.78643798828125,29.58029556274414,29.144397735595703,6.776870250701904
1771501779.4466624,0.6729199886322021,13.796287536621094,0.0,15.522611618041992,30.03306007385254,29.389562606811523,7.069362640380859
1771501779.4766412,-0.8176199197769165,13.51430606842041,0.0,15.00699520111084,29.550626754760742,28.468372344970703,5.930266380310059
1771501779.50878,-0.2822308838367462,13.720656394958496,0.0,14.637797355651855,29.546701431274414,28.569543838500977,5.93007230758667
1771501779.5412915,-0.6665199398994446,14.304713249206543,0.0,15.329060554504395,29.584552764892578,28.260700225830078,5.252594470977783
1771501779.5733116,-0.8045070171356201,13.994976043701172,0.0,15.04675579071045,29.450164794921875,28.287673950195312,5.201433181762695
1771501779.6057408,-0.5727213025093079,14.37817096710205,0.0,16.418760299682617,30.564870834350586,29.005029678344727,5.729676246643066
1771501779.6363204,-0.48209843039512634,14.278250694274902,0.0,15.533867835998535,30.035709381103516,29.049924850463867,5.729856014251709
1771501779.6733222,-1.4161320924758911,13.756564140319824,0.0,16.14969825744629,29.95175552368164,28.25510597229004,5.145312309265137
1771501779.7183256,-1.7871265411376953,13.8894681930542,0.0,15.043608665466309,29.49852752685547,28.32684326171875,5.123422145843506
1771501779.751743,-1.9419488906860352,13.850845336914062,0.0,15.565180778503418,29.73775863647461,28.248979568481445,5.023082256317139
1771501779.78026,-1.9223084449768066,13.866949081420898,0.0,16.097036361694336,29.969947814941406,28.274904251098633,5.0556511878967285
1771501779.8133776,-0.988754391670227,14.179207801818848,0.0,15.773981094360352,29.578401565551758,28.686819076538086,5.378756999969482
1771501779.8459344,-0.7622367739677429,13.76807975769043,0.0,16.32530975341797,30.280473709106445,29.250883102416992,6.244067192077637
1771501779.879954,-0.3273244798183441,14.166608810424805,0.0,15.560891151428223,29.7359561920166,29.592239379882812,6.557207107543945
1771501779.9089396,0.7761713862419128,14.957395553588867,0.0,16.378803253173828,30.279010772705078,29.699975967407227,6.598686218261719
1771501779.9414709,0.2529923617839813,14.514044761657715,0.0,15.798019409179688,30.049226760864258,29.68065643310547,6.423323631286621
1771501779.9744766,-0.009290552698075771,13.891548156738281,0.0,14.37269115447998,29.100345611572266,29.487770080566406,6.670007228851318
1771501780.0054803,-0.12097674608230591,13.37254810333252,0.0,15.762585639953613,29.67441177368164,29.459518432617188,6.5306477546691895
1771501780.0379765,0.3958111107349396,13.163559913635254,0.0,15.42026138305664,29.766986846923828,30.16379165649414,7.496964931488037
1771501780.0700176,0.4740214943885803,13.487174034118652,0.0,15.634466171264648,30.107175827026367,30.04227066040039,7.115292072296143
1771501780.1014254,0.2887410819530487,13.712035179138184,0.0,13.916454315185547,28.519763946533203,29.009361267089844,7.159747123718262
1771501780.1498396,1.2751845121383667,13.904007911682129,0.0,16.94002914428711,31.167497634887695,30.811790466308594,7.865182399749756
1771501780.1818364,1.0564359426498413,14.108141899108887,0.0,15.20997142791748,29.636165618896484,30.058786392211914,7.8993635177612305
1771501780.213863,1.7716381549835205,14.043212890625,0.0,15.612394332885742,30.203025817871094,30.478565216064453,8.03370475769043
1771501780.2473934,1.731114149093628,13.959096908569336,0.0,15.281023025512695,29.840682983398438,30.376468658447266,8.252542495727539
1771501780.2793167,1.1687408685684204,13.989259719848633,0.0,16.219511032104492,30.503307342529297,30.70550537109375,8.44739055633545
1771501780.3123586,1.3304448127746582,13.776350975036621,0.0,16.335859298706055,30.849349975585938,31.22240447998047,8.606256484985352
1771501780.3424883,1.3666772842407227,13.848267555236816,0.0,17.431482315063477,31.347496032714844,30.869014739990234,8.320207595825195
1771501780.37446,1.3272135257720947,14.104103088378906,0.0,15.87351131439209,30.202945709228516,30.426694869995117,8.069579124450684
1771501780.4057317,1.055309772491455,14.12539291381836,0.0,16.137781143188477,30.544763565063477,30.442955017089844,7.859686374664307
1771501780.4372525,0.898324191570282,13.861529350280762,0.0,17.036317825317383,31.48945426940918,30.970947265625,8.208118438720703
1771501780.4692461,0.8770793080329895,13.80863094329834,0.0,17.669755935668945,31.885623931884766,30.967235565185547,7.747273921966553
1771501780.502244,1.6982606649398804,14.518877029418945,0.0,18.04131317138672,32.201683044433594,31.184078216552734,8.563982009887695
1771501780.5359483,3.2342684268951416,14.553182601928711,0.0,17.81446647644043,33.0465202331543,32.5265998840332,9.988015174865723
1771501780.5819201,2.2894341945648193,14.249734878540039,0.0,17.385496139526367,31.66085433959961,31.468727111816406,8.825133323669434
1771501780.615996,1.1562620401382446,14.048104286193848,0.0,18.597179412841797,32.656272888183594,31.79966163635254,8.760502815246582
1771501780.6465774,2.0106558799743652,14.834003448486328,0.0,16.87318229675293,31.744016647338867,31.739423751831055,8.499297142028809
1771501780.677577,2.877567768096924,14.415695190429688,0.0,15.979486465454102,31.174116134643555,31.6585636138916,9.610190391540527
1771501780.709581,2.11625599861145,14.922845840454102,0.0,17.118927001953125,30.433582305908203,30.194313049316406,8.042034149169922
1771501780.7436943,2.3177061080932617,14.791949272155762,0.0,16.91115951538086,32.12446594238281,32.02845764160156,9.211559295654297
1771501780.772693,2.5971243381500244,14.548659324645996,0.0,16.9498233795166,31.595434188842773,31.464563369750977,9.152276039123535
1771501780.804703,1.7993944883346558,14.281285285949707,0.0,17.323331832885742,31.70014762878418,31.225255966186523,8.694281578063965
1771501780.836821,2.322331428527832,14.82349681854248,0.0,17.455488204956055,32.474876403808594,32.41067123413086,9.355059623718262
1771501780.8688438,2.5759310722351074,14.795501708984375,0.0,16.954391479492188,32.2052001953125,31.754133224487305,8.996455192565918
1771501780.900762,2.0551257133483887,14.231169700622559,0.0,16.801063537597656,31.884960174560547,31.36090087890625,8.819650650024414
1771501780.9333549,2.4508488178253174,14.560510635375977,0.0,18.410924911499023,32.8281135559082,31.850505828857422,8.811131477355957
1771501780.967282,3.0444955825805664,14.613760948181152,0.0,19.72403335571289,34.28742599487305,33.451629638671875,10.068964004516602
1771501781.0133266,3.3514719009399414,15.081604957580566,0.0,18.764680862426758,34.02989196777344,33.3251838684082,10.03123950958252
1771501781.0467887,3.2985215187072754,14.461343765258789,0.0,17.03776741027832,32.67052459716797,32.57748794555664,10.229203224182129
1771501781.0805523,1.3611522912979126,13.773256301879883,0.0,17.371536254882812,31.556888580322266,30.987346649169922,8.565252304077148
1771501781.1125565,1.7507078647613525,14.343208312988281,0.0,16.959749221801758,31.971759796142578,31.684814453125,8.741079330444336
1771501781.1440706,2.0165011882781982,14.117635726928711,0.0,17.771379470825195,32.49931335449219,31.873136520385742,8.949835777282715
1771501781.1761177,2.680086612701416,14.288588523864746,0.0,18.629261016845703,33.272621154785156,32.528987884521484,9.38882064819336
1771501781.2050831,2.2361557483673096,14.32675552368164,0.0,17.921934127807617,32.46664047241211,31.6373348236084,8.654756546020508
1771501781.2366555,1.7301278114318848,13.730945587158203,0.0,17.323909759521484,31.999412536621094,31.508834838867188,8.6848783493042
1771501781.268655,1.3212839365005493,13.643363952636719,0.0,17.348052978515625,31.801734924316406,31.188844680786133,8.25029468536377
1771501781.3016539,1.7615348100662231,14.08503532409668,0.0,17.2304744720459,31.870840072631836,31.178068161010742,8.479451179504395
1771501781.3322418,2.269320249557495,14.444506645202637,0.0,17.998937606811523,32.126922607421875,31.38216781616211,8.68708610534668
1771501781.3662596,2.0396149158477783,14.197246551513672,0.0,18.347980499267578,32.67767333984375,31.756580352783203,8.899600982666016
1771501781.4003198,1.6807794570922852,14.743568420410156,0.0,18.496543884277344,32.748756408691406,31.557472229003906,8.25149917602539
1771501781.4458094,2.251918315887451,14.428764343261719,0.0,17.064897537231445,32.06333541870117,31.343881607055664,8.934652328491211
1771501781.4778066,2.049647808074951,14.512213706970215,0.0,18.469934463500977,32.75505065917969,31.873441696166992,8.687889099121094
1771501781.5088203,3.0657706260681152,14.917095184326172,0.0,18.098312377929688,32.9586067199707,32.338172912597656,9.513006210327148
1771501781.5416107,3.642396926879883,15.281254768371582,0.0,18.33211898803711,32.87705993652344,32.38298034667969,9.761469841003418
1771501781.574371,2.6912763118743896,14.701132774353027,0.0,18.110151290893555,32.096290588378906,31.295854568481445,8.864542007446289
1771501781.606372,2.571007490158081,14.682465553283691,0.0,18.156177520751953,32.45487594604492,31.764720916748047,9.266786575317383
1771501781.640902,2.8784611225128174,14.5401029586792,0.0,17.645483016967773,32.62849044799805,32.04933547973633,9.45285415649414
1771501781.671903,3.2856569290161133,15.106561660766602,0.0,19.60364532470703,33.71449279785156,32.692935943603516,9.620429992675781
1771501781.7039013,3.8739521503448486,16.41322135925293,0.0,20.31167984008789,34.180625915527344,32.804141998291016,9.61696720123291
1771501781.735424,3.232064962387085,15.533076286315918,0.0,19.840356826782227,34.631507873535156,32.90339279174805,9.677244186401367
1771501781.7664614,3.6653780937194824,15.335783004760742,0.0,18.735837936401367,33.44795608520508,32.50006866455078,9.95919418334961
1771501781.796855,3.691521644592285,15.938823699951172,0.0,20.6998291015625,34.65668487548828,32.73783493041992,9.359289169311523
1771501781.8311808,3.9700586795806885,16.516963958740234,0.0,20.063257217407227,34.63003158569336,32.93888473510742,9.847187995910645
1771501781.877133,3.6480824947357178,15.317715644836426,0.0,19.45492172241211,34.34544372558594,33.04545211791992,10.170445442199707
1771501781.9108603,2.686253070831299,15.042734146118164,0.0,19.50665283203125,33.56414031982422,32.15087127685547,9.310431480407715
1771501781.9409425,3.9626832008361816,16.28536033630371,0.0,19.446643829345703,34.33035659790039,33.057369232177734,10.012210845947266
1771501781.9730017,3.422799825668335,15.877869606018066,0.0,19.817129135131836,33.88100814819336,32.611759185791016,9.752205848693848
1771501782.0049999,3.182117462158203,15.307966232299805,0.0,20.887149810791016,34.823421478271484,32.93505096435547,9.809362411499023
1771501782.038538,3.239542245864868,15.600725173950195,0.0,21.549673080444336,35.58218002319336,33.07613754272461,9.559106826782227
1771501782.0710208,2.984545946121216,14.885555267333984,0.0,19.193683624267578,34.25570297241211,32.518314361572266,9.738858222961426
1771501782.1023338,3.4862492084503174,15.631592750549316,0.0,20.68445587158203,35.09671401977539,32.79170608520508,9.460601806640625
1771501782.1337934,3.2984108924865723,16.05484390258789,0.0,20.560626983642578,35.15837097167969,32.50971984863281,9.171134948730469
1771501782.1647928,4.329322814941406,16.02098846435547,0.0,19.84581184387207,34.642311096191406,32.76886749267578,9.937768936157227
1771501782.1978858,4.065210819244385,16.255069732666016,0.0,20.798227310180664,34.9318733215332,32.65167236328125,9.559887886047363
1771501782.2310982,3.789713144302368,16.19881248474121,0.0,20.899089813232422,35.67693328857422,33.031044006347656,9.532889366149902
1771501782.2650983,3.3342292308807373,17.29204750061035,0.0,20.841293334960938,34.60873794555664,31.684995651245117,8.803072929382324
1771501782.3091252,2.7970588207244873,17.313453674316406,0.0,19.566286087036133,33.24027633666992,30.960723876953125,9.262674331665039
1771501782.3426101,1.9278980493545532,17.332258224487305,0.0,20.79104232788086,33.12547302246094,30.911563873291016,9.162038803100586
1771501782.3756275,1.9621682167053223,16.228506088256836,0.0,21.14913558959961,34.697959899902344,30.89691734313965,8.768433570861816
1771501782.4046128,1.1908124685287476,15.5042085647583,0.0,20.300853729248047,34.846981048583984,31.39829444885254,9.277958869934082
1771501782.4371648,0.6094521284103394,15.369547843933105,0.0,20.720890045166016,35.387916564941406,32.867584228515625,10.540656089782715
1771501782.4702284,0.5873321890830994,16.18368148803711,0.0,22.599334716796875,36.350955963134766,34.962162017822266,12.438788414001465
1771501782.503158,0.5369308590888977,15.27845287322998,0.0,23.62285804748535,37.48624038696289,37.47136688232422,16.198875427246094
1771501782.5336733,0.3633834719657898,13.906722068786621,0.0,24.438838958740234,39.23788833618164,41.032657623291016,19.749290466308594
1771501782.5656722,1.4095582962036133,15.488566398620605,1.3958041667938232,28.208667755126953,41.53937911987305,44.61378860473633,25.910390853881836
1771501782.596692,-0.19500626623630524,18.097164154052734,2.602003812789917,27.860904693603516,39.478206634521484,44.768699645996094,27.148780822753906
1771501782.6292524,-1.3849847316741943,19.542016983032227,3.4156243801116943,26.648313522338867,39.54378128051758,44.269596099853516,28.136253356933594
1771501782.6622703,-1.495841145515442,19.804758071899414,2.497304916381836,26.90337562561035,39.1501579284668,46.52475357055664,29.613082885742188
1771501782.6963186,-0.011559735052287579,19.377269744873047,3.0385653972625732,30.275514602661133,45.43789291381836,52.428749084472656,31.763813018798828
1771501782.7425878,-9.070566177368164,18.07347869873047,0.34267091751098633,28.97850799560547,47.683101654052734,52.84775924682617,29.172578811645508
1771501782.7775986,-12.943351745605469,14.517939567565918,3.3771324157714844,34.44244384765625,53.17447280883789,56.75783920288086,34.0473747253418
1771501782.8048546,-14.502266883850098,10.896270751953125,2.753920078277588,39.097686767578125,59.60419845581055,63.632381439208984,40.8214225769043
1771501782.8379855,-16.957406997680664,11.659750938415527,3.6866140365600586,49.62157440185547,61.818458557128906,65.51762390136719,41.49652862548828
1771501782.8699145,-12.683913230895996,12.909687995910645,3.8777859210968018,58.547523498535156,69.42948150634766,72.12199401855469,49.74208450317383
1771501782.9019537,-11.210359573364258,14.188471794128418,4.641491889953613,58.75838851928711,72.62422943115234,74.76970672607422,54.196128845214844
1771501782.9341094,-9.540870666503906,13.653908729553223,4.017559051513672,68.4151840209961,78.752197265625,82.00694274902344,59.14361572265625
1771501782.9661264,-1.5561295747756958,13.451574325561523,6.754188060760498,75.2527847290039,82.49214172363281,88.74320983886719,67.12771606445312
1771501782.9983952,-0.563077986240387,14.283865928649902,8.027792930603027,76.13761901855469,82.67225646972656,82.01954650878906,71.93245697021484
1771501783.049556,-0.42883461713790894,13.552565574645996,8.988454818725586,75.59786224365234,80.06472778320312,74.76937866210938,74.5486068725586
1771501783.0805564,1.9140396118164062,11.895454406738281,9.510307312011719,74.85167694091797,78.83122253417969,72.23383331298828,75.8101806640625
1771501783.1135619,0.3498406410217285,10.313026428222656,9.263747215270996,74.19668579101562,76.95893859863281,71.53258514404297,75.06962585449219
1771501783.1430902,-7.158908843994141,8.83763599395752,6.19225549697876,73.51313781738281,78.4373779296875,73.72904968261719,76.60225677490234
1771501783.1740932,-8.666827201843262,8.138855934143066,4.858309745788574,73.79310607910156,78.39009094238281,74.6499252319336,75.9181900024414
1771501783.2070894,-8.111357688903809,8.400529861450195,4.563714981079102,74.67431640625,78.39698791503906,74.60706329345703,74.91471862792969
1771501783.237604,-7.884209156036377,8.158520698547363,4.647163391113281,75.23241424560547,78.56947326660156,73.67594146728516,74.28431701660156
1771501783.2687716,-9.721152305603027,7.373732089996338,3.6356165409088135,75.10916137695312,79.82921600341797,74.7844009399414,74.10223388671875
1771501783.3007712,-10.74460506439209,7.283243656158447,3.139735698699951,75.46283721923828,80.8631591796875,75.62784576416016,73.72492980957031
1771501783.3342867,-10.579039573669434,7.4063215255737305,2.8383257389068604,76.35357666015625,80.93746185302734,75.56617736816406,73.62415313720703
1771501783.3662853,-10.181715965270996,7.034835338592529,2.468071699142456,76.30038452148438,80.5064468383789,75.48377990722656,73.66967010498047
1771501783.3972852,-10.11147403717041,6.9794440269470215,2.572141408920288,76.71526336669922,80.53545379638672,75.22693634033203,73.25393676757812
1771501783.4295123,-9.360881805419922,7.286839008331299,2.684966802597046,76.71731567382812,79.88963317871094,74.2734375,73.48443603515625
1771501783.4625304,-9.342724800109863,7.287386417388916,2.868164539337158,76.62826538085938,80.6209487915039,74.93424224853516,72.8681640625
1771501783.4935105,-9.678266525268555,7.418066501617432,3.0458102226257324,75.91952514648438,80.3310775756836,74.71156311035156,73.71333312988281
1771501783.525198,-10.411437034606934,7.179183483123779,2.5499894618988037,77.00867462158203,79.95165252685547,74.82403564453125,73.15306091308594
1771501783.5602043,-10.103638648986816,7.254734039306641,2.761537790298462,76.4626693725586,80.61759948730469,74.95545959472656,73.51241302490234
1771501783.606378,-9.650444030761719,7.469824314117432,3.261477470397949,76.77388763427734,80.35000610351562,74.4039306640625,73.70378875732422
1771501783.6376085,-8.847631454467773,7.4860053062438965,4.205959796905518,75.51966857910156,80.64949035644531,75.75017547607422,74.03117370605469
1771501783.6689732,-6.528181552886963,7.303509712219238,5.275038719177246,74.5907211303711,80.22148895263672,78.05997467041016,73.65751647949219
1771501783.7019722,-7.912878513336182,9.863142967224121,3.2434918880462646,74.76837921142578,81.14582824707031,79.51066589355469,71.58609008789062
1771501783.7341287,-17.864442825317383,7.492270469665527,0.0,68.48112487792969,77.089111328125,82.86702728271484,57.76576614379883
1771501783.7679477,-26.246925354003906,5.242805480957031,0.0,54.792747497558594,64.27522277832031,62.10154724121094,37.991058349609375
1771501783.7998397,-24.985820770263672,7.458268642425537,0.0,52.08058547973633,58.19566345214844,54.53309631347656,29.826730728149414
1771501783.8303094,-22.926136016845703,9.49656867980957,1.6796064376831055,46.01271057128906,53.296897888183594,49.80488586425781,26.305301666259766
1771501783.8613088,-11.371790885925293,12.615082740783691,1.2728959321975708,36.4392204284668,44.16268539428711,41.95384216308594,24.123279571533203
1771501783.894308,-1.4851692914962769,17.86622428894043,0.8720771074295044,37.78321075439453,44.18587112426758,42.24934005737305,26.29068374633789
1771501783.9252381,5.603918075561523,20.748924255371094,0.0,44.01237106323242,46.434112548828125,45.177547454833984,22.56060791015625
1771501783.958512,7.16472864151001,20.023550033569336,0.0,41.272315979003906,46.77740478515625,43.5114631652832,19.634445190429688
1771501783.9935522,4.9417724609375,20.2156982421875,0.0,34.9946403503418,42.2555046081543,38.86701583862305,14.554924011230469
1771501784.0390282,3.850348949432373,18.76321792602539,0.0,28.887752532958984,39.99603271484375,35.67068099975586,12.05585765838623
1771501784.0696604,6.008503437042236,20.002105712890625,0.0,28.244718551635742,39.66373062133789,35.22377014160156,11.41163158416748
1771501784.1010847,8.44118595123291,21.101716995239258,0.0,27.347068786621094,39.55885314941406,35.990901947021484,11.595423698425293
1771501784.1337018,9.060712814331055,21.258037567138672,0.0,26.324600219726562,38.00487518310547,34.92426300048828,9.992963790893555
1771501784.165702,8.449982643127441,20.714731216430664,0.0,25.01972007751465,37.20537567138672,34.68691635131836,9.231682777404785
1771501784.1991131,9.436535835266113,22.45508575439453,0.0,25.49085235595703,37.05952072143555,34.4864616394043,8.170434951782227
1771501784.2296352,10.579927444458008,23.13127326965332,0.0,24.858003616333008,36.32848358154297,34.02218246459961,8.080461502075195
1771501784.2616348,8.810149192810059,22.391441345214844,0.0,22.66571807861328,34.27260208129883,32.31537628173828,7.2993927001953125
1771501784.293686,6.964908599853516,20.33635711669922,0.0,23.40552520751953,35.094329833984375,33.022216796875,7.808991432189941
1771501784.3246524,8.117716789245605,21.038904190063477,0.0,23.695045471191406,35.543575286865234,33.41303634643555,8.363869667053223
1771501784.357934,6.904435634613037,19.502548217773438,0.0,23.478958129882812,35.51530456542969,33.26802062988281,8.772555351257324
1771501784.407385,7.4861931800842285,20.876867294311523,0.0,22.092588424682617,34.298343658447266,31.85131072998047,8.225411415100098
1771501784.440942,6.739384651184082,19.478729248046875,0.0,22.4200439453125,34.938812255859375,33.19225311279297,8.454471588134766
1771501784.4699247,6.591223239898682,19.64069938659668,0.0,23.61635398864746,35.75662612915039,33.4023551940918,8.764781951904297
1771501784.5019224,7.586081504821777,20.429555892944336,0.0,22.579524993896484,34.87245178222656,32.702415466308594,9.526678085327148
1771501784.5343027,8.659852981567383,20.739845275878906,0.0,23.87801170349121,35.8846549987793,33.76206588745117,10.727967262268066
1771501784.56629,8.922134399414062,20.45218849182129,0.0,25.142044067382812,36.9490852355957,34.38356399536133,11.663755416870117
1771501784.5972295,8.214795112609863,19.867782592773438,0.0,28.34048843383789,40.18398666381836,35.60449981689453,12.145919799804688
1771501784.633794,6.668984413146973,22.448444366455078,0.0,27.543664932250977,37.55665588378906,32.5184440612793,11.25227165222168
1771501784.6608136,11.229162216186523,22.76190948486328,0.0,29.960155487060547,47.36753845214844,42.72838592529297,23.12624168395996
1771501784.6934075,10.815783500671387,26.906253814697266,0.0,31.794076919555664,56.57353973388672,55.682334899902344,32.06850051879883
1771501784.725414,1.3388886451721191,26.87715721130371,0.0,36.85738754272461,63.3974609375,68.54369354248047,46.59687805175781
1771501784.756917,3.4717254638671875,22.39017105102539,0.0,61.98296356201172,77.4251480102539,81.27674102783203,59.05951690673828
1771501784.7889175,3.152435541152954,20.08684539794922,1.495531678199768,66.91485595703125,82.06991577148438,84.71498107910156,64.30143737792969
1771501784.8209212,-0.10364612936973572,17.7368221282959,1.1262233257293701,71.01203918457031,83.56940460205078,84.62553405761719,64.73218536376953
1771501784.87043,1.0420094728469849,18.88002586364746,0.0,80.05679321289062,84.21612548828125,81.01287841796875,72.88192749023438
1771501784.9054272,-4.700231075286865,15.688316345214844,0.0,82.46826171875,82.3709716796875,79.52256774902344,72.95332336425781
1771501784.937976,-4.087112903594971,15.050980567932129,0.0,79.87037658691406,79.7276382446289,76.48677825927734,76.38417053222656
1771501784.9692392,-3.6038107872009277,15.260696411132812,0.0,78.33158874511719,76.56806182861328,72.8924331665039,78.75682067871094
1771501785.0011594,-5.541485786437988,14.047356605529785,0.0,77.38833618164062,77.57705688476562,74.11150360107422,79.15477752685547
1771501785.033831,-4.273270606994629,13.253462791442871,0.0,75.43116760253906,76.60430145263672,72.47372436523438,78.67665100097656
1771501785.0641575,-3.9138681888580322,12.234664916992188,0.0,76.70770263671875,76.70415496826172,72.4056625366211,79.83989715576172
1771501785.094592,-3.8721723556518555,11.831689834594727,0.0,75.91187286376953,77.09043884277344,72.8697738647461,78.35884094238281
1771501785.127104,-0.8770940899848938,12.257185935974121,0.0,73.12419128417969,74.23594665527344,70.58585357666016,78.92342376708984
1771501785.1591074,-0.7087791562080383,11.447846412658691,0.0,71.5997085571289,73.37110137939453,69.52214050292969,78.1962661743164
1771501785.1901088,-0.903742790222168,11.159380912780762,0.0,71.84336853027344,73.45113372802734,69.55706024169922,78.04945373535156
1771501785.2221413,-2.281421661376953,10.903756141662598,0.0,72.75865173339844,74.90380096435547,70.87374114990234,78.24850463867188
1771501785.2532208,-3.0939812660217285,11.061190605163574,0.0,72.36271667480469,75.1707763671875,71.44105529785156,78.25591278076172
1771501785.3022208,-3.3760335445404053,10.717508316040039,0.0,73.64505767822266,75.84793090820312,71.8477554321289,78.65220642089844
1771501785.3347352,-2.7510156631469727,10.851879119873047,0.0,73.2155532836914,75.14668273925781,71.31694030761719,78.47615814208984
1771501785.3657339,-3.4695239067077637,10.974787712097168,0.0,73.76319885253906,75.9248275756836,72.0599365234375,78.69126892089844
1771501785.3977363,-3.286504030227661,10.978843688964844,0.0,73.37386322021484,75.72312927246094,71.97914123535156,78.97258758544922
1771501785.4292939,-5.049057960510254,11.129465103149414,0.0,74.40895080566406,76.77294921875,73.80526733398438,78.93982696533203
1771501785.4612947,-4.320659637451172,12.484650611877441,0.0,72.35436248779297,75.51622772216797,73.96060943603516,78.93167114257812
1771501785.4955618,-7.135574817657471,13.80870246887207,0.0,76.3333969116211,81.0871353149414,80.45333862304688,71.45281982421875
1771501785.5291483,-14.654613494873047,10.479962348937988,0.18299473822116852,68.989990234375,72.48033905029297,70.40839385986328,49.87757873535156
1771501785.561158,-12.549392700195312,8.511628150939941,3.28778076171875,51.70484161376953,58.19353103637695,54.98768615722656,35.60244369506836
1771501785.592149,-4.79734468460083,14.589621543884277,4.739748477935791,32.29104232788086,38.38922119140625,39.84513854980469,25.664621353149414
1771501785.6231565,2.646613836288452,19.193899154663086,0.0,32.97331237792969,40.22278594970703,39.30535888671875,18.18688201904297
1771501785.6543388,2.189192295074463,18.695432662963867,0.0,26.180633544921875,39.33798599243164,34.87348937988281,12.06737232208252
1771501785.6863375,8.982322692871094,22.620664596557617,0.0,26.584224700927734,40.929752349853516,37.215763092041016,12.654021263122559
1771501785.7363422,10.154168128967285,23.122678756713867,0.0,26.713682174682617,42.04105758666992,38.90152359008789,13.024215698242188
1771501785.77983,13.57109546661377,25.51580810546875,0.0,24.734851837158203,39.93955612182617,37.05787658691406,12.307005882263184
1771501785.8118255,12.731305122375488,25.130800247192383,0.0,22.417150497436523,37.82169723510742,34.846595764160156,12.544337272644043
1771501785.844408,12.797656059265137,25.589065551757812,0.0,19.748645782470703,34.35978698730469,32.36973190307617,11.178250312805176
1771501785.8734148,12.958130836486816,26.39356231689453,0.0,19.306575775146484,33.17230987548828,31.35550308227539,10.18221664428711
1771501785.9044101,13.585312843322754,26.997135162353516,0.0,22.069015502929688,35.40456771850586,33.43668746948242,10.796058654785156
1771501785.93509,12.500442504882812,24.732505798339844,0.0,22.281673431396484,37.63791275024414,36.1483268737793,12.767901420593262
1771501785.9680903,13.098528861999512,24.468996047973633,0.0,23.34689712524414,38.53731918334961,37.281158447265625,13.78526496887207
1771501785.9991078,12.839635848999023,24.15949821472168,0.0,24.107135772705078,39.678897857666016,38.17404556274414,13.843541145324707
1771501786.029626,12.183162689208984,22.711687088012695,0.0,24.683998107910156,40.374202728271484,39.041015625,14.484007835388184
1771501786.062003,11.628339767456055,22.18149757385254,0.0,22.54619789123535,37.42311477661133,36.529029846191406,13.178942680358887
1771501786.0916474,12.12979507446289,22.751157760620117,0.0,25.313779830932617,40.86465835571289,38.99475860595703,14.16348934173584
1771501786.1246471,11.861461639404297,22.787961959838867,0.0,24.939931869506836,39.849300384521484,38.584957122802734,14.304527282714844
1771501786.166914,11.835789680480957,22.441593170166016,0.0,24.637165069580078,40.23455810546875,39.5390625,14.76828670501709
1771501786.2019148,10.416440963745117,21.771133422851562,0.0,23.14175033569336,38.96672821044922,38.24502944946289,14.15604019165039
1771501786.2315564,9.853958129882812,23.32135581970215,0.0,24.997528076171875,38.551456451416016,36.54360580444336,12.847113609313965
1771501786.263538,7.754640102386475,23.509645462036133,0.0,25.45108413696289,37.84180450439453,34.60262680053711,11.60792350769043
1771501786.2940536,7.562334060668945,21.78538703918457,0.0,27.390275955200195,40.58643341064453,37.979331970214844,14.538992881774902
1771501786.3250637,11.245116233825684,22.974504470825195,0.0,29.462276458740234,47.25544738769531,44.996822357177734,20.281469345092773
1771501786.3606498,11.419875144958496,22.477455139160156,0.0,30.20762062072754,50.74837875366211,49.27522659301758,26.691936492919922
1771501786.3899872,8.997048377990723,25.835731506347656,0.0,30.1581974029541,52.213768005371094,52.45649719238281,32.00838088989258
1771501786.4239936,4.74843692779541,29.034500122070312,0.0,30.182527542114258,50.685279846191406,53.091156005859375,34.303226470947266
1771501786.4545262,1.371013879776001,30.667850494384766,0.0,29.580595016479492,55.31873321533203,58.509796142578125,39.34122085571289
1771501786.4854739,-3.4249885082244873,22.24791717529297,0.0,37.96367263793945,68.28026580810547,74.06008911132812,49.121185302734375
1771501786.5184214,-8.695881843566895,16.693958282470703,0.0,40.2518310546875,68.36397552490234,73.01519775390625,51.21229934692383
1771501786.5497675,-12.527353286743164,13.953505516052246,1.0516597032546997,38.55802917480469,62.193519592285156,67.99636840820312,47.53474807739258
1771501786.6300764,-13.297774314880371,13.718518257141113,3.440574884414673,53.06781768798828,71.58716583251953,74.71409606933594,52.075042724609375
1771501786.6520557,-13.56247615814209,14.750709533691406,3.837088108062744,53.66682815551758,71.32244110107422,74.60700988769531,53.627891540527344
1771501786.6840532,-12.236103057861328,13.246562004089355,4.330251216888428,59.716941833496094,76.87425994873047,79.79589080810547,57.2590217590332
1771501786.7140567,-13.673728942871094,14.68351936340332,2.3261759281158447,63.45466232299805,77.67119598388672,80.77652740478516,58.18577575683594
1771501786.7445965,-13.754753112792969,14.759645462036133,1.7510045766830444,67.90092468261719,80.82120513916016,84.54113006591797,58.57663345336914
1771501786.7765932,-11.234627723693848,14.620058059692383,1.8468434810638428,69.2108154296875,83.6565933227539,87.443115234375,65.57148742675781
1771501786.8076143,-7.8594465255737305,14.101792335510254,1.6859463453292847,75.13431549072266,83.3357925415039,84.08519744873047,72.18479919433594
1771501786.8393285,-3.592327117919922,14.579618453979492,3.588221788406372,78.10075378417969,80.91329193115234,78.94010925292969,74.73443603515625
1771501786.8682892,0.40530380606651306,15.79627799987793,5.142535209655762,75.78009033203125,75.58531188964844,71.76943969726562,75.83102416992188
1771501786.9012895,1.2926867008209229,16.272539138793945,6.116217613220215,75.6720962524414,75.20975494384766,70.63738250732422,75.14682006835938
1771501786.9328492,-0.43198075890541077,14.379887580871582,5.784112930297852,76.86521911621094,78.05255126953125,73.79546356201172,73.34693908691406
1771501786.9628546,-9.162898063659668,11.026124000549316,4.198257923126221,75.74809265136719,82.8650131225586,82.14874267578125,70.9538345336914
1771501787.0345502,-8.941398620605469,10.785872459411621,4.133723735809326,73.66128540039062,81.63394927978516,81.22071838378906,71.30303192138672
1771501787.0635462,-9.115257263183594,11.431784629821777,3.8132848739624023,72.8681869506836,80.83045959472656,80.90721893310547,71.78099060058594
1771501787.0918295,-9.5484619140625,11.325471878051758,4.153298854827881,72.92758178710938,81.55635833740234,81.42230987548828,71.40707397460938
1771501787.135962,-10.611371040344238,10.931207656860352,3.866189956665039,73.754150390625,82.20167541503906,82.44601440429688,71.15742492675781
1771501787.1669943,-11.131550788879395,11.275278091430664,3.8691301345825195,73.63391876220703,82.74358367919922,82.8721923828125,70.55511474609375
1771501787.1979613,-11.598811149597168,11.060212135314941,4.005692481994629,73.24690246582031,83.14925384521484,83.58473205566406,70.32679748535156
1771501787.2295492,-12.652758598327637,10.847803115844727,3.6528379917144775,72.56707000732422,84.15135192871094,85.21713256835938,67.61619567871094
1771501787.2615497,-16.94679832458496,9.324320793151855,1.6612647771835327,70.57814025878906,82.31951904296875,83.55180358886719,58.32994842529297
1771501787.2932613,-19.616741180419922,9.286601066589355,3.4359793663024902,51.635902404785156,67.20313262939453,66.25494384765625,43.677772521972656
1771501787.323266,-9.430816650390625,15.7383394241333,1.669135570526123,38.74502182006836,58.92134475708008,60.344051361083984,41.25082015991211
1771501787.355778,-1.8814934492111206,21.018165588378906,1.8251469135284424,30.630779266357422,39.56071472167969,39.78786849975586,24.162683486938477
1771501787.386798,4.157548427581787,23.33868980407715,0.0,31.06787109375,40.574989318847656,36.081298828125,13.670347213745117
1771501787.4178843,12.627099990844727,26.342748641967773,0.0,28.860105514526367,41.34658432006836,36.219120025634766,11.971098899841309
1771501787.4625034,12.373139381408691,26.435688018798828,0.0,24.262786865234375,37.3919792175293,33.48234558105469,11.65809440612793
1771501787.4964833,11.348041534423828,24.24586296081543,0.0,23.189674377441406,35.66057586669922,33.578330993652344,11.704867362976074
1771501787.5277615,10.859618186950684,23.157827377319336,0.0,24.85039520263672,38.480018615722656,35.75476837158203,12.681821823120117
1771501787.559269,12.444244384765625,24.519662857055664,0.0,25.847801208496094,39.36091995239258,36.46961212158203,12.757852554321289
1771501787.5902684,10.793061256408691,23.830867767333984,0.0,25.85666847229004,38.1488037109375,35.34353256225586,10.58992862701416
1771501787.6232758,9.138758659362793,22.817195892333984,0.0,26.805988311767578,38.74172592163086,35.47602081298828,10.522138595581055
1771501787.6537838,8.676756858825684,22.064695358276367,0.0,26.850542068481445,38.839111328125,35.70573806762695,10.790436744689941
1771501787.6838174,9.236793518066406,22.882436752319336,0.0,24.544466018676758,36.60784149169922,33.71366882324219,10.18160343170166
1771501787.7149348,7.823721885681152,21.726539611816406,0.0,24.23849868774414,36.146480560302734,33.75796127319336,9.65622329711914
1771501787.7463717,8.129454612731934,22.273435592651367,0.0,23.314424514770508,35.11497116088867,32.70197296142578,9.203703880310059
1771501787.777371,7.244345188140869,21.452444076538086,0.0,22.61032485961914,34.52849197387695,32.53889846801758,9.201384544372559
1771501787.8135135,7.006778717041016,20.79764175415039,0.0,22.624549865722656,34.96855926513672,32.999855041503906,9.46986198425293
1771501787.8461587,8.301037788391113,21.589677810668945,0.0,23.482179641723633,36.36383819580078,34.00531768798828,10.079862594604492
1771501787.8941617,7.543701171875,21.10468101501465,0.0,24.7385196685791,37.09427261352539,34.75300216674805,9.95860481262207
1771501787.9264975,6.936644077301025,19.85650062561035,0.0,25.697797775268555,38.752891540527344,36.49654006958008,11.024276733398438
1771501787.9490924,6.839194297790527,19.392818450927734,0.0,25.9397029876709,39.14654541015625,36.89163589477539,11.480695724487305
1771501787.981091,6.4765143394470215,18.91611099243164,0.0,25.951520919799805,39.471561431884766,37.1893196105957,11.791899681091309
1771501788.012111,4.475938320159912,18.68427085876465,0.0,24.62046241760254,37.07040023803711,34.28133010864258,10.151158332824707
1771501788.041845,4.173991680145264,18.098669052124023,0.0,26.24627685546875,38.474979400634766,33.38624572753906,10.554435729980469
1771501788.0741227,1.1158100366592407,17.15406608581543,0.0,25.076425552368164,36.021575927734375,30.631540298461914,8.715845108032227
1771501788.1050546,3.030496835708618,19.662351608276367,0.0,26.37633514404297,38.75956344604492,37.12236022949219,19.322986602783203
1771501788.1353319,1.8062233924865723,18.651094436645508,0.0,25.07394790649414,40.53578567504883,45.89091110229492,31.715682983398438
1771501788.1653328,2.185253858566284,23.30962371826172,0.0,27.91370964050293,41.390350341796875,47.6497688293457,35.07454299926758
1771501788.214064,-1.0870989561080933,24.47348976135254,0.0,28.207944869995117,44.1215934753418,54.082462310791016,38.87900924682617
1771501788.2456033,1.0418394804000854,26.77565574645996,0.0,33.01073455810547,59.47547149658203,64.67851257324219,45.9359130859375
1771501788.2796035,-0.9715636968612671,22.40863609313965,0.0,35.47589874267578,63.77020263671875,69.18213653564453,48.052093505859375
1771501788.3283756,-3.2050392627716064,19.937355041503906,0.0,34.70032501220703,63.060997009277344,69.3898696899414,45.13966369628906
1771501788.3578842,-8.308794975280762,16.559818267822266,0.0,32.4904670715332,60.7116584777832,65.14140319824219,38.60175323486328
1771501788.3868861,-8.942278861999512,16.84489631652832,0.0,32.64065170288086,59.819427490234375,64.41363525390625,38.047855377197266
1771501788.4169087,-10.993922233581543,14.37132453918457,0.0,33.17881774902344,59.39500427246094,62.50529479980469,35.414886474609375
1771501788.448444,-13.95307731628418,12.67965316772461,0.0,34.5614128112793,57.77676010131836,60.47969055175781,31.21953010559082
1771501788.4804237,-11.719450950622559,13.574667930603027,0.0,37.002098083496094,60.201316833496094,63.69961929321289,34.098934173583984
1771501788.5124247,-13.01209831237793,11.775860786437988,0.0,39.15901565551758,60.91513442993164,64.32894134521484,34.56725311279297
1771501788.5429602,-17.19546127319336,10.524361610412598,0.07572803646326065,45.7035026550293,63.134342193603516,64.11784362792969,33.55470275878906
1771501788.5749593,-20.085596084594727,9.290105819702148,2.262770652770996,48.557640075683594,62.54645919799805,63.07844543457031,37.611328125
1771501788.6149604,-19.083932876586914,8.16958236694336,0.6304870247840881,63.950584411621094,74.43407440185547,74.94559478759766,49.31873321533203
1771501788.6446218,-17.533205032348633,8.297209739685059,0.08738376945257187,68.52999114990234,82.21958923339844,82.17644500732422,56.119529724121094
1771501788.6772952,-19.26954460144043,9.44068717956543,0.8753278851509094,67.92788696289062,81.95928955078125,83.36224365234375,55.59046173095703
1771501788.7093163,-19.473304748535156,9.274978637695312,1.2342466115951538,65.49775695800781,81.57500457763672,82.2762222290039,55.86994934082031
1771501788.7579331,-18.23604965209961,10.203390121459961,1.5020785331726074,67.67374420166016,83.24961853027344,83.94805908203125,57.72802734375
1771501788.7919238,-18.29920768737793,10.290733337402344,0.504341721534729,69.30024719238281,84.11786651611328,85.51895141601562,58.51115036010742
1771501788.822953,-18.0632381439209,10.070622444152832,0.0,70.19258880615234,84.19930267333984,85.70782470703125,58.93656921386719
1771501788.853088,-17.86833381652832,10.112560272216797,0.0,71.14745330810547,85.08609771728516,86.248291015625,60.30158996582031
1771501788.884103,-18.233659744262695,9.722840309143066,0.0,70.91170501708984,85.15184020996094,85.78666687011719,59.835227966308594
1771501788.917091,-18.19512367248535,9.946803092956543,0.0,72.6330795288086,84.14337921142578,87.13966369628906,60.48879623413086
1771501788.9485943,-17.327465057373047,10.156012535095215,0.0,72.0089111328125,84.16184997558594,87.4599380493164,62.94584274291992
1771501788.9785967,-16.974821090698242,9.503622055053711,0.0,72.20943450927734,85.19103240966797,86.95059204101562,63.8631706237793
1771501789.0146127,-16.48253059387207,9.638137817382812,0.0,72.74798583984375,85.58513641357422,86.78630065917969,64.1451416015625
1771501789.046129,-17.62491798400879,8.482316017150879,0.0,70.90403747558594,85.15208435058594,86.39744567871094,62.64095687866211
1771501789.0797057,-17.7994384765625,7.888825416564941,0.0,71.72093200683594,85.423583984375,86.45618438720703,62.87904357910156
1771501789.1099515,-16.55706214904785,8.944169998168945,0.0,69.68609619140625,86.10585021972656,86.26110076904297,64.31747436523438
1771501789.1415021,-16.100683212280273,8.997056007385254,0.0,70.56968688964844,86.31336975097656,86.11082458496094,64.94684600830078
1771501789.190488,-16.624813079833984,8.960343360900879,0.304656058549881,70.92300415039062,86.95791625976562,85.17330169677734,65.14340209960938
1771501789.2228632,-24.461475372314453,8.245074272155762,0.0,64.65541076660156,80.75758361816406,81.23193359375,56.17265319824219
1771501789.2440503,-22.2545223236084,9.539341926574707,0.1801397055387497,66.56749725341797,81.90262603759766,82.01396942138672,56.144065856933594
1771501789.2760212,-25.997005462646484,10.11184310913086,2.761045455932617,56.21219253540039,68.32414245605469,71.13558959960938,46.41640090942383
1771501789.3080387,-21.53907585144043,13.605741500854492,6.048505783081055,45.0855827331543,57.590538024902344,58.17911148071289,38.51982498168945
1771501789.338352,-5.135332107543945,22.923696517944336,0.32114991545677185,31.337888717651367,47.42298889160156,50.665000915527344,34.95943832397461
1771501789.3693326,-1.2233242988586426,21.667879104614258,0.0,31.41698455810547,40.920616149902344,39.081119537353516,23.697715759277344
1771501789.414135,6.631937026977539,23.392507553100586,0.0,25.9046573638916,36.51531219482422,29.89754295349121,8.153763771057129
1771501789.4476786,6.654454231262207,21.51875877380371,0.0,26.417739868164062,37.97530746459961,32.54508590698242,9.936994552612305
1771501789.4797611,8.905651092529297,23.87061882019043,0.0,27.15794563293457,38.935001373291016,33.21192169189453,9.898860931396484
1771501789.5107598,8.54235553741455,23.614376068115234,0.0,26.42240333557129,37.996185302734375,32.61647033691406,9.863788604736328
1771501789.5412714,6.816578388214111,22.49955940246582,0.0,25.955644607543945,37.02910614013672,32.26762008666992,8.740779876708984
1771501789.574271,7.347928524017334,22.37140655517578,0.0,24.864301681518555,35.95735168457031,31.67325782775879,9.049076080322266
1771501789.6250021,6.117922306060791,20.898160934448242,0.0,25.14893913269043,36.28725814819336,32.262413024902344,9.191887855529785
1771501789.6505635,6.084172248840332,20.452436447143555,0.0,23.676610946655273,35.03915786743164,31.39316177368164,8.618316650390625
1771501789.6824353,6.879321575164795,21.60407066345215,0.0,24.49595069885254,35.34199142456055,31.644601821899414,9.221129417419434
1771501789.7124474,6.250637054443359,20.117321014404297,0.0,23.199012756347656,34.401084899902344,30.979650497436523,8.89408016204834
1771501789.7441623,5.97682523727417,20.89040184020996,0.0,23.80501365661621,35.133514404296875,31.370464324951172,8.787842750549316
1771501789.776124,5.80080509185791,19.74338722229004,0.0,22.012495040893555,33.84346008300781,30.97087287902832,9.262486457824707
1771501789.8147106,8.392008781433105,22.228235244750977,0.0,26.591941833496094,38.454139709472656,34.643394470214844,11.130010604858398
1771501789.867827,7.283742904663086,20.91730308532715,0.0,25.843616485595703,37.99418640136719,34.71565628051758,11.119937896728516
1771501789.899276,8.165494918823242,21.863862991333008,0.0,26.350807189941406,37.70030212402344,34.23580551147461,11.270256996154785
1771501789.9304059,6.917169094085693,22.471282958984375,0.0,27.990825653076172,38.3822021484375,33.49576950073242,11.047924041748047
1771501789.9616883,3.5174713134765625,20.792272567749023,0.0,28.636104583740234,39.340694427490234,35.06932067871094,14.473154067993164
1771501789.9921334,4.536474227905273,22.39592170715332,0.0,29.314537048339844,42.72875213623047,42.1949577331543,25.056766510009766
1771501790.0240343,3.2738566398620605,25.32600975036621,0.0,28.70279884338379,42.36880111694336,47.68301010131836,35.018272399902344
1771501790.05862,-1.8698680400848389,27.54050064086914,0.0,29.485048294067383,42.511695861816406,55.03741455078125,45.65528869628906
1771501790.086556,2.093019723892212,28.301902770996094,0.0,33.04901123046875,46.179595947265625,59.107666015625,49.65609359741211
1771501790.1195698,-7.264242649078369,24.863550186157227,0.0,32.05226516723633,56.61955261230469,66.86946868896484,51.798240661621094
1771501790.1488762,-12.156559944152832,25.292551040649414,8.153278350830078,42.43149948120117,59.09083557128906,69.63372802734375,58.591800689697266
1771501790.1788754,-20.525737762451172,23.28187370300293,3.833063840866089,45.85525131225586,60.365543365478516,74.38633728027344,62.748355865478516
1771501790.2139237,-16.953922271728516,23.02736473083496,4.172035217285156,68.93768310546875,83.12254333496094,84.25321197509766,72.79288482666016
1771501790.2444692,-14.96725082397461,19.21792221069336,2.685713052749634,80.82315826416016,84.767333984375,81.0577621459961,73.20531463623047
1771501790.2814088,-15.418383598327637,17.23216438293457,2.286015033721924,79.93090057373047,83.90306854248047,82.3317642211914,70.91365814208984
1771501790.310404,-15.182639122009277,15.918667793273926,3.6081950664520264,79.97767639160156,83.88566589355469,81.37419891357422,72.48866271972656
1771501790.3439724,-14.799485206604004,16.147329330444336,3.874335527420044,78.53594970703125,82.89510345458984,80.00445556640625,72.87574768066406
1771501790.372921,-15.345463752746582,15.527576446533203,3.0820884704589844,77.32938385009766,83.84329986572266,80.95562744140625,72.33638763427734
1771501790.4049718,-18.0943546295166,14.932868957519531,2.254523754119873,76.74781036376953,84.65390014648438,81.4713363647461,72.18091583251953
1771501790.4536273,-17.85378074645996,14.647034645080566,2.2572596073150635,77.63349151611328,84.69385528564453,80.8911361694336,72.69967651367188
1771501790.489586,-18.11112403869629,15.150721549987793,1.7900313138961792,77.9685287475586,84.10951232910156,80.2916488647461,72.46676635742188
1771501790.52261,-17.74590492248535,15.023929595947266,1.8144006729125977,78.27014923095703,84.02830505371094,79.82571411132812,72.79707336425781
1771501790.5533478,-18.30362319946289,15.572549819946289,1.9642314910888672,78.11599731445312,83.90252685546875,80.0068359375,72.57506561279297
1771501790.5853,-17.787946701049805,14.44752025604248,1.650849461555481,78.0679702758789,84.56285095214844,80.57445526123047,73.19844055175781
1771501790.6163077,-16.001995086669922,14.334169387817383,1.392574429512024,78.96591186523438,84.45814514160156,83.39458465576172,69.89195251464844
1771501790.6469352,-17.078248977661133,16.59855079650879,3.6722333431243896,63.253013610839844,75.50676727294922,74.66506958007812,50.775516510009766
1771501790.6779602,-1.779779314994812,25.66209602355957,0.0,40.754051208496094,59.98771286010742,64.30754852294922,46.3536376953125
1771501790.7119,-5.071102142333984,17.783966064453125,0.0,27.095802307128906,35.20703125,34.51508712768555,20.404417037963867
1771501790.7414567,-2.924555778503418,17.045103073120117,0.0,23.089969635009766,34.25642013549805,31.547866821289062,10.996649742126465
1771501790.7744775,3.4821596145629883,20.839900970458984,0.0,23.34000587463379,36.153018951416016,32.77378463745117,10.66220760345459
1771501790.8055995,4.1177263259887695,21.221664428710938,0.0,22.97520637512207,35.53828811645508,32.65045928955078,9.702018737792969
1771501790.8381336,4.933372497558594,20.10157585144043,0.0,23.399513244628906,37.403175354003906,33.90378189086914,9.545145034790039
1771501790.886217,3.9068405628204346,18.900121688842773,0.0,22.968339920043945,36.99213790893555,33.45879364013672,9.33528995513916
1771501790.9215868,3.2439587116241455,18.421533584594727,0.0,23.677404403686523,36.25900650024414,32.45701599121094,8.176687240600586
1771501790.9440951,4.086333274841309,18.81199836730957,0.0,23.947837829589844,36.288429260253906,32.539188385009766,9.026774406433105
1771501790.9760942,4.408337116241455,18.52084732055664,0.0,23.051122665405273,35.92443084716797,32.62966537475586,9.95871353149414
1771501791.014094,3.5379574298858643,17.958925247192383,0.0,22.416889190673828,34.46247482299805,31.24040985107422,9.789139747619629
1771501791.0446084,4.199443340301514,19.41531753540039,0.0,21.341520309448242,33.13692855834961,29.77524757385254,9.381768226623535
1771501791.0786095,3.215820789337158,18.878063201904297,0.0,22.324954986572266,33.633060455322266,29.967605590820312,9.046050071716309
1771501791.1096087,2.182053327560425,18.47004508972168,0.0,22.235544204711914,33.52116775512695,29.56330108642578,8.419842720031738
1771501791.1441202,3.0754764080047607,19.130577087402344,0.0,22.948001861572266,34.39986801147461,30.529006958007812,8.863700866699219
1771501791.1761205,2.548954486846924,18.120460510253906,0.0,22.084348678588867,33.97314453125,30.22252082824707,8.868729591369629
1771501791.2061512,2.1648166179656982,17.83271026611328,0.0,21.98576545715332,34.3480339050293,30.91459846496582,8.681368827819824
1771501791.2427197,2.6940267086029053,18.495891571044922,0.0,22.949005126953125,35.03816604614258,31.324026107788086,8.804054260253906
1771501791.2757227,2.3469676971435547,17.764944076538086,0.0,23.751632690429688,35.85401916503906,31.881349563598633,9.495683670043945
1771501791.3187263,2.526360034942627,18.070280075073242,0.0,24.34002685546875,36.38726806640625,31.690702438354492,8.693412780761719
1771501791.3522367,0.7007164359092712,18.018789291381836,0.0,25.089555740356445,35.870887756347656,30.29492950439453,8.304628372192383
1771501791.3842359,0.7367975115776062,17.699779510498047,0.0,25.123044967651367,36.07913589477539,31.216318130493164,9.321578025817871
1771501791.4152377,3.3984344005584717,19.095043182373047,0.0,28.905046463012695,42.23652267456055,40.305416107177734,18.25135612487793
1771501791.4467552,8.882112503051758,25.849712371826172,0.0,32.96292495727539,52.657203674316406,54.50127029418945,33.51166534423828
1771501791.4787536,6.540646553039551,30.077163696289062,0.0,31.421171188354492,52.39320373535156,56.20969009399414,35.75889587402344
1771501791.5107536,3.3109934329986572,33.15628433227539,0.0,36.53374481201172,63.46832275390625,74.06429290771484,54.57461166381836
1771501791.5412645,2.712914228439331,30.406970977783203,0.0,47.93037033081055,75.35143280029297,82.03816986083984,61.88616943359375
1771501791.5772662,0.6647205948829651,27.119600296020508,0.0,63.962677001953125,82.82019805908203,84.88250732421875,64.86389923095703
1771501791.6052659,-2.0641863346099854,21.313404083251953,0.0,74.00040435791016,84.9280014038086,83.40533447265625,63.5988655090332
1771501791.6397767,0.906819224357605,22.195520401000977,0.0,81.90238189697266,84.56880187988281,81.90900421142578,71.84979248046875
1771501791.6707802,1.5798739194869995,23.332780838012695,1.4675207138061523,82.41278839111328,80.16960906982422,78.30140686035156,71.12718200683594
1771501791.7017777,-4.20159387588501,21.99899673461914,1.5538012981414795,82.91221618652344,82.67048645019531,80.84092712402344,70.13970947265625
1771501791.7481728,-3.2536611557006836,23.51888084411621,4.718685150146484,82.858642578125,83.19770050048828,81.87397003173828,73.60211944580078
1771501791.7841763,-1.6495327949523926,23.19268798828125,6.20073127746582,79.57160186767578,78.51162719726562,77.25141143798828,73.27059173583984
1771501791.8131735,-1.661476492881775,21.855100631713867,7.104938983917236,78.98735046386719,80.5347900390625,77.67057800292969,73.15796661376953
1771501791.8446934,-2.506516218185425,20.118816375732422,6.695345878601074,77.8518295288086,80.48316192626953,77.40184020996094,72.45103454589844
1771501791.8796954,-3.0148911476135254,18.64903450012207,7.023069858551025,76.79957580566406,80.62422180175781,77.3359375,72.44888305664062
1771501791.9086947,-2.8240323066711426,18.6162109375,7.513281345367432,75.38928985595703,79.8902587890625,76.5298843383789,73.422119140625
1771501791.94276,-4.028975486755371,17.43398666381836,7.213885307312012,74.31570434570312,79.58544158935547,76.61882781982422,73.42001342773438
1771501791.9747605,-3.7051427364349365,16.149696350097656,7.270637512207031,72.5256118774414,80.08961486816406,78.0731430053711,72.37107849121094
1771501792.0074716,-3.510547161102295,16.019634246826172,7.42714786529541,72.28782653808594,79.46832275390625,76.7998275756836,72.4382553100586
1771501792.0359848,-3.591442823410034,15.689372062683105,7.101348876953125,72.25984954833984,79.3310317993164,76.30130767822266,72.31072235107422
1771501792.0719826,-3.457758665084839,15.907021522521973,6.955401420593262,72.36479949951172,79.17532348632812,76.1567611694336,72.50857543945312
1771501792.1049838,-3.4528114795684814,16.221406936645508,7.273588180541992,72.31109619140625,78.84205627441406,76.06084442138672,72.62625885009766
1771501792.1371176,-3.431323289871216,16.050477981567383,7.3581085205078125,72.37367248535156,79.18165588378906,75.84788513183594,72.43095397949219
1771501792.1841164,-3.459641933441162,16.349462509155273,7.363504409790039,72.18258666992188,79.03057098388672,75.89615631103516,72.7714614868164
1771501792.2181435,-3.091623067855835,16.512758255004883,7.74951696395874,71.7206802368164,78.64892578125,76.15038299560547,72.86982727050781
1771501792.246319,-2.753927707672119,16.94818878173828,7.453526496887207,72.02392578125,78.37747192382812,75.63186645507812,72.46110534667969
1771501792.2783198,-3.009268045425415,17.298891067504883,7.165785312652588,72.36808776855469,79.18711853027344,77.36764526367188,72.29497528076172
1771501792.3103156,-3.0705575942993164,18.24846839904785,5.759252071380615,74.14643096923828,79.7378921508789,80.69656372070312,69.80179595947266
1771501792.3458445,-6.10435152053833,18.657245635986328,4.878017425537109,77.26536560058594,83.30683898925781,86.02339172363281,63.47541809082031
1771501792.3748236,-6.906872749328613,20.394296646118164,8.111812591552734,66.00386810302734,75.5263442993164,74.35920715332031,52.91827392578125
1771501792.4048452,-8.677929878234863,19.94571304321289,10.1548490524292,49.14983367919922,65.00542449951172,61.56087112426758,40.93801498413086
1771501792.4413424,-8.238697052001953,16.34896469116211,9.814314842224121,50.086509704589844,53.46367645263672,49.917938232421875,30.14496421813965
1771501792.472363,-9.405176162719727,18.71611785888672,12.310315132141113,38.53440475463867,38.35261917114258,36.05476760864258,18.17829704284668
1771501792.5043662,0.3832363784313202,21.99309539794922,4.283776760101318,42.758888244628906,43.163795471191406,42.042232513427734,21.39595603942871
1771501792.534621,5.336655139923096,23.10103988647461,0.0,37.654972076416016,45.053524017333984,41.18030548095703,18.149494171142578
1771501792.5646026,1.137731909751892,20.816055297851562,0.0,28.90073013305664,38.20426940917969,35.61358642578125,12.776925086975098
1771501792.614602,1.1355783939361572,18.583541870117188,0.0,22.410863876342773,35.5768928527832,34.480247497558594,11.483158111572266
1771501792.6481156,0.5193741917610168,18.4289493560791,0.0,21.36033821105957,33.87395095825195,32.04417037963867,10.34332275390625
1771501792.6771343,1.072632074356079,18.611692428588867,0.0,22.288928985595703,33.65670394897461,32.31731033325195,10.551366806030273
1771501792.7101328,0.29395586252212524,17.727130889892578,0.0,22.271869659423828,33.127967834472656,31.629131317138672,8.84475040435791
1771501792.7416527,-0.06622578948736191,17.018604278564453,0.0,21.09105110168457,32.7303352355957,31.17580795288086,8.820436477661133
1771501792.775658,0.7795056700706482,16.75046157836914,0.0,20.613506317138672,32.448516845703125,30.150705337524414,8.562466621398926
1771501792.8066533,3.535966396331787,18.555511474609375,0.0,21.618797302246094,34.83843994140625,32.2648811340332,10.106346130371094
1771501792.8388999,2.790767192840576,16.83257293701172,0.0,21.42230796813965,34.07223892211914,32.168277740478516,10.14026927947998
1771501792.8739254,0.8985545039176941,15.672966003417969,0.0,20.564701080322266,32.77802276611328,29.97524070739746,8.184205055236816
1771501792.9018993,2.411444664001465,17.455644607543945,0.0,21.990642547607422,33.234344482421875,30.415800094604492,9.085169792175293
1771501792.933954,0.2762497365474701,16.05119514465332,0.0,21.456329345703125,31.945873260498047,28.68144416809082,7.229562282562256
1771501792.9659572,1.3177530765533447,16.973865509033203,0.0,22.985095977783203,32.44957733154297,29.0433406829834,7.644752502441406
1771501793.0059547,1.893682837486267,17.586490631103516,0.0,22.696748733520508,32.87242126464844,28.33768653869629,6.896368980407715
1771501793.047491,2.757324695587158,18.093679428100586,0.0,21.554460525512695,32.074462890625,27.99139404296875,6.86806058883667
1771501793.0835176,2.888552188873291,18.17094612121582,0.0,22.32004737854004,32.74772262573242,28.620908737182617,7.409366130828857
1771501793.1135154,2.0870261192321777,18.035757064819336,0.0,19.95255470275879,30.578025817871094,27.401193618774414,6.933043956756592
1771501793.1420224,1.8731657266616821,17.46112060546875,0.0,20.8631534576416,32.09716033935547,28.356204986572266,6.847082614898682
1771501793.1750162,1.6831833124160767,17.22978973388672,0.0,21.526988983154297,32.30094528198242,28.42529296875,6.769942760467529
1771501793.2070525,1.4551589488983154,16.745750427246094,0.0,21.97664451599121,33.27587127685547,29.607906341552734,7.707208156585693
1771501793.2382796,1.6960456371307373,16.64539337158203,0.0,21.411020278930664,33.017364501953125,29.628101348876953,7.684569358825684
1771501793.270259,1.6425305604934692,17.0273380279541,0.0,21.347715377807617,32.476158142089844,29.136184692382812,7.525272369384766
1771501793.305262,0.7474572062492371,16.583539962768555,0.0,21.43540382385254,32.54585266113281,28.98511505126953,7.285073280334473
1771501793.3353884,0.4409644603729248,16.079084396362305,0.0,20.138565063476562,31.712121963500977,28.53087043762207,6.959468841552734
1771501793.366406,1.8959200382232666,16.81894874572754,0.0,21.144506454467773,32.55866241455078,29.286779403686523,7.531965255737305
1771501793.3993843,1.7141085863113403,16.875328063964844,0.0,21.229572296142578,32.25148010253906,29.004138946533203,7.425785064697266
1771501793.4324403,2.8935184478759766,17.37836265563965,0.0,22.610578536987305,33.55455017089844,30.237010955810547,7.932341575622559
1771501793.4798403,2.474303960800171,17.108739852905273,0.0,21.443429946899414,32.390380859375,29.539241790771484,7.900604724884033
1771501793.511839,2.511216163635254,17.7930850982666,0.0,20.835311889648438,31.63673210144043,28.667375564575195,7.19865083694458
1771501793.5463798,1.6788450479507446,16.572723388671875,0.0,21.069730758666992,31.795928955078125,28.911334991455078,7.251692295074463
1771501793.5773993,1.4634095430374146,16.071014404296875,0.0,21.570199966430664,32.68639373779297,29.456430435180664,7.729247093200684
1771501793.6103866,0.5870750546455383,15.604153633117676,0.0,21.613508224487305,32.56483840942383,28.87567138671875,7.302574157714844
1771501793.6408925,1.7749093770980835,16.816238403320312,0.0,22.200119018554688,33.391456604003906,29.4117374420166,7.638548374176025
1771501793.6718912,1.9591118097305298,16.465709686279297,0.0,21.488441467285156,32.62733459472656,29.102054595947266,7.6142072677612305
1771501793.7028952,1.788896918296814,16.013423919677734,0.0,20.960493087768555,32.392234802246094,29.19338035583496,7.811158180236816
1771501793.7354789,2.275205612182617,16.347457885742188,0.0,21.243070602416992,32.8038330078125,29.708887100219727,8.08262825012207
1771501793.76548,2.113253355026245,16.060426712036133,0.0,21.051992416381836,32.636077880859375,29.44145393371582,8.144368171691895
1771501793.7974792,1.7232073545455933,15.594225883483887,0.0,21.912343978881836,33.27843475341797,29.86634063720703,8.216595649719238
1771501793.8315165,1.5841866731643677,15.807159423828125,0.0,21.904943466186523,33.33556365966797,29.7318115234375,8.182807922363281
1771501793.8620667,2.5628278255462646,16.580829620361328,0.0,21.651411056518555,33.166683197021484,30.090858459472656,8.389623641967773
1771501793.9100401,3.013421058654785,16.20039176940918,0.0,23.113224029541016,34.448707580566406,31.089649200439453,9.076521873474121
1771501793.9435875,3.539801597595215,16.4481258392334,0.0,22.400529861450195,34.092445373535156,30.726587295532227,9.161561012268066
1771501793.9725556,2.915053606033325,15.77954387664795,0.0,21.583566665649414,33.2722053527832,30.1250057220459,8.66381549835205
1771501794.004554,2.487891912460327,16.02692413330078,0.0,21.084142684936523,32.41196823120117,29.467557907104492,7.860766410827637
1771501794.0370963,2.034000873565674,15.774033546447754,0.0,20.580108642578125,31.736480712890625,29.000154495239258,7.442895889282227
1771501794.068642,2.295905828475952,15.922249794006348,0.0,21.348596572875977,32.72573471069336,29.7652645111084,7.822155952453613
1771501794.1016407,1.763310194015503,15.334068298339844,0.0,20.312448501586914,32.03797912597656,29.411954879760742,7.874995231628418
1771501794.1340659,1.402161955833435,14.929758071899414,0.0,20.030885696411133,31.858491897583008,29.07618522644043,7.8503875732421875
1771501794.169065,2.024277687072754,15.535184860229492,0.0,20.765790939331055,32.413143157958984,29.58388900756836,8.161399841308594
1771501794.1977732,2.301698923110962,15.273764610290527,0.0,21.000946044921875,32.527061462402344,29.85260009765625,8.586481094360352
1771501794.228777,1.8711954355239868,15.573339462280273,0.0,21.071048736572266,32.35327911376953,29.759214401245117,8.015565872192383
1771501794.2618701,2.895353078842163,16.6871280670166,0.0,20.812196731567383,32.26414108276367,29.738937377929688,7.728755950927734
1771501794.2938704,1.9414218664169312,15.845660209655762,0.0,20.68457794189453,32.02881622314453,29.529956817626953,7.499705791473389
1771501794.3414583,1.3143105506896973,15.45615005493164,0.0,20.233936309814453,31.7335205078125,29.428016662597656,7.494470119476318
1771501794.3754551,1.7967418432235718,15.585294723510742,0.0,20.384666442871094,32.067806243896484,29.403797149658203,7.706019878387451
1771501794.4054568,1.8804666996002197,15.666680335998535,0.0,20.030271530151367,31.63436508178711,29.406558990478516,7.721340179443359
1771501794.4380107,2.4407243728637695,15.618049621582031,0.0,19.475841522216797,31.61343002319336,29.760387420654297,8.129082679748535
1771501794.4699922,2.4260671138763428,15.571395874023438,0.0,19.705808639526367,31.45463752746582,29.1746883392334,7.72230863571167
1771501794.501958,2.7686305046081543,16.056682586669922,0.0,21.565397262573242,33.02096176147461,30.47130584716797,8.637039184570312
1771501794.5354664,2.4018046855926514,15.653190612792969,0.0,20.732833862304688,32.44417953491211,30.084461212158203,8.510591506958008
1771501794.5704663,1.9709527492523193,15.247027397155762,0.0,21.148393630981445,32.73815155029297,30.18714141845703,8.507037162780762
1771501794.604467,2.6950864791870117,15.653671264648438,0.0,20.52330207824707,32.43961715698242,30.324087142944336,8.735540390014648
1771501794.6389782,2.5577051639556885,15.668798446655273,0.0,21.036645889282227,32.883941650390625,30.0214786529541,8.42935848236084
1771501794.6679811,2.556959390640259,15.142053604125977,0.0,21.370882034301758,33.098846435546875,30.57813835144043,8.960866928100586
1771501794.6979773,1.2743263244628906,14.791781425476074,0.0,22.399433135986328,33.538490295410156,29.969409942626953,7.818107604980469
1771501794.728984,-0.29584363102912903,14.230566024780273,0.0,22.508243560791016,32.358516693115234,27.092674255371094,5.8504743576049805
1771501794.7765074,-2.0380587577819824,14.46887493133545,0.0,22.62457275390625,31.17705726623535,25.526336669921875,4.26686954498291
1771501794.812496,-3.0965781211853027,14.945475578308105,0.0,22.926801681518555,29.875429153442383,25.871463775634766,3.702829360961914
1771501794.8400264,-0.2736770212650299,16.266515731811523,0.0,25.09491539001465,33.49358367919922,29.315366744995117,6.000545024871826
1771501794.870012,0.2907063961029053,15.553062438964844,0.0,23.373979568481445,36.20408630371094,31.914152145385742,10.220500946044922
1771501794.9020114,-0.8058411478996277,14.373385429382324,0.0,21.25257682800293,36.961055755615234,34.49026107788086,13.296984672546387
1771501794.934545,0.7000652551651001,15.887784004211426,0.0,23.476106643676758,41.835758209228516,40.77916717529297,19.11725425720215
1771501794.965695,0.2471041977405548,17.875551223754883,0.0,24.646442413330078,43.48365783691406,45.346988677978516,24.821395874023438
1771501795.0000682,2.8457586765289307,21.219078063964844,0.0,27.524993896484375,45.832332611083984,49.58230209350586,29.902143478393555
1771501795.0320737,2.4195876121520996,24.013225555419922,0.0,29.227249145507812,45.77267074584961,50.053428649902344,31.95197868347168
1771501795.0636096,0.34136420488357544,28.15346336364746,0.0,28.04300880432129,48.32994842529297,52.28277587890625,35.212528228759766
1771501795.0966103,-1.2304871082305908,27.879932403564453,0.0,27.90128517150879,47.999813079833984,53.49067687988281,36.17877197265625
1771501795.1286178,-3.1114354133605957,27.27725601196289,0.0,27.76616859436035,51.90115737915039,55.215789794921875,37.46581268310547
1771501795.1631312,-4.625729560852051,24.860916137695312,0.0,30.73032569885254,58.0264778137207,61.90018844604492,41.8705940246582
1771501795.207409,-5.150630474090576,23.773983001708984,0.0,33.29157638549805,58.804161071777344,63.742774963378906,43.02751922607422
1771501795.2429264,-7.190602779388428,21.024330139160156,0.0,33.77329635620117,59.645477294921875,64.46006774902344,42.255767822265625
1771501795.2731526,-11.551905632019043,18.08083152770996,0.0,31.718833923339844,58.878257751464844,63.499446868896484,40.677703857421875
1771501795.3041544,-13.247915267944336,16.874225616455078,0.0,33.51783752441406,61.20737075805664,63.95601272583008,41.39181900024414
1771501795.3366685,-14.807685852050781,16.174989700317383,0.0,37.56291198730469,62.9246940612793,64.15531158447266,40.64133071899414
1771501795.3676684,-16.98036766052246,15.860465049743652,0.0,39.663639068603516,62.84391403198242,63.87833786010742,39.97305679321289
1771501795.3991644,-17.508419036865234,15.523849487304688,0.0,43.04500961303711,65.42507934570312,66.7142333984375,43.01359558105469
1771501795.4301682,-17.3753719329834,13.900163650512695,0.0,46.71027374267578,69.35344696044922,68.36217498779297,45.14889907836914
1771501795.466704,-16.299333572387695,13.51618766784668,0.0,50.16341018676758,73.41300201416016,71.7297592163086,49.518558502197266
1771501795.494985,-17.683120727539062,12.417957305908203,0.0,54.804996490478516,75.50297546386719,74.92021942138672,52.56913375854492
1771501795.5259895,-18.895183563232422,11.083955764770508,0.0,54.67789840698242,76.2683334350586,74.7955322265625,53.18323516845703
1771501795.5584888,-19.51995849609375,10.217585563659668,0.0,58.023170471191406,79.80282592773438,79.43766784667969,59.95195388793945
1771501795.5914876,-17.619319915771484,8.615891456604004,0.0,64.71968078613281,85.50503540039062,81.16468811035156,64.3126220703125
1771501795.6380093,-18.051156997680664,8.067599296569824,0.0,65.38177490234375,87.17000579833984,80.98644256591797,65.86615753173828
1771501795.6730044,-17.649538040161133,9.099820137023926,0.0,67.24293518066406,88.25987243652344,80.5510482788086,65.80587768554688
1771501795.7010028,-16.79607582092285,9.251472473144531,0.0,73.18194580078125,86.75038146972656,79.64563751220703,68.22492980957031
1771501795.7340102,-17.77680015563965,8.845075607299805,0.0,72.63639831542969,88.65520477294922,81.18714904785156,67.0809555053711
1771501795.7650342,-20.070833206176758,7.636960506439209,0.0,73.42083740234375,89.06079864501953,81.32585906982422,66.97267150878906
1771501795.7980568,-21.016708374023438,7.2616963386535645,0.0,76.72152709960938,88.525146484375,81.90548706054688,68.53267669677734
1771501795.8290508,-21.897350311279297,7.2811150550842285,0.0,78.02279663085938,87.72393798828125,82.43646240234375,69.04148864746094
1771501795.8605735,-21.595802307128906,6.682400226593018,0.0,79.03861236572266,87.46819305419922,81.94082641601562,70.74169921875
1771501795.8945727,-22.41447639465332,5.763914108276367,0.0,78.65066528320312,87.93853759765625,82.0095443725586,71.08354187011719
1771501795.9233031,-22.277570724487305,5.216972827911377,0.0,78.9934310913086,88.04395294189453,81.85425567626953,71.80255889892578
1771501795.956408,-22.215730667114258,5.357897758483887,0.0,79.67926025390625,88.17758178710938,81.3500747680664,72.13480377197266
1771501795.9894075,-24.32870101928711,4.47012186050415,0.0,79.18225860595703,87.63470458984375,82.228271484375,69.85811614990234
1771501796.037431,-24.871110916137695,4.403091907501221,0.0,78.07080841064453,86.38328552246094,83.12139892578125,68.29598999023438
1771501796.0704312,-24.817638397216797,3.9559731483459473,0.0,78.26171875,86.80573272705078,83.21600341796875,67.99890899658203
1771501796.1044314,-25.31515884399414,3.542318820953369,0.0,78.2425537109375,86.61227416992188,83.45533752441406,68.24332427978516
1771501796.1324403,-25.558475494384766,3.122296094894409,0.0,79.34129333496094,86.96733093261719,82.96974182128906,68.41697692871094
1771501796.1655269,-26.575223922729492,2.4758834838867188,0.0,77.23303985595703,85.3022232055664,83.85126495361328,65.77481842041016
1771501796.1975415,-26.517995834350586,1.776912808418274,0.0,77.7293930053711,85.5382308959961,83.26815795898438,66.57989501953125
1771501796.2315476,-25.58077621459961,2.0935966968536377,0.0,77.5982666015625,86.17822265625,82.858642578125,66.69601440429688
1771501796.261059,-26.681066513061523,1.8277075290679932,0.0,77.95973205566406,85.45670318603516,83.13932800292969,66.21106719970703
1771501796.2930574,-26.31689453125,2.0128023624420166,0.0,78.5665054321289,85.6871109008789,83.16447448730469,65.48125457763672
1771501796.328062,-25.795072555541992,2.244248867034912,0.0,79.33690643310547,86.18206787109375,83.46841430664062,65.87407684326172
1771501796.356572,-25.243261337280273,2.720548391342163,0.0,78.65088653564453,86.81948852539062,83.4345703125,66.57696533203125
1771501796.3885705,-24.64920997619629,3.2828800678253174,0.0,77.94140625,87.46942901611328,82.9814682006836,67.61769104003906
1771501796.4205751,-23.704565048217773,4.119607448577881,0.0,78.3445816040039,88.03616333007812,82.93106079101562,68.94454956054688
1771501796.4688447,-22.37179183959961,5.891168594360352,0.0,76.92449188232422,87.2303466796875,82.12361145019531,70.09859466552734
1771501796.5058458,-23.651174545288086,6.058955669403076,0.0,74.89556884765625,87.44181823730469,82.08969116210938,69.74217987060547
1771501796.5348496,-25.453657150268555,5.893688201904297,0.0,75.1612777709961,87.66585540771484,82.79584503173828,67.71006774902344
1771501796.5644464,-24.067502975463867,6.343885898590088,0.0,74.02153015136719,87.86898040771484,82.91590118408203,67.13597106933594
1771501796.5965633,-24.799846649169922,6.416861057281494,0.21850340068340302,75.09284973144531,87.95857238769531,82.97473907470703,66.42937469482422
1771501796.62957,-24.544309616088867,6.273792743682861,0.3465847074985504,75.50950622558594,87.7702407836914,82.49998474121094,65.66339874267578
1771501796.6610796,-23.024295806884766,7.069384574890137,1.8094898462295532,74.78971099853516,87.46517944335938,81.4644546508789,67.15525817871094
1771501796.6930797,-22.3310604095459,7.589691162109375,2.131086826324463,74.74922943115234,86.9100341796875,80.47430419921875,68.6009292602539
1771501796.7260876,-23.04327392578125,7.062620639801025,2.114309072494507,74.98087310791016,86.55667114257812,81.09112548828125,68.25406646728516
1771501796.7582052,-23.39330291748047,7.036634922027588,1.8585847616195679,75.14008331298828,86.75393676757812,80.85064697265625,68.01517486572266
1771501796.7902062,-23.155805587768555,6.955595016479492,1.856902003288269,75.64553833007812,87.08476257324219,80.47776794433594,67.84506225585938
1771501796.8212109,-22.84842300415039,6.836650371551514,2.1290106773376465,75.57290649414062,87.02922058105469,80.60672760009766,68.15636444091797
1771501796.854263,-22.970542907714844,6.858319282531738,2.5033862590789795,75.85820007324219,87.23006439208984,79.71923828125,68.78015899658203
1771501796.9023445,-22.745685577392578,7.0635905265808105,2.483018159866333,76.28042602539062,87.21027374267578,79.4388198852539,68.6591796875
1771501796.9343977,-23.41746711730957,6.701199054718018,2.1095638275146484,76.41185760498047,87.05257415771484,80.05706787109375,68.30648803710938
1771501796.9659364,-24.15334701538086,6.44633150100708,1.8662830591201782,76.26469421386719,87.10213470458984,80.32130432128906,68.09772491455078
1771501796.9979048,-24.256193161010742,5.894089221954346,1.9376534223556519,76.42023468017578,87.23989868164062,80.36563110351562,68.09171295166016
1771501797.0299258,-24.458003997802734,6.46978759765625,2.2513792514801025,76.36904907226562,86.97884368896484,80.07417297363281,68.21527862548828
1771501797.060415,-24.17769432067871,6.307823181152344,2.6899960041046143,76.13516998291016,87.25933074951172,80.17298889160156,68.39800262451172
1771501797.0944169,-24.435585021972656,6.524343490600586,2.99712872505188,76.72084045410156,86.8362808227539,79.72923278808594,68.91521453857422
1771501797.125422,-24.772192001342773,6.089293479919434,2.3687713146209717,76.64962005615234,86.30636596679688,80.97256469726562,68.1408462524414
1771501797.1569402,-24.94398307800293,6.330780982971191,2.8023159503936768,76.53418731689453,86.17755889892578,80.33455657958984,68.7231674194336
1771501797.192942,-24.733684539794922,6.755237579345703,3.3238563537597656,76.76498413085938,86.0351791381836,79.612548828125,69.3190689086914
1771501797.2209446,-23.451025009155273,6.9061279296875,4.096124172210693,76.46735382080078,85.98867797851562,79.5151138305664,68.7273941040039
1771501797.2544568,-22.259904861450195,7.462865829467773,4.638417720794678,76.60401153564453,85.94102478027344,78.93252563476562,69.318115234375
1771501797.286456,-21.9041748046875,7.73535680770874,4.378345489501953,76.89868927001953,85.76251983642578,78.98929595947266,69.79623413085938
1771501797.3359654,-22.19814682006836,7.3394060134887695,4.44297456741333,77.25541687011719,85.69197082519531,79.16854858398438,70.74799346923828
1771501797.3709695,-22.71286964416504,7.225088596343994,4.005428314208984,76.55824279785156,85.47013092041016,79.1186294555664,70.59101104736328
1771501797.4029708,-22.561803817749023,6.88601016998291,3.8476970195770264,77.22798919677734,85.71768951416016,79.3397445678711,70.52889251708984
1771501797.431974,-21.763235092163086,6.88554573059082,3.7656819820404053,77.3807373046875,85.93114471435547,78.14067077636719,70.53448486328125
1771501797.4645255,-22.05486297607422,6.500479698181152,3.792714834213257,77.98615264892578,86.20460510253906,78.45506286621094,70.63941192626953
1771501797.4944925,-22.83529281616211,6.320468425750732,3.479905843734741,77.408935546875,86.10810852050781,78.40758514404297,70.52179718017578
1771501797.525506,-23.323942184448242,6.036773204803467,3.1499264240264893,77.26070404052734,85.77812194824219,79.09986877441406,70.27442169189453
1771501797.5576456,-23.04969024658203,5.944028854370117,3.3659934997558594,77.55501556396484,86.11415100097656,78.20869445800781,70.71397399902344
1771501797.588653,-23.241504669189453,5.839028835296631,3.399733781814575,77.50239562988281,86.11687469482422,78.20047760009766,70.77851104736328
1771501797.625736,-23.411012649536133,5.144533157348633,3.1793477535247803,77.4493408203125,86.4770736694336,78.95929718017578,70.12957000732422
1771501797.6533043,-23.46784782409668,5.286856651306152,3.125434160232544,77.29174041748047,86.2840576171875,78.87535095214844,70.51415252685547
1771501797.6883488,-23.027503967285156,6.009049892425537,3.4389028549194336,77.63473510742188,86.10901641845703,78.66915893554688,70.45206451416016
1771501797.718302,-23.423450469970703,5.572689533233643,3.2385165691375732,77.59078216552734,86.08943939208984,78.60993194580078,70.5315170288086
1771501797.7658796,-23.94348907470703,5.382901668548584,2.8618574142456055,77.11519622802734,86.028076171875,79.67665100097656,70.33888244628906
1771501797.7978785,-23.09942054748535,5.4959797859191895,3.43243670463562,76.8974838256836,86.09780883789062,78.8795166015625,70.98794555664062
1771501797.8318856,-22.907169342041016,4.947066783905029,3.5195555686950684,77.25639343261719,86.2690200805664,79.4428482055664,71.12812042236328
1771501797.8610458,-22.5322265625,4.947315692901611,3.6441032886505127,76.50333404541016,85.85334014892578,79.54682159423828,71.24600982666016
1771501797.8930469,-22.18479347229004,5.7401123046875,3.895244598388672,76.30239868164062,85.7929916381836,79.4947509765625,71.75494384765625
1771501797.925051,-23.012224197387695,5.369247913360596,3.31435489654541,76.70038604736328,85.42525482177734,79.61046600341797,71.53038787841797
1771501797.9576216,-22.55842399597168,5.631682872772217,3.6252994537353516,75.84657287597656,85.82120513916016,79.49166107177734,71.24201965332031
1771501797.9883516,-22.938047409057617,5.332047939300537,4.006934642791748,76.25527954101562,85.88129425048828,78.78263092041016,71.29861450195312
1771501798.0205133,-22.366519927978516,5.046963691711426,3.74621844291687,77.0996322631836,86.40904235839844,78.68170166015625,70.74943542480469
1771501798.0559814,-23.16095542907715,5.449365615844727,3.9434008598327637,77.20294189453125,86.16242980957031,79.17432403564453,70.39918518066406
1771501798.0899823,-22.263504028320312,5.729015350341797,4.080605506896973,76.47499084472656,86.15589904785156,79.05428314208984,71.14956665039062
1771501798.1209817,-23.099056243896484,5.511054039001465,3.4210031032562256,77.09847259521484,85.86857604980469,79.7562484741211,70.7462158203125
1771501798.1525116,-22.823162078857422,5.318333625793457,3.2931153774261475,77.26421356201172,86.07833862304688,79.40121459960938,70.98285675048828
1771501798.2295182,-21.079233169555664,5.007308483123779,3.3350391387939453,77.37468719482422,85.82134246826172,78.28487396240234,71.23176574707031
1771501798.2627964,-22.84071922302246,5.159717559814453,3.2966489791870117,76.45507049560547,85.53756713867188,78.39591217041016,72.1612777709961
1771501798.2948127,-22.876140594482422,4.924912452697754,3.2419850826263428,76.68413543701172,85.95382690429688,79.16941833496094,70.31761169433594
1771501798.3268178,-23.409503936767578,5.1896586418151855,3.1260342597961426,76.72727966308594,85.94285583496094,79.43388366699219,70.68882751464844
1771501798.358331,-23.059595108032227,5.193635940551758,3.474274158477783,77.21508026123047,85.86038208007812,79.4950942993164,71.38896179199219
1771501798.390329,-22.539474487304688,5.101052761077881,3.5081448554992676,77.20315551757812,85.95421600341797,79.2988052368164,70.86003875732422
1771501798.4213278,-22.194429397583008,4.741172790527344,3.7889962196350098,77.11913299560547,86.35567474365234,79.25628662109375,70.50364685058594
1771501798.4528425,-22.47483253479004,4.999689102172852,3.7147860527038574,76.79801940917969,86.1063003540039,78.83447265625,71.0077896118164
1771501798.4868448,-22.547658920288086,4.883148193359375,3.5439600944519043,77.13095092773438,86.39380645751953,79.35167694091797,70.79429626464844
1771501798.5158432,-22.61988639831543,4.7271504402160645,3.6241512298583984,76.67435455322266,86.1973876953125,79.1797103881836,70.95451354980469
1771501798.5483582,-22.768508911132812,4.482060432434082,3.7023117542266846,76.7553482055664,86.19743347167969,79.0159683227539,71.41415405273438
1771501798.5793576,-21.953372955322266,4.987056732177734,3.3100430965423584,77.29170989990234,86.02758026123047,78.09716033935547,71.24784088134766
1771501798.6313634,-21.91677474975586,5.183932781219482,2.8750410079956055,76.3941421508789,85.98857879638672,77.94232177734375,70.8620376586914
1771501798.661606,-22.268651962280273,4.950185298919678,3.22271728515625,77.435546875,86.4173355102539,78.3862075805664,70.38264465332031
1771501798.6906087,-21.835044860839844,4.712582111358643,3.400149345397949,77.82112884521484,86.77008056640625,78.36965942382812,70.3899917602539
1771501798.7186167,-21.928884506225586,4.707718849182129,3.5337414741516113,77.71946716308594,86.8366470336914,77.78703308105469,70.92130279541016
1771501798.7501295,-21.217409133911133,4.65601921081543,3.683347702026367,77.83363342285156,86.6113510131836,77.67244720458984,71.3017349243164
1771501798.7801282,-21.14764976501465,4.596125602722168,3.790883779525757,77.21233367919922,86.1009750366211,77.96772766113281,71.33824157714844
1771501798.8118987,-21.9367733001709,4.4460835456848145,3.8104920387268066,77.56169891357422,86.01699829101562,78.7476806640625,71.87889862060547
1771501798.8435187,-22.67124366760254,4.6135358810424805,3.286874294281006,76.20894622802734,86.0742416381836,79.52328491210938,71.00692749023438
1771501798.87552,-22.010662078857422,4.750121593475342,3.2188196182250977,75.62284088134766,86.02398681640625,79.96361541748047,70.91102600097656
1771501798.9085195,-22.244304656982422,4.686518669128418,3.4438021183013916,76.2467269897461,86.08413696289062,79.80769348144531,70.8775405883789
1771501798.939036,-21.702289581298828,4.351593971252441,3.479905843734741,77.28704071044922,86.35127258300781,79.24801635742188,70.98719024658203
1771501798.970038,-21.52918243408203,5.193396091461182,3.1439990997314453,76.59991455078125,85.6181411743164,78.94705200195312,71.90303802490234
1771501799.0130346,-21.986173629760742,4.6139607429504395,3.257370948791504,75.93604278564453,85.06810760498047,78.7030029296875,71.74365997314453
1771501799.061597,-21.91897201538086,4.71068811416626,3.4122841358184814,76.60331726074219,85.7702865600586,77.89805603027344,72.11434173583984
1771501799.0966136,-21.321640014648438,4.5185017585754395,3.072044610977173,76.78449249267578,85.7667236328125,77.73567962646484,72.46466827392578
1771501799.1255853,-21.29638671875,4.6409406661987305,3.190554618835449,76.68865966796875,85.87934875488281,77.95585632324219,71.8086929321289
1771501799.156992,-22.250062942504883,4.621218681335449,3.3161869049072266,76.3682632446289,85.52162170410156,77.76321411132812,72.1712646484375
1771501799.1879892,-21.664636611938477,4.403309345245361,2.926421880722046,76.22737884521484,86.04779815673828,78.26954650878906,71.90164947509766
1771501799.2199907,-21.593109130859375,4.6336588859558105,2.8311846256256104,76.85858154296875,86.31182861328125,78.36750793457031,71.47348022460938
1771501799.2520266,-21.56424331665039,4.570150852203369,2.72239351272583,76.39026641845703,85.71929168701172,77.81839752197266,71.95663452148438
1771501799.283029,-20.663331985473633,4.626223564147949,3.494842052459717,77.20653533935547,85.77001190185547,76.96320343017578,72.3388442993164
1771501799.3160248,-19.83190155029297,5.1988301277160645,3.485445022583008,77.23979187011719,85.46334838867188,76.77363586425781,71.93769073486328
1771501799.3479035,-20.38117027282715,5.06851053237915,3.65024733543396,77.68057250976562,85.9712905883789,77.97801971435547,71.3414077758789
1771501799.3779068,-21.913249969482422,4.947449207305908,3.1551644802093506,77.09678649902344,85.81034851074219,78.60108184814453,71.12814331054688
1771501799.4129043,-21.609861373901367,4.841826438903809,3.1963558197021484,77.41587829589844,86.4560775756836,78.90287780761719,70.91048431396484
1771501799.44542,-22.07626724243164,4.501404762268066,2.7970025539398193,77.04222869873047,86.55570220947266,78.87358093261719,70.66218566894531
1771501799.4934607,-22.079513549804688,4.562506675720215,3.0042452812194824,77.09716796875,86.45989227294922,79.43336486816406,70.4429702758789
1771501799.5264776,-21.899534225463867,4.81886625289917,2.595857858657837,76.85608673095703,86.29651641845703,78.85579681396484,70.92947387695312
1771501799.550977,-21.7645263671875,4.632095813751221,2.5431082248687744,76.78015899658203,86.3274154663086,78.52427673339844,71.22359466552734
1771501799.5809743,-21.4484806060791,4.815059185028076,2.6927053928375244,77.3537368774414,86.33162689208984,78.14253234863281,70.70556640625
1771501799.6119754,-22.474641799926758,5.031915187835693,3.041569471359253,77.02892303466797,86.46630859375,79.31997680664062,69.89192199707031
1771501799.6424978,-21.071043014526367,4.783195972442627,3.2994232177734375,76.5447006225586,86.57840728759766,78.37810516357422,71.55327606201172
1771501799.6724885,-22.152368545532227,4.523724555969238,3.1421332359313965,76.4221420288086,86.34424591064453,78.87494659423828,71.26514434814453
1771501799.703498,-21.612773895263672,4.608389377593994,2.789247989654541,76.96820068359375,86.46243286132812,77.83334350585938,71.07546997070312
1771501799.735495,-21.989330291748047,4.561602592468262,2.7042887210845947,76.78996276855469,86.36902618408203,78.41785430908203,71.06938171386719
1771501799.7649996,-21.154687881469727,4.905874252319336,3.0822997093200684,76.63740539550781,86.20919799804688,77.84379577636719,71.36414337158203
1771501799.814,-21.67748260498047,4.589632987976074,2.570124626159668,77.12650299072266,86.3135757446289,78.4123306274414,70.70178985595703
1771501799.846515,-22.45578956604004,4.682589530944824,2.35377836227417,76.38621520996094,85.99395751953125,78.4148941040039,71.31119537353516
1771501799.8775122,-21.51801300048828,4.77924108505249,2.733835220336914,77.02239227294922,86.24166870117188,78.12706756591797,71.07057189941406
1771501799.9265192,-21.23051643371582,4.326127529144287,3.2318928241729736,76.63311004638672,86.56270599365234,78.32365417480469,70.55384826660156
1771501799.9580238,-21.49897575378418,4.12060546875,2.887709856033325,77.26162719726562,86.9857177734375,78.27629852294922,70.48958587646484
1771501799.9880257,-21.48647117614746,4.0721306800842285,3.0281412601470947,77.20941925048828,86.98695373535156,78.22608947753906,70.64379119873047
1771501800.0181384,-21.470102310180664,4.7128005027771,2.9065117835998535,76.82083892822266,86.67021942138672,77.98477172851562,70.99480438232422
1771501800.0484118,-21.3953914642334,5.153207302093506,2.9246933460235596,76.71125793457031,86.39087677001953,78.17998504638672,70.7486801147461
1771501800.081412,-21.323593139648438,5.046419143676758,2.9621875286102295,76.57719421386719,86.45662689208984,77.78860473632812,70.91394805908203
1771501800.1124156,-21.12000846862793,4.949092388153076,3.028933048248291,76.42621612548828,86.5176010131836,77.96631622314453,70.40443420410156
1771501800.1436644,-21.286155700683594,5.070577621459961,2.805680513381958,76.95777130126953,86.52722930908203,77.4930419921875,70.7212905883789
1771501800.1746662,-21.419166564941406,5.047811508178711,2.896232843399048,76.69763946533203,86.85433959960938,78.15629577636719,70.18384552001953
1771501800.2176661,-21.448020935058594,4.654883861541748,2.981320858001709,76.44677734375,86.698974609375,78.11450958251953,70.92457580566406
1771501800.2461388,-22.090959548950195,4.456725120544434,2.5584726333618164,76.9826889038086,86.62710571289062,78.2210693359375,70.4464111328125
1771501800.279135,-21.842222213745117,4.6050496101379395,2.668377161026001,76.1600570678711,86.5638427734375,78.78126525878906,70.26034545898438
1771501800.313151,-21.82438087463379,5.054656505584717,2.5306172370910645,76.97056579589844,86.80401611328125,78.48694610595703,70.17230224609375
1771501800.3596516,-21.5299129486084,5.025388717651367,3.0487136840820312,76.45020294189453,86.83090209960938,78.88978576660156,69.7177505493164
1771501800.389651,-21.539594650268555,5.343307971954346,2.5394504070281982,76.66133880615234,86.49826049804688,79.11526489257812,69.83721923828125
1771501800.412648,-21.24260902404785,5.3767781257629395,2.7287495136260986,76.5025405883789,86.74820709228516,79.0430908203125,69.74303436279297
1771501800.4431703,-22.14837074279785,4.762795448303223,2.592916250228882,76.69619750976562,86.9031982421875,78.74017333984375,69.88488006591797
1771501800.474165,-21.071796417236328,5.298683166503906,2.6100826263427734,77.38358306884766,86.49244689941406,77.85374450683594,70.513671875
1771501800.5051649,-21.98093605041504,4.368896961212158,2.668060779571533,76.66887664794922,86.95972442626953,78.78131866455078,70.49907684326172
1771501800.53617,-21.096786499023438,5.033951282501221,2.9730331897735596,76.7599105834961,86.46553802490234,77.77526092529297,70.86642456054688
1771501800.5666792,-21.459945678710938,4.971715450286865,2.786587953567505,76.9971923828125,86.61666870117188,77.89033508300781,70.62801361083984
1771501800.6136813,-21.3013858795166,4.726318359375,2.6712026596069336,77.4624252319336,87.07416534423828,78.11162567138672,70.3798599243164
1771501800.647117,-21.368518829345703,4.92756986618042,3.0248239040374756,77.01573944091797,86.94686889648438,78.71782684326172,70.13282775878906
1771501800.6771078,-20.94492530822754,5.304688453674316,2.843493938446045,77.71382904052734,86.87224578857422,77.6081314086914,70.930908203125
1771501800.709109,-21.572057723999023,4.929226875305176,2.846538782119751,77.26036071777344,86.69293212890625,77.99061584472656,70.4267578125
1771501800.741087,-21.620567321777344,5.130943298339844,2.7347772121429443,76.6951904296875,86.56282043457031,78.47644805908203,70.53849792480469
1771501800.7890847,-22.1016845703125,4.7830891609191895,2.667024850845337,76.96163177490234,86.45210266113281,78.39061737060547,70.39472198486328
1771501800.8240898,-21.850597381591797,4.923943996429443,2.2379579544067383,76.72190856933594,86.70895385742188,78.27526092529297,70.84500885009766
1771501800.8498647,-21.643924713134766,5.094313144683838,2.645695209503174,76.98150634765625,86.39934539794922,77.69767761230469,71.14871978759766
1771501800.8808637,-21.613853454589844,5.15030574798584,2.3841097354888916,77.30376434326172,86.40604400634766,77.63123321533203,71.01805877685547
1771501800.9128664,-21.37698745727539,5.063549518585205,2.9191486835479736,76.6959457397461,86.16130065917969,77.6319808959961,71.04042053222656
1771501800.9443953,-21.491588592529297,5.104608058929443,2.8328325748443604,77.1512222290039,86.22083282470703,77.87741088867188,70.7490463256836
1771501800.97539,-21.48311424255371,4.734677791595459,2.34206485748291,77.31690216064453,86.59785461425781,78.03488159179688,70.21277618408203
1771501801.0133913,-21.85673713684082,5.054234027862549,2.3767404556274414,76.87093353271484,86.28785705566406,78.32585144042969,70.66093444824219
1771501801.0459101,-21.34363555908203,5.143163204193115,2.3704068660736084,77.54645538330078,86.4979248046875,77.83854675292969,70.36402130126953
1771501801.0789132,-21.763872146606445,4.600817680358887,2.4074056148529053,77.04972076416016,87.00062561035156,78.23380279541016,70.29960632324219
1771501801.109036,-21.643875122070312,4.750309467315674,2.5557668209075928,77.6436996459961,86.62791442871094,77.96051788330078,70.84363555908203
1771501801.142133,-21.277414321899414,4.875374794006348,2.7711760997772217,77.43157958984375,86.52001953125,77.95854949951172,70.98591613769531
1771501801.1751332,-21.436302185058594,4.797877788543701,2.515923261642456,77.54930877685547,86.82380676269531,77.93333435058594,70.48450469970703
1771501801.2271438,-21.999149322509766,4.8878984451293945,2.246469736099243,76.89005279541016,86.59394836425781,78.64997100830078,70.6335220336914
1771501801.2571802,-21.851797103881836,5.015586853027344,2.3693149089813232,77.01836395263672,86.41181945800781,78.40430450439453,70.80491638183594
1771501801.2881799,-21.947446823120117,5.489325046539307,2.6057939529418945,77.3411865234375,86.15926361083984,78.04991149902344,71.00540161132812
1771501801.3183951,-22.527109146118164,4.836069107055664,2.3092291355133057,76.7425537109375,86.76402282714844,78.59382629394531,69.9596176147461
1771501801.3504684,-22.797117233276367,5.042335033416748,2.536648988723755,76.41795349121094,86.58189392089844,79.06924438476562,70.34444427490234
1771501801.3814642,-22.40327262878418,4.480594158172607,2.589582920074463,76.91023254394531,86.8606948852539,78.75857543945312,70.32466888427734
1771501801.4164743,-22.367794036865234,4.893826961517334,2.694368839263916,76.45084381103516,86.6753921508789,78.64755249023438,70.16671752929688
1771501801.4469922,-22.77794075012207,4.715744495391846,2.5718321800231934,76.47644805908203,86.76892852783203,78.4703140258789,70.16114044189453
1771501801.481555,-21.824020385742188,4.780796051025391,2.2604587078094482,76.55902099609375,86.91605377197266,78.47705841064453,70.01016998291016
1771501801.5105474,-22.368881225585938,4.688190937042236,2.4503772258758545,76.58784484863281,86.94347381591797,78.30374908447266,70.3314437866211
1771501801.5410795,-22.546951293945312,4.480004787445068,2.3145592212677,76.81550598144531,87.04527282714844,78.64910125732422,70.31100463867188
1771501801.573081,-22.143695831298828,4.871739864349365,2.130470037460327,77.00212860107422,87.11492919921875,77.98953247070312,70.44520568847656
1771501801.605082,-21.889297485351562,5.125547409057617,2.0784077644348145,76.70629119873047,86.74363708496094,78.28142547607422,70.28044128417969
1771501801.6576166,-21.924633026123047,5.21144437789917,2.448521137237549,77.20072174072266,86.74249267578125,77.98927307128906,70.10785675048828
1771501801.6776912,-22.114601135253906,5.190961837768555,2.7114787101745605,76.92888641357422,86.6601791381836,78.38919067382812,70.38109588623047
1771501801.710697,-21.98761749267578,4.787269115447998,2.3947365283966064,77.20386505126953,87.20719146728516,78.36197662353516,70.10261535644531
1771501801.7412295,-22.37432289123535,4.883864879608154,2.483025074005127,77.01007080078125,86.7092514038086,78.05121612548828,70.88723754882812
1771501801.77323,-22.290111541748047,4.955615997314453,2.4548840522766113,76.98954010009766,86.68170166015625,78.24122619628906,71.16921997070312
1771501801.8142583,-21.64307975769043,5.748852252960205,2.639514207839966,76.84815979003906,86.1198501586914,77.85202026367188,71.1867904663086
1771501801.8457813,-21.602243423461914,5.347695827484131,2.3340327739715576,77.17479705810547,86.5902099609375,78.30369567871094,70.40319061279297
1771501801.8767815,-21.270286560058594,5.650183200836182,2.235102415084839,77.37692260742188,86.62593841552734,78.00211334228516,70.87469482421875
1771501801.9087749,-22.09206199645996,5.322058200836182,2.3456931114196777,77.189208984375,86.85881805419922,78.27455139160156,70.34898376464844
1771501801.9430075,-21.497446060180664,5.249523162841797,2.6323366165161133,77.49507904052734,86.67975616455078,77.98716735839844,71.03570556640625
1771501801.9759984,-21.3158016204834,5.159890651702881,2.4403669834136963,77.33721160888672,86.54197692871094,77.92098999023438,70.90164184570312
1771501802.0079966,-20.96001625061035,5.684981346130371,2.6142518520355225,76.84906005859375,86.08222961425781,77.482421875,71.24571228027344
1771501802.0535219,-20.72129249572754,5.312070846557617,2.97337007522583,78.2060546875,86.40315246582031,77.10570526123047,70.9251708984375
1771501802.087758,-22.01974868774414,5.236629962921143,2.4209535121917725,76.77996826171875,87.01029968261719,78.4177017211914,70.61973571777344
1771501802.118518,-22.300886154174805,5.0629563331604,2.441506862640381,76.96037292480469,86.95085144042969,78.30770874023438,70.72669219970703
1771501802.1520371,-21.62744903564453,5.482990264892578,2.6206719875335693,77.06414794921875,86.76081848144531,78.08092498779297,70.9305191040039
1771501802.1810467,-21.98216438293457,5.549344062805176,2.589928388595581,77.33171844482422,86.61250305175781,78.33787536621094,70.34961700439453
1771501802.2140374,-22.106185913085938,5.225721836090088,2.816307306289673,77.49332427978516,86.6329116821289,78.1135482788086,70.69910430908203
1771501802.2465544,-21.9188232421875,5.408579349517822,2.1539738178253174,77.3474349975586,86.72738647460938,78.60457611083984,69.99939727783203
1771501802.2795558,-21.021800994873047,5.614475250244141,2.6486029624938965,77.50968933105469,86.31156158447266,77.78950500488281,70.60539245605469
1771501802.3118756,-22.121767044067383,5.1163434982299805,2.3072330951690674,77.03176879882812,86.75248718261719,78.416015625,70.1990966796875
1771501802.344425,-21.575716018676758,5.048241138458252,2.0132761001586914,76.46258544921875,86.71282196044922,78.27105712890625,70.24279022216797
1771501802.3764248,-22.603046417236328,4.91256046295166,2.4649643898010254,76.36874389648438,86.8382568359375,78.47562408447266,70.39093017578125
1771501802.4064326,-22.383281707763672,4.828691005706787,2.3652455806732178,76.61772155761719,87.14665222167969,78.51535034179688,70.52336883544922
1771501802.4374394,-21.56862449645996,5.128774642944336,2.6111817359924316,76.67776489257812,87.18658447265625,77.94738006591797,70.71651458740234
1771501802.4879494,-21.36396598815918,5.384003639221191,2.4824883937835693,76.95272064208984,86.64105987548828,77.52685546875,70.9290771484375
1771501802.5189524,-21.92148208618164,5.17827033996582,2.7093350887298584,76.7791748046875,86.81703186035156,78.00945281982422,70.60488891601562
1771501802.5404835,-21.841785430908203,5.063900470733643,2.6871464252471924,76.82534790039062,87.09323120117188,78.21095275878906,70.44051361083984
1771501802.572486,-21.919958114624023,5.14794921875,2.536831855773926,77.13175964355469,87.19334411621094,78.15773010253906,70.11590576171875
1771501802.6154857,-22.04670524597168,5.160487651824951,2.4970555305480957,77.1031494140625,87.0688247680664,78.17749786376953,70.67903137207031
1771501802.6470737,-22.12044334411621,5.17947244644165,2.5346031188964844,77.07345581054688,86.8851089477539,78.06407165527344,70.86653900146484
1771501802.679041,-21.788938522338867,5.042725086212158,2.8514814376831055,77.18485260009766,87.41033172607422,78.01268005371094,70.67475128173828
1771501802.7110813,-22.245086669921875,4.666757106781006,2.2377562522888184,77.3010482788086,87.2874755859375,78.54996490478516,70.2271499633789
1771501802.7465222,-22.799575805664062,5.1661200523376465,2.3867809772491455,77.12674713134766,86.92279052734375,78.69770050048828,70.23916625976562
1771501802.7755227,-22.174123764038086,5.07993221282959,2.451793909072876,77.44828796386719,86.7352294921875,77.9432601928711,70.80952453613281
1771501802.812522,-21.980852127075195,5.10250186920166,2.413954734802246,77.14835357666016,86.84762573242188,77.90453338623047,70.74148559570312
1771501802.8400497,-21.856218338012695,5.226834774017334,2.410046100616455,77.01561737060547,87.07832336425781,77.9517593383789,70.59369659423828
1771501802.8710542,-21.966825485229492,5.334924697875977,2.571873188018799,77.18960571289062,86.79759216308594,77.71920776367188,71.00721740722656
1771501802.917055,-21.562162399291992,5.460325717926025,2.756674289703369,77.17403411865234,87.02296447753906,77.50315856933594,70.49919128417969
1771501802.9515765,-22.0867862701416,5.591427326202393,2.392401933670044,76.93836975097656,86.83244323730469,77.99761199951172,70.58911895751953
1771501802.980634,-21.662635803222656,5.664073467254639,2.5610876083374023,77.75300598144531,86.71353912353516,77.44487762451172,70.9984130859375
1771501803.0145762,-21.740903854370117,5.604684829711914,2.471195936203003,77.31290435791016,87.1710433959961,77.88809967041016,70.24518585205078
1771501803.0472252,-21.54954719543457,5.709072113037109,2.1761980056762695,77.2176284790039,87.31547546386719,77.69617462158203,70.32734680175781
1771501803.0768745,-21.944931030273438,5.775051116943359,2.637847423553467,77.24596405029297,87.11900329589844,78.17231750488281,70.7836685180664
1771501803.1113486,-22.090862274169922,5.4163031578063965,2.291088819503784,77.43340301513672,87.58946228027344,78.39849853515625,70.12307739257812
1771501803.1418693,-21.971927642822266,5.6497721672058105,2.2650656700134277,77.03496551513672,87.53184509277344,78.04954528808594,70.13127899169922
1771501803.1758685,-22.776796340942383,5.839301109313965,2.5372180938720703,77.09371185302734,87.39083099365234,78.54698944091797,70.0438003540039
1771501803.20588,-22.629663467407227,6.31400728225708,2.703331470489502,76.14498138427734,86.88002014160156,78.810546875,70.5134506225586
1771501803.2393558,-22.38873291015625,6.087639808654785,2.2858424186706543,76.65876007080078,87.19097137451172,78.2176742553711,69.95246124267578
1771501803.2703617,-22.508991241455078,6.04226016998291,2.3322794437408447,77.42237091064453,87.48292541503906,78.53240966796875,69.47982025146484
1771501803.3023639,-23.015613555908203,6.434617042541504,2.1704752445220947,76.13253021240234,86.80187225341797,78.78105163574219,69.75613403320312
1771501803.3499036,-22.489177703857422,6.461280822753906,2.6721274852752686,75.82479858398438,86.92196655273438,78.5644760131836,70.0400390625
1771501803.3808963,-22.87679672241211,6.392524242401123,2.6371312141418457,76.9705810546875,87.33244323730469,78.95133209228516,69.06880187988281
1771501803.4138968,-22.750850677490234,6.538270950317383,2.3237464427948,76.32775115966797,86.90306854248047,79.18860626220703,69.37899780273438
1771501803.449074,-22.711135864257812,6.5454487800598145,2.2395951747894287,77.14271545410156,87.44963073730469,78.72572326660156,69.45770263671875
1771501803.479917,-22.76536750793457,6.249535083770752,2.2179081439971924,76.60377502441406,86.77462768554688,79.12345886230469,69.88711547851562
1771501803.5129147,-21.684532165527344,6.640959739685059,2.416513204574585,77.00054931640625,86.88831329345703,77.9478530883789,70.1649398803711
1771501803.5425677,-22.172868728637695,6.4553680419921875,2.610722064971924,76.93335723876953,87.17589569091797,78.78166961669922,69.4280776977539
1771501803.5741398,-22.402036666870117,5.996993064880371,1.9098594188690186,76.56332397460938,87.23359680175781,78.36722564697266,69.98844909667969
1771501803.6072774,-22.572885513305664,5.851267337799072,2.17046856880188,77.34979248046875,87.18269348144531,78.18937683105469,70.22050476074219
1771501803.6382608,-23.17820167541504,5.935966491699219,2.029188394546509,77.01295471191406,87.60020446777344,78.73187255859375,69.5200424194336
1771501803.6718388,-23.301244735717773,5.92962646484375,1.625468373298645,75.9085922241211,87.42153930664062,79.60213470458984,68.56123352050781
1771501803.7008681,-22.874670028686523,5.857634544372559,2.033128499984741,77.21452331542969,87.60232543945312,78.92847442626953,69.33214569091797
1771501803.7349567,-23.268260955810547,6.205069065093994,2.077575445175171,76.98015594482422,87.20886993408203,78.936279296875,69.40409851074219
1771501803.7811437,-23.00216293334961,6.413181781768799,2.2986302375793457,76.9520034790039,87.39675903320312,79.39659118652344,68.67550659179688
1771501803.8141315,-23.079660415649414,6.388585567474365,2.154284715652466,76.7071533203125,87.2686996459961,79.30123138427734,69.25146484375
1771501803.8467536,-23.10564613342285,6.660197734832764,2.25447416305542,76.62962341308594,87.21680450439453,79.6306381225586,68.60780334472656
1771501803.881703,-23.03856658935547,6.490988731384277,2.049285411834717,76.28524780273438,87.42245483398438,79.1153564453125,69.38142395019531
1771501803.9086916,-22.928970336914062,6.431986331939697,2.231006383895874,76.33474731445312,87.25761413574219,79.01817321777344,69.29354095458984
1771501803.9402452,-23.110668182373047,6.2523112297058105,2.137446880340576,76.92157745361328,87.43257141113281,79.57736206054688,69.21923828125
1771501803.9732492,-22.558305740356445,6.7903733253479,2.3812711238861084,76.55665588378906,87.48432922363281,79.36188507080078,69.62814331054688
1771501804.0062838,-22.459564208984375,6.625852108001709,2.3408925533294678,77.07878112792969,87.61813354492188,79.25534057617188,69.8558120727539
1771501804.0372562,-22.335296630859375,7.0754475593566895,1.5721824169158936,76.09664154052734,87.66426849365234,79.62422180175781,69.80130767822266
1771501804.0687594,-22.04718589782715,7.112839698791504,1.5279321670532227,77.5408706665039,87.724365234375,78.88473510742188,70.138916015625
1771501804.1034088,-21.685806274414062,7.400658130645752,0.8189385533332825,76.15570831298828,87.64332580566406,79.60964965820312,70.36023712158203
1771501804.1365254,-21.5789852142334,7.464831352233887,0.0,78.0030288696289,87.85862731933594,80.29179382324219,71.0083236694336
1771501804.1680415,-20.960342407226562,7.638019561767578,0.0,77.18170928955078,87.76663970947266,80.49456787109375,71.48735046386719
1771501804.2176976,-20.856433868408203,6.781039237976074,0.0,77.33973693847656,88.16548919677734,81.45325469970703,70.52655792236328
1771501804.247257,-19.850082397460938,7.484706878662109,0.0,78.04257202148438,88.04805755615234,82.38443756103516,67.84861755371094
1771501804.2802484,-20.279600143432617,7.929287433624268,0.0,76.33373260498047,88.40737915039062,83.60692596435547,64.88124084472656
1771501804.3112476,-20.445348739624023,8.64509391784668,0.0,76.80618286132812,86.66111755371094,84.78514862060547,62.499488830566406
1771501804.3417923,-21.892093658447266,11.971907615661621,0.0,73.06773376464844,83.38398742675781,83.98017883300781,58.81547546386719
1771501804.3747993,-18.695247650146484,14.07828426361084,0.1327713131904602,63.390926361083984,81.72383880615234,82.8990249633789,59.24127960205078
1771501804.407019,-19.247539520263672,14.071495056152344,0.4084530472755432,63.861053466796875,79.53651428222656,78.45549011230469,56.10746383666992
1771501804.4396257,-18.72998046875,13.764488220214844,0.7208558320999146,62.635414123535156,76.91262817382812,74.76200866699219,52.995853424072266
1771501804.4722078,-15.3693265914917,17.052011489868164,2.392662525177002,58.06130599975586,73.71467590332031,71.9249267578125,49.44960021972656
1771501804.5041707,-14.317920684814453,18.937963485717773,4.733691215515137,50.22325897216797,67.1794662475586,62.6907958984375,39.64392852783203
1771501804.5351763,-7.155693531036377,24.47812843322754,9.818584442138672,51.125362396240234,63.063262939453125,59.07750701904297,37.4146614074707
1771501804.5678668,-0.6384558081626892,29.297821044921875,2.4771010875701904,47.39299774169922,59.959922790527344,55.1809196472168,33.95949172973633
1771501804.5977976,1.5589522123336792,29.410144805908203,3.6667845249176025,45.874996185302734,56.18964385986328,50.345462799072266,32.865596771240234
1771501804.6463847,2.176544189453125,30.183008193969727,1.3229424953460693,43.61736297607422,53.908695220947266,47.37437057495117,29.77443504333496
1771501804.68031,2.4512715339660645,29.511499404907227,2.3802566528320312,44.92237091064453,49.406124114990234,45.49128341674805,27.910680770874023
1771501804.7123103,4.378338813781738,29.330291748046875,0.4130217134952545,43.048622131347656,47.4725227355957,44.73984909057617,27.468433380126953
1771501804.7448375,6.118103981018066,28.2681941986084,0.0,43.97157287597656,47.0153694152832,44.94918441772461,27.685588836669922
1771501804.775848,7.8006367683410645,26.922353744506836,0.0,45.273658752441406,47.35143280029297,45.00827407836914,28.118261337280273
1771501804.8062994,9.186738967895508,27.084428787231445,0.0,46.33961868286133,49.61435317993164,46.92164993286133,27.283445358276367
1771501804.8376274,10.239479064941406,26.90384292602539,0.0,46.740264892578125,50.91364288330078,47.801368713378906,27.962961196899414
1771501804.8691635,11.862251281738281,25.41160011291504,0.0,46.58431625366211,51.46869659423828,48.3629150390625,28.05156707763672
1771501804.9011636,10.810269355773926,24.626543045043945,0.0,43.1717529296875,50.897281646728516,47.28411865234375,26.867284774780273
1771501804.9336882,10.250007629394531,24.325151443481445,0.0,42.01338195800781,50.188133239746094,46.808494567871094,24.884130477905273
1771501804.969729,8.729313850402832,22.591415405273438,0.0,39.19305419921875,47.40188217163086,43.366207122802734,21.86100196838379
1771501804.9977326,7.908051490783691,22.066408157348633,0.0,37.76890563964844,45.873722076416016,42.00869369506836,19.94561004638672
1771501805.0281155,9.125164985656738,21.967113494873047,0.0,37.742393493652344,46.107940673828125,41.90241622924805,19.720571517944336
1771501805.0768983,9.028830528259277,21.133962631225586,0.0,37.53500747680664,45.180267333984375,41.19706344604492,18.67917251586914
1771501805.1098964,9.865682601928711,20.694137573242188,0.0,35.8321533203125,45.177703857421875,40.947269439697266,17.764862060546875
1771501805.142404,9.813340187072754,20.089704513549805,0.0,34.053627014160156,43.814842224121094,40.067264556884766,16.13463592529297
1771501805.1814098,9.332891464233398,19.440900802612305,0.0,33.05517578125,43.67715072631836,38.81520080566406,15.083930015563965
1771501805.2131724,10.217731475830078,19.921062469482422,0.0,33.175537109375,44.38751983642578,39.24736022949219,14.41765308380127
1771501805.244711,11.7391996383667,20.047073364257812,0.0,33.4600715637207,44.28389358520508,38.58241653442383,14.143767356872559
1771501805.2757254,12.309856414794922,19.31622314453125,0.0,32.54257583618164,44.244911193847656,38.3755989074707,13.587247848510742
1771501805.3067093,12.505718231201172,19.349172592163086,0.0,32.000732421875,43.535125732421875,38.39360046386719,13.551443099975586
1771501805.3377242,11.032482147216797,17.79863929748535,0.0,30.534421920776367,42.59257888793945,37.76298141479492,13.335153579711914
1771501805.3692667,12.397988319396973,17.8761043548584,0.0,31.223039627075195,42.47724914550781,37.47592544555664,13.113388061523438
1771501805.4012442,14.597203254699707,18.667383193969727,0.0,31.481971740722656,42.784217834472656,37.4852294921875,12.624847412109375
1771501805.431307,13.908333778381348,17.935224533081055,0.0,31.013328552246094,42.465023040771484,37.27133560180664,12.2315673828125
1771501805.4636037,14.153074264526367,17.571170806884766,0.0,29.556076049804688,41.07155227661133,35.8272590637207,11.541152000427246
1771501805.5115714,11.918262481689453,16.879228591918945,0.0,28.182180404663086,39.08035659790039,33.38928985595703,9.87315559387207
1771501805.5415778,10.021675109863281,15.704841613769531,0.0,27.460006713867188,38.708621978759766,32.833274841308594,9.199617385864258
1771501805.5738297,8.877525329589844,15.730924606323242,0.0,27.43498992919922,38.129661560058594,31.47722816467285,7.979546070098877
1771501805.606828,8.518072128295898,15.821979522705078,0.0,27.077415466308594,37.22684097290039,31.17261505126953,7.2590789794921875
1771501805.6378326,8.83365249633789,16.37717056274414,0.0,27.5538330078125,37.05271530151367,31.59709358215332,7.291515350341797
1771501805.6693945,9.779959678649902,16.525680541992188,0.0,27.59209442138672,37.76395034790039,32.348350524902344,7.845171928405762
1771501805.701468,9.086727142333984,15.943279266357422,0.0,27.47347640991211,37.47957992553711,33.094947814941406,8.215664863586426
1771501805.7343981,9.718774795532227,16.431249618530273,0.0,27.240478515625,37.43805694580078,32.961002349853516,8.452717781066895
1771501805.7649097,8.195133209228516,15.833919525146484,0.0,26.14771842956543,36.26775360107422,31.9337158203125,7.619065284729004
1771501805.7979422,7.23684549331665,15.777510643005371,0.0,26.37145233154297,35.92188262939453,32.4734992980957,7.9864912033081055
1771501805.833982,8.995186805725098,16.337779998779297,0.0,27.215723037719727,36.805747985839844,32.99345779418945,8.114051818847656
1771501805.8605802,7.9223432540893555,15.85769271850586,0.0,26.92558479309082,36.389495849609375,32.8908805847168,8.446770668029785
1771501805.89458,8.606420516967773,16.413076400756836,0.0,28.200809478759766,36.804439544677734,32.7828483581543,8.435810089111328
1771501805.9405887,8.71009635925293,16.731475830078125,0.0,28.575664520263672,37.021793365478516,33.17692947387695,8.626800537109375
1771501805.9741266,10.030519485473633,16.71662712097168,0.0,28.557971954345703,37.77410125732422,33.51237869262695,9.064634323120117
1771501806.005094,9.338528633117676,15.455845832824707,0.0,28.048988342285156,38.056358337402344,32.96620559692383,8.948145866394043
1771501806.0401382,10.099590301513672,16.258460998535156,0.0,29.330020904541016,38.634849548339844,33.5505256652832,9.335914611816406
1771501806.0736485,10.654146194458008,17.210966110229492,0.0,28.12669563293457,37.70326232910156,32.34463119506836,8.157676696777344
1771501806.104054,10.156983375549316,16.767759323120117,0.0,27.713281631469727,37.58906936645508,32.05745315551758,8.302757263183594
1771501806.1356566,10.682306289672852,17.418710708618164,0.0,29.03353500366211,38.05775833129883,32.63859939575195,8.667030334472656
1771501806.1671693,9.712630271911621,17.123779296875,0.0,28.739776611328125,37.59389114379883,33.13473129272461,9.304423332214355
1771501806.1991668,9.218867301940918,17.317373275756836,0.0,29.125988006591797,37.62919998168945,32.973731994628906,9.081852912902832
1771501806.2301834,8.93201732635498,17.017518997192383,0.0,29.322538375854492,37.338600158691406,32.959171295166016,8.7385892868042
1771501806.264226,8.144370079040527,16.861244201660156,0.0,28.402658462524414,36.310768127441406,32.264808654785156,8.255867004394531
1771501806.296052,8.87009048461914,17.21611976623535,0.0,28.963071823120117,37.207244873046875,32.88398742675781,8.392814636230469
1771501806.326041,10.15740966796875,17.58367156982422,0.0,29.578439712524414,38.04097366333008,33.648868560791016,9.372658729553223
1771501806.3746104,10.8489408493042,17.596651077270508,0.0,29.95061492919922,38.68446350097656,33.860538482666016,9.737361907958984
1771501806.405579,10.348761558532715,17.19266700744629,0.0,30.222049713134766,38.90811538696289,33.80519485473633,9.605900764465332
1771501806.4376466,9.539724349975586,17.2318172454834,0.0,30.273527145385742,38.47547149658203,33.17266082763672,9.390453338623047
1771501806.4712796,9.265174865722656,16.980539321899414,0.0,29.538375854492188,38.11867904663086,33.020809173583984,9.713064193725586
1771501806.5033095,9.05632209777832,16.962839126586914,0.0,29.647058486938477,38.209720611572266,33.07436752319336,9.74557113647461
1771501806.5332897,9.97260856628418,17.53389549255371,0.0,29.997480392456055,38.50536346435547,33.439762115478516,9.821576118469238
1771501806.5649564,9.164158821105957,17.49054527282715,0.0,29.54351234436035,37.79130935668945,32.811031341552734,9.555672645568848
1771501806.5969553,9.111343383789062,17.148618698120117,0.0,28.846324920654297,37.78671646118164,33.204776763916016,9.7313814163208
1771501806.6290462,9.362187385559082,17.02337646484375,0.0,28.458765029907227,37.942745208740234,33.43511199951172,9.832281112670898
1771501806.6615217,8.899247169494629,16.325708389282227,0.0,28.218917846679688,37.75402069091797,32.58272933959961,9.669333457946777
1771501806.6945212,9.99802303314209,16.740121841430664,0.0,28.51836395263672,38.548091888427734,33.57661437988281,10.317989349365234
1771501806.7255208,10.437878608703613,16.079898834228516,0.0,27.294967651367188,39.025943756103516,34.442081451416016,11.326790809631348
1771501806.757568,10.28149700164795,15.655635833740234,0.0,26.28089141845703,38.160888671875,34.350563049316406,10.325109481811523
1771501806.8065946,9.320594787597656,14.926126480102539,0.0,23.23602867126465,36.65589141845703,33.95804977416992,9.360837936401367
1771501806.840661,11.070684432983398,16.397937774658203,0.0,21.050762176513672,34.6352653503418,32.00897216796875,8.437657356262207
1771501806.8728516,11.054548263549805,15.77952766418457,0.0,18.42107582092285,32.58034133911133,31.851346969604492,9.975738525390625
1771501806.9038517,10.422845840454102,15.143465995788574,0.0,18.195018768310547,32.153831481933594,31.15962791442871,10.082292556762695
1771501806.935933,9.607221603393555,15.51978874206543,0.0,17.500883102416992,30.812923431396484,30.099857330322266,9.279666900634766
1771501806.9675095,10.590168952941895,15.701157569885254,0.0,16.389263153076172,30.871051788330078,30.536483764648438,10.804573059082031
1771501806.9974997,9.527005195617676,14.571913719177246,0.0,16.723941802978516,31.08977699279785,31.522382736206055,11.389962196350098
1771501807.0295255,9.486743927001953,15.168532371520996,0.0,17.948383331298828,31.834569931030273,32.18241500854492,10.791803359985352
1771501807.0611088,8.727860450744629,15.806528091430664,0.0,18.560935974121094,31.83745765686035,31.840553283691406,10.984710693359375
1771501807.0940413,10.68183422088623,15.813651084899902,0.0,20.5737247467041,34.27803039550781,34.27592468261719,12.394791603088379
1771501807.1272585,9.091684341430664,15.52651596069336,0.0,19.738168716430664,33.26405715942383,33.42266082763672,11.865192413330078
1771501807.1582947,9.259804725646973,15.52260684967041,0.0,20.979862213134766,34.25282669067383,33.78822326660156,11.373497009277344
1771501807.189294,9.501955032348633,15.373993873596191,0.0,20.392290115356445,33.95856857299805,33.745426177978516,11.813517570495605
1771501807.2373,9.375194549560547,15.779219627380371,0.0,21.089488983154297,33.9454345703125,33.55788040161133,11.179400444030762
1771501807.2698107,8.840821266174316,15.00740909576416,0.0,19.96202278137207,33.332496643066406,32.97838592529297,11.83942985534668
1771501807.3008194,8.76559066772461,14.836165428161621,0.0,20.18943214416504,34.03590774536133,33.899391174316406,11.906196594238281
1771501807.3348448,9.040051460266113,15.277039527893066,0.0,20.09220314025879,33.405433654785156,33.16294479370117,11.286725044250488
1771501807.3653586,7.929386615753174,15.787444114685059,0.0,21.321157455444336,34.786556243896484,32.377784729003906,9.931681632995605
1771501807.3973498,8.370071411132812,15.733909606933594,0.0,21.938060760498047,35.062339782714844,32.59674072265625,9.467728614807129
1771501807.429374,8.679193496704102,16.147348403930664,0.0,22.205293655395508,35.26648712158203,32.4909553527832,9.181941032409668
1771501807.4608853,8.436074256896973,15.588446617126465,0.0,20.567167282104492,33.703575134277344,31.819272994995117,9.53415584564209
1771501807.4928875,8.11181640625,15.49402904510498,0.0,20.4466552734375,33.67533874511719,31.756298065185547,9.42520809173584
1771501807.5254016,7.710354328155518,15.629690170288086,0.0,21.538490295410156,34.63010787963867,32.19331359863281,9.158065795898438
1771501807.5599782,8.115988731384277,15.853487968444824,0.0,22.2457218170166,34.83854675292969,31.8267765045166,9.065156936645508
1771501807.5899868,8.569225311279297,15.79464054107666,0.0,23.02524757385254,34.93853759765625,32.476627349853516,9.707491874694824
1771501807.638102,10.458937644958496,16.6593017578125,0.0,27.300508499145508,38.79511260986328,35.57579040527344,11.367159843444824
1771501807.6706629,12.671566009521484,17.578750610351562,0.0,28.39610481262207,39.91828918457031,37.33027267456055,12.15327262878418
1771501807.701665,12.025996208190918,17.84616470336914,0.0,28.649843215942383,39.146881103515625,36.04532241821289,10.605607986450195
1771501807.732675,13.242490768432617,18.18832778930664,0.0,29.567506790161133,40.35348892211914,37.100284576416016,11.222986221313477
1771501807.7692025,11.966980934143066,16.481536865234375,0.0,27.000028610229492,38.276153564453125,36.14575958251953,10.682347297668457
1771501807.7992015,11.406665802001953,15.271017074584961,0.0,24.84870147705078,37.3248405456543,35.626224517822266,11.482413291931152
1771501807.8312228,11.537322998046875,15.085835456848145,0.0,24.12709617614746,37.40428924560547,35.45905303955078,11.136763572692871
1771501807.861735,8.09310245513916,14.245282173156738,0.0,21.753005981445312,34.74382781982422,33.76123046875,10.401509284973145
1771501807.8937333,7.61724853515625,14.213454246520996,0.0,20.516447067260742,34.74510955810547,32.818748474121094,10.199105262756348
1771501807.9247324,6.590721130371094,14.333147048950195,0.0,20.52414321899414,34.95628356933594,32.65007400512695,9.90986442565918
1771501807.9572535,7.447690010070801,13.72706413269043,0.0,20.24393653869629,35.13787841796875,34.15687561035156,11.138855934143066
1771501807.9922621,7.646699905395508,13.079744338989258,0.0,20.17665672302246,34.2597770690918,34.09798812866211,11.261392593383789
1771501808.021253,7.9805779457092285,13.484338760375977,0.0,23.065093994140625,36.362586975097656,35.0604248046875,11.179059982299805
1771501808.068808,9.228510856628418,14.105123519897461,0.0,24.454011917114258,37.67120361328125,35.884212493896484,11.722325325012207
1771501808.102325,10.277094841003418,15.071914672851562,0.0,24.995468139648438,38.48458480834961,36.06577682495117,11.622659683227539
1771501808.135593,11.134799003601074,15.503511428833008,0.0,24.694522857666016,38.307464599609375,36.541587829589844,11.53662109375
1771501808.1671124,8.125186920166016,15.178824424743652,0.0,24.953536987304688,37.41367721557617,35.454864501953125,11.226825714111328
1771501808.2031126,9.38338851928711,14.745685577392578,0.0,25.890361785888672,38.24394989013672,35.91852569580078,12.014303207397461
1771501808.2375646,8.232623100280762,14.193346977233887,0.0,24.759157180786133,36.803768157958984,34.09507369995117,11.036293029785156
1771501808.2692957,5.794201374053955,13.298479080200195,0.0,24.512561798095703,35.04491424560547,33.21591567993164,10.659427642822266
1771501808.3002932,5.591292381286621,13.31334400177002,0.0,23.694486618041992,34.37257766723633,32.4373779296875,9.619659423828125
1771501808.3313777,5.8417181968688965,13.977570533752441,0.0,23.60506820678711,34.985206604003906,32.33689498901367,9.74772834777832
1771501808.3637013,5.254695415496826,13.684731483459473,0.0,23.76845359802246,35.286170959472656,32.26484298706055,9.458569526672363
1771501808.3956375,5.280456066131592,14.021204948425293,0.0,24.760379791259766,35.47084426879883,31.96641731262207,9.63791561126709
1771501808.4256785,7.274177551269531,14.409364700317383,0.0,25.311742782592773,36.89018249511719,33.492610931396484,10.568455696105957
1771501808.4592824,5.940511703491211,13.937079429626465,0.0,24.254228591918945,35.8825569152832,32.27559280395508,9.57398796081543
1771501808.5023499,7.332421779632568,14.244882583618164,0.0,25.233366012573242,37.35207748413086,33.53864288330078,10.415406227111816
1771501808.5343142,7.155688285827637,13.828689575195312,0.0,23.762954711914062,36.77417755126953,33.58725357055664,10.061033248901367
1771501808.5664911,6.690392017364502,13.485986709594727,0.0,22.84029197692871,35.9368896484375,32.93492126464844,9.855239868164062
1771501808.5994923,7.021339416503906,13.561962127685547,0.0,22.177654266357422,35.654483795166016,32.64961242675781,9.854996681213379
1771501808.6334977,6.251852989196777,13.305418968200684,0.0,21.68377113342285,34.75140380859375,32.136043548583984,9.689958572387695
1771501808.663061,6.09804630279541,13.17650318145752,0.0,22.878320693969727,35.219970703125,32.62045669555664,9.941145896911621
1771501808.6950133,6.135023593902588,13.409382820129395,0.0,22.80085563659668,34.83803939819336,32.40775680541992,9.500492095947266
1771501808.726013,5.939173221588135,13.189624786376953,0.0,22.25151824951172,34.469364166259766,32.11806869506836,9.684219360351562
1771501808.7565782,4.9389543533325195,12.759912490844727,0.0,20.7862606048584,33.7435188293457,31.36341667175293,9.086936950683594
1771501808.7885768,5.321521282196045,12.269267082214355,0.0,21.258398056030273,33.58601379394531,31.97450828552246,10.032510757446289
1771501808.8215835,5.120239734649658,12.74732780456543,0.0,21.93232536315918,34.44523239135742,31.925771713256836,9.538837432861328
1771501808.855094,5.837338447570801,13.081391334533691,0.0,21.87051010131836,34.82546615600586,32.76197814941406,10.017205238342285
1771501808.8849666,5.660102844238281,12.974701881408691,0.0,21.697351455688477,34.21864318847656,32.14276885986328,9.78652572631836
1771501808.9328566,5.482285022735596,12.668484687805176,0.0,21.136192321777344,34.002132415771484,32.6800422668457,10.130688667297363
1771501808.966285,5.9610772132873535,13.041027069091797,0.0,20.251638412475586,33.51008605957031,32.291961669921875,9.89488410949707
1771501808.9972806,5.611104965209961,12.388603210449219,0.0,20.296710968017578,33.36656951904297,32.45003890991211,10.114666938781738
1771501809.0292704,5.745389938354492,13.186277389526367,0.0,22.899765014648438,35.08207321166992,32.829010009765625,10.043392181396484
1771501809.0618577,6.3691725730896,13.50394058227539,0.0,22.900684356689453,35.528133392333984,33.84667205810547,10.005667686462402
1771501809.0929723,7.117464542388916,13.578521728515625,0.0,23.03833770751953,35.71318435668945,34.27267074584961,9.814109802246094
1771501809.12603,7.975537300109863,13.47996997833252,0.0,21.888460159301758,35.02671813964844,34.396820068359375,10.58421802520752
1771501809.1582017,8.234663009643555,13.402959823608398,0.0,21.377676010131836,35.15754318237305,34.20826721191406,10.689763069152832
1771501809.1901996,7.9846954345703125,12.735920906066895,0.0,21.267684936523438,34.8283805847168,34.55430603027344,11.223220825195312
1771501809.2233448,7.023829936981201,12.822555541992188,0.0,21.431039810180664,34.6438102722168,33.658416748046875,10.359353065490723
1771501809.255849,7.9654669761657715,12.980735778808594,0.0,21.16778564453125,34.59674072265625,34.23658752441406,11.271312713623047
1771501809.2908475,7.178936958312988,13.031097412109375,0.0,22.211999893188477,35.05976486206055,34.070735931396484,10.204816818237305
1771501809.32185,7.774226188659668,13.24700927734375,0.0,21.54436492919922,34.829952239990234,34.607521057128906,10.770328521728516
1771501809.3664548,6.075825214385986,12.495094299316406,0.0,20.848445892333984,34.0182991027832,33.49406433105469,9.786994934082031
1771501809.399498,6.867210388183594,12.783543586730957,0.0,20.96841812133789,34.084228515625,33.94659423828125,10.54864501953125
1771501809.4324768,7.5515055656433105,12.86559772491455,0.0,20.239877700805664,33.97063446044922,34.194637298583984,11.138723373413086
1771501809.464614,7.053997993469238,13.073647499084473,0.0,21.268138885498047,34.340328216552734,33.63932418823242,10.20260238647461
1771501809.4956195,8.20622444152832,13.388486862182617,0.0,23.001224517822266,36.562808990478516,35.45875549316406,11.765931129455566
1771501809.5276153,6.776200294494629,13.374211311340332,0.0,22.720516204833984,35.96015167236328,33.838321685791016,10.113855361938477
1771501809.5587382,8.138012886047363,14.343171119689941,0.0,24.654821395874023,37.11094665527344,35.62732696533203,11.073161125183105
1771501809.5897467,7.779625415802002,13.944978713989258,0.0,23.12445640563965,36.011837005615234,34.74264907836914,10.550101280212402
1771501809.6217396,7.573494911193848,13.843902587890625,0.0,23.27385711669922,35.841827392578125,34.657005310058594,10.569445610046387
1771501809.6552908,6.977823257446289,13.553564071655273,0.0,23.359661102294922,35.825992584228516,34.377506256103516,10.379758834838867
1771501809.687306,7.075776100158691,13.90266227722168,0.0,24.150474548339844,36.34637451171875,34.34699249267578,10.181595802307129
1771501809.7202983,7.050597190856934,13.658774375915527,0.0,23.482980728149414,36.062522888183594,34.62193298339844,10.180768966674805
1771501809.749822,6.72029972076416,13.398303985595703,0.0,23.314556121826172,35.93992233276367,34.59203338623047,10.262228012084961
1771501809.8296113,6.7288007736206055,13.814281463623047,0.0,22.342344284057617,34.88561248779297,33.65303421020508,9.620925903320312
1771501809.8531487,6.864668846130371,13.571932792663574,0.0,22.851993560791016,35.32128143310547,33.765052795410156,9.798667907714844
1771501809.885156,6.9478020668029785,13.38467025756836,0.0,22.410598754882812,35.04878616333008,33.78689193725586,10.087507247924805
1771501809.9181824,6.982223987579346,13.93085765838623,0.0,23.706348419189453,35.5869140625,33.72239303588867,9.97097396850586
1771501809.9461918,6.96855354309082,14.079096794128418,0.0,23.97637176513672,35.88005828857422,34.281837463378906,10.30962085723877
1771501809.9777012,6.946706295013428,13.832982063293457,0.0,23.91286277770996,36.17294692993164,34.66565704345703,10.243060111999512
1771501810.0087025,6.016754150390625,13.832663536071777,0.0,23.987512588500977,35.69186782836914,33.960784912109375,9.719022750854492
1771501810.0399566,6.449898719787598,13.794071197509766,0.0,24.362375259399414,36.517799377441406,34.354530334472656,10.334819793701172
1771501810.0725422,7.361788272857666,14.301715850830078,0.0,24.138172149658203,36.25807189941406,34.21754455566406,10.255671501159668
1771501810.1047957,7.026828289031982,14.099851608276367,0.0,23.532215118408203,35.87406921386719,34.32699966430664,10.17198657989502
1771501810.1358008,6.694790840148926,14.371241569519043,0.0,23.503080368041992,35.71973419189453,33.743717193603516,9.63656997680664
1771501810.166332,7.0708489418029785,14.162251472473145,0.0,23.955259323120117,35.89981460571289,33.94361114501953,10.089838027954102
1771501810.2325566,6.460329055786133,13.855525970458984,0.0,23.553180694580078,35.93900680541992,33.999122619628906,10.322876930236816
1771501810.2663658,6.610006332397461,13.788196563720703,0.0,23.785676956176758,36.11083221435547,34.103515625,10.515726089477539
1771501810.2903748,6.231132984161377,13.384116172790527,0.0,23.433082580566406,35.626625061035156,33.82743453979492,10.356633186340332
1771501810.3213675,5.730927467346191,13.748465538024902,0.0,23.422500610351562,35.359588623046875,33.37992858886719,9.69939136505127
1771501810.3519776,5.386138916015625,13.546529769897461,0.0,23.26783561706543,35.08043670654297,33.0922966003418,9.348405838012695
1771501810.3840082,5.049426078796387,13.494409561157227,0.0,22.403209686279297,34.51083755493164,32.74440002441406,9.378019332885742
1771501810.4129996,5.4662981033325195,13.695261001586914,0.0,23.37315559387207,34.964900970458984,32.579933166503906,9.936962127685547
1771501810.44506,4.602158546447754,13.44745922088623,0.0,22.10126495361328,33.95706558227539,32.173606872558594,9.180118560791016
1771501810.476582,5.167080879211426,13.304457664489746,0.0,23.39602279663086,35.21274185180664,32.948089599609375,9.604742050170898
1771501810.508575,5.0223541259765625,13.023919105529785,0.0,23.535446166992188,35.15074157714844,32.946800231933594,10.172284126281738
1771501810.5396376,6.868252754211426,13.712623596191406,0.0,24.46955108642578,36.55613327026367,34.68034362792969,11.16602611541748
1771501810.5721939,7.730448246002197,13.286733627319336,0.0,24.639373779296875,36.96232604980469,35.44118118286133,11.229954719543457
1771501810.6151981,8.194111824035645,14.416685104370117,0.0,25.776681900024414,37.33431625366211,35.82759475708008,10.751493453979492
1771501810.6617239,7.098585605621338,13.292747497558594,0.0,24.175867080688477,36.75018310546875,34.48774337768555,10.847174644470215
1771501810.6937313,6.49655294418335,13.319221496582031,0.0,24.03691864013672,36.395633697509766,34.31703567504883,10.555935859680176
1771501810.7127237,6.86393928527832,14.172791481018066,0.0,23.787233352661133,35.750118255615234,32.92013931274414,9.70316219329834
1771501810.7437365,3.627859115600586,11.558015823364258,0.0,20.930130004882812,33.480533599853516,31.977806091308594,9.46161937713623
1771501810.776275,2.4043688774108887,11.29758358001709,0.0,20.331056594848633,33.73467254638672,31.76503562927246,10.755718231201172
1771501810.8062775,1.177391529083252,10.595672607421875,0.0,19.746694564819336,32.9879035949707,31.37869644165039,10.30020523071289
1771501810.8372862,0.2269478291273117,11.120920181274414,0.0,19.70467758178711,32.32089614868164,30.186983108520508,9.41098690032959
1771501810.868803,-0.9006436467170715,10.631217002868652,0.0,18.970335006713867,31.283329010009766,29.94940185546875,9.356873512268066
1771501810.8998022,-1.196068525314331,10.37232780456543,0.0,17.99260711669922,30.92805290222168,29.708303451538086,9.378323554992676
1771501810.9308023,-0.5854088068008423,10.963129997253418,0.0,19.016361236572266,31.615331649780273,30.0563907623291,9.161267280578613
1771501810.961359,-1.9169989824295044,10.81374454498291,0.0,18.31884765625,31.001192092895508,28.8523006439209,8.58737850189209
1771501811.0153725,-0.9637067914009094,11.419504165649414,0.0,19.315568923950195,31.557985305786133,29.92868995666504,9.761102676391602
1771501811.0453658,-1.1084173917770386,11.596160888671875,0.0,18.041227340698242,30.67625617980957,29.860401153564453,9.46295166015625
1771501811.0936575,-2.209956169128418,11.407824516296387,0.0,18.33136749267578,29.857147216796875,29.250568389892578,8.33853530883789
1771501811.1286743,-2.494544506072998,11.423717498779297,0.0,17.5909423828125,29.607662200927734,29.159835815429688,8.500870704650879
1771501811.151282,-2.0339324474334717,11.305753707885742,0.0,17.637943267822266,29.880352020263672,29.596073150634766,8.525634765625
1771501811.1822796,-2.164489269256592,10.738798141479492,0.0,16.475278854370117,29.38018035888672,29.483949661254883,9.26620101928711
1771501811.2148213,-1.9623967409133911,11.066664695739746,0.0,17.846845626831055,29.83730697631836,29.67070960998535,8.527924537658691
1771501811.2448125,-2.6272079944610596,10.879485130310059,0.0,17.543663024902344,29.340757369995117,29.067432403564453,8.866984367370605
1771501811.2763345,-2.1457321643829346,11.447037696838379,0.0,17.728256225585938,29.755292892456055,29.26775360107422,8.550704002380371
1771501811.3078637,-2.4843432903289795,10.915952682495117,0.0,17.070180892944336,29.406797409057617,28.987659454345703,8.650419235229492
1771501811.339865,-2.5427236557006836,11.276772499084473,0.0,17.879776000976562,29.406984329223633,28.636520385742188,8.37594985961914
1771501811.3713999,-2.7439827919006348,10.614663124084473,0.0,17.179046630859375,29.776023864746094,29.20557975769043,9.214834213256836
1771501811.4163866,-2.4510602951049805,10.178292274475098,0.0,17.253372192382812,29.8432559967041,28.95891571044922,8.884425163269043
1771501811.450483,-1.7397115230560303,9.761439323425293,0.0,17.317947387695312,30.238924026489258,30.52728271484375,10.0938720703125
1771501811.4804785,-2.407264232635498,9.871337890625,0.0,17.28230094909668,29.15576934814453,29.252758026123047,8.460052490234375
1771501811.5284781,-0.8722063302993774,10.63742446899414,0.0,19.85466766357422,32.001373291015625,30.89286231994629,10.232269287109375
1771501811.5611312,-1.3668287992477417,10.498466491699219,0.0,18.37448501586914,31.214881896972656,30.746877670288086,9.945906639099121
1771501811.5901713,-1.9374394416809082,10.056116104125977,0.0,18.32291030883789,30.756328582763672,30.62363052368164,9.648012161254883
1771501811.6240566,-1.6149016618728638,10.413454055786133,0.0,18.476089477539062,31.218191146850586,30.34284210205078,9.52606201171875
1771501811.655735,-2.299586772918701,10.048148155212402,0.0,17.796865463256836,30.356266021728516,30.151941299438477,9.27161693572998
1771501811.6852732,-1.2757362127304077,10.786270141601562,0.0,18.638710021972656,31.170942306518555,30.671222686767578,9.183833122253418
1771501811.7164893,-2.515963554382324,9.973480224609375,0.0,17.801700592041016,30.123167037963867,29.849441528320312,9.340850830078125
1771501811.7470796,-2.2983920574188232,10.28521728515625,0.0,17.747051239013672,30.254554748535156,30.114164352416992,9.102953910827637
1771501811.778662,-2.1844537258148193,10.239727973937988,0.0,18.176700592041016,30.271453857421875,30.154386520385742,9.066389083862305
1771501811.8167264,-1.6859190464019775,10.250805854797363,0.0,18.665706634521484,31.101091384887695,30.741355895996094,9.9356050491333
1771501811.845665,-2.326956272125244,10.005306243896484,0.0,17.706680297851562,30.14634895324707,29.84492301940918,8.870712280273438
1771501811.8831837,-2.3227241039276123,9.994311332702637,0.0,17.559402465820312,30.161542892456055,30.06540298461914,8.76069450378418
1771501811.9091852,-1.7876770496368408,10.20518684387207,0.0,17.88607406616211,30.15365982055664,30.21027374267578,8.589241027832031
1771501811.9576948,-2.8170926570892334,9.35368824005127,0.0,16.83315086364746,29.88672637939453,29.814624786376953,8.851218223571777
1771501811.9927094,-2.687299966812134,9.455411911010742,0.0,17.027828216552734,29.91883087158203,29.633089065551758,9.125842094421387
1771501812.0157075,-2.701878309249878,9.528435707092285,0.0,17.194093704223633,30.333171844482422,29.9886474609375,9.460188865661621
1771501812.0467021,-1.8695040941238403,10.092937469482422,0.0,18.14166831970215,30.745277404785156,30.2726993560791,9.363423347473145
1771501812.0782104,-2.7231380939483643,9.716226577758789,0.0,16.984962463378906,29.6048641204834,29.983718872070312,8.791509628295898
1771501812.1084692,-3.593857526779175,9.52038288116455,0.0,17.248973846435547,29.468280792236328,29.374412536621094,8.329222679138184
1771501812.14247,-3.463991403579712,9.198652267456055,0.0,16.980600357055664,29.268709182739258,29.32605743408203,8.302403450012207
1771501812.17202,-3.355912208557129,9.678400039672852,0.0,17.66246223449707,29.540191650390625,29.03836441040039,7.690995693206787
1771501812.214005,-2.391908645629883,10.219832420349121,0.0,18.999841690063477,30.803956985473633,30.31151580810547,8.921377182006836
1771501812.2486658,-2.451564311981201,10.36567211151123,0.0,18.50225257873535,30.401533126831055,29.686767578125,8.167900085449219
1771501812.2801862,-2.731414318084717,9.829514503479004,0.0,17.9510440826416,30.1474666595459,29.941116333007812,8.252440452575684
1771501812.3121765,-2.810269355773926,9.909114837646484,0.0,18.122013092041016,29.77973747253418,29.21149444580078,7.542688369750977
1771501812.344195,-1.8523507118225098,10.333423614501953,0.0,18.68592071533203,30.48672866821289,29.945905685424805,8.300066947937012
1771501812.388726,-2.2201716899871826,10.098840713500977,0.0,18.1154727935791,29.958589553833008,29.79137420654297,7.9695281982421875
1771501812.4237137,-2.0873231887817383,10.239509582519531,0.0,18.433435440063477,30.25182342529297,29.857887268066406,7.816219329833984
1771501812.451777,-1.9920902252197266,10.457876205444336,0.0,18.59152603149414,30.614253997802734,30.194068908691406,8.219130516052246
1771501812.4807749,-1.9064232110977173,10.084709167480469,0.0,18.458600997924805,30.721799850463867,30.521482467651367,8.269392013549805
1771501812.5127838,-3.3693289756774902,9.927395820617676,0.0,17.418540954589844,29.36543083190918,28.975467681884766,7.071045398712158
1771501812.5437806,-2.844315528869629,9.907791137695312,0.0,17.377193450927734,29.801584243774414,29.431116104125977,7.781862258911133
1771501812.5740569,-3.4687209129333496,10.053511619567871,0.0,17.695640563964844,28.882186889648438,28.317665100097656,6.637381076812744
1771501812.6140468,-2.59132981300354,9.994710922241211,0.0,17.887393951416016,30.0732479095459,29.55344009399414,7.245227336883545
1771501812.6450582,-2.692168712615967,10.290814399719238,0.0,18.035545349121094,29.21821403503418,28.603042602539062,7.068154811859131
1771501812.6771507,-2.2311432361602783,10.303569793701172,0.0,18.37207794189453,29.65147590637207,29.473752975463867,7.752608299255371
1771501812.7091486,-2.9812514781951904,9.992278099060059,0.0,18.075786590576172,29.178760528564453,28.90444564819336,7.104750633239746
1771501812.7451515,-1.8918145895004272,11.069212913513184,0.0,19.086223602294922,29.640335083007812,28.847484588623047,6.967155456542969
1771501812.772657,-1.4458019733428955,10.811491966247559,0.0,19.432777404785156,30.282270431518555,29.799222946166992,7.652601718902588
1771501812.8206725,-2.518442392349243,10.47305965423584,0.0,17.848997116088867,28.905481338500977,28.527132034301758,6.868003845214844
1771501812.8571687,-3.1004128456115723,9.752764701843262,0.0,17.148841857910156,28.660478591918945,28.778066635131836,7.135843753814697
1771501812.890172,-3.312143087387085,9.723525047302246,0.0,17.01030921936035,28.273324966430664,28.546171188354492,6.952175140380859
1771501812.9211712,-1.981276035308838,10.64631175994873,0.0,18.06122589111328,29.234689712524414,29.0206241607666,7.305947303771973
1771501812.952679,-2.2615292072296143,10.267889976501465,0.0,17.70659828186035,28.785932540893555,29.138399124145508,6.91485595703125
1771501812.9859564,-2.404785633087158,9.888028144836426,0.0,17.891889572143555,29.108121871948242,29.28853416442871,7.448894500732422
1771501813.014762,-3.8967795372009277,9.260199546813965,0.0,17.170385360717773,28.246206283569336,28.32270622253418,6.7168684005737305
1771501813.0477562,-2.474583148956299,10.156179428100586,0.0,18.14289093017578,29.053630828857422,28.980913162231445,7.220862865447998
1771501813.0792654,-3.511245012283325,9.912398338317871,0.0,17.79470443725586,28.437259674072266,28.243919372558594,6.850015163421631
1771501813.1112869,-2.725980043411255,10.279455184936523,0.0,17.630142211914062,28.98607063293457,29.149417877197266,7.352023124694824
1771501813.1443188,-3.784616231918335,9.436582565307617,0.0,16.81371307373047,28.252872467041016,28.046222686767578,6.485511302947998
1771501813.1778326,-2.463153123855591,10.271020889282227,0.0,18.00461196899414,29.144851684570312,29.15359115600586,7.079503536224365
1771501813.2088358,-2.5070903301239014,10.443706512451172,0.0,17.858049392700195,29.509891510009766,29.49262809753418,7.437607288360596
1771501813.2533913,-2.3685710430145264,10.611641883850098,0.0,17.785266876220703,28.955169677734375,28.96312141418457,6.916259288787842
1771501813.2873936,-2.599713087081909,10.326379776000977,0.0,17.600317001342773,28.975038528442383,28.90545082092285,6.9207963943481445
1771501813.3183925,-2.6565916538238525,10.416437149047852,0.0,17.6439208984375,29.045455932617188,29.103910446166992,6.754232406616211
1771501813.3484013,-2.368485450744629,10.101273536682129,0.0,17.703752517700195,29.19911766052246,29.111478805541992,7.119165420532227
1771501813.3805456,-2.4294943809509277,10.346721649169922,0.0,18.13515853881836,29.074447631835938,28.63124656677246,6.688323020935059
1771501813.4145775,-2.726311206817627,9.961673736572266,0.0,18.268850326538086,29.50381851196289,29.12372589111328,7.203739166259766
1771501813.444552,-3.5995962619781494,9.903585433959961,0.0,17.829050064086914,28.31493377685547,27.997682571411133,6.583044528961182
1771501813.4801445,-3.2398478984832764,9.783839225769043,0.0,17.827518463134766,29.415712356567383,29.013376235961914,7.458861351013184
1771501813.514144,-1.5898220539093018,10.606369972229004,0.0,18.882062911987305,30.31694221496582,29.768075942993164,7.852723121643066
1771501813.5431576,-3.2257909774780273,9.978272438049316,0.0,17.811811447143555,29.075029373168945,28.657203674316406,7.007577419281006
1771501813.5736873,-3.1461808681488037,9.813217163085938,0.0,17.31045913696289,29.287612915039062,29.01613998413086,7.262225151062012
1771501813.6096768,-3.3425190448760986,9.560999870300293,0.0,17.328439712524414,28.76042938232422,28.494871139526367,6.477650165557861
1771501813.654212,-2.811446189880371,10.329475402832031,0.0,18.033361434936523,29.324125289916992,28.98722267150879,6.898500442504883
1771501813.687209,-3.489670515060425,9.837764739990234,0.0,17.20394515991211,28.375991821289062,28.164995193481445,6.727850914001465
1771501813.7112079,-3.5310120582580566,9.9190673828125,0.0,17.112873077392578,28.32114028930664,28.080820083618164,6.741947650909424
1771501813.7432306,-2.665001153945923,10.399349212646484,0.0,17.938467025756836,28.909990310668945,28.45337677001953,6.9333086013793945
1771501813.7737381,-3.049544095993042,10.24197769165039,0.0,17.72685432434082,28.68738555908203,28.165149688720703,6.646364688873291
1771501813.81774,-3.028616428375244,9.955652236938477,0.0,17.553451538085938,28.47609519958496,28.26133155822754,7.038947105407715
1771501813.851748,-2.1576032638549805,10.947349548339844,0.0,18.57853126525879,29.49252700805664,28.9520320892334,7.249547004699707
1771501813.8817859,-3.011390447616577,10.681955337524414,0.0,17.492900848388672,28.47646141052246,28.18535804748535,6.752382755279541
1771501813.913785,-2.4168190956115723,10.52698802947998,0.0,18.090309143066406,29.580730438232422,29.170551300048828,7.156785488128662
1771501813.9457986,-2.395068883895874,10.51758861541748,0.0,17.93531036376953,29.19347381591797,29.02287483215332,6.923625946044922
1771501813.976111,-3.3133678436279297,10.11182689666748,0.0,17.39066505432129,28.214929580688477,27.916664123535156,6.307426452636719
1771501814.007111,-2.3739466667175293,10.404727935791016,0.0,17.656007766723633,29.293684005737305,29.49215316772461,7.420611381530762
1771501814.0381389,-3.1886494159698486,10.324625015258789,0.0,17.4124813079834,28.50922203063965,28.171663284301758,6.4142584800720215
1771501814.083791,-3.3480279445648193,10.323989868164062,0.0,16.679189682006836,28.29216957092285,28.325979232788086,6.4990763664245605
1771501814.1189022,-1.8640059232711792,10.898320198059082,0.0,18.135927200317383,29.568193435668945,29.134912490844727,7.004387855529785
1771501814.1479075,-2.4359006881713867,10.499371528625488,0.0,17.62186622619629,28.90286636352539,28.7919979095459,6.830204010009766
1771501814.1794193,-2.7056801319122314,10.223913192749023,0.0,17.560983657836914,28.738222122192383,28.663158416748047,6.794545650482178
1771501814.2154396,-2.5459485054016113,10.593378067016602,0.0,17.750944137573242,29.0341739654541,28.779918670654297,6.78104829788208
1771501814.2504349,-2.525019407272339,10.552033424377441,0.0,17.807748794555664,29.209379196166992,29.114656448364258,7.14138650894165
1771501814.277969,-3.1549453735351562,10.521917343139648,0.0,17.57537269592285,28.332426071166992,27.809494018554688,6.177239894866943
1771501814.3099678,-2.091547966003418,11.090584754943848,0.0,18.3601016998291,29.4999942779541,29.28959846496582,7.354128360748291
1771501814.3408113,-2.879535436630249,10.445751190185547,0.0,17.638633728027344,28.805458068847656,28.477022171020508,6.586757659912109
1771501814.3760889,-1.4922537803649902,11.08070182800293,0.0,18.790613174438477,29.860353469848633,29.633914947509766,7.530459403991699
1771501814.4070997,-2.0927622318267822,10.880257606506348,0.0,18.247596740722656,29.42446517944336,28.95060920715332,6.787771224975586
1771501814.4380906,-1.6697368621826172,10.682276725769043,0.0,18.60682487487793,29.94245147705078,29.812883377075195,7.3157172203063965
1771501814.4726608,-1.4370744228363037,10.748198509216309,0.0,18.560619354248047,30.03782081604004,29.955400466918945,7.557849884033203
1771501814.519661,-1.1576378345489502,11.194511413574219,0.0,18.942028045654297,30.163183212280273,29.958070755004883,7.639275550842285
1771501814.5487046,-1.935336709022522,10.422442436218262,0.0,18.572925567626953,29.812883377075195,29.60373306274414,7.648168087005615
1771501814.571387,-2.3552677631378174,10.38959789276123,0.0,18.301624298095703,29.2828369140625,29.06609535217285,7.344242572784424
1771501814.615388,-2.144144296646118,10.730033874511719,0.0,18.721601486206055,29.678730010986328,29.216081619262695,7.225186824798584
1771501814.6465733,-2.2174222469329834,10.38729190826416,0.0,18.097766876220703,29.27405548095703,29.151166915893555,7.407708644866943
1771501814.6820886,-1.9596538543701172,10.611748695373535,0.0,18.35036277770996,29.331933975219727,29.081527709960938,7.155133247375488
1771501814.7090898,-2.1578598022460938,11.035521507263184,0.0,18.497461318969727,29.414031982421875,29.108991622924805,7.263804912567139
1771501814.7430942,-2.7459299564361572,10.248570442199707,0.0,17.215227127075195,28.472795486450195,28.552988052368164,6.81589937210083
1771501814.774619,-2.5308923721313477,10.472970008850098,0.0,18.047344207763672,28.9749813079834,28.76121711730957,6.784794330596924
1771501814.8056142,-1.9545506238937378,10.905980110168457,0.0,18.750877380371094,29.816312789916992,29.363588333129883,7.553670883178711
1771501814.8376148,-1.8482881784439087,11.018074035644531,0.0,18.497394561767578,29.79463005065918,29.33123016357422,7.279669284820557
1771501814.8681273,-1.6203267574310303,10.70843505859375,0.0,19.11198616027832,29.895727157592773,29.422836303710938,7.3999552726745605
1771501814.9046423,-1.8513858318328857,10.795685768127441,0.0,18.604124069213867,30.055526733398438,29.423694610595703,7.262500762939453
1771501814.951648,-1.6207430362701416,10.580522537231445,0.0,18.630605697631836,29.65496826171875,29.506120681762695,7.498533725738525
1771501814.9831574,-2.427623987197876,10.371402740478516,0.0,17.91434097290039,28.841745376586914,28.698360443115234,6.773649215698242
1771501815.0171657,-1.3253505229949951,10.986963272094727,0.0,18.732080459594727,30.100399017333984,29.847515106201172,7.540001392364502
1771501815.0491717,-1.9585539102554321,10.886258125305176,0.0,18.248125076293945,29.700923919677734,29.358564376831055,7.036228656768799
1771501815.0831769,-1.5392343997955322,10.445025444030762,0.0,18.17142677307129,29.478595733642578,29.79509735107422,7.738778114318848
1771501815.115891,-2.510791540145874,10.878260612487793,0.0,17.883956909179688,29.16886329650879,28.751033782958984,6.431023597717285
1771501815.1479034,-1.5702552795410156,10.930502891540527,0.0,18.33026695251465,29.69086265563965,29.54665184020996,7.4687910079956055
1771501815.177411,-2.2266550064086914,10.7994966506958,0.0,17.82356071472168,29.184650421142578,28.804166793823242,6.428983211517334
1771501815.210428,-1.516497254371643,10.898111343383789,0.0,18.36768341064453,29.867948532104492,29.50396156311035,7.112494945526123
1771501815.242436,-2.2917301654815674,10.397308349609375,0.0,18.132410049438477,29.043476104736328,28.82021713256836,6.8502302169799805
1771501815.2710485,-0.8475567102432251,11.061808586120605,0.0,18.921979904174805,30.328166961669922,30.115976333618164,7.4491143226623535
1771501815.3030465,-2.3083343505859375,10.507325172424316,0.0,18.154571533203125,29.129995346069336,28.872547149658203,6.573715686798096
1771501815.3360822,-1.6217329502105713,10.547645568847656,0.0,18.88542938232422,30.06980323791504,29.73822021484375,7.394771575927734
1771501815.3831434,-2.6696994304656982,10.335829734802246,0.0,17.860319137573242,29.23949432373047,28.821714401245117,6.396847724914551
1771501815.4141212,-2.1543781757354736,10.485857963562012,0.0,18.135284423828125,29.9625244140625,29.730749130249023,7.339991092681885
1771501815.448127,-2.00923490524292,10.843284606933594,0.0,18.225906372070312,29.59370994567871,29.136878967285156,6.80117130279541
1771501815.4778452,-1.566007137298584,11.294203758239746,0.0,18.23736572265625,29.760387420654297,29.17483901977539,6.810697555541992
1771501815.5107434,-1.630903959274292,11.19423770904541,0.0,18.810169219970703,30.132753372192383,29.4632625579834,6.703094005584717
1771501815.5437825,-0.8034167885780334,11.464983940124512,0.0,19.035335540771484,30.818748474121094,30.210201263427734,7.609470367431641
1771501815.575297,-1.2369996309280396,11.22917652130127,0.0,18.903362274169922,30.34287452697754,29.947072982788086,7.235640048980713
1771501815.6052957,-2.509690284729004,10.595234870910645,0.0,18.048877716064453,29.383222579956055,28.827226638793945,6.611410617828369
1771501815.6383305,-0.8806440830230713,11.281891822814941,0.0,19.17753028869629,30.59198570251465,29.81998062133789,7.358579158782959
1771501815.6708777,-1.8242906332015991,10.612747192382812,0.0,18.347076416015625,29.907682418823242,29.468923568725586,6.916885852813721
1771501815.7018166,-2.4444518089294434,10.48798942565918,0.0,18.123403549194336,29.737367630004883,29.177398681640625,6.7268218994140625
1771501815.7339096,-1.8192306756973267,10.760412216186523,0.0,17.832408905029297,30.029634475708008,29.909406661987305,7.369482040405273
1771501815.7685587,-2.1143555641174316,10.552085876464844,0.0,18.17290687561035,29.386560440063477,29.128414154052734,6.91917085647583
1771501815.8135512,-0.9584364295005798,10.896378517150879,0.0,19.086706161499023,30.483610153198242,30.19403648376465,7.834507465362549
1771501815.8483799,-2.259761333465576,10.517988204956055,0.0,17.96377182006836,29.32135772705078,28.920835494995117,6.444746017456055
1771501815.8795848,-0.8089321851730347,11.00090503692627,0.0,19.068662643432617,30.61859893798828,30.246524810791016,7.365324020385742
1771501815.910585,-1.3064838647842407,10.816787719726562,0.0,18.88701629638672,29.883609771728516,29.440799713134766,6.965909481048584
1771501815.944591,-0.541674017906189,11.053399085998535,0.0,18.886314392089844,30.30079460144043,29.894540786743164,7.258486747741699
1771501815.976786,-1.6417630910873413,10.735027313232422,0.0,18.62567901611328,29.860898971557617,29.334943771362305,7.043662071228027
1771501816.005785,-1.091573715209961,11.218381881713867,0.0,19.33331298828125,30.2896728515625,29.58098602294922,7.3672919273376465
1771501816.0367858,-0.6910287141799927,11.41578483581543,0.0,19.11268424987793,30.58328628540039,29.82772445678711,7.032892227172852
1771501816.0682995,-0.6064654588699341,11.488247871398926,0.0,18.894512176513672,30.39948272705078,29.999277114868164,7.43718147277832
1771501816.1030653,-1.0536437034606934,10.97903060913086,0.0,18.736156463623047,30.548927307128906,30.087352752685547,7.51644229888916
1771501816.1336243,-0.09783406555652618,11.49990463256836,0.0,19.26991081237793,30.88871192932129,30.30276870727539,7.495426177978516
1771501816.1658938,-0.8716958165168762,10.969964027404785,0.0,18.938159942626953,30.50930404663086,30.259876251220703,7.5831403732299805
1771501816.1998959,-0.03460491821169853,11.919710159301758,0.0,19.864482879638672,31.321195602416992,30.426406860351562,7.666574478149414
1771501816.2469113,-0.2044312208890915,11.761181831359863,0.0,19.234838485717773,31.147918701171875,30.665706634521484,7.704137325286865
1771501816.281668,-0.6424421668052673,11.499160766601562,0.0,19.531469345092773,30.743051528930664,30.330184936523438,7.550045013427734
1771501816.3146622,-0.7632366418838501,11.256230354309082,0.0,18.738494873046875,30.520030975341797,30.27808952331543,7.420174598693848
1771501816.3467317,-1.2620611190795898,11.429933547973633,0.0,18.97627067565918,30.17690086364746,29.472545623779297,7.058154582977295
1771501816.3792129,-0.732921838760376,11.196815490722656,0.0,19.234783172607422,30.747840881347656,30.443845748901367,7.910590648651123
1771501816.4112182,-0.8156120777130127,11.683816909790039,0.0,19.062911987304688,30.29522705078125,29.540916442871094,7.184940338134766
1771501816.4392483,-0.04781141132116318,11.918766975402832,0.0,19.762752532958984,30.89432716369629,30.06166648864746,7.3428263664245605
1771501816.471809,-0.4402737319469452,11.758916854858398,0.0,19.519420623779297,30.908658981323242,30.0444278717041,7.157425403594971
1771501816.5033216,-0.5757959485054016,11.53027629852295,0.0,19.097551345825195,30.545799255371094,30.051679611206055,7.206105709075928
1771501816.535354,-0.64939945936203,11.678382873535156,0.0,18.878942489624023,30.136539459228516,29.295000076293945,6.858430862426758
1771501816.5678413,-0.3029654324054718,11.609875679016113,0.0,19.294090270996094,30.914087295532227,30.281997680664062,7.527529239654541
1771501816.5998354,-0.21617209911346436,11.891175270080566,0.0,19.023155212402344,30.691957473754883,29.891742706298828,7.077034950256348
1771501816.6331105,-0.3748410940170288,11.557088851928711,0.0,19.21436309814453,30.699201583862305,29.965444564819336,7.289340972900391
1771501816.6766317,0.714736819267273,12.191471099853516,0.0,19.456836700439453,31.562345504760742,30.77320671081543,7.749045372009277
1771501816.7096348,-0.8851596713066101,11.62672233581543,0.0,19.317626953125,30.732276916503906,29.697120666503906,6.84451961517334
1771501816.7406642,-1.0045498609542847,11.338383674621582,0.0,18.962793350219727,30.544862747192383,29.668184280395508,7.254129886627197
1771501816.7731416,-0.5243273377418518,11.432262420654297,0.0,19.070554733276367,30.670658111572266,29.75989532470703,7.504497528076172
1771501816.8061414,-0.14646103978157043,11.726679801940918,0.0,19.521181106567383,31.15506935119629,30.417146682739258,7.658638954162598
1771501816.8391418,0.1292707622051239,11.863790512084961,0.0,19.582130432128906,31.291017532348633,30.485387802124023,8.049692153930664
1771501816.8686545,-0.5736011266708374,11.533662796020508,0.0,19.29839515686035,30.754186630249023,29.700332641601562,7.303839206695557
1771501816.9006548,-0.9287585616111755,11.577401161193848,0.0,19.150911331176758,30.57143783569336,29.8723087310791,7.289175510406494
1771501816.9326558,-0.692362368106842,11.728111267089844,0.0,19.441123962402344,30.5678768157959,29.664142608642578,7.359950542449951
1771501816.965167,-0.9567427635192871,11.716731071472168,0.0,19.179122924804688,30.463119506835938,29.385089874267578,6.991657257080078
1771501816.998167,-1.132654070854187,11.252018928527832,0.0,18.590219497680664,30.408893585205078,29.76398468017578,7.384113788604736
1771501817.0291686,-0.770877480506897,11.32474136352539,0.0,18.988441467285156,30.352632522583008,29.78781509399414,7.473752975463867
1771501817.062687,-0.8542298078536987,11.58419132232666,0.0,19.407663345336914,30.82731819152832,29.961105346679688,7.490287780761719
1771501817.1125507,-0.3560887575149536,11.476949691772461,0.0,19.600460052490234,30.917997360229492,30.211158752441406,7.873849868774414
1771501817.1455545,-0.03134476765990257,11.66701602935791,0.0,19.48716163635254,31.10719871520996,30.27107810974121,7.734550476074219
1771501817.1770613,0.11813502013683319,11.77155876159668,0.0,19.05791473388672,30.97555923461914,30.294509887695312,7.731845855712891
1771501817.208063,-0.5627147555351257,11.604366302490234,0.0,19.10040855407715,30.958032608032227,29.991413116455078,7.155665397644043
1771501817.239062,-0.24714800715446472,11.473653793334961,0.0,19.3419246673584,30.987079620361328,30.345882415771484,7.583348751068115
1771501817.270578,1.0041484832763672,12.475680351257324,0.0,20.320297241210938,31.730297088623047,30.552616119384766,7.62631368637085
1771501817.3007483,-0.9770069718360901,11.559316635131836,0.0,18.609405517578125,30.432445526123047,29.387950897216797,6.809709548950195
1771501817.3357496,0.5355321764945984,12.112358093261719,0.0,20.057498931884766,31.820234298706055,30.62113380432129,7.639988422393799
1771501817.3662975,-0.3359796404838562,11.501428604125977,0.0,19.253082275390625,31.023576736450195,30.272165298461914,7.260958671569824
1771501817.4002922,0.7434766888618469,12.120938301086426,0.0,20.205202102661133,31.696975708007812,30.73006248474121,7.542905330657959
1771501817.4292912,0.2472415566444397,11.985093116760254,0.0,20.183856964111328,31.81385040283203,30.676387786865234,7.640310764312744
1771501817.464824,-0.36325234174728394,11.892304420471191,0.0,19.58498191833496,31.01709747314453,29.91527557373047,7.256316184997559
1771501817.4949062,-0.3327309191226959,11.57247543334961,0.0,19.1346378326416,31.0472469329834,30.0660343170166,7.429203987121582
1771501817.5408256,-0.3808722198009491,11.72004508972168,0.0,19.366899490356445,31.097774505615234,29.998123168945312,7.236195087432861
1771501817.573359,-0.56894850730896,11.687438011169434,0.0,19.205896377563477,30.969633102416992,29.940349578857422,7.247719764709473
1771501817.6053588,0.785430371761322,12.381199836730957,0.0,19.945354461669922,31.406822204589844,30.181461334228516,7.66630744934082
1771501817.6373882,-0.5453490614891052,11.75657844543457,0.0,18.480621337890625,30.62986183166504,29.66902732849121,7.078371047973633
1771501817.6688745,0.46749347448349,12.176363945007324,0.0,19.669679641723633,31.44620704650879,30.277835845947266,7.656490325927734
1771501817.7038746,0.11262539774179459,11.843429565429688,0.0,19.76822280883789,31.200727462768555,30.30933952331543,7.922584533691406
1771501817.7328744,0.05163392424583435,11.964587211608887,0.0,19.473447799682617,31.358661651611328,30.037548065185547,7.555388927459717
1771501817.7663972,-0.9339483976364136,11.43233585357666,0.0,19.20319175720215,30.544116973876953,29.540111541748047,7.096823692321777
1771501817.7983878,0.33217737078666687,11.966257095336914,0.0,20.129837036132812,31.656930923461914,30.362550735473633,8.01968002319336
1771501817.829392,-0.15958884358406067,11.994962692260742,0.0,19.78446388244629,31.039737701416016,29.846078872680664,7.48308801651001
1771501817.8629022,0.6812781691551208,12.738354682922363,0.0,20.446836471557617,31.811962127685547,29.955690383911133,7.469087600708008
1771501817.8949082,-0.7177868485450745,11.636162757873535,0.0,18.983884811401367,30.627294540405273,29.627206802368164,7.227725505828857
1771501817.9279015,0.5316006541252136,12.342525482177734,0.0,20.487276077270508,31.808385848999023,30.666048049926758,7.934357643127441
1771501817.9754484,0.8498792052268982,12.370240211486816,0.0,20.004161834716797,31.510801315307617,30.35050392150879,7.751391887664795
1771501818.0094488,0.5644075870513916,12.647204399108887,0.0,19.90583610534668,31.36908531188965,30.203014373779297,7.669732570648193
1771501818.0384467,0.8449644446372986,11.989943504333496,0.0,19.966934204101562,31.843751907348633,30.97170066833496,8.244598388671875
1771501818.0689678,0.8200081586837769,12.035808563232422,0.0,20.393484115600586,31.864471435546875,30.78029441833496,8.39411735534668
1771501818.1008177,-0.3534505367279053,11.9956693649292,0.0,19.64049530029297,31.09061050415039,29.603404998779297,7.229483127593994
1771501818.1340091,0.7877267599105835,12.036322593688965,0.0,20.125858306884766,31.737102508544922,30.67645835876465,7.984889507293701
1771501818.1675658,-0.08360695838928223,11.825035095214844,0.0,19.883665084838867,31.297935485839844,29.89809226989746,7.338400840759277
1771501818.1975646,-0.008123243227601051,12.172797203063965,0.0,20.08660316467285,31.18347930908203,29.763568878173828,7.150671482086182
1771501818.230689,0.8463559150695801,12.337969779968262,0.0,20.628936767578125,31.708669662475586,30.30439567565918,7.674288272857666
1771501818.2612088,1.5360379219055176,12.617193222045898,0.0,20.952903747558594,32.53174591064453,30.880998611450195,8.13719367980957
1771501818.2972171,1.270505428314209,12.853824615478516,0.0,20.550195693969727,31.965438842773438,30.41562271118164,7.717501163482666
1771501818.3302174,0.13381974399089813,11.98585033416748,0.0,19.945693969726562,31.403549194335938,29.986499786376953,7.52691125869751
1771501818.3615522,0.7316675782203674,12.340381622314453,0.0,20.3555965423584,31.65314292907715,30.147924423217773,7.675926685333252
1771501818.4055498,1.0133538246154785,12.428423881530762,0.0,20.450990676879883,31.70094108581543,30.328012466430664,7.615050315856934
1771501818.4400697,0.470816045999527,12.276273727416992,0.0,20.008777618408203,31.380355834960938,29.689590454101562,7.425662040710449
1771501818.4715388,1.0861470699310303,12.216583251953125,0.0,19.89167022705078,31.358413696289062,29.904726028442383,7.451966285705566
1771501818.502542,1.569040060043335,13.046268463134766,0.0,20.85634994506836,31.914546966552734,29.949623107910156,7.21991491317749
1771501818.5345526,-0.30352073907852173,11.879365921020508,0.0,19.614181518554688,30.897899627685547,29.211952209472656,6.971522331237793
1771501818.567129,0.6347452998161316,12.154874801635742,0.0,19.86247444152832,31.3631534576416,30.045804977416992,7.386838912963867
1771501818.597161,-0.21955636143684387,11.871414184570312,0.0,19.77094078063965,30.905820846557617,29.351116180419922,7.2115702629089355
1771501818.6291282,1.276311993598938,12.651458740234375,0.0,20.751375198364258,32.05152893066406,30.566701889038086,7.779004096984863
1771501818.66069,1.0673898458480835,12.55517292022705,0.0,20.676177978515625,31.96488380432129,30.04545021057129,7.46287727355957
1771501818.692675,0.9535524249076843,12.734441757202148,0.0,20.667774200439453,31.689659118652344,29.670969009399414,7.008497714996338
1771501818.7246745,1.0718189477920532,12.655998229980469,0.0,20.36581802368164,31.907794952392578,29.9637451171875,7.2902421951293945
1771501818.7568712,1.2037683725357056,12.666064262390137,0.0,20.53571319580078,31.871540069580078,30.2902774810791,7.668142318725586
1771501818.7948766,1.249438762664795,12.386616706848145,0.0,20.52669334411621,32.16097640991211,30.487743377685547,7.779549598693848
1771501818.83688,1.418738603591919,12.506257057189941,0.0,20.99061393737793,32.46002197265625,30.89423942565918,7.878492832183838
1771501818.8694248,1.7491432428359985,12.901022911071777,0.0,20.88926124572754,32.49412155151367,30.872121810913086,8.07138442993164
1771501818.9003918,2.0596513748168945,13.158000946044922,0.0,20.905914306640625,32.27423858642578,30.744585037231445,7.66607141494751
1771501818.933393,1.3449894189834595,12.60056209564209,0.0,20.34162712097168,32.036338806152344,30.291887283325195,7.540623188018799
1771501818.9659572,1.4557268619537354,12.873827934265137,0.0,20.590045928955078,32.03115463256836,30.343765258789062,7.671231746673584
1771501819.0009453,0.5212020874023438,12.296218872070312,0.0,19.96095848083496,31.65880012512207,29.999441146850586,7.49599552154541
1771501819.0309489,0.5775980949401855,12.360774993896484,0.0,20.011444091796875,31.560169219970703,30.07101821899414,7.312680244445801
1771501819.061491,0.6159238219261169,12.435532569885254,0.0,20.573970794677734,31.67533302307129,30.04171371459961,7.747385025024414
1771501819.0934637,0.6433942317962646,12.423089027404785,0.0,20.514760971069336,31.897645950317383,30.185604095458984,7.496481895446777
1771501819.1266973,1.0152084827423096,12.39041519165039,0.0,20.592634201049805,31.953983306884766,30.551239013671875,8.003382682800293
1771501819.1602237,0.042600251734256744,12.122613906860352,0.0,19.981767654418945,31.4623966217041,29.600881576538086,7.261139392852783
1771501819.1902223,1.0183271169662476,12.789504051208496,0.0,20.791309356689453,32.202972412109375,30.332490921020508,7.792001247406006
1771501819.2257488,1.0316877365112305,12.783230781555176,0.0,20.7474365234375,31.98043441772461,29.885305404663086,7.470746040344238
1771501819.2712653,-0.5967504978179932,12.14510440826416,0.0,19.624364852905273,30.84150505065918,28.90985679626465,6.5735015869140625
1771501819.3072655,-0.028139110654592514,11.771227836608887,0.0,19.815576553344727,31.083480834960938,29.69078254699707,7.716073513031006
1771501819.3332632,-0.5782387256622314,11.664050102233887,0.0,19.677759170532227,30.80640983581543,29.240224838256836,7.234792232513428
1771501819.3668516,0.7685209512710571,12.593597412109375,0.0,20.621896743774414,31.469615936279297,29.630756378173828,7.377510070800781
1771501819.398849,0.027926599606871605,11.976347923278809,0.0,19.96428680419922,30.947772979736328,29.407634735107422,7.203790187835693
1771501819.4328501,0.5535527467727661,12.024689674377441,0.0,19.94585609436035,31.093162536621094,29.848430633544922,7.530130386352539
1771501819.4614317,1.1582629680633545,12.549126625061035,0.0,20.63761329650879,31.560867309570312,30.01446533203125,7.483331680297852
1771501819.493432,-0.16924230754375458,11.683494567871094,0.0,19.431455612182617,31.07874298095703,29.7568359375,7.769455909729004
1771501819.5254793,0.590593159198761,12.474844932556152,0.0,20.404834747314453,31.408666610717773,29.77115821838379,7.2870283126831055
1771501819.5575476,-0.4726475775241852,12.168045997619629,0.0,18.755945205688477,30.543285369873047,29.045305252075195,6.798190593719482
1771501819.5885577,0.09322471171617508,12.461472511291504,0.0,19.7083683013916,30.774639129638672,29.208723068237305,7.046375751495361
1771501819.6226199,-0.2552242875099182,12.360861778259277,0.0,19.690351486206055,30.962539672851562,29.171354293823242,6.843977451324463
1771501819.6715474,-0.9192139506340027,12.039511680603027,0.0,18.979001998901367,30.5550537109375,28.503448486328125,6.520140171051025
1771501819.7025504,0.00895847287029028,12.030292510986328,0.0,19.777746200561523,31.261476516723633,29.72995376586914,7.427120208740234
1771501819.735503,0.9186301231384277,13.018712997436523,0.0,20.42732810974121,31.497840881347656,29.29216957092285,7.01455545425415
1771501819.7650113,0.7632072567939758,12.156240463256836,0.0,20.105588912963867,32.13016128540039,30.199472427368164,7.852047443389893
1771501819.797013,-0.5682386755943298,11.862136840820312,0.0,19.66109275817871,31.370227813720703,29.52213478088379,7.267727851867676
1771501819.8290124,0.3595363199710846,12.406061172485352,0.0,20.338918685913086,31.21038818359375,29.61855125427246,7.5477824211120605
1771501819.8645253,-0.20382818579673767,12.216923713684082,0.0,20.32813835144043,31.36756134033203,29.335590362548828,7.136975288391113
1771501819.8975224,0.049703340977430344,12.122827529907227,0.0,20.10634994506836,31.334657669067383,29.490568161010742,7.502732753753662
1771501819.926524,-0.44723984599113464,12.188067436218262,0.0,20.498859405517578,31.319849014282227,29.34449005126953,7.58358907699585
1771501819.9592078,-0.9549276232719421,11.558011054992676,0.0,19.338993072509766,30.935884475708008,29.4608154296875,7.594223976135254
1771501819.990208,-0.04901584982872009,12.37927532196045,0.0,20.044506072998047,31.34895133972168,29.684127807617188,7.710407733917236
1771501820.0234003,1.0449436902999878,12.873502731323242,0.0,21.216655731201172,32.04263687133789,30.193952560424805,8.163771629333496
1771501820.0544138,0.1957378387451172,11.930580139160156,0.0,20.138898849487305,31.18831443786621,29.817617416381836,7.921584606170654
1771501820.106085,1.2258657217025757,12.663196563720703,0.0,20.36811637878418,31.894914627075195,30.19502830505371,7.542341232299805
1771501820.1401646,-0.5529948472976685,12.36950397491455,0.0,19.660932540893555,30.832895278930664,28.90812873840332,6.739689826965332
1771501820.173232,0.17594918608665466,12.200470924377441,0.0,20.111921310424805,31.192358016967773,29.466941833496094,7.392539024353027
1771501820.204229,-1.3387973308563232,11.372629165649414,0.0,19.175554275512695,30.32768440246582,28.74503517150879,6.946590900421143
1771501820.2352927,-1.1754313707351685,11.410408973693848,0.0,19.379793167114258,30.53181266784668,28.850994110107422,7.262651443481445
1771501820.2668312,-0.23936563730239868,12.021169662475586,0.0,20.141374588012695,31.108047485351562,29.394393920898438,7.238608360290527
1771501820.2978642,-0.39140206575393677,12.20449447631836,0.0,20.24564552307129,31.082233428955078,29.1788330078125,7.196529388427734
1771501820.327899,-0.6675819158554077,11.480584144592285,0.0,19.145280838012695,31.552202224731445,29.755510330200195,7.8352813720703125
1771501820.3583868,-0.7333675026893616,11.752180099487305,0.0,20.151287078857422,31.06525421142578,29.10028648376465,7.327366352081299
1771501820.390385,0.021989786997437477,12.027904510498047,0.0,20.164505004882812,31.76905632019043,30.026945114135742,8.076339721679688
1771501820.4224658,-0.20033513009548187,12.106715202331543,0.0,20.398300170898438,31.002063751220703,29.06474494934082,7.291303634643555
1771501820.4544773,0.23209427297115326,12.170516967773438,0.0,20.12763786315918,31.477319717407227,29.69364356994629,7.611144065856934
1771501820.4860373,-0.286981463432312,11.866013526916504,0.0,20.098154067993164,31.20696258544922,29.45131492614746,7.570979118347168
1771501820.5380256,-0.20408183336257935,11.660635948181152,0.0,19.882648468017578,31.415117263793945,29.622596740722656,7.587637424468994
1771501820.5665817,0.07157562673091888,11.867359161376953,0.0,20.254966735839844,31.821962356567383,29.94365119934082,7.832396984100342
1771501820.5985496,0.8066922426223755,11.869512557983398,0.0,20.806575775146484,32.53374481201172,30.935426712036133,8.46269416809082
1771501820.6295493,0.12811169028282166,12.197486877441406,0.0,20.32284164428711,32.097450256347656,29.90523910522461,7.36775541305542
1771501820.662095,0.9156575202941895,12.218198776245117,0.0,20.71737289428711,32.481693267822266,30.696672439575195,8.295414924621582
1771501820.6940947,0.8665292263031006,12.343826293945312,0.0,20.733678817749023,31.893089294433594,29.77521514892578,7.722248554229736
1771501820.7290385,-0.29390424489974976,12.046042442321777,0.0,20.546184539794922,31.57731819152832,29.208415985107422,6.9980692863464355
1771501820.7567146,-0.18446803092956543,11.738924980163574,0.0,20.081451416015625,31.693973541259766,29.96314811706543,7.82279109954834
1771501820.7898793,-0.6388863325119019,11.891717910766602,0.0,19.972488403320312,31.114534378051758,28.8725643157959,6.977416515350342
1771501820.8208861,-0.8761257529258728,11.695199966430664,0.0,19.755889892578125,30.95555877685547,29.18128204345703,7.0864996910095215
1771501820.854538,0.32228314876556396,12.123798370361328,0.0,20.471540451049805,31.592178344726562,29.485254287719727,7.524835586547852
1771501820.8860087,-0.11104205250740051,12.188774108886719,0.0,20.224267959594727,31.453128814697266,29.272680282592773,7.1704511642456055
1771501820.920006,0.120806485414505,12.219616889953613,0.0,20.396387100219727,31.741117477416992,29.42611312866211,7.182858943939209
1771501820.9684064,-0.21740630269050598,12.106162071228027,0.0,19.88324546813965,31.333105087280273,29.393468856811523,7.436917781829834
1771501820.9984035,0.3493509292602539,12.56478500366211,0.0,20.10080909729004,31.527074813842773,29.179141998291016,7.059959411621094
1771501821.0304072,1.2476685047149658,12.833477020263672,0.0,21.001340866088867,32.48674011230469,30.062490463256836,7.8400044441223145
1771501821.0609176,0.850787878036499,12.665894508361816,0.0,21.160377502441406,31.84115219116211,29.543920516967773,7.37340784072876
1771501821.0939221,0.3702486753463745,11.892325401306152,0.0,20.628257751464844,31.75388526916504,29.803112030029297,7.840394020080566
1771501821.126882,0.8849765062332153,12.364778518676758,0.0,20.878637313842773,31.941864013671875,30.14751434326172,7.997890472412109
1771501821.1613734,-0.1222626119852066,12.064620971679688,0.0,20.366453170776367,31.493974685668945,29.494720458984375,7.708640098571777
1771501821.189381,0.5018810629844666,12.159605026245117,0.0,20.733884811401367,31.761917114257812,29.731077194213867,7.762109756469727
1771501821.2223716,0.5230291485786438,12.114943504333496,0.0,20.270410537719727,31.25914764404297,29.502363204956055,7.418388366699219
1771501821.2563818,-0.09519773721694946,12.056248664855957,0.0,19.847015380859375,31.50769805908203,29.25360107421875,7.1310014724731445
1771501821.287607,0.15625441074371338,12.003788948059082,0.0,20.41566276550293,31.219125747680664,29.291181564331055,7.46319580078125
1771501821.3206081,0.4875318706035614,12.540189743041992,0.0,20.72410774230957,31.682992935180664,29.52255630493164,7.223702907562256
1771501821.35262,-0.47245487570762634,11.715962409973145,0.0,19.737478256225586,31.00398826599121,29.19767951965332,7.185333728790283
1771501821.4311364,0.6906359195709229,12.191876411437988,0.0,20.513992309570312,31.822206497192383,30.049171447753906,7.8589253425598145
1771501821.451145,0.4117591977119446,12.114449501037598,0.0,20.36757469177246,31.461803436279297,29.349069595336914,7.163446426391602
1771501821.4826674,0.786618173122406,12.160526275634766,0.0,20.82945442199707,31.8613338470459,29.867382049560547,7.85504674911499
1771501821.5146658,-0.13753478229045868,11.976651191711426,0.0,20.009784698486328,30.980531692504883,29.289459228515625,7.621650218963623
1771501821.5446744,1.121872901916504,12.550972938537598,0.0,20.27399444580078,31.935199737548828,30.40724754333496,8.326064109802246
1771501821.5772014,1.504174828529358,12.831948280334473,0.0,20.764719009399414,32.05422592163086,29.94109344482422,7.908425331115723
1771501821.6081994,0.8916229009628296,12.521618843078613,0.0,20.540267944335938,31.782440185546875,29.934749603271484,7.881325721740723
1771501821.6381986,1.563833475112915,12.976290702819824,0.0,20.1624698638916,31.83535385131836,30.26642417907715,8.15190601348877
1771501821.6687286,0.9502095580101013,12.262575149536133,0.0,19.74433135986328,31.773578643798828,30.004932403564453,7.7729902267456055
1771501821.6987195,1.3094193935394287,12.655051231384277,0.0,20.42520523071289,32.30220413208008,30.597740173339844,7.9965739250183105
1771501821.7297199,1.366869330406189,12.307655334472656,0.0,20.218660354614258,32.31794738769531,30.938901901245117,8.825310707092285
1771501821.7612398,1.312357783317566,12.382305145263672,0.0,20.06935691833496,32.13468933105469,30.459949493408203,8.39000415802002
1771501821.8302708,0.733572244644165,12.262845993041992,0.0,20.25369644165039,31.597002029418945,29.93993377685547,8.150117874145508
1771501821.861778,0.0564211867749691,11.948719024658203,0.0,20.177885055541992,31.80230140686035,29.637144088745117,8.083514213562012
1771501821.8867857,0.45777446031570435,11.735112190246582,0.0,20.309734344482422,32.107704162597656,30.132741928100586,8.601750373840332
1771501821.91878,-0.6051931381225586,11.817839622497559,0.0,19.99533462524414,31.36750030517578,29.015378952026367,7.45905876159668
1771501821.9497943,0.44351664185523987,12.304935455322266,0.0,20.22400665283203,31.771493911743164,29.869205474853516,7.922450542449951
1771501821.980317,0.35213539004325867,12.36709976196289,0.0,20.22615623474121,31.887775421142578,29.81348419189453,7.5389404296875
1771501822.0133166,1.1397342681884766,12.514781951904297,0.0,20.62651824951172,31.959657669067383,30.29651641845703,8.003534317016602
1771501822.0453224,1.391066551208496,12.795366287231445,0.0,21.007986068725586,32.33045196533203,30.305770874023438,7.994839191436768
1771501822.075836,1.6376467943191528,12.622594833374023,0.0,20.841129302978516,32.36109924316406,30.727651596069336,8.499136924743652
1771501822.1089904,1.3167953491210938,12.663412094116211,0.0,20.69383430480957,32.23912048339844,30.604907989501953,8.582401275634766
1771501822.1389155,1.1135873794555664,12.397132873535156,0.0,20.304887771606445,31.90534210205078,30.590585708618164,8.614493370056152
1771501822.1704364,1.9829192161560059,12.897649765014648,0.0,20.73878288269043,32.72238540649414,31.345060348510742,9.016688346862793
1771501822.2144332,2.7970352172851562,13.57278823852539,0.0,21.25783348083496,32.76376724243164,31.26380729675293,8.924678802490234
1771501822.2648146,3.5659873485565186,13.756243705749512,0.0,21.902421951293945,33.68091583251953,31.935043334960938,9.381051063537598
1771501822.2958515,2.648188591003418,13.571334838867188,0.0,21.433637619018555,33.07905197143555,31.706148147583008,9.10622501373291
1771501822.325815,3.02658748626709,13.595809936523438,0.0,21.791227340698242,33.68623733520508,32.09279251098633,9.698657035827637
1771501822.3568182,2.414449453353882,13.230500221252441,0.0,21.09285545349121,32.9484748840332,31.566864013671875,9.312272071838379
1771501822.3883722,2.4421167373657227,13.058362007141113,0.0,21.34208106994629,33.3349723815918,31.78685188293457,9.503612518310547
1771501822.41836,2.4620308876037598,13.469356536865234,0.0,20.717348098754883,32.737361907958984,31.154563903808594,9.162965774536133
1771501822.4503682,1.7449873685836792,12.924522399902344,0.0,20.623136520385742,32.47030258178711,30.959732055664062,8.88321590423584
1771501822.479874,2.497645616531372,12.980849266052246,0.0,21.12441635131836,32.979129791259766,31.795503616333008,9.874565124511719
1771501822.5108743,1.9099479913711548,13.253247261047363,0.0,20.303691864013672,32.15317916870117,30.949525833129883,8.590659141540527
1771501822.5431883,2.1786978244781494,12.888843536376953,0.0,20.79390525817871,32.788143157958984,31.36798858642578,9.55396556854248
1771501822.5756986,2.999126434326172,13.733844757080078,0.0,21.05797004699707,33.0484733581543,31.575353622436523,9.005324363708496
1771501822.6126997,2.17342209815979,13.071667671203613,0.0,20.340877532958984,32.4619255065918,31.224557876586914,9.385224342346191
1771501822.6447105,1.5581945180892944,12.545574188232422,0.0,19.936491012573242,32.10620880126953,31.15779685974121,8.829434394836426
1771501822.696251,1.7467595338821411,12.590360641479492,0.0,21.2358341217041,32.746829986572266,30.99127960205078,9.208722114562988
1771501822.7262506,2.6419243812561035,13.00014877319336,0.0,21.19748306274414,32.885440826416016,31.588762283325195,9.0835599899292
1771501822.7493436,2.008985757827759,12.700560569763184,0.0,20.898361206054688,32.758079528808594,31.20096206665039,9.015628814697266
1771501822.778885,3.073375940322876,13.199421882629395,0.0,21.195280075073242,33.13127899169922,31.904815673828125,9.69350528717041
1771501822.8108525,2.172060489654541,12.938887596130371,0.0,20.956727981567383,32.73615646362305,31.12042999267578,8.895231246948242
1771501822.8428514,2.8657305240631104,13.290473937988281,0.0,21.32817840576172,32.90691375732422,31.417512893676758,9.614456176757812
1771501822.8749237,2.757993221282959,13.374493598937988,0.0,21.230510711669922,33.24613952636719,31.762596130371094,9.277480125427246
1771501822.9059086,3.167316436767578,13.259785652160645,0.0,21.394752502441406,33.439453125,32.0163688659668,9.768547058105469
1771501822.9369078,2.515866279602051,13.344405174255371,0.0,21.282045364379883,32.883846282958984,31.10968780517578,8.966127395629883
1771501822.9674213,2.739612102508545,13.133487701416016,0.0,21.18536949157715,32.795806884765625,31.005199432373047,9.35874080657959
1771501823.0134518,2.524310827255249,13.001102447509766,0.0,20.921178817749023,32.96875,31.103872299194336,9.336830139160156
1771501823.0455892,3.2642388343811035,13.259812355041504,0.0,21.1623592376709,32.855003356933594,31.480531692504883,9.668655395507812
1771501823.0791414,2.01421856880188,13.017332077026367,0.0,20.21914291381836,32.53145217895508,31.11796760559082,8.618884086608887
1771501823.1285458,3.6842687129974365,13.560900688171387,0.0,22.018665313720703,33.79899597167969,31.92460060119629,9.543177604675293
1771501823.157597,2.76792311668396,13.117976188659668,0.0,20.62522315979004,32.88233947753906,31.536361694335938,9.228864669799805
1771501823.1861095,2.8248724937438965,13.379173278808594,0.0,21.562713623046875,33.41709518432617,31.575510025024414,9.17152214050293
1771501823.2161102,3.0160739421844482,13.41977310180664,0.0,20.94141387939453,32.84400177001953,31.357749938964844,9.08956527709961
1771501823.247682,2.371397018432617,13.267437934875488,0.0,21.24234390258789,33.12965774536133,31.177927017211914,8.685864448547363
1771501823.2782245,1.982161521911621,13.082528114318848,0.0,20.273906707763672,32.38504409790039,30.61430549621582,8.479896545410156
1771501823.310235,1.6256951093673706,12.549092292785645,0.0,20.520715713500977,32.40299987792969,30.754018783569336,8.879741668701172
1771501823.3412557,2.6214306354522705,13.220888137817383,0.0,20.443113327026367,32.205589294433594,30.58673858642578,8.652017593383789
1771501823.3738174,1.8445037603378296,13.28355884552002,0.0,20.032901763916016,31.790300369262695,30.112735748291016,8.060620307922363
1771501823.4128067,3.03597354888916,13.501267433166504,0.0,21.195100784301758,32.96387481689453,31.010406494140625,8.779845237731934
1771501823.4448533,3.0563852787017822,13.813188552856445,0.0,21.21877670288086,32.97722625732422,30.94941520690918,8.487577438354492
1771501823.4774323,3.4768359661102295,14.168557167053223,0.0,21.99629020690918,33.15103530883789,30.830425262451172,8.802138328552246
1771501823.5103626,2.058958053588867,13.335350036621094,0.0,20.579431533813477,32.41231918334961,30.80145263671875,8.564485549926758
1771501823.5581238,3.3451735973358154,13.986244201660156,0.0,21.942501068115234,33.30374526977539,31.56048583984375,9.163982391357422
1771501823.5926762,2.66060209274292,13.234755516052246,0.0,20.43064308166504,32.61942672729492,31.01504898071289,8.793668746948242
1771501823.6246889,3.0784616470336914,13.538115501403809,0.0,21.07046127319336,32.85215377807617,30.97910499572754,8.965340614318848
1771501823.6546817,2.031921148300171,13.066948890686035,0.0,20.496355056762695,32.01310348510742,30.39373016357422,8.542654037475586
1771501823.6861157,3.42880916595459,14.136808395385742,0.0,21.836769104003906,33.293033599853516,31.40098762512207,9.043496131896973
1771501823.7161143,2.864863872528076,13.485177993774414,0.0,20.603818893432617,32.67451477050781,31.273971557617188,8.953688621520996
1771501823.750117,2.903285026550293,13.637482643127441,0.0,21.048460006713867,32.91212463378906,31.229026794433594,8.878390312194824
1771501823.7777433,3.132812976837158,13.857943534851074,0.0,21.492916107177734,33.17942810058594,31.597606658935547,9.039694786071777
1771501823.812763,2.3347859382629395,13.357537269592285,0.0,20.719619750976562,32.623958587646484,31.05124282836914,8.70909595489502
1771501823.8448107,3.0832364559173584,13.864871978759766,0.0,20.728809356689453,32.676753997802734,30.9683780670166,8.736437797546387
1771501823.8773298,2.3839588165283203,13.67744255065918,0.0,20.557693481445312,32.498878479003906,31.117313385009766,8.626895904541016
1771501823.9088266,2.6761085987091064,13.587059020996094,0.0,20.590042114257812,32.23231887817383,30.88282585144043,8.426627159118652
1771501823.9406755,2.9107046127319336,13.721980094909668,0.0,20.52254295349121,32.34480667114258,30.886781692504883,8.47046947479248
1771501823.9932477,2.5779240131378174,13.313286781311035,0.0,20.78418731689453,32.26962661743164,31.039730072021484,8.745516777038574
1771501824.0262465,2.576028347015381,13.575818061828613,0.0,21.01396942138672,32.7590217590332,31.43623161315918,8.789569854736328
1771501824.0573611,2.6724390983581543,13.497823715209961,0.0,21.27703857421875,32.66400146484375,31.449365615844727,9.009302139282227
1771501824.0885584,2.226398229598999,13.565710067749023,0.0,20.81783103942871,32.41457748413086,31.007131576538086,8.7324800491333
1771501824.1191454,2.124124765396118,13.176791191101074,0.0,20.405292510986328,32.10118103027344,31.063983917236328,8.64522933959961
1771501824.151153,3.130204200744629,13.782388687133789,0.0,21.589351654052734,32.92400360107422,31.320297241210938,9.119515419006348
1771501824.1836631,3.2386562824249268,13.734430313110352,0.0,20.875019073486328,32.470333099365234,31.468130111694336,9.280391693115234
1771501824.212697,2.552509307861328,13.170434951782227,0.0,20.378267288208008,32.02271270751953,31.231454849243164,8.965188026428223
1771501824.2458107,2.5915229320526123,13.9727783203125,0.0,20.427257537841797,31.90497589111328,30.755056381225586,8.4292573928833
1771501824.2792485,1.92697012424469,12.95995807647705,0.0,20.427698135375977,32.08440017700195,31.071561813354492,8.920602798461914
1771501824.3112051,3.313822031021118,14.061483383178711,0.0,21.229707717895508,32.46640396118164,31.108047485351562,9.38492488861084
1771501824.341248,2.6980884075164795,13.860566139221191,0.0,20.353670120239258,32.252933502197266,31.21791648864746,9.162758827209473
1771501824.3747826,3.840320587158203,14.491320610046387,0.0,21.933027267456055,33.265350341796875,31.860292434692383,9.756326675415039
1771501824.422784,3.737846851348877,14.359261512756348,0.0,22.042078018188477,33.943321228027344,32.22510528564453,9.4889497756958
1771501824.4537885,3.1093549728393555,13.93915843963623,0.0,21.862995147705078,32.938907623291016,31.256650924682617,9.288830757141113
1771501824.4793997,3.3565149307250977,14.119686126708984,0.0,21.395471572875977,33.06638717651367,31.519638061523438,9.38099193572998
1771501824.5113745,2.685814142227173,14.06766128540039,0.0,21.53836441040039,33.008304595947266,31.17618751525879,9.09896469116211
1771501824.5433724,3.095554828643799,14.028114318847656,0.0,21.288759231567383,33.206180572509766,31.47696304321289,9.178200721740723
1771501824.5738895,2.6780288219451904,13.848349571228027,0.0,21.219097137451172,32.24881362915039,30.70471954345703,8.980918884277344
1771501824.6149209,1.8279796838760376,13.312820434570312,0.0,20.015480041503906,31.971437454223633,30.317520141601562,8.774303436279297
1771501824.6458983,3.137399196624756,13.63636302947998,0.0,21.179956436157227,33.19326400756836,31.552656173706055,9.554741859436035
1771501824.6764045,3.0117602348327637,13.7155179977417,0.0,21.021596908569336,33.016441345214844,31.3019962310791,9.239562034606934
1771501824.7084062,4.213930606842041,14.417612075805664,0.0,21.917621612548828,34.0863037109375,32.08256912231445,9.672492980957031
1771501824.7404385,3.129833221435547,13.878849983215332,0.0,20.8175106048584,33.01283645629883,31.45733642578125,9.37845230102539
1771501824.7739973,3.6341183185577393,13.929056167602539,0.0,21.896371841430664,33.95570373535156,32.03481674194336,9.9132719039917
1771501824.8049963,3.8680548667907715,13.667067527770996,0.0,20.209646224975586,32.998313903808594,31.587491989135742,10.081221580505371
1771501824.8550599,3.0137219429016113,13.696064949035645,0.0,20.134408950805664,32.56010437011719,31.292245864868164,9.608728408813477
1771501824.8876204,2.7105472087860107,13.611846923828125,0.0,20.352018356323242,32.72156524658203,31.313392639160156,9.402033805847168
1771501824.9195857,2.4744315147399902,13.221769332885742,0.0,20.31636619567871,32.7306022644043,31.3957462310791,9.437308311462402
1771501824.9505966,3.951979875564575,14.238203048706055,0.0,21.545419692993164,33.886348724365234,32.31550979614258,9.691571235656738
1771501824.9821923,4.089378356933594,14.185099601745605,0.0,22.053577423095703,33.88683319091797,32.19765853881836,10.061176300048828
1771501825.014206,3.783639907836914,14.259664535522461,0.0,21.26263427734375,33.661869049072266,31.93697166442871,9.662249565124512
1771501825.0451586,3.3993442058563232,14.097325325012207,0.0,22.049375534057617,34.048702239990234,31.901813507080078,9.532732009887695
1771501825.0806847,3.490504264831543,14.267685890197754,0.0,21.753870010375977,33.58488464355469,31.849079132080078,9.682794570922852
1771501825.109014,3.206271171569824,13.94335651397705,0.0,21.588796615600586,33.482933044433594,31.610490798950195,9.220248222351074
1771501825.1421916,3.780942916870117,14.077515602111816,0.0,21.856882095336914,33.66058349609375,31.984952926635742,9.60757827758789
1771501825.1767032,2.8204128742218018,13.68378734588623,0.0,21.453140258789062,33.22486114501953,31.358549118041992,9.1661376953125
1771501825.2057052,2.579055070877075,13.561725616455078,0.0,21.28218650817871,32.89535903930664,30.81808853149414,8.84823226928711
1771501825.2534807,3.4062256813049316,13.95569133758545,0.0,22.096553802490234,33.68701934814453,31.873554229736328,9.4844970703125
1771501825.2921953,3.4339685440063477,13.937671661376953,0.0,22.287710189819336,33.621299743652344,31.669204711914062,9.295151710510254
1771501825.3261933,3.08727765083313,13.698168754577637,0.0,22.105031967163086,33.620418548583984,31.631574630737305,9.37000560760498
1771501825.3581982,2.074639081954956,13.525413513183594,0.0,21.195878982543945,32.86351776123047,31.177169799804688,8.912332534790039
1771501825.389226,1.7885921001434326,13.558892250061035,0.0,21.405858993530273,32.543514251708984,30.81717872619629,8.770474433898926
1771501825.4202316,2.6056909561157227,14.103437423706055,0.0,21.59910774230957,32.7630615234375,30.9863224029541,8.790168762207031
1771501825.452151,3.3020541667938232,13.983428955078125,0.0,21.614351272583008,33.15730285644531,31.692792892456055,9.57159423828125
1771501825.4823058,3.432631731033325,14.336424827575684,0.0,21.433595657348633,33.197654724121094,31.615510940551758,9.170056343078613
1771501825.5143597,2.3326969146728516,13.498736381530762,0.0,20.936946868896484,32.42797088623047,31.176231384277344,9.230462074279785
1771501825.5463045,2.006348133087158,13.233390808105469,0.0,20.88892364501953,32.585323333740234,31.310758590698242,9.065539360046387
1771501825.5768523,2.424809694290161,13.681267738342285,0.0,20.9854679107666,32.41513442993164,31.09731101989746,8.956071853637695
1771501825.6085906,2.4611427783966064,13.883809089660645,0.0,21.305173873901367,32.26565170288086,30.975975036621094,8.907790184020996
1771501825.6406827,1.9888452291488647,13.67293930053711,0.0,20.441247940063477,32.12356185913086,30.566059112548828,8.485038757324219
1771501825.6852057,2.9385507106781006,13.829529762268066,0.0,21.803359985351562,32.963165283203125,31.392250061035156,9.390768051147461
1771501825.7197187,2.6196415424346924,14.024913787841797,0.0,20.910892486572266,32.27867126464844,31.06214141845703,8.915841102600098
1771501825.7482932,2.4363157749176025,14.1497220993042,0.0,21.548681259155273,32.30556869506836,30.768592834472656,8.646141052246094
1771501825.7800727,2.08095645904541,14.197988510131836,0.0,21.291912078857422,32.00645065307617,30.132417678833008,7.823276519775391
1771501825.8130705,2.577923536300659,14.986897468566895,0.0,21.924236297607422,32.608642578125,30.11248207092285,8.117692947387695
1771501825.8450766,2.892277717590332,15.59417724609375,0.0,21.6420955657959,33.247291564941406,30.686437606811523,7.7698140144348145
1771501825.8765771,2.5777266025543213,15.54284381866455,0.0,21.171180725097656,33.22167205810547,30.644258499145508,7.39655876159668
1771501825.9095857,3.198381185531616,16.23866844177246,0.0,21.48539161682129,34.13248825073242,31.261960983276367,7.812835216522217
1771501825.9425852,2.4952962398529053,15.81059741973877,0.0,21.73211669921875,34.16524887084961,31.727441787719727,8.1195068359375
1771501825.9731064,2.7390735149383545,15.711407661437988,0.0,22.672380447387695,35.49927520751953,32.401390075683594,8.756253242492676
1771501826.0050993,1.0300508737564087,14.12092399597168,0.0,21.585166931152344,35.149906158447266,33.1605224609375,9.781153678894043
1771501826.0371091,0.29718518257141113,13.956270217895508,0.0,21.701562881469727,34.84221267700195,33.253028869628906,9.565134048461914
1771501826.0696251,0.10273446142673492,13.56467056274414,0.0,21.567304611206055,35.297786712646484,33.97079849243164,10.00934886932373
1771501826.1180604,-0.28824037313461304,13.163524627685547,0.0,21.58480453491211,35.582420349121094,35.395042419433594,11.111597061157227
1771501826.1511033,-0.06745869666337967,12.999540328979492,0.0,20.96023941040039,35.20020294189453,36.073204040527344,11.508028030395508
1771501826.1716187,-0.2773907482624054,13.085372924804688,0.0,20.939420700073242,35.34017562866211,36.13127136230469,11.563214302062988
1771501826.2146099,-0.557597279548645,12.337745666503906,0.0,19.9051513671875,35.73252868652344,38.55992889404297,13.80368709564209
1771501826.2446442,0.32172662019729614,12.316183090209961,0.0,20.76943588256836,37.34749984741211,41.0499153137207,16.071054458618164
1771501826.278174,2.5760629177093506,12.085628509521484,0.0,22.404613494873047,40.477298736572266,44.840694427490234,20.314083099365234
1771501826.3091652,2.162665843963623,11.362166404724121,0.0,23.024505615234375,42.27490234375,45.96646499633789,22.58022117614746
1771501826.3441691,0.6152796745300293,12.913094520568848,0.0,24.274974822998047,41.37641525268555,45.66868591308594,23.563392639160156
1771501826.3755498,-0.12305158376693726,14.490160942077637,0.0,27.742307662963867,41.7113151550293,46.1795768737793,23.585777282714844
1771501826.406559,-3.1997549533843994,14.561393737792969,0.0,25.940719604492188,39.76456832885742,44.43479537963867,23.052186965942383
1771501826.438549,-4.602802753448486,14.717153549194336,0.0,24.81103515625,38.88497543334961,43.92531204223633,23.32077407836914
1771501826.4700713,-6.459475994110107,14.383563041687012,0.0,22.947277069091797,36.2520751953125,42.5777702331543,23.59839630126953
1771501826.5010805,-3.808298110961914,14.631013870239258,0.0,26.20614242553711,39.809513092041016,46.61012649536133,26.782039642333984
1771501826.5490737,-1.366760015487671,15.62326717376709,0.0,28.602540969848633,43.79423904418945,49.926513671875,30.194787979125977
1771501826.5855842,0.6088666915893555,17.03593635559082,0.0,30.440380096435547,44.60947799682617,51.80586624145508,31.238658905029297
1771501826.612422,0.7196773886680603,18.698972702026367,0.0,29.709962844848633,45.910457611083984,52.91835403442383,31.12594223022461
1771501826.6451023,-3.791013717651367,15.038318634033203,0.0,28.470317840576172,46.54317092895508,52.35675048828125,28.454587936401367
1771501826.6786368,-7.756084442138672,13.479551315307617,0.0,27.59673309326172,46.79030227661133,50.356285095214844,27.379507064819336
1771501826.7086241,-6.682219982147217,15.734878540039062,0.0,30.295190811157227,52.06066131591797,52.94020080566406,27.475440979003906
1771501826.7406263,-6.148671627044678,14.772514343261719,0.0,31.271928787231445,53.866844177246094,54.67146301269531,28.870759963989258
1771501826.7730975,-6.257363319396973,14.805407524108887,0.0,32.04989242553711,53.73273849487305,54.09516906738281,29.00699806213379
1771501826.8080976,-6.557665824890137,16.201416015625,0.0,32.54766845703125,54.64532470703125,55.520442962646484,30.798765182495117
1771501826.8421035,-4.49636173248291,17.196853637695312,0.0,34.61182403564453,59.351497650146484,60.271121978759766,34.917991638183594
1771501826.8726103,-2.827969551086426,17.346288681030273,0.0,36.51801300048828,63.82164764404297,64.98764038085938,38.33865737915039
1771501826.903608,-4.9742231369018555,15.530057907104492,0.0,35.6248893737793,64.44290161132812,65.35401153564453,37.01256561279297
1771501826.9356158,-6.736346244812012,13.772411346435547,0.0,36.674583435058594,65.78032684326172,67.07154083251953,38.823734283447266
1771501826.981116,-9.899005889892578,12.656575202941895,0.0,35.93788146972656,65.99016571044922,66.61724090576172,38.65229034423828
1771501827.0151167,-12.066605567932129,11.503862380981445,0.0,39.12532424926758,66.96116638183594,66.17311096191406,39.1634521484375
1771501827.046117,-14.150808334350586,10.379106521606445,0.0,41.083919525146484,67.1734390258789,66.43023681640625,39.63203430175781
1771501827.0766277,-16.061317443847656,9.103754997253418,0.0,42.6686897277832,67.27095031738281,66.71268463134766,40.987632751464844
1771501827.1096337,-18.551237106323242,8.405957221984863,0.0,44.14533615112305,67.33213806152344,67.14421844482422,39.34001541137695
1771501827.1412551,-17.879812240600586,9.270404815673828,0.0,46.32394790649414,69.66207122802734,69.5318374633789,40.048274993896484
1771501827.1737683,-19.10922622680664,8.830289840698242,0.0,46.834320068359375,69.99586486816406,69.4153823852539,39.00365447998047
1771501827.2077687,-19.41524887084961,9.153298377990723,0.0,48.75044250488281,71.1115951538086,70.86235046386719,40.326332092285156
1771501827.2438774,-20.03380584716797,8.342740058898926,0.0,49.257484436035156,72.49868774414062,72.31816864013672,41.979339599609375
1771501827.27941,-20.304576873779297,7.196612358093262,0.0,52.46873474121094,73.39505004882812,72.85448455810547,43.66354751586914
1771501827.3114102,-19.142051696777344,7.868703365325928,0.0,54.461631774902344,76.54888916015625,76.03047943115234,48.0093994140625
1771501827.3434093,-18.399932861328125,8.350177764892578,0.0,55.61398696899414,78.4327621459961,78.22906494140625,51.29557800292969
1771501827.3724618,-17.73011589050293,8.440144538879395,0.0,54.5761833190918,79.93873596191406,79.77528381347656,54.37068176269531
1771501827.41346,-16.0380916595459,8.825275421142578,0.0,54.519283294677734,82.16393280029297,80.82223510742188,56.338653564453125
1771501827.4504755,-16.85989761352539,7.7488579750061035,0.0,54.02668762207031,81.62084197998047,80.19770812988281,57.24979019165039
1771501827.4829988,-16.307262420654297,7.7678728103637695,0.0,54.9908447265625,83.15026092529297,81.24776458740234,58.133216857910156
1771501827.515007,-16.253658294677734,8.71961498260498,0.0,57.029605865478516,84.25379180908203,82.44718933105469,59.52107238769531
1771501827.545013,-17.12139320373535,9.271169662475586,0.0,55.570472717285156,83.08150482177734,82.45659637451172,58.60104751586914
1771501827.5775125,-16.76236343383789,9.132172584533691,0.0,57.93354797363281,83.55451202392578,84.19305419921875,59.672462463378906
1771501827.606511,-14.89113712310791,9.148306846618652,0.0,61.25301742553711,84.83722686767578,85.75194549560547,62.351192474365234
1771501827.6375113,-14.645673751831055,8.09910774230957,0.0,63.55742263793945,84.8463363647461,86.37285614013672,62.90302658081055
1771501827.6720304,-14.86227035522461,7.223532199859619,0.0,64.25071716308594,84.13672637939453,86.92794799804688,64.48291015625
1771501827.7010207,-15.27108383178711,7.294393062591553,0.0,62.92778396606445,83.56181335449219,86.80978393554688,64.1811752319336
1771501827.7340283,-16.925552368164062,6.929698944091797,0.0,63.64131546020508,83.9900894165039,86.52188110351562,62.95478057861328
1771501827.7655296,-17.134939193725586,6.8990020751953125,0.0,64.24292755126953,84.00900268554688,86.67504119873047,63.555030822753906
1771501827.7985299,-15.551607131958008,7.0614471435546875,0.0,66.36518859863281,84.94929504394531,85.52162170410156,65.7828598022461
1771501827.8455317,-15.436420440673828,6.683952808380127,0.0,67.382568359375,85.07980346679688,84.95814514160156,66.46781158447266
1771501827.879043,-14.405640602111816,6.836949348449707,0.0,68.14744567871094,84.6881332397461,84.3098373413086,67.87533569335938
1771501827.9090428,-13.951409339904785,6.7765793800354,0.0,69.57437896728516,84.97359466552734,83.07495880126953,68.57316589355469
1771501827.9410558,-14.300965309143066,6.158390045166016,0.0,70.53253936767578,85.36819458007812,83.72089385986328,67.43782806396484
1771501827.9726355,-10.253292083740234,6.665435791015625,0.0,73.78321838378906,83.79063415527344,79.72804260253906,73.06515502929688
1771501828.0052702,-8.964716911315918,6.179658889770508,0.0,75.11492156982422,83.04985809326172,78.87886047363281,73.6488037109375
1771501828.0372813,-7.2516632080078125,6.118922233581543,0.326100617647171,75.69271087646484,81.59439849853516,77.82151794433594,73.96730041503906
1771501828.0697925,-5.30581521987915,6.951761722564697,0.7630169987678528,76.44562530517578,79.62934112548828,75.92811584472656,74.73493957519531
1771501828.1057956,-6.42719841003418,6.652036190032959,1.1961742639541626,75.43680572509766,80.15259552001953,77.2180404663086,75.43995666503906
1771501828.1397939,-5.700780868530273,6.982737064361572,1.3433387279510498,75.71381378173828,79.67530059814453,76.78556823730469,75.2499008178711
1771501828.1703134,-6.147805213928223,6.7734694480896,1.4265103340148926,75.58872985839844,80.13167572021484,77.19879150390625,74.91958618164062
1771501828.2023082,-5.719212055206299,6.589768886566162,1.8336578607559204,75.70934295654297,79.88916778564453,77.19088745117188,74.87281036376953
1771501828.2328405,-7.606578826904297,6.290742874145508,1.29744553565979,74.76527404785156,81.2596664428711,78.93174743652344,72.57159423828125
1771501828.2791975,-7.651717185974121,5.992875099182129,2.141319751739502,75.3124771118164,81.27787017822266,78.7594985961914,73.03468322753906
1771501828.314198,-7.773342609405518,5.765438079833984,2.62851881980896,75.87674713134766,81.89482116699219,79.29446411132812,71.9170913696289
1771501828.3421977,-9.322535514831543,5.348167896270752,2.4866843223571777,75.33171081542969,82.45153045654297,79.7746810913086,71.6255111694336
1771501828.3747206,-7.555215835571289,5.781486511230469,2.542442560195923,75.696044921875,80.77720642089844,78.32632446289062,73.07469940185547
1771501828.406719,-7.793445587158203,6.378286361694336,2.0755772590637207,75.73857116699219,81.08169555664062,78.96696472167969,72.0237808227539
1771501828.4367182,-7.612630844116211,6.400661468505859,2.8980913162231445,75.78419494628906,81.09942626953125,78.99476623535156,72.4029769897461
1771501828.4732666,-8.519071578979492,6.220552921295166,2.7433485984802246,75.16754913330078,81.83052062988281,79.6575927734375,72.12450408935547
1771501828.5032723,-6.680979251861572,7.0281500816345215,3.3012053966522217,75.24835205078125,80.64344024658203,78.7113037109375,72.22523498535156
1771501828.5362647,-7.896095275878906,6.048742294311523,2.6070735454559326,75.09982299804688,81.28165435791016,79.2726058959961,73.25526428222656
1771501828.5657938,-6.836698532104492,6.354842185974121,2.829862117767334,75.37594604492188,80.43807220458984,78.27794647216797,74.02664947509766
1771501828.5977874,-7.107137203216553,6.107289791107178,2.66414213180542,75.33918762207031,80.30111694335938,78.26034545898438,73.6597671508789
1771501828.6297908,-6.348072528839111,6.533513069152832,2.8076088428497314,75.0301742553711,79.693359375,77.96890258789062,74.23551940917969
1771501828.6628177,-5.746932029724121,6.597667217254639,2.8470089435577393,75.13533020019531,79.46471405029297,77.86957550048828,74.77750396728516
1771501828.7093196,-6.921986103057861,5.837632179260254,2.510831594467163,75.30194854736328,80.17132568359375,77.9894027709961,74.75337219238281
1771501828.7453225,-6.225780010223389,6.1202192306518555,2.7803728580474854,75.89898681640625,79.61298370361328,77.28888702392578,74.97776794433594
1771501828.7788386,-8.095907211303711,5.220489501953125,2.8204283714294434,76.3217544555664,80.67799377441406,77.8318862915039,74.8595199584961
1771501828.8098392,-11.013936042785645,5.069880485534668,2.317307233810425,75.98002624511719,82.20082092285156,79.16861724853516,74.59307098388672
1771501828.839836,-9.996201515197754,5.032025337219238,2.4586117267608643,75.38189697265625,81.3451919555664,78.58171081542969,74.5888671875
1771501828.8713465,-12.021881103515625,4.767947196960449,1.9856243133544922,75.95304107666016,82.11927795410156,79.03060913085938,74.38429260253906
1771501828.9023476,-11.167649269104004,3.6855576038360596,2.112736940383911,76.15090942382812,82.42414855957031,79.34541320800781,73.47797393798828
1771501828.934345,-11.184077262878418,3.543764591217041,1.8518483638763428,76.4639663696289,82.3568115234375,78.87907409667969,73.21820831298828
1771501828.9668581,-10.894454956054688,3.4343183040618896,2.3352291584014893,76.80010986328125,82.86669158935547,79.58245849609375,73.33588409423828
1771501828.9968581,-11.065112113952637,3.3031208515167236,2.717111349105835,77.20474243164062,83.16230010986328,80.29481506347656,72.872314453125
1771501829.0288587,-10.204051971435547,3.133037567138672,2.483590602874756,77.3370132446289,82.99707794189453,79.6768798828125,73.84175109863281
1771501829.061861,-10.585556983947754,2.7260241508483887,1.850739598274231,77.37222290039062,82.99058532714844,78.94763946533203,74.09137725830078
1771501829.093378,-10.2518892288208,2.672248363494873,1.7353246212005615,77.48035430908203,83.17547607421875,79.15252685546875,73.45539093017578
1771501829.1414278,-11.135037422180176,2.327873945236206,1.2882890701293945,76.41639709472656,83.64250946044922,80.31510925292969,73.55787658691406
1771501829.176954,-10.359827995300293,1.8794859647750854,1.836757779121399,76.29349517822266,83.29466247558594,80.05813598632812,73.88500213623047
1771501829.2059486,-11.377248764038086,0.8506911993026733,1.1574047803878784,76.71565246582031,84.42149353027344,80.8104248046875,73.2920913696289
1771501829.2369466,-12.861191749572754,0.3725501298904419,0.6812369227409363,76.55965423583984,85.17821502685547,81.56995391845703,72.47808837890625
1771501829.2694783,-13.394294738769531,0.00542386993765831,0.7807318568229675,76.43595123291016,85.5611572265625,82.49287414550781,72.73023986816406
1771501829.302478,-13.999751091003418,0.39067912101745605,0.19698816537857056,76.29492950439453,85.30956268310547,82.33113098144531,73.23014068603516
1771501829.3335862,-13.429670333862305,1.3535550832748413,0.21335341036319733,76.3818588256836,84.27117919921875,81.14869689941406,73.90620422363281
1771501829.3667102,-13.05748176574707,1.0887924432754517,0.857353925704956,76.1136703491211,84.63703155517578,81.81040954589844,73.7392578125
1771501829.3987112,-14.349871635437012,1.1027158498764038,0.13730229437351227,75.93215942382812,84.96051788330078,83.0312271118164,72.8573226928711
1771501829.4287114,-16.465015411376953,1.7597235441207886,0.0,76.27279663085938,84.95931243896484,84.16605377197266,70.89607238769531
1771501829.4647675,-14.98471450805664,2.816979169845581,0.07640080899000168,76.15351104736328,84.44031524658203,83.37205505371094,72.2184829711914
1771501829.494281,-15.377737045288086,2.527061939239502,0.0,75.70128631591797,84.05729675292969,82.68650817871094,72.7286148071289
1771501829.5252814,-14.394299507141113,2.930793523788452,0.0,75.67359924316406,83.85955810546875,81.92564392089844,73.19225311279297
1771501829.5737894,-14.453632354736328,2.817462921142578,0.0,75.62149810791016,83.96730041503906,81.88513946533203,73.17830657958984
1771501829.608789,-12.530831336975098,3.3398923873901367,0.18097640573978424,76.31395721435547,83.58784484863281,80.57952880859375,73.91548156738281
1771501829.638796,-12.686138153076172,3.0460124015808105,0.5048582553863525,76.8250961303711,84.06224822998047,80.65567016601562,73.09764862060547
1771501829.6703184,-12.804566383361816,3.316882848739624,0.4391871690750122,75.90169525146484,83.91008758544922,81.63275146484375,73.35653686523438
1771501829.7013185,-13.334381103515625,3.1021199226379395,0.2649252116680145,76.33473205566406,84.80879974365234,82.36865997314453,72.10301208496094
1771501829.7333298,-14.572297096252441,2.490325450897217,0.0,76.33919525146484,85.15757751464844,83.8084945678711,72.12714385986328
1771501829.7658768,-14.564480781555176,2.2285220623016357,0.0,75.39180755615234,86.52982330322266,84.42975616455078,71.59378051757812
1771501829.796867,-18.408740997314453,0.7846238017082214,0.0,77.05531311035156,85.74918365478516,83.99090576171875,70.83554077148438
1771501829.8308659,-17.960723876953125,0.18374046683311462,0.0,79.62617492675781,86.9525146484375,83.59736633300781,69.73945617675781
1771501829.8608763,-19.601884841918945,-0.3054703176021576,0.0,80.60189819335938,87.4212417602539,83.11666870117188,67.5380859375
1771501829.893394,-19.363920211791992,-0.24725908041000366,0.0,80.69990539550781,87.32518768310547,82.54275512695312,66.86153411865234
1771501829.9263878,-20.434860229492188,0.16117186844348907,0.0,79.28876495361328,86.22285461425781,82.93353271484375,67.7984619140625
1771501829.9564388,-21.105985641479492,-0.07028964161872864,0.0,79.76568603515625,86.36320495605469,82.94873046875,67.30673217773438
1771501830.0055966,-20.418121337890625,0.44499582052230835,0.0,79.83668518066406,86.59107208251953,82.78650665283203,67.69021606445312
1771501830.0428433,-20.473939895629883,0.008462001569569111,0.0,80.92950439453125,86.701171875,82.7525863647461,68.11746215820312
1771501830.0744126,-21.44664192199707,-0.44306719303131104,0.0,80.24641418457031,86.26907348632812,83.11103057861328,67.6784896850586
1771501830.1058683,-20.801977157592773,0.2519036531448364,0.0,80.14559173583984,86.01561737060547,83.57093048095703,68.16971588134766
1771501830.1368656,-22.9370059967041,-0.4832881987094879,0.0,80.25167846679688,85.5404281616211,83.55408477783203,66.8621826171875
1771501830.1684556,-22.081619262695312,-0.2947171628475189,0.0,80.81157684326172,86.0427474975586,83.26393127441406,66.59061431884766
1771501830.2003903,-22.91890525817871,-1.0133769512176514,0.0,80.84481048583984,85.11953735351562,84.12600708007812,65.77127838134766
1771501830.2313907,-23.35710906982422,-0.600347638130188,0.0,81.23482513427734,85.07733154296875,84.2234115600586,64.27680969238281
1771501830.2648335,-23.07418441772461,0.40832433104515076,0.0,82.1429214477539,84.54691314697266,85.86781311035156,63.56529235839844
1771501830.2938719,-24.496992111206055,0.5209408402442932,0.0,82.39756774902344,85.2489013671875,85.03746032714844,63.59647750854492
1771501830.3248334,-25.006038665771484,0.5211308002471924,0.0,82.40177917480469,85.42140197753906,84.3223876953125,62.86698532104492
1771501830.3578684,-25.387235641479492,0.9216853976249695,0.0,82.18312072753906,84.35499572753906,85.33561706542969,62.72880554199219
1771501830.3904822,-25.203489303588867,1.1148568391799927,0.0,81.19754791259766,84.56916809082031,85.13349151611328,62.99107360839844
1771501830.4374259,-25.008514404296875,0.9343390464782715,0.0,80.674560546875,84.09521484375,85.5767593383789,62.812252044677734
1771501830.471951,-25.055212020874023,0.5832910537719727,0.0,81.04019927978516,84.40717315673828,84.921630859375,62.95065689086914
1771501830.500944,-24.193696975708008,1.5726011991500854,0.0,80.7013168334961,85.76709747314453,83.73314666748047,62.07292938232422
1771501830.5329523,-22.547500610351562,2.768653631210327,0.0,81.35650634765625,86.97120666503906,83.75144958496094,64.23245239257812
1771501830.566605,-22.396940231323242,2.181864023208618,0.0,80.769287109375,86.25581359863281,84.6299819946289,65.4553451538086
1771501830.5976045,-24.72261619567871,0.6865317821502686,0.0,79.91747283935547,84.05551147460938,85.22307586669922,63.35395431518555
1771501830.62961,-24.092885971069336,0.4965727925300598,0.0,80.20989227294922,85.47377014160156,84.52342224121094,64.46002197265625
1771501830.659616,-26.183103561401367,-0.09271790087223053,0.0,79.93406677246094,83.5032730102539,85.72767639160156,63.008541107177734
1771501830.6961262,-26.2359676361084,-0.2814449071884155,0.0,80.43416595458984,83.7452392578125,85.39282989501953,63.19076156616211
1771501830.7301283,-26.207178115844727,-0.564053475856781,0.0,80.70032501220703,83.88573455810547,84.76344299316406,63.54124450683594
1771501830.7611463,-27.66092300415039,-0.8294587731361389,0.0,79.49723052978516,83.18441772460938,84.82316589355469,62.40311813354492
1771501830.7926946,-26.4444580078125,-0.7114663124084473,0.0,80.95881652832031,83.95940399169922,84.74405670166016,63.29916763305664
1771501830.8243258,-27.571680068969727,-0.9674333333969116,0.0,79.91460418701172,83.0121078491211,84.67174530029297,62.15855407714844
1771501830.8711343,-27.727108001708984,-1.5044876337051392,0.0,80.52995300292969,83.13932800292969,84.76224517822266,62.37355041503906
1771501830.9041352,-27.491758346557617,-1.7204983234405518,0.0,80.08673858642578,83.40495300292969,84.4148941040039,62.809574127197266
1771501830.933134,-27.297407150268555,-1.0750887393951416,0.0,80.89618682861328,83.32849884033203,84.06419372558594,61.56301498413086
1771501830.9646668,-26.801015853881836,-0.019690945744514465,0.0,79.5914535522461,83.26704406738281,84.32252502441406,60.978904724121094
1771501830.9956791,-26.40528678894043,1.1158545017242432,0.0,76.23710632324219,82.66146850585938,85.77951049804688,60.69208526611328
1771501831.0286748,-26.798357009887695,0.9306259155273438,0.0,74.52080535888672,81.9271240234375,84.41239929199219,57.834922790527344
1771501831.0606916,-28.16692352294922,1.0057321786880493,0.0,69.38423156738281,79.81288146972656,79.60594177246094,53.71770095825195
1771501831.094201,-31.077247619628906,0.7532415390014648,0.0,61.749595642089844,75.71823120117188,74.66803741455078,49.205020904541016
1771501831.1253347,-31.129037857055664,0.5540456771850586,0.0,60.99354934692383,75.04991912841797,72.7025375366211,46.7507438659668
1771501831.1573446,-33.82815170288086,1.0183078050613403,0.0,54.885169982910156,69.9222640991211,67.11245727539062,39.96414566040039
1771501831.1909256,-33.131141662597656,1.244362711906433,0.4400341510772705,57.10261154174805,69.16973114013672,65.4730224609375,38.827430725097656
1771501831.2208922,-31.091981887817383,0.23834127187728882,0.898829996585846,54.62858963012695,66.87421417236328,63.304508209228516,34.549644470214844
1771501831.269282,-32.06094741821289,0.2500974237918854,1.6516848802566528,51.99143981933594,62.41621398925781,57.24962615966797,29.613746643066406
1771501831.3022866,-31.779644012451172,0.7382370829582214,2.9852945804595947,47.39968490600586,58.24339294433594,52.95595169067383,25.038850784301758
1771501831.3342857,-30.4505558013916,0.6663687229156494,2.6521003246307373,43.91945266723633,56.720436096191406,51.16295623779297,25.430330276489258
1771501831.3658419,-30.16033935546875,0.6927400827407837,2.595787763595581,41.55159378051758,53.19856262207031,48.38264083862305,23.50444793701172
1771501831.3985765,-28.957918167114258,1.7911683320999146,4.076940536499023,39.73759841918945,49.815589904785156,45.844024658203125,21.448993682861328
1771501831.4285717,-27.995187759399414,3.9546096324920654,5.209432601928711,36.398468017578125,48.455562591552734,44.726402282714844,20.22138214111328
1771501831.4606922,-28.777387619018555,3.538238525390625,5.333796501159668,32.845924377441406,45.00603485107422,43.8707389831543,18.76241111755371
1771501831.4932683,-27.603919982910156,4.513311386108398,6.707708835601807,29.503643035888672,39.48512649536133,40.35414123535156,16.241024017333984
1771501831.5252604,-25.83161735534668,4.921658515930176,6.56752872467041,28.022743225097656,36.00626754760742,37.1059455871582,12.787911415100098
1771501831.5602632,-23.617233276367188,7.387648105621338,8.810203552246094,28.962112426757812,36.28511428833008,35.68512725830078,10.59005069732666
1771501831.5888712,-23.116518020629883,6.6723809242248535,7.7972211837768555,26.467430114746094,33.312992095947266,33.37614440917969,10.374242782592773
1771501831.6198375,-21.919981002807617,7.19964599609375,9.789999008178711,26.441810607910156,31.35811424255371,31.311206817626953,10.838738441467285
1771501831.6528704,-21.314964294433594,7.555368900299072,10.28670883178711,25.471181869506836,29.284982681274414,29.520841598510742,10.080314636230469
1771501831.7008927,-20.689552307128906,8.884605407714844,10.70885944366455,23.69908905029297,28.42226219177246,28.03803253173828,9.460731506347656
1771501831.7338245,-18.468368530273438,9.00479793548584,11.373708724975586,23.508174896240234,28.93045425415039,29.952131271362305,10.865955352783203
1771501831.7693875,-17.138671875,10.092578887939453,12.314543724060059,23.798263549804688,28.610889434814453,29.483625411987305,9.975910186767578
1771501831.7965174,-16.00391960144043,8.192127227783203,11.215676307678223,22.96718406677246,27.48619270324707,28.559053421020508,9.260361671447754
1771501831.8275142,-15.67193603515625,7.876165866851807,10.351422309875488,22.683534622192383,27.617799758911133,28.325654983520508,8.352036476135254
1771501831.8605561,-15.265389442443848,7.958522319793701,10.151054382324219,22.973899841308594,28.431379318237305,28.94824981689453,7.5833420753479
1771501831.894069,-14.05520248413086,9.530538558959961,9.576805114746094,23.144493103027344,29.695964813232422,28.825742721557617,6.383156776428223
1771501831.9249809,-13.68957233428955,11.011185646057129,8.871297836303711,22.83171844482422,29.337757110595703,28.672243118286133,5.059288024902344
1771501831.9560716,-11.582876205444336,10.598196029663086,7.672369003295898,25.20566177368164,31.40654945373535,30.28743553161621,6.137641906738281
1771501831.990627,-10.182351112365723,9.979415893554688,6.048466682434082,25.141489028930664,31.78387451171875,30.54256248474121,7.002353191375732
1771501832.0236251,-9.512947082519531,9.61801528930664,4.955355644226074,26.540761947631836,33.53716278076172,30.580997467041016,7.223591327667236
1771501832.05465,-6.188077926635742,9.883095741271973,2.019864082336426,29.269685745239258,35.82295608520508,31.78316879272461,9.831939697265625
1771501832.086294,-5.20894718170166,10.583845138549805,0.0,29.08685302734375,36.829261779785156,31.601652145385742,10.39909839630127
1771501832.1333013,-4.183209419250488,10.952601432800293,0.0,28.885326385498047,36.77505874633789,31.32050895690918,10.156649589538574
1771501832.1678073,-2.3377888202667236,12.379834175109863,0.0,29.381572723388672,37.44062805175781,31.369884490966797,10.160614967346191
1771501832.1978166,0.2922529876232147,14.330692291259766,0.0,30.17656135559082,39.317726135253906,33.50818634033203,11.498106956481934
1771501832.2288203,0.5573186874389648,15.508069038391113,0.0,29.185216903686523,37.78842544555664,31.881078720092773,9.721576690673828
1771501832.2608345,0.9849465489387512,15.06075382232666,0.0,29.358142852783203,37.55308532714844,32.37367248535156,11.019083976745605
1771501832.293344,0.43057987093925476,15.358708381652832,0.0,28.70470428466797,36.86481857299805,31.528724670410156,9.782729148864746
1771501832.3243427,2.6468331813812256,17.61009407043457,0.0,28.791770935058594,37.67438507080078,32.380279541015625,10.228498458862305
1771501832.3563442,2.4546663761138916,17.96540069580078,0.0,27.677217483520508,36.73473358154297,31.331130981445312,9.196718215942383
1771501832.3884192,2.163858413696289,18.167734146118164,0.0,26.82817268371582,35.7457160949707,30.729228973388672,9.004718780517578
1771501832.4244149,2.153103828430176,18.39168930053711,0.0,25.940811157226562,35.196529388427734,30.12155532836914,8.57209300994873
1771501832.4514177,2.8032541275024414,19.11842918395996,0.0,26.139524459838867,35.35296630859375,30.151092529296875,8.651015281677246
1771501832.4849293,3.0540666580200195,20.052682876586914,0.0,25.402210235595703,34.55299758911133,29.518095016479492,7.738567352294922
1771501832.516933,3.79577898979187,20.490488052368164,0.0,25.55447769165039,34.81668472290039,30.259496688842773,8.058526039123535
1771501832.565455,3.250474452972412,20.95685386657715,0.0,24.21091651916504,34.00080871582031,29.251087188720703,7.0982770919799805
1771501832.5984628,2.623183250427246,19.71771240234375,0.0,23.82248306274414,34.03634262084961,29.64451026916504,7.230749607086182
1771501832.6334643,1.5738310813903809,20.033374786376953,0.0,22.24601173400879,32.11505889892578,28.068359375,6.139297008514404
1771501832.6644666,2.1919095516204834,19.67658233642578,0.0,22.836015701293945,33.28611755371094,29.4445743560791,7.292623043060303
1771501832.6960113,2.030764102935791,19.12601089477539,0.0,22.023744583129883,33.33204650878906,30.077585220336914,7.413639068603516
1771501832.728004,2.6854727268218994,19.152610778808594,0.0,22.30892562866211,33.920875549316406,30.402202606201172,7.4968743324279785
1771501832.759031,3.261392116546631,19.81188201904297,0.0,22.83043670654297,34.026187896728516,30.542282104492188,8.128616333007812
1771501832.7915423,3.3992676734924316,19.29623031616211,0.0,23.59895133972168,34.801048278808594,31.316150665283203,8.433065414428711
1771501832.8215435,4.648063659667969,20.263717651367188,0.0,24.4556884765625,35.14554977416992,31.697233200073242,8.428106307983398
1771501832.8545606,3.4960482120513916,19.020263671875,0.0,22.830026626586914,34.49796676635742,31.716293334960938,8.455768585205078
1771501832.8846157,3.0744946002960205,18.268585205078125,0.0,21.432233810424805,33.14303970336914,31.289535522460938,8.495478630065918
1771501832.9166179,2.5320236682891846,17.851293563842773,0.0,21.40239143371582,33.193084716796875,30.967967987060547,8.348970413208008
1771501832.947613,3.3378307819366455,17.86836051940918,0.0,21.271150588989258,33.927635192871094,31.738327026367188,8.936306953430176
1771501833.0310857,5.388007164001465,19.40221405029297,0.0,22.900894165039062,35.69010543823242,33.280189514160156,9.814160346984863
1771501833.058093,4.708537578582764,18.78316879272461,0.0,22.281042098999023,34.683753967285156,32.93047332763672,10.05318832397461
1771501833.088678,5.573821544647217,19.636293411254883,0.0,22.154327392578125,35.36547088623047,33.42588424682617,10.304994583129883
1771501833.119366,5.70421028137207,19.37216567993164,0.0,22.830297470092773,34.9440803527832,33.10523986816406,10.13465404510498
1771501833.1510358,7.042532444000244,19.95163345336914,0.0,24.160362243652344,36.55016326904297,34.48983383178711,11.010018348693848
1771501833.1825423,6.7368316650390625,18.50707244873047,0.0,20.914714813232422,33.7440299987793,33.876129150390625,11.703628540039062
1771501833.212543,6.225673675537109,19.108095169067383,0.0,23.65997314453125,35.238624572753906,33.840457916259766,10.730147361755371
1771501833.2435563,6.779219627380371,18.342403411865234,0.0,21.968036651611328,34.804176330566406,34.50808334350586,11.464690208435059
1771501833.2760394,6.9743242263793945,18.617433547973633,0.0,21.140094757080078,34.8758544921875,34.46792984008789,11.93087100982666
1771501833.306041,6.394812107086182,17.523427963256836,0.0,20.141807556152344,33.88103103637695,34.2441520690918,11.77941608428955
1771501833.33704,6.74487829208374,17.58741569519043,0.0,16.637840270996094,30.829330444335938,32.0462646484375,11.442398071289062
1771501833.3675585,6.1817498207092285,17.006837844848633,0.0,16.42173957824707,30.744121551513672,32.27265167236328,11.654572486877441
1771501833.4295418,6.1036176681518555,17.282840728759766,0.0,15.369367599487305,29.86254119873047,32.17978286743164,11.511695861816406
1771501833.46436,5.684185028076172,14.6422700881958,0.0,8.711682319641113,23.643705368041992,27.483549118041992,10.797612190246582
1771501833.491872,4.131603240966797,14.062416076660156,0.0,7.354840278625488,23.040407180786133,26.43688201904297,10.115522384643555
1771501833.5233924,4.80089807510376,16.17269515991211,0.0,9.254450798034668,24.987882614135742,27.786386489868164,10.506302833557129
1771501833.5579555,3.1194567680358887,13.290181159973145,0.0,6.871722221374512,22.38150405883789,26.028226852416992,9.957399368286133
1771501833.5882974,3.7040507793426514,14.598554611206055,0.0,7.008594036102295,21.990907669067383,25.965450286865234,9.954131126403809
1771501833.6194782,3.434697151184082,15.22016429901123,0.0,10.307907104492188,25.716983795166016,28.335063934326172,10.625990867614746
1771501833.6492248,4.246467590332031,14.184239387512207,0.0,9.503558158874512,24.517839431762695,27.62040138244629,10.888113975524902
1771501833.6808665,3.766968250274658,15.098209381103516,0.0,11.116683959960938,26.95412826538086,28.87457275390625,10.717924118041992
1771501833.7118638,4.86312198638916,15.221070289611816,0.0,11.983423233032227,27.865842819213867,30.020977020263672,11.850780487060547
1771501833.7423308,3.9165847301483154,15.371260643005371,0.0,13.253496170043945,29.089139938354492,30.973329544067383,11.684714317321777
1771501833.7754235,4.321438789367676,15.247154235839844,0.0,12.413515090942383,27.511577606201172,29.820594787597656,11.101963996887207
1771501833.8134406,3.188149929046631,13.927438735961914,0.0,10.43687915802002,25.803667068481445,29.137603759765625,10.761009216308594
1771501833.861438,3.66180419921875,14.046393394470215,0.0,11.038888931274414,26.20123291015625,29.406705856323242,11.099370002746582
1771501833.8939688,4.488315105438232,15.901671409606934,0.0,13.188615798950195,28.51451873779297,30.808250427246094,11.6987886428833
1771501833.9159696,4.496791839599609,14.049361228942871,0.0,11.453351020812988,26.85394287109375,30.22157096862793,11.946135520935059
1771501833.946972,4.180355072021484,15.800673484802246,0.0,13.747011184692383,28.993051528930664,30.949291229248047,11.371256828308105
1771501833.9794822,3.7227864265441895,14.04770565032959,0.0,12.049039840698242,27.434036254882812,30.459228515625,11.522126197814941
1771501834.0114908,3.9813449382781982,13.234188079833984,0.0,11.418235778808594,27.300443649291992,30.305217742919922,11.57177734375
1771501834.0414855,4.225323677062988,14.661362648010254,0.0,12.084969520568848,28.140501022338867,30.57073974609375,11.716167449951172
1771501834.0739975,4.378470420837402,15.016167640686035,0.0,13.379674911499023,29.312026977539062,31.82176399230957,11.734432220458984
1771501834.1036692,3.7064480781555176,14.393733024597168,0.0,11.765603065490723,27.765750885009766,30.35708236694336,11.559175491333008
1771501834.1367135,3.1866490840911865,14.472519874572754,0.0,13.715093612670898,28.756086349487305,31.08491325378418,11.268481254577637
1771501834.166716,4.127867221832275,15.462217330932617,0.0,15.05945873260498,29.99167251586914,31.888896942138672,11.984221458435059
1771501834.2162268,3.051025867462158,15.670225143432617,0.0,15.304069519042969,29.452268600463867,31.364173889160156,10.94583511352539
1771501834.2462268,3.195127248764038,16.067983627319336,0.0,15.830541610717773,30.163068771362305,31.117023468017578,10.2399320602417
1771501834.29226,3.347964286804199,16.276500701904297,0.0,16.25954818725586,31.114944458007812,32.03325271606445,10.834798812866211
1771501834.326261,2.491149425506592,16.816850662231445,0.0,16.555265426635742,30.322256088256836,31.06692123413086,9.641032218933105
1771501834.353272,3.5784666538238525,16.89971160888672,0.0,16.56793212890625,30.437437057495117,31.39291000366211,10.293744087219238
1771501834.383786,2.268409490585327,17.495895385742188,0.0,17.563642501831055,30.38390350341797,30.803110122680664,8.69929313659668
1771501834.4167895,2.775347948074341,17.65818977355957,0.0,18.238637924194336,30.48148536682129,30.914594650268555,9.493110656738281
1771501834.4467866,1.3463165760040283,17.759769439697266,0.0,18.25799560546875,30.15042495727539,29.667221069335938,8.811131477355957
1771501834.4779744,0.23872911930084229,17.469573974609375,0.0,18.861000061035156,30.222848892211914,28.702791213989258,8.0339994430542
1771501834.5099704,-0.9941494464874268,16.65044403076172,0.0,18.67569351196289,30.930171966552734,28.637664794921875,7.493139743804932
1771501834.5399754,-1.4749021530151367,16.544498443603516,0.0,18.256309509277344,31.22988510131836,29.748199462890625,7.896807670593262
1771501834.5710442,-0.7337281703948975,16.567039489746094,0.0,18.22694206237793,32.321128845214844,31.13240623474121,9.183293342590332
1771501834.6132898,0.2970867455005646,17.19123077392578,0.0,18.715038299560547,33.01847839355469,31.61843490600586,10.124324798583984
1771501834.6452808,0.5271750092506409,17.84800148010254,0.0,19.482757568359375,33.40816879272461,31.566980361938477,10.454521179199219
1771501834.675837,0.2665959596633911,17.275131225585938,0.0,18.984804153442383,33.01001739501953,31.497215270996094,10.691164016723633
1771501834.7248778,1.1999430656433105,17.737651824951172,0.0,19.668865203857422,33.70999526977539,32.183258056640625,11.305617332458496
1771501834.7598915,1.6801677942276,18.209806442260742,0.0,19.625865936279297,33.684913635253906,32.273597717285156,11.714937210083008
1771501834.7904384,2.2037148475646973,18.58953285217285,0.0,19.831457138061523,34.021244049072266,32.61937713623047,12.406522750854492
1771501834.8208177,2.112799644470215,18.164398193359375,0.0,19.849580764770508,34.32320785522461,32.91913986206055,12.165264129638672
1771501834.8538296,2.0724661350250244,18.054851531982422,0.0,19.51898956298828,34.40212631225586,33.40427017211914,12.357344627380371
1771501834.8843598,2.8146793842315674,18.19548797607422,0.0,20.527002334594727,35.876495361328125,34.99394607543945,12.813876152038574
1771501834.9155414,2.027033805847168,17.306703567504883,0.0,19.99571990966797,35.86276626586914,35.19208526611328,12.771568298339844
1771501834.9469483,1.605582356452942,16.905105590820312,0.0,19.96480941772461,36.19343566894531,35.18073272705078,12.363794326782227
1771501834.9773445,1.371646761894226,15.873498916625977,0.0,19.033832550048828,35.288429260253906,35.29169845581055,13.429683685302734
1771501835.0143511,1.903465747833252,16.25100326538086,0.0,20.982240676879883,36.65398406982422,36.58625030517578,14.362154006958008
1771501835.0449667,1.504945993423462,15.43232536315918,0.0,20.64337921142578,35.610904693603516,36.7572135925293,13.867921829223633
1771501835.0775294,1.842911958694458,14.21168041229248,0.0,20.042722702026367,35.7574462890625,38.11711120605469,15.437387466430664
1771501835.1082928,3.6565451622009277,13.962142944335938,0.0,20.66558265686035,37.266658782958984,40.117889404296875,18.086956024169922
1771501835.1567886,3.2186243534088135,11.799057006835938,0.0,19.116722106933594,37.20982360839844,40.65479278564453,19.056486129760742
1771501835.1903298,2.2522857189178467,13.807923316955566,0.0,22.01670265197754,38.923954010009766,42.22653579711914,18.816686630249023
1771501835.2113314,2.607433319091797,9.41053581237793,0.0,17.665552139282227,36.863136291503906,41.30875015258789,20.560224533081055
1771501835.2423294,0.5863702893257141,14.354144096374512,0.0,23.21485710144043,40.01280975341797,42.028724670410156,18.758176803588867
1771501835.2733889,2.4042558670043945,9.523921966552734,0.0,19.003419876098633,38.21913146972656,42.967472076416016,23.09307098388672
1771501835.3043993,0.12078743427991867,15.736659049987793,0.0,24.766393661499023,42.14543151855469,43.57036209106445,21.109371185302734
1771501835.3363912,5.552806854248047,11.16524887084961,0.0,20.823453903198242,40.94487762451172,46.18779754638672,28.163991928100586
1771501835.3679163,0.8696005940437317,17.515295028686523,0.0,24.534912109375,43.14768981933594,45.14481735229492,23.762550354003906
1771501835.412924,5.852594375610352,17.3989315032959,0.0,25.49451446533203,43.48966598510742,47.744468688964844,28.189762115478516
1771501835.4479296,1.6528977155685425,19.282855987548828,0.0,26.447582244873047,43.312705993652344,45.86244201660156,25.417261123657227
1771501835.4774613,6.608459949493408,18.444581985473633,0.0,27.23604965209961,45.275394439697266,48.703712463378906,28.30685806274414
1771501835.5094833,2.5751664638519287,19.345945358276367,0.0,26.9171142578125,43.83078384399414,46.481754302978516,26.517213821411133
1771501835.5414586,5.346456050872803,17.848041534423828,0.0,26.82508659362793,45.139827728271484,48.493404388427734,28.64740753173828
1771501835.5891914,2.7584457397460938,19.117145538330078,0.0,27.143686294555664,44.29948806762695,47.71891784667969,28.06359100341797
1771501835.62219,1.829286813735962,17.680818557739258,0.0,26.57990074157715,43.40022277832031,47.89630889892578,27.5921573638916
1771501835.6491916,1.9207133054733276,18.520620346069336,0.0,26.666080474853516,43.489906311035156,47.50349807739258,27.829837799072266
1771501835.6791077,0.14377379417419434,18.958425521850586,0.0,25.532440185546875,41.35288619995117,45.40718460083008,25.850360870361328
1771501835.7102222,-1.7335586547851562,18.783641815185547,0.0,25.19337272644043,40.01187515258789,45.05242919921875,25.689044952392578
1771501835.7422175,-5.467067718505859,18.169424057006836,2.9855740070343018,22.77713394165039,37.01961135864258,43.48292922973633,24.126079559326172
1771501835.772746,-4.590822219848633,17.840164184570312,1.726570963859558,24.43356704711914,38.47739791870117,45.084625244140625,24.03043556213379
1771501835.8127472,-4.694587707519531,17.547910690307617,3.070909261703491,24.152301788330078,37.61452102661133,46.39922332763672,24.630704879760742
1771501835.8447523,-3.927790880203247,18.53917121887207,3.11108660697937,23.523418426513672,37.609222412109375,46.24129104614258,25.57447624206543
1771501835.878287,-3.4813413619995117,19.72365951538086,4.097909927368164,24.24082374572754,38.080665588378906,46.22230911254883,25.694347381591797
1771501835.9092946,-3.4194114208221436,19.86851692199707,3.055375814437866,25.915180206298828,38.92338943481445,46.92675018310547,25.210142135620117
1771501835.9412951,-4.281409740447998,19.014402389526367,2.7995314598083496,24.984928131103516,39.09187698364258,48.01532745361328,24.497203826904297
1771501835.9727962,-5.302295207977295,18.42474365234375,2.3114731311798096,24.074270248413086,41.623172760009766,49.607173919677734,25.770315170288086
1771501836.0208976,-5.623302459716797,17.260591506958008,1.9756044149398804,25.70158576965332,44.954986572265625,51.91487503051758,26.493268966674805
1771501836.0538988,-5.188870906829834,17.004676818847656,0.0,26.842958450317383,49.688331604003906,54.44147491455078,28.492084503173828
1771501836.0871353,-4.10979700088501,17.463266372680664,0.0,27.57733726501465,49.618900299072266,55.412391662597656,28.87894630432129
1771501836.1175737,-6.623965263366699,16.878835678100586,0.0,26.161338806152344,49.72493362426758,53.90782165527344,28.60975456237793
1771501836.1488197,-7.156148433685303,17.002695083618164,0.46551838517189026,26.890369415283203,51.41036605834961,54.409698486328125,28.63656234741211
1771501836.1803386,-6.162091255187988,15.996097564697266,0.0,29.16770362854004,54.438514709472656,56.93291473388672,30.633909225463867
1771501836.2133389,-7.4215168952941895,14.837368965148926,0.0,28.969602584838867,54.668575286865234,56.317386627197266,29.58277702331543
1771501836.2453477,-7.946917533874512,14.459539413452148,0.0,29.017820358276367,53.81040573120117,56.05352020263672,28.906906127929688
1771501836.2780485,-8.719635009765625,14.150104522705078,1.8587135076522827,28.955913543701172,52.52317428588867,54.593467712402344,28.51145362854004
1771501836.3130355,-9.206649780273438,14.175247192382812,2.665489435195923,27.62005043029785,51.799808502197266,53.74717330932617,27.378177642822266
1771501836.3410327,-9.326176643371582,13.83456039428711,3.6335151195526123,27.561384201049805,52.50252914428711,54.03273010253906,27.892831802368164
1771501836.3736799,-8.655503273010254,14.227487564086914,4.420909404754639,27.683115005493164,52.893245697021484,54.40079116821289,28.93235206604004
1771501836.4055932,-10.38068962097168,13.656773567199707,5.902118682861328,26.651058197021484,51.33685302734375,52.664058685302734,27.16526985168457
1771501836.4527712,-11.315672874450684,14.13779354095459,6.7554144859313965,25.286001205444336,50.08040237426758,51.25715255737305,25.591285705566406
1771501836.4862876,-11.232230186462402,15.087895393371582,6.637872219085693,25.81965446472168,50.42729949951172,51.46870040893555,25.515432357788086
1771501836.5092864,-11.455255508422852,14.62397289276123,6.386053085327148,25.251808166503906,50.18699264526367,51.236000061035156,25.585838317871094
1771501836.5382907,-12.225480079650879,15.294721603393555,7.133822441101074,24.93312644958496,49.0672721862793,50.211944580078125,24.33720588684082
1771501836.5708728,-12.960138320922852,14.99533748626709,7.142689228057861,25.841712951660156,49.119956970214844,50.0145149230957,24.164897918701172
1771501836.6133406,-13.411784172058105,14.488495826721191,6.589267730712891,26.684661865234375,49.74716567993164,50.56163024902344,24.638986587524414
1771501836.6453469,-13.621970176696777,14.32974910736084,6.262706756591797,27.23645782470703,50.8946533203125,51.505348205566406,25.694875717163086
1771501836.6768897,-13.604668617248535,14.007753372192383,4.063521862030029,27.711170196533203,51.66787338256836,52.52516555786133,26.201631546020508
1771501836.7088895,-12.79802131652832,13.933055877685547,4.111700057983398,28.479610443115234,53.1080207824707,53.92460250854492,28.117595672607422
1771501836.7448878,-13.975893020629883,13.777753829956055,3.4014127254486084,28.380725860595703,53.072044372558594,53.528594970703125,26.47812271118164
1771501836.7749624,-14.754059791564941,13.078072547912598,2.7623178958892822,28.15627098083496,53.168067932128906,53.53262710571289,26.47309684753418
1771501836.8077917,-15.431024551391602,11.47742748260498,1.7523486614227295,28.516727447509766,54.08785629272461,54.75929260253906,26.535411834716797
1771501836.8381038,-15.357345581054688,11.220974922180176,0.8230003714561462,29.889102935791016,55.7430534362793,55.91423797607422,26.511404037475586
1771501836.8896801,-16.077001571655273,10.569136619567871,0.0,30.600862503051758,56.385719299316406,56.83814239501953,27.395524978637695
1771501836.915399,-15.994402885437012,10.447787284851074,0.0,30.468326568603516,56.12046813964844,57.064205169677734,26.961591720581055
1771501836.9464893,-15.121222496032715,11.219226837158203,0.0,32.26054000854492,57.630062103271484,57.70991134643555,27.229839324951172
1771501836.9785726,-16.819826126098633,9.966215133666992,0.0,34.11799240112305,57.812957763671875,57.591243743896484,26.575830459594727
1771501837.0142515,-20.260372161865234,8.229986190795898,0.0,34.944087982177734,58.218536376953125,57.34244155883789,25.49021339416504
1771501837.0447552,-21.18406867980957,6.620622634887695,0.0,35.084381103515625,58.66997528076172,57.92299270629883,26.75864028930664
1771501837.0779312,-20.5369930267334,6.121087074279785,0.0,36.45505142211914,59.491477966308594,59.22624206542969,29.08888053894043
1771501837.1120691,-20.99874496459961,6.777289390563965,0.0,38.53962707519531,61.30741500854492,61.532806396484375,30.619762420654297
1771501837.1423166,-21.984081268310547,6.033465385437012,0.0,39.406494140625,61.77186965942383,61.66510772705078,30.60558319091797
1771501837.1738362,-20.655641555786133,7.013713836669922,0.0,40.757408142089844,63.52143859863281,63.585235595703125,32.58799362182617
1771501837.2050064,-21.167091369628906,6.491749286651611,0.0,41.16411209106445,64.54789733886719,64.2789535522461,33.296810150146484
1771501837.2375305,-22.24125099182129,5.851597309112549,0.0,41.89247131347656,65.29669952392578,64.83898162841797,33.94191360473633
1771501837.284943,-22.4517822265625,5.611408710479736,0.0,41.68141555786133,65.71833038330078,65.4102783203125,34.29800796508789
1771501837.3179314,-22.384769439697266,4.985984802246094,0.8767419457435608,43.46940994262695,66.1156997680664,65.31389617919922,33.705074310302734
1771501837.351121,-22.860042572021484,5.137532711029053,1.3240817785263062,43.988338470458984,66.28721618652344,65.8451156616211,34.116947174072266
1771501837.383442,-23.759092330932617,4.684434413909912,2.3360135555267334,42.97626495361328,65.60875701904297,65.23013305664062,33.50066375732422
1771501837.4143732,-23.7069149017334,4.157764434814453,2.988591194152832,41.479671478271484,65.47518920898438,65.52767181396484,33.36659240722656
1771501837.4459858,-24.995187759399414,3.1681301593780518,3.5714635848999023,41.22626495361328,65.74850463867188,65.69111633300781,34.15685272216797
1771501837.4772508,-24.95860481262207,4.310888290405273,4.300485134124756,41.9467887878418,66.5947265625,66.61591339111328,34.70970916748047
1771501837.5127692,-23.742725372314453,4.130690574645996,4.933779716491699,41.8770637512207,66.86442565917969,67.01004791259766,35.94043731689453
1771501837.544754,-23.374879837036133,4.267548084259033,4.908491611480713,42.29981994628906,68.9170913696289,68.93630981445312,38.075382232666016
1771501837.574221,-23.998136520385742,3.804030179977417,5.505282402038574,42.12794494628906,68.97986602783203,68.4250717163086,38.652584075927734
1771501837.6114419,-23.38254165649414,4.71381950378418,5.493900299072266,43.95989990234375,70.39259338378906,70.3532485961914,39.922035217285156
1771501837.6379666,-23.524675369262695,4.424779415130615,5.593098163604736,43.65366744995117,70.15677642822266,70.14163970947266,40.20153045654297
1771501837.6692598,-24.721389770507812,4.228655815124512,5.489797115325928,44.01089096069336,69.99342346191406,69.9468002319336,40.05803680419922
1771501837.718339,-25.17020034790039,3.631274938583374,5.456897735595703,43.791778564453125,69.14688873291016,68.77254486083984,39.074737548828125
1771501837.7513447,-26.468271255493164,3.7879629135131836,6.071382999420166,44.01600646972656,68.56391143798828,67.99552917480469,38.40406799316406
1771501837.773044,-26.17064666748047,3.878946304321289,5.9767045974731445,44.20598220825195,68.5904312133789,68.12859344482422,38.428009033203125
1771501837.816155,-25.572423934936523,3.9389357566833496,5.795182704925537,43.96307373046875,68.76805114746094,68.8525161743164,39.62778854370117
1771501837.8499758,-26.393203735351562,3.1577558517456055,5.719587326049805,44.09064483642578,68.6804428100586,68.68543243408203,39.44354248046875
1771501837.8815877,-26.205810546875,3.146470546722412,5.687286376953125,43.856876373291016,68.5118408203125,68.76715087890625,40.09328079223633
1771501837.912589,-26.788570404052734,3.156991481781006,5.664239406585693,44.022945404052734,68.3873062133789,68.31510162353516,39.82011032104492
1771501837.9436727,-26.486568450927734,3.552340269088745,5.361453056335449,44.816307067871094,68.8058853149414,68.28654479980469,40.3177604675293
1771501837.9750803,-26.215566635131836,3.1256916522979736,5.356782913208008,45.70450210571289,69.3836669921875,69.27188110351562,42.31557083129883
1771501838.0066793,-26.06586265563965,3.063002824783325,5.228912830352783,44.36994552612305,70.12184143066406,69.8646240234375,43.891902923583984
1771501838.0408373,-25.75758934020996,3.1426925659179688,5.003530025482178,43.7376594543457,69.75285339355469,70.00543975830078,43.80837631225586
1771501838.0693948,-25.927392959594727,2.6922335624694824,4.831361293792725,44.06393814086914,69.82322692871094,69.93586730957031,43.295101165771484
1771501838.101388,-25.664518356323242,2.5592730045318604,4.91635799407959,44.33021545410156,69.78702545166016,69.38640594482422,43.72351837158203
1771501838.1486647,-25.290700912475586,2.9462902545928955,4.798917770385742,45.04800033569336,70.584228515625,70.28417205810547,43.6828498840332
1771501838.1802323,-25.148635864257812,3.6256184577941895,5.268650054931641,45.20436096191406,70.49169158935547,70.1807861328125,43.37002944946289
1771501838.2132285,-25.143062591552734,3.2865116596221924,5.19345760345459,45.85123062133789,70.88764953613281,70.39710235595703,44.542667388916016
1771501838.2462444,-24.624345779418945,3.7483294010162354,4.986873149871826,45.88613510131836,71.22232055664062,70.42057800292969,44.049137115478516
1771501838.2757711,-24.38637351989746,3.9889914989471436,4.865603923797607,45.574790954589844,70.73612976074219,70.20806884765625,43.519683837890625
1771501838.308786,-23.768590927124023,3.5244593620300293,4.95882511138916,46.70521545410156,72.70394134521484,72.24954223632812,45.15143585205078
1771501838.34077,-24.552608489990234,3.9522864818573,5.108267307281494,45.74898147583008,71.78976440429688,71.53421783447266,44.925254821777344
1771501838.3732955,-23.329631805419922,3.860058307647705,5.209778785705566,46.59635925292969,72.91802215576172,72.83112335205078,46.53865432739258
1771501838.405289,-24.207916259765625,3.8610215187072754,4.910561561584473,45.822364807128906,71.37702941894531,70.86804962158203,43.94772720336914
1771501838.4372954,-24.081148147583008,3.7666819095611572,5.163689613342285,45.816959381103516,71.28561401367188,70.97582244873047,44.44044876098633
1771501838.4692948,-24.263656616210938,3.7337234020233154,5.24381160736084,45.85943603515625,71.4955825805664,71.23152923583984,44.7872200012207
1771501838.5008028,-24.114404678344727,3.751962900161743,5.410231113433838,44.6776123046875,71.08931732177734,70.69586181640625,44.4056396484375
1771501838.532794,-23.84406280517578,4.183136940002441,4.85447883605957,43.88486862182617,70.76676940917969,70.76968383789062,44.13553237915039
1771501838.5803263,-23.985803604125977,3.514204502105713,4.957100868225098,44.59943771362305,71.08614349365234,71.17652893066406,44.20577621459961
1771501838.6142943,-23.882476806640625,4.025740146636963,4.983635425567627,45.3180046081543,71.94556427001953,71.57508087158203,44.47788619995117
1771501838.6473658,-23.96518898010254,3.8797807693481445,5.248126029968262,44.94097137451172,71.22291564941406,71.21944427490234,44.822696685791016
1771501838.6788282,-23.229143142700195,4.401909351348877,4.880306243896484,45.09701919555664,71.48873901367188,71.51917266845703,44.60255813598633
1771501838.710829,-23.126502990722656,4.298896789550781,5.163556098937988,45.85145950317383,71.90962219238281,72.1971435546875,45.76115798950195
1771501838.7428308,-23.67891502380371,4.30634880065918,5.012645721435547,46.35627746582031,71.84685516357422,71.85282897949219,44.777565002441406
1771501838.7733617,-23.409915924072266,4.342284202575684,5.535288333892822,46.68392562866211,72.33478546142578,72.57638549804688,46.12210464477539
1771501838.8053691,-23.70451545715332,4.0983452796936035,5.149445533752441,45.81412887573242,72.06063079833984,72.01813507080078,45.492862701416016
1771501838.837212,-23.999847412109375,4.020090103149414,5.344616413116455,46.333011627197266,72.64492797851562,72.80326080322266,46.59116744995117
1771501838.8696325,-24.067596435546875,3.4147908687591553,4.918388843536377,45.23530578613281,71.29436492919922,70.9730453491211,44.3366584777832
1771501838.904187,-24.542545318603516,3.9424939155578613,5.307697296142578,46.81984329223633,71.95903015136719,72.18154907226562,45.535770416259766
1771501838.933222,-23.29033088684082,3.285780906677246,5.095258712768555,46.49289321899414,72.72980499267578,72.71150970458984,46.35161590576172
1771501838.9637504,-23.417259216308594,4.467348098754883,5.078367710113525,46.0457878112793,72.49910736083984,72.68624877929688,45.654869079589844
1771501839.0128138,-24.03441047668457,3.6622886657714844,4.788520336151123,45.2669677734375,72.31562805175781,72.43612670898438,45.76149368286133
1771501839.044805,-23.884286880493164,3.772245407104492,4.811007022857666,44.983707427978516,71.91210174560547,71.82230377197266,45.31949234008789
1771501839.0763235,-23.721769332885742,4.033099174499512,4.899594783782959,44.179718017578125,71.6585922241211,71.75016784667969,45.265804290771484
1771501839.109598,-24.15171241760254,3.6334176063537598,4.59404993057251,45.11672592163086,71.40351104736328,71.14860534667969,44.61129379272461
1771501839.1410387,-24.341907501220703,4.373753070831299,5.096554756164551,44.80147933959961,71.68579864501953,71.73164367675781,45.177982330322266
1771501839.1725745,-23.413040161132812,4.151734828948975,5.035896301269531,45.26972198486328,72.38987731933594,72.55101776123047,46.14799499511719
1771501839.204576,-23.787195205688477,3.669858932495117,4.694791316986084,43.96523666381836,71.3005142211914,70.8358154296875,44.47976303100586
1771501839.2365756,-23.945579528808594,3.7544686794281006,4.857484340667725,44.86552810668945,71.58232879638672,71.76800537109375,45.482215881347656
1771501839.2701008,-23.804645538330078,4.140059471130371,5.053038120269775,44.136104583740234,71.87214660644531,71.76421356201172,45.565704345703125
1771501839.3021095,-23.627634048461914,3.653599977493286,5.106448173522949,45.180667877197266,72.0968246459961,71.81505584716797,45.61943817138672
1771501839.3361075,-23.782642364501953,3.9793787002563477,5.0645647048950195,44.74250411987305,71.98168182373047,72.12512969970703,46.1341438293457
1771501839.3671105,-23.979042053222656,3.329965114593506,4.626081466674805,44.95577621459961,72.3421630859375,72.52313232421875,46.481101989746094
1771501839.397619,-23.576969146728516,3.7701239585876465,4.550187110900879,44.80974197387695,72.34585571289062,72.10211181640625,45.62364196777344
1771501839.4450305,-24.5024471282959,2.96876859664917,4.559373378753662,44.208919525146484,71.26990509033203,71.0289077758789,45.3710823059082
1771501839.479544,-23.512392044067383,3.506054162979126,4.7955780029296875,44.318973541259766,72.01787567138672,71.68965911865234,45.306304931640625
1771501839.5105438,-23.764972686767578,3.455928087234497,4.532252788543701,44.588558197021484,71.84790802001953,72.12095642089844,45.665645599365234
1771501839.548545,-23.786928176879883,4.003965377807617,4.716482162475586,43.42577362060547,71.93853759765625,71.93722534179688,45.128257751464844
1771501839.5770748,-23.740882873535156,3.7091288566589355,4.698153018951416,44.327354431152344,72.26921844482422,72.57347869873047,46.088134765625
1771501839.606624,-23.813968658447266,3.8529858589172363,4.54248046875,44.02467727661133,72.22827911376953,72.16182708740234,45.97584533691406
1771501839.6383948,-23.68865966796875,3.6852378845214844,4.748952388763428,44.06223678588867,72.41996765136719,72.34295654296875,45.93153381347656
1771501839.669913,-24.399518966674805,3.6326961517333984,4.624383449554443,43.974769592285156,71.38047790527344,71.25641632080078,44.650333404541016
1771501839.7019167,-23.71939468383789,4.140789985656738,4.609575271606445,43.09373092651367,71.50118255615234,71.61975860595703,44.57485580444336
1771501839.733113,-23.37112045288086,3.883723497390747,4.619660377502441,43.53883743286133,72.13439178466797,71.927978515625,45.35499572753906
1771501839.766118,-24.13343048095703,3.3156259059906006,4.549595832824707,42.95199203491211,71.5772933959961,71.62886047363281,45.031429290771484
1771501839.7976348,-24.55396842956543,3.008836507797241,4.5313568115234375,43.984588623046875,71.66555786132812,71.97172546386719,45.01688003540039
1771501839.8296256,-24.84319305419922,3.2459723949432373,4.657087802886963,43.224788665771484,70.83305358886719,70.53411865234375,43.317474365234375
1771501839.877151,-25.617631912231445,2.1677308082580566,5.112162113189697,43.866981506347656,70.61860656738281,70.27874755859375,43.07828140258789
1771501839.9121444,-26.26154136657715,2.140604257583618,5.253757476806641,44.4747428894043,70.48007202148438,69.88225555419922,42.12657928466797
1771501839.945179,-27.201885223388672,1.2919392585754395,4.991382598876953,42.91375732421875,68.84064483642578,68.10625457763672,40.03935623168945
1771501839.9776897,-26.543197631835938,1.3970766067504883,4.746258735656738,43.33357238769531,68.62635040283203,68.20179748535156,39.627166748046875
1771501840.0080009,-27.22469711303711,1.1569321155548096,4.83458137512207,43.67906188964844,68.46149444580078,67.5169677734375,39.498477935791016
1771501840.038993,-27.384464263916016,1.0929871797561646,5.139601230621338,44.0792236328125,68.63121032714844,67.817626953125,39.21485137939453
1771501840.0700161,-27.563678741455078,0.7312607169151306,5.171573162078857,42.06594467163086,67.3340072631836,66.93345642089844,37.957923889160156
1771501840.1019137,-27.912694931030273,0.06683335453271866,5.435223579406738,39.73908615112305,66.44889831542969,66.0881576538086,36.86056900024414
1771501840.1324773,-28.472806930541992,1.2190558910369873,5.422788143157959,39.71897506713867,65.10791778564453,64.18011474609375,34.3758659362793
1771501840.1634812,-29.19411277770996,1.283400535583496,5.229856014251709,39.843021392822266,62.8236083984375,62.03489685058594,31.817054748535156
1771501840.197993,-29.971452713012695,1.769553303718567,4.254437446594238,36.41408157348633,58.246334075927734,57.27413558959961,26.910694122314453
1771501840.2279918,-28.54941749572754,2.5980656147003174,3.1605565547943115,34.86957931518555,56.71072769165039,54.78608703613281,24.86961555480957
1771501840.2614336,-28.525800704956055,2.303831100463867,3.446780204772949,34.07548141479492,55.22373580932617,53.89228057861328,25.424278259277344
1771501840.3089395,-27.976716995239258,1.5904077291488647,2.624924898147583,30.274700164794922,52.471351623535156,51.265647888183594,23.587980270385742
1771501840.3419423,-26.481090545654297,2.39556622505188,2.680004358291626,28.752635955810547,51.769737243652344,50.11543273925781,21.774173736572266
1771501840.3732257,-25.55988883972168,2.843193531036377,3.251971483230591,28.621707916259766,51.78691101074219,49.90655517578125,22.44402313232422
1771501840.4062185,-24.179868698120117,5.441295623779297,5.071536540985107,27.921159744262695,49.65523910522461,48.14751052856445,20.889667510986328
1771501840.4362242,-22.737884521484375,5.833105564117432,5.635502815246582,27.097028732299805,48.479129791259766,47.037235260009766,20.16860008239746
1771501840.4692445,-22.204681396484375,6.143792152404785,6.978821754455566,26.411104202270508,48.10004425048828,46.61052322387695,20.448802947998047
1771501840.5007548,-22.76252555847168,6.409048557281494,7.544043064117432,26.232208251953125,45.845211029052734,45.5862922668457,20.162641525268555
1771501840.5327544,-22.2960147857666,7.300020694732666,8.368499755859375,26.093475341796875,44.8726806640625,44.23956298828125,19.792213439941406
1771501840.563775,-22.748632431030273,9.16816520690918,9.690711975097656,25.981950759887695,43.250938415527344,42.82084274291992,18.0981388092041
1771501840.597299,-23.261516571044922,10.173162460327148,11.473697662353516,24.977886199951172,40.61281204223633,40.30537414550781,16.647993087768555
1771501840.6312988,-21.4642276763916,11.299617767333984,12.477858543395996,24.12750244140625,38.97312927246094,39.083152770996094,15.448101043701172
1771501840.6643035,-20.603374481201172,11.553590774536133,13.365962982177734,24.8966007232666,39.37081527709961,39.501625061035156,15.961342811584473
1771501840.6943297,-24.661556243896484,7.649652004241943,11.437849044799805,23.754507064819336,37.117828369140625,37.40641403198242,12.163866996765137
1771501840.741323,-26.550718307495117,4.934675693511963,9.646937370300293,22.1571044921875,36.63365936279297,36.42733383178711,9.240939140319824
1771501840.7729914,-24.47422981262207,6.396644592285156,10.978862762451172,21.76296615600586,36.15919876098633,35.16647720336914,8.383213996887207
1771501840.8055983,-23.416494369506836,7.434945583343506,10.863357543945312,21.92215347290039,36.34013748168945,34.43477249145508,7.809519290924072
1771501840.838442,-21.09976577758789,8.027966499328613,11.327709197998047,22.297067642211914,32.29197311401367,33.2442626953125,10.688703536987305
1771501840.8704784,-18.237468719482422,9.599227905273438,13.35550308227539,24.300857543945312,32.42518997192383,34.39258575439453,12.731164932250977
1771501840.9020574,-14.997979164123535,10.1201171875,12.539104461669922,25.611392974853516,34.639060974121094,36.06776428222656,12.573941230773926
1771501840.9332912,-13.915339469909668,10.349593162536621,12.833727836608887,23.659687042236328,34.05821990966797,35.57490539550781,11.859204292297363
1771501840.9648952,-14.570595741271973,9.844225883483887,12.290994644165039,21.746822357177734,32.21965789794922,34.525909423828125,11.542856216430664
1771501840.9966633,-13.345626831054688,10.831282615661621,13.547745704650879,23.02096176147461,33.35829544067383,35.41102981567383,11.73095703125
1771501841.0286672,-13.830668449401855,9.795064926147461,13.030982971191406,21.125207901000977,31.868005752563477,34.179718017578125,11.593705177307129
1771501841.0637426,-12.107688903808594,11.061293601989746,13.13299560546875,22.69329833984375,33.65138626098633,35.220550537109375,11.72189712524414
1771501841.0933878,-12.884686470031738,10.217546463012695,12.609858512878418,21.246564865112305,32.48491287231445,34.69002151489258,11.292539596557617
1771501841.1249175,-12.68067741394043,10.776803016662598,13.686309814453125,21.90882110595703,32.26597595214844,34.27280044555664,11.380452156066895
1771501841.1734731,-12.09915542602539,10.823904991149902,13.301107406616211,22.37818145751953,32.65176773071289,34.883544921875,12.161053657531738
1771501841.2054725,-12.333135604858398,9.94095230102539,12.769323348999023,21.53249740600586,32.28855514526367,34.426185607910156,11.144693374633789
1771501841.2374735,-11.516313552856445,10.390583038330078,12.792253494262695,22.417675018310547,32.961849212646484,35.009281158447266,11.122517585754395
1771501841.2716062,-12.408956527709961,9.530753135681152,12.634795188903809,21.527372360229492,32.07265090942383,33.78531265258789,11.00377368927002
1771501841.302611,-12.503363609313965,9.994978904724121,12.786170959472656,21.225418090820312,31.51055335998535,32.95025634765625,10.17139720916748
1771501841.3336205,-12.701066970825195,9.969414710998535,13.027936935424805,21.299903869628906,31.82034683227539,33.131614685058594,9.442129135131836
1771501841.3646228,-12.955025672912598,10.025410652160645,12.960161209106445,20.631534576416016,31.420419692993164,32.969173431396484,9.624008178710938
1771501841.3982477,-12.346582412719727,10.304150581359863,12.655471801757812,20.867692947387695,31.85810089111328,33.26701354980469,9.472687721252441
1771501841.4292493,-12.044689178466797,10.38778305053711,11.917977333068848,21.14569091796875,31.62311553955078,33.22883987426758,9.463851928710938
1771501841.462709,-11.567724227905273,10.61314868927002,12.327383995056152,21.643583297729492,32.7014045715332,34.254825592041016,10.194459915161133
1771501841.4969683,-11.077032089233398,10.11143970489502,11.477139472961426,22.07577896118164,32.8231201171875,34.363380432128906,9.982633590698242
1771501841.525106,-11.657492637634277,9.255576133728027,11.979388236999512,21.55661392211914,32.696632385253906,33.845252990722656,8.83025074005127
1771501841.5570333,-12.036250114440918,9.370888710021973,12.195208549499512,21.492481231689453,31.970012664794922,33.21562576293945,8.250554084777832
1771501841.6052024,-11.290821075439453,9.886897087097168,11.82038402557373,22.201520919799805,32.305763244628906,33.762454986572266,8.48757553100586
1771501841.6382306,-11.334921836853027,9.140424728393555,11.132978439331055,21.729236602783203,31.49254035949707,33.25394821166992,8.225238800048828
1771501841.6692379,-12.253531455993652,8.545317649841309,12.11363697052002,20.330734252929688,30.688880920410156,33.1009521484375,8.162384986877441
1771501841.703748,-11.038518905639648,10.044720649719238,10.59192943572998,21.995548248291016,31.783267974853516,33.953529357910156,8.806102752685547
1771501841.733318,-12.183563232421875,8.109504699707031,11.8599271774292,20.43434715270996,30.775949478149414,33.36949920654297,8.07374095916748
1771501841.76533,-11.188950538635254,9.998268127441406,10.559534072875977,21.70195770263672,31.308204650878906,33.49100875854492,8.247798919677734
1771501841.7969582,-11.723346710205078,9.043020248413086,11.427923202514648,20.93463897705078,30.721803665161133,32.991817474365234,7.998574256896973
1771501841.8289552,-11.425458908081055,9.59257984161377,9.871602058410645,21.26083755493164,30.48797607421875,32.49284362792969,7.470595836639404
1771501841.8619788,-11.4923677444458,8.876869201660156,10.923717498779297,20.559003829956055,29.82378387451172,31.850526809692383,7.046091079711914
1771501841.8935122,-10.71984577178955,8.96211051940918,9.044557571411133,20.71196746826172,30.580707550048828,32.04662322998047,7.268057346343994
1771501841.926535,-9.38758659362793,9.196182250976562,10.002326965332031,21.829586029052734,31.422592163085938,32.8772087097168,7.640567302703857
1771501841.9595506,-11.115339279174805,8.120079040527344,10.055805206298828,20.20255470275879,30.3164119720459,31.620220184326172,6.915977478027344
1771501841.9900615,-11.288032531738281,7.369399070739746,10.009176254272461,20.005578994750977,30.27540397644043,31.07518196105957,6.527912616729736
1771501842.0370648,-10.549930572509766,7.68193244934082,9.331188201904297,20.165143966674805,30.312440872192383,30.94620132446289,6.607911586761475
1771501842.07007,-9.082354545593262,8.599403381347656,8.857382774353027,21.911026000976562,31.7449893951416,31.854873657226562,7.359809398651123
1771501842.1006734,-8.929625511169434,8.56395435333252,8.19105052947998,21.81631851196289,31.858354568481445,31.929861068725586,7.3066487312316895
1771501842.1358464,-10.650049209594727,7.415085792541504,8.670652389526367,19.832611083984375,30.41316795349121,30.64342498779297,5.903260231018066
1771501842.164855,-9.285012245178223,8.278619766235352,8.22323226928711,20.05805778503418,31.456594467163086,30.95552635192871,5.9985222816467285
1771501842.1973734,-8.811716079711914,8.712296485900879,7.622870922088623,20.472225189208984,32.2175407409668,31.043855667114258,6.299504280090332
1771501842.228383,-7.645400047302246,10.188706398010254,7.067042827606201,21.651479721069336,33.40264129638672,31.57472038269043,6.4397993087768555
1771501842.260716,-6.509345531463623,10.050485610961914,6.081519603729248,20.715167999267578,33.993106842041016,32.22298812866211,7.324689865112305
1771501842.2922251,-8.217863082885742,9.338892936706543,7.808089256286621,19.204158782958984,32.0784797668457,30.916751861572266,6.181662559509277
1771501842.324227,-5.7060160636901855,10.862359046936035,6.152336120605469,21.28128433227539,34.44502639770508,32.26930618286133,7.1733174324035645
1771501842.3592298,-7.098537445068359,10.747382164001465,6.806023597717285,20.495956420898438,32.991844177246094,30.24788475036621,5.247443675994873
1771501842.388744,-6.168603420257568,12.120986938476562,6.227132320404053,20.137115478515625,32.68927764892578,29.073829650878906,4.303210735321045
1771501842.4207401,-6.902604579925537,11.845654487609863,6.319048881530762,19.13356590270996,30.87549591064453,27.296354293823242,2.9069623947143555
1771501842.4697478,-6.202657699584961,12.542198181152344,5.8691086769104,19.483924865722656,30.912321090698242,27.19339370727539,2.630075216293335
1771501842.5012548,-6.392350673675537,13.16256046295166,5.24367618560791,18.43684959411621,29.637357711791992,25.48287582397461,1.732012152671814
1771501842.5332546,-6.5117011070251465,14.058834075927734,5.474674701690674,18.113418579101562,29.00054931640625,24.761552810668945,1.2839635610580444
1771501842.566272,-6.87069845199585,13.458589553833008,4.909680366516113,16.802066802978516,28.11305046081543,24.237581253051758,1.1056525707244873
1771501842.598791,-7.431739807128906,12.911919593811035,5.181541442871094,16.071941375732422,27.809757232666016,23.861804962158203,0.987897515296936
1771501842.630791,-7.058630466461182,13.771553993225098,4.839478969573975,15.292806625366211,27.435779571533203,23.288148880004883,0.316374272108078
1771501842.6608157,-6.776528835296631,14.215269088745117,3.996809244155884,15.46019458770752,27.21440315246582,22.77503204345703,0.073221355676651
1771501842.6932995,-5.521057605743408,15.663527488708496,2.5425870418548584,16.30912971496582,28.097442626953125,23.072595596313477,0.05634608119726181
1771501842.7263012,-5.676950454711914,15.207219123840332,1.7396422624588013,15.304244995117188,27.62666130065918,22.535816192626953,0.057442326098680496
1771501842.7573073,-6.039097785949707,15.378938674926758,1.307037591934204,14.552623748779297,27.0316219329834,21.665531158447266,0.0
1771501842.7898211,-6.221308708190918,14.455007553100586,1.0748580694198608,15.09866714477539,27.56941032409668,22.488147735595703,0.5979443788528442
1771501842.8208222,-5.682957649230957,15.336169242858887,0.9728805422782898,14.99191951751709,26.93155288696289,21.592731475830078,0.0
1771501842.853823,-5.997293949127197,14.742310523986816,1.0868053436279297,14.721102714538574,26.897445678710938,22.004457473754883,0.2033778429031372
1771501842.9023697,-3.7630248069763184,16.863420486450195,0.0,16.042757034301758,27.93303680419922,22.378122329711914,0.8544750809669495
1771501842.9333696,-6.200986862182617,14.357135772705078,0.36099421977996826,14.035447120666504,26.367591857910156,21.398672103881836,0.007363797631114721
1771501842.964287,-4.7018585205078125,16.043161392211914,0.15094436705112457,15.761262893676758,26.95256996154785,21.106374740600586,0.0
1771501842.9983783,-4.649466514587402,15.58853530883789,0.0,15.437573432922363,27.203203201293945,21.542654037475586,0.0
1771501843.029376,-6.629225730895996,14.452836990356445,1.1308985948562622,14.286820411682129,25.539573669433594,20.423494338989258,0.0
1771501843.061396,-5.6381988525390625,15.20383071899414,0.5710848569869995,14.740202903747559,26.28066062927246,20.584362030029297,0.0
1771501843.0924854,-4.8170599937438965,15.364609718322754,0.0,15.03311824798584,27.075693130493164,21.8013973236084,0.09623868763446808
1771501843.128493,-4.868260383605957,15.385324478149414,0.0,15.921889305114746,27.09483528137207,21.48082733154297,0.02839651331305504
1771501843.161256,-5.712380409240723,14.314101219177246,0.0,15.574986457824707,26.598140716552734,21.408788681030273,0.3921199440956116
1771501843.1932964,-4.7839884757995605,14.760665893554688,0.0,15.664987564086914,27.299833297729492,22.32356071472168,1.0955121517181396
1771501843.2242975,-5.824710845947266,13.02579402923584,0.0,15.289590835571289,27.379615783691406,22.693452835083008,1.2107949256896973
1771501843.2563055,-3.53890061378479,15.070551872253418,0.0,17.13353729248047,28.5469913482666,23.889713287353516,1.9726811647415161
1771501843.3018405,-4.9856276512146,13.580153465270996,0.0,16.119571685791016,27.93927574157715,23.321107864379883,2.2620537281036377
1771501843.3358424,-3.644131898880005,15.182781219482422,0.0,17.084360122680664,28.37424087524414,23.519432067871094,2.958228588104248
1771501843.3668466,-1.13823401927948,16.259183883666992,0.0,18.150718688964844,30.144670486450195,24.995847702026367,4.377383232116699
1771501843.3983717,-1.0805537700653076,16.514307022094727,0.0,18.59432029724121,30.701993942260742,25.823997497558594,5.2989888191223145
1771501843.4320817,-0.6883977651596069,16.431182861328125,0.0,17.842247009277344,30.2025203704834,26.44037628173828,5.8122663497924805
1771501843.4610927,0.32239651679992676,17.00461769104004,0.0,17.706104278564453,31.140222549438477,27.885496139526367,6.516047477722168
1771501843.4936094,0.2817392945289612,16.51802635192871,0.0,18.332149505615234,31.689241409301758,28.35953712463379,7.356269359588623
1771501843.5246062,0.2926054298877716,17.421955108642578,0.0,18.37485694885254,30.882749557495117,28.788055419921875,7.082100868225098
1771501843.5576074,1.6252425909042358,16.0956974029541,0.0,17.593589782714844,31.413944244384766,29.800918579101562,9.262619972229004
1771501843.5895004,0.870711624622345,17.436857223510742,0.0,18.458938598632812,30.303651809692383,29.36309814453125,8.309033393859863
1771501843.6215003,2.8914153575897217,17.912168502807617,0.0,18.193452835083008,31.667524337768555,31.325288772583008,10.035663604736328
1771501843.6545033,3.637298583984375,18.062782287597656,0.0,18.468629837036133,32.24525833129883,31.87396812438965,10.249719619750977
1771501843.685022,3.0734164714813232,16.334205627441406,0.0,15.838642120361328,30.00599479675293,31.5034122467041,11.093079566955566
1771501843.7330348,2.262897491455078,14.424688339233398,0.0,14.502684593200684,28.904417037963867,31.494138717651367,11.700165748596191
1771501843.766044,1.4754819869995117,13.745050430297852,0.0,14.64681625366211,29.3742618560791,31.593284606933594,11.22937297821045
1771501843.7955465,2.951035261154175,14.451911926269531,0.0,15.844364166259766,31.009023666381836,33.15870666503906,12.434263229370117
1771501843.8275466,1.6457854509353638,14.639595031738281,0.0,16.066781997680664,30.698543548583984,33.22780990600586,11.654008865356445
1771501843.8625536,1.853977084159851,14.324060440063477,0.0,15.749495506286621,30.800167083740234,33.367740631103516,11.974974632263184
1771501843.8940852,3.3870766162872314,14.846291542053223,0.0,14.925834655761719,29.823253631591797,33.315574645996094,12.651198387145996
1771501843.9250834,1.8797757625579834,14.891359329223633,0.0,15.156049728393555,29.50999641418457,32.31621170043945,11.542754173278809
1771501843.9570818,2.865076780319214,14.824628829956055,0.0,15.416354179382324,30.30079460144043,33.40343475341797,12.46536922454834
1771501843.9884892,4.188485622406006,14.66848373413086,0.0,14.525947570800781,29.88089370727539,33.500099182128906,13.553820610046387
1771501844.0205142,3.3810667991638184,15.893023490905762,0.0,17.134937286376953,31.627302169799805,34.44204330444336,13.573431015014648
1771501844.0525148,2.1607227325439453,14.977866172790527,0.0,15.655094146728516,30.51423454284668,33.46204376220703,12.285426139831543
1771501844.0866776,3.588043451309204,15.712054252624512,0.0,16.37706184387207,31.260873794555664,34.074214935302734,13.157344818115234
1771501844.117746,3.4318923950195312,15.690519332885742,0.0,16.768863677978516,31.153724670410156,34.24079513549805,13.275779724121094
1771501844.1650457,2.6055498123168945,15.070511817932129,0.0,16.624584197998047,31.056316375732422,34.09715270996094,12.865900039672852
1771501844.1975574,2.9175212383270264,15.124088287353516,0.0,16.507450103759766,30.73809242248535,33.65717315673828,12.833399772644043
1771501844.228558,2.6225473880767822,15.37671947479248,0.0,16.58956527709961,30.80103874206543,33.47046661376953,12.51263427734375
1771501844.2620883,2.491095781326294,14.476099014282227,0.0,14.810271263122559,29.52103614807129,32.74186706542969,12.777765274047852
1771501844.2956152,2.0912792682647705,16.32583999633789,0.0,17.598459243774414,30.936899185180664,33.189903259277344,12.628567695617676
1771501844.3250072,3.076176881790161,15.269381523132324,0.0,15.867565155029297,30.793039321899414,33.75821304321289,13.243154525756836
1771501844.3576696,2.6577823162078857,15.588085174560547,0.0,16.843461990356445,30.76885223388672,33.56260681152344,13.022984504699707
1771501844.389195,2.5457406044006348,15.90306282043457,0.0,17.76186180114746,31.807907104492188,33.87984085083008,12.706214904785156
1771501844.421187,2.328932046890259,16.053966522216797,0.0,17.67911720275879,31.73607063293457,33.86716079711914,12.874648094177246
1771501844.4521854,2.4848711490631104,16.30112075805664,0.0,18.079059600830078,31.902429580688477,33.83253860473633,12.506946563720703
1771501844.483937,2.0186848640441895,15.885553359985352,0.0,17.58312225341797,31.45518684387207,33.360939025878906,12.397359848022461
1771501844.519933,2.8283748626708984,16.01443099975586,0.0,17.650903701782227,31.72854995727539,33.695213317871094,12.680500984191895
1771501844.5489364,2.9903666973114014,16.214889526367188,0.0,17.654335021972656,32.02146530151367,34.01931381225586,12.886667251586914
1771501844.633493,3.0851621627807617,16.033538818359375,0.0,17.65980339050293,31.745065689086914,33.533809661865234,12.918352127075195
1771501844.6634872,3.200839042663574,16.265024185180664,0.0,17.879955291748047,31.7598934173584,33.744197845458984,12.89227294921875
1771501844.6950564,1.962346076965332,15.406797409057617,0.0,18.215360641479492,32.371437072753906,33.619361877441406,12.569915771484375
1771501844.7280028,2.04874849319458,16.061901092529297,0.0,18.390016555786133,32.28688430786133,33.274906158447266,12.197519302368164
1771501844.7580037,3.483299493789673,18.047340393066406,0.0,21.266799926757812,34.71091842651367,34.63485336303711,12.43783187866211
1771501844.7885375,2.790806293487549,16.69662094116211,0.0,18.984281539916992,33.10887145996094,33.66108322143555,12.376108169555664
1771501844.8205178,2.6635375022888184,15.822824478149414,0.0,18.310688018798828,32.57682800292969,33.6812629699707,12.77074146270752
1771501844.8515522,1.9927130937576294,15.925637245178223,0.0,18.18105697631836,32.38172149658203,32.93628692626953,11.748624801635742
1771501844.8841445,1.7995091676712036,16.626813888549805,0.0,17.668678283691406,31.992820739746094,32.51742172241211,11.140310287475586
1771501844.9140604,2.046004295349121,16.923137664794922,0.0,18.33123779296875,32.561126708984375,33.041343688964844,11.394861221313477
1771501844.947062,0.983543336391449,16.47332191467285,0.0,18.02553367614746,32.08546829223633,32.68574905395508,10.70832347869873
1771501844.9756608,1.1668696403503418,17.24846839904785,0.0,18.326078414916992,32.06819534301758,32.20322799682617,10.237386703491211
1771501845.028641,1.2256478071212769,17.539344787597656,0.0,18.516681671142578,31.972097396850586,31.874399185180664,10.19351577758789
1771501845.0616636,0.3251899480819702,17.581321716308594,0.0,18.45439338684082,31.476213455200195,30.674978256225586,9.540451049804688
1771501845.0852518,1.0008840560913086,17.430097579956055,0.0,18.640274047851562,32.0307731628418,31.405349731445312,10.232702255249023
1771501845.117607,1.0206996202468872,17.157421112060547,0.0,18.796167373657227,32.352535247802734,31.463350296020508,9.714131355285645
1771501845.146961,0.6550114154815674,18.315460205078125,0.0,18.385107040405273,31.474464416503906,29.854801177978516,8.324202537536621
1771501845.1794758,0.32244551181793213,18.665563583374023,0.0,18.393068313598633,31.04084587097168,29.46134376525879,7.890836238861084
1771501845.210475,0.939139723777771,18.288972854614258,0.0,18.362085342407227,31.276580810546875,29.953468322753906,8.518946647644043
1771501845.2414746,-0.28160491585731506,18.600788116455078,0.0,18.06431007385254,30.03495216369629,28.58671760559082,7.591867446899414
1771501845.272532,-0.03897747024893761,19.2852783203125,0.0,18.59893226623535,30.213565826416016,28.137880325317383,7.273262977600098
1771501845.3050437,0.030060427263379097,19.36313247680664,0.0,18.431610107421875,30.44709014892578,28.22926902770996,7.273624420166016
1771501845.33604,0.3188827335834503,19.765243530273438,0.0,19.717802047729492,30.386520385742188,28.038835525512695,7.503648281097412
1771501845.368074,0.37325793504714966,19.663944244384766,0.0,19.359397888183594,30.519126892089844,28.141162872314453,7.324071884155273
1771501845.4145806,0.4391093850135803,19.555862426757812,0.0,19.512123107910156,30.57054901123047,28.18163299560547,7.498212814331055
1771501845.4615967,0.245124951004982,19.36783790588379,0.0,19.79877471923828,30.101882934570312,27.95435333251953,7.9308271408081055
1771501845.494141,0.5458120107650757,19.12613868713379,0.0,20.241031646728516,31.13065528869629,28.26412582397461,7.868645668029785
1771501845.5231428,-0.42039570212364197,18.311634063720703,0.0,19.249910354614258,30.375106811523438,27.437049865722656,7.018033027648926
1771501845.5561442,-0.48126912117004395,18.454565048217773,0.0,19.448078155517578,30.19454574584961,27.39939308166504,7.00496768951416
1771501845.5876777,-0.194661945104599,18.22922134399414,0.0,20.042606353759766,31.034393310546875,28.432861328125,7.540316581726074
1771501845.6177099,-0.9571877717971802,17.7175235748291,0.0,19.314367294311523,29.928022384643555,27.75288963317871,6.776772499084473
1771501845.6506782,-0.9856665730476379,17.613080978393555,0.0,19.572525024414062,30.309247970581055,28.194171905517578,6.721288204193115
1771501845.6809058,-1.6938211917877197,17.14492416381836,0.0,19.34606170654297,30.033126831054688,28.264909744262695,6.607337474822998
1771501845.7114985,-2.9554882049560547,15.72058391571045,0.0,18.358503341674805,29.22892951965332,28.070919036865234,6.556977272033691
1771501845.743584,-4.073451519012451,14.801823616027832,0.0,17.863998413085938,28.513776779174805,27.845226287841797,6.458630561828613
1771501845.77426,-4.24826717376709,14.205243110656738,0.0,17.69312286376953,28.731929779052734,28.571544647216797,7.202221393585205
1771501845.8142965,-5.28675651550293,13.053300857543945,0.0,16.831634521484375,28.389738082885742,29.943185806274414,7.380642890930176
1771501845.8459878,-5.352631092071533,12.79188346862793,0.0,16.516645431518555,28.943071365356445,31.263559341430664,8.437782287597656
1771501845.893687,-4.914010524749756,13.013080596923828,0.0,17.454614639282227,30.068307876586914,32.525413513183594,9.399965286254883
1771501845.9267519,-5.91680908203125,11.647357940673828,0.0,16.457111358642578,30.46538543701172,33.90040969848633,10.292545318603516
1771501845.9477527,-6.2776970863342285,11.341110229492188,0.0,15.78751277923584,30.177431106567383,33.623836517333984,9.79764461517334
1771501845.9803863,-5.383368968963623,11.548239707946777,0.0,16.843210220336914,32.03679275512695,35.25748062133789,11.525930404663086
1771501846.0113409,-5.148786544799805,10.533331871032715,0.0,17.154909133911133,34.383785247802734,37.97505187988281,14.405152320861816
1771501846.0423365,-3.360241651535034,10.527803421020508,0.0,18.334794998168945,37.40372085571289,40.369327545166016,17.749916076660156
1771501846.0738635,-0.2413329929113388,11.587008476257324,0.0,21.03498649597168,40.070011138916016,43.49264144897461,22.26681137084961
1771501846.1069026,1.147210955619812,13.411574363708496,0.0,24.388607025146484,42.35832977294922,45.86310958862305,25.65155601501465
1771501846.13831,0.01947000063955784,16.594940185546875,0.0,27.171409606933594,41.098506927490234,45.903831481933594,24.76706886291504
1771501846.1703312,0.988972544670105,17.22769546508789,0.19664323329925537,27.2467098236084,40.71170425415039,45.8831787109375,25.708520889282227
1771501846.213842,-0.3346027433872223,18.08437156677246,0.2555600702762604,28.966073989868164,41.07640838623047,46.52842712402344,24.859933853149414
1771501846.2478583,-3.1347434520721436,18.6596736907959,2.4870729446411133,26.420705795288086,38.39902877807617,43.51106643676758,23.418498992919922
1771501846.2808378,-5.260100841522217,17.30870819091797,3.975029230117798,24.58795928955078,37.22850036621094,43.25497055053711,23.672658920288086
1771501846.324836,-5.982518672943115,17.31882095336914,3.439445972442627,24.20491600036621,37.1507453918457,43.1114616394043,23.50858497619629
1771501846.357838,-5.879336833953857,17.852750778198242,3.372337818145752,24.437545776367188,37.43782424926758,43.31947326660156,23.849842071533203
1771501846.3893566,-5.469873428344727,17.905593872070312,3.437246084213257,24.551815032958984,37.475372314453125,43.453670501708984,24.302515029907227
1771501846.4213762,-5.333384990692139,17.77085304260254,2.616149663925171,25.549882888793945,38.364234924316406,44.52969741821289,24.553707122802734
1771501846.4523606,-3.961798667907715,17.765596389770508,0.0,26.750885009765625,40.63420486450195,46.95951461791992,26.461294174194336
1771501846.4838765,-2.30527663230896,17.578536987304688,0.0,28.097026824951172,42.258544921875,49.23288345336914,28.34269905090332
1771501846.5158215,-3.4446208477020264,17.735225677490234,0.0,27.814762115478516,41.569095611572266,48.91607666015625,27.767181396484375
1771501846.5476477,-4.308403015136719,17.71988868713379,0.0,26.67154312133789,40.747840881347656,48.076881408691406,27.25750732421875
1771501846.5781636,-2.9718339443206787,18.9143009185791,0.0,28.281150817871094,41.7808837890625,49.332481384277344,27.731998443603516
1771501846.6141667,-2.142146587371826,18.797521591186523,0.0,28.368267059326172,43.43528366088867,50.53926086425781,27.820064544677734
1771501846.643916,-2.9887263774871826,18.83753776550293,0.0,28.229232788085938,43.16831588745117,50.650840759277344,27.298439025878906
1771501846.6806066,-4.024619102478027,17.23163604736328,0.0,26.814823150634766,42.2094612121582,49.3985481262207,26.625219345092773
1771501846.70857,-3.6198525428771973,18.48444175720215,0.0,27.174726486206055,43.82786560058594,50.15114974975586,26.702116012573242
1771501846.756592,-3.174696683883667,18.1231746673584,0.0,27.286588668823242,44.37024688720703,50.70809555053711,27.944623947143555
1771501846.7902462,-3.2381720542907715,18.135421752929688,0.0,26.9101505279541,44.61598587036133,50.54588317871094,28.002626419067383
1771501846.8132946,-3.197995185852051,17.863096237182617,0.0,27.041879653930664,44.85253143310547,51.042724609375,28.434600830078125
1771501846.8432662,-3.6583290100097656,17.63422203063965,0.0,26.82316017150879,46.43754959106445,52.078067779541016,29.212671279907227
1771501846.875877,-6.050646781921387,15.104552268981934,0.0,26.384883880615234,48.001075744628906,52.81599044799805,29.16284942626953
1771501846.9068983,-4.528282642364502,16.011762619018555,0.0,27.82887840270996,51.6994514465332,55.0846061706543,30.22679328918457
1771501846.9398575,-6.1819562911987305,16.278121948242188,0.0,27.497411727905273,53.14082336425781,55.535377502441406,29.561717987060547
1771501846.9699416,-6.56805944442749,16.059463500976562,0.0,26.611120223999023,54.3101806640625,56.38722610473633,30.347076416015625
1771501847.013215,-5.648186206817627,17.06212043762207,0.0,26.751834869384766,56.45159149169922,58.643070220947266,35.31587219238281
1771501847.045214,-4.513780117034912,18.44187355041504,0.0,27.597515106201172,57.44175338745117,59.810768127441406,37.107757568359375
1771501847.0787804,-4.8366169929504395,18.224212646484375,0.0,28.363197326660156,59.44532775878906,61.90866470336914,39.04542922973633
1771501847.111797,-7.040154933929443,15.580137252807617,0.0,26.68602752685547,60.49118423461914,62.663875579833984,38.51824951171875
1771501847.143794,-8.686029434204102,13.528493881225586,0.0,26.558326721191406,61.44156265258789,63.255958557128906,38.20232391357422
1771501847.1893122,-8.498650550842285,13.736309051513672,0.0,27.454130172729492,62.56960678100586,64.08414459228516,38.957027435302734
1771501847.222878,-9.834708213806152,11.9495267868042,0.0,28.593557357788086,63.857757568359375,65.70353698730469,39.25328063964844
1771501847.2513936,-10.567217826843262,11.5818452835083,0.0,28.152055740356445,63.17140579223633,65.10984802246094,38.45219421386719
1771501847.2839067,-11.269376754760742,11.309308052062988,0.0,29.38353729248047,64.12391662597656,66.16022491455078,39.151634216308594
1771501847.3159091,-10.870407104492188,12.100385665893555,0.0,29.42489242553711,65.27625274658203,67.68102264404297,40.562278747558594
1771501847.3469064,-12.763310432434082,11.719101905822754,0.0,29.37874412536621,64.31427001953125,66.77115631103516,39.97458267211914
1771501847.3794427,-13.037256240844727,11.520442008972168,0.0,30.00705909729004,64.9780044555664,67.3987808227539,41.01157760620117
1771501847.4134414,-12.94902229309082,10.689303398132324,0.0,30.907026290893555,65.42613220214844,67.5587158203125,40.95829772949219
1771501847.445442,-14.335134506225586,11.307632446289062,0.0,31.714702606201172,65.10130310058594,66.5475845336914,39.801551818847656
1771501847.4769564,-14.686683654785156,10.51511287689209,0.0,32.313865661621094,66.0262680053711,66.98575592041016,40.48259735107422
1771501847.5090134,-16.89618492126465,10.0519380569458,0.0,32.351219177246094,64.654296875,64.66256713867188,38.466922760009766
1771501847.5420103,-17.935951232910156,9.805329322814941,0.0,33.73288345336914,64.48651885986328,64.56455993652344,37.48127746582031
1771501847.5730371,-18.49814224243164,9.737775802612305,0.0,33.80927276611328,64.42716979980469,64.1824951171875,37.01579666137695
1771501847.6221254,-18.177371978759766,9.500800132751465,0.0,34.52792739868164,65.09011840820312,65.08332061767578,37.866668701171875
1771501847.6541517,-18.644468307495117,9.488018989562988,0.0,35.29757308959961,64.5915756225586,64.36393737792969,36.84440231323242
1771501847.675656,-18.931604385375977,9.421765327453613,0.0,35.162635803222656,64.29759979248047,64.11003112792969,36.57114028930664
1771501847.705669,-18.77378273010254,9.589767456054688,0.0,36.466514587402344,65.17868041992188,64.94561767578125,37.25917434692383
1771501847.737661,-19.025310516357422,9.432732582092285,0.0,36.87068557739258,65.22254943847656,64.87940216064453,36.951717376708984
1771501847.7676473,-20.077983856201172,8.931754112243652,0.0,36.466278076171875,64.62625122070312,63.910430908203125,35.94441604614258
1771501847.8131304,-20.603015899658203,8.178608894348145,0.0,38.44404983520508,64.92647552490234,64.30834197998047,35.7442741394043
1771501847.8461294,-21.160032272338867,8.071000099182129,0.0,39.146148681640625,65.66716003417969,65.62920379638672,36.49613952636719
1771501847.878196,-21.584491729736328,7.622596740722656,0.0,39.21284484863281,65.9770278930664,66.52083587646484,37.26007080078125
1771501847.9091928,-21.806276321411133,7.749842643737793,0.0,39.35548782348633,66.00531768798828,67.59615325927734,37.472328186035156
1771501847.941592,-22.54378318786621,7.633599281311035,0.0,38.92476272583008,66.17033386230469,67.83181762695312,37.739227294921875
1771501847.9752727,-22.580577850341797,7.259462833404541,0.0,41.3865852355957,67.1853256225586,68.68389892578125,38.37478256225586
1771501848.0053747,-24.24614715576172,6.348577499389648,0.0,43.35909652709961,67.49870300292969,68.76854705810547,38.50967788696289
1771501848.0534143,-24.491119384765625,6.669426441192627,0.0,42.534339904785156,67.72860717773438,68.73214721679688,37.95454406738281
1771501848.0869277,-23.687870025634766,6.413418292999268,0.0,43.37119674682617,68.71519470214844,69.35723876953125,39.31865310668945
1771501848.1108887,-23.976999282836914,6.894189834594727,0.0,43.57517623901367,68.81826782226562,69.96627807617188,39.49966049194336
1771501848.1414547,-23.81888198852539,6.986704349517822,0.0,44.832908630371094,69.64970397949219,70.6900863647461,40.71952819824219
1771501848.1740258,-24.03483772277832,7.235745429992676,0.0,45.358314514160156,70.30377197265625,71.07869720458984,41.45354461669922
1771501848.214535,-22.88534927368164,6.736250400543213,0.0,47.7099723815918,72.24817657470703,72.47377014160156,43.47698974609375
1771501848.2445352,-23.321117401123047,6.309850215911865,0.0,46.75931167602539,72.6899642944336,72.94306182861328,45.363426208496094
1771501848.278123,-23.893152236938477,6.632164001464844,0.08378084003925323,47.61052703857422,72.54013061523438,73.26516723632812,45.294837951660156
1771501848.3091283,-23.51304054260254,6.745176315307617,0.571752667427063,49.1260986328125,74.28833770751953,74.96786499023438,48.480167388916016
1771501848.3411229,-22.913190841674805,6.810605525970459,0.859331488609314,48.830997467041016,74.7326889038086,74.79385375976562,48.757080078125
1771501848.3731406,-23.123106002807617,6.812631607055664,1.0154529809951782,50.59531784057617,76.41063690185547,76.07054901123047,49.40324020385742
1771501848.406648,-21.297096252441406,6.922096252441406,1.6789897680282593,51.810211181640625,78.29737854003906,77.28561401367188,52.63429641723633
1771501848.4381366,-21.37133026123047,7.051066875457764,1.554366946220398,53.089759826660156,79.52294158935547,77.76345825195312,53.59718704223633
1771501848.4849434,-20.426769256591797,7.154606342315674,1.2663509845733643,53.628578186035156,80.49403381347656,78.65796661376953,54.69093322753906
1771501848.5179465,-20.777725219726562,6.691175937652588,1.8081589937210083,52.646881103515625,79.79814147949219,78.19973754882812,54.371620178222656
1771501848.5469446,-20.1341609954834,6.649488925933838,1.7849394083023071,53.88850402832031,80.79000091552734,79.16877746582031,55.824562072753906
1771501848.5782669,-19.833383560180664,7.365360260009766,1.8377084732055664,55.96504211425781,82.3969497680664,80.32301330566406,56.724578857421875
1771501848.614289,-17.407608032226562,8.770013809204102,2.080839157104492,60.161277770996094,86.04412841796875,83.61548614501953,61.40739822387695
1771501848.6452665,-17.752206802368164,9.396157264709473,1.0610980987548828,58.570960998535156,85.99209594726562,83.258056640625,60.769344329833984
1771501848.677597,-15.749265670776367,9.76866626739502,0.8149023652076721,59.803924560546875,87.48798370361328,84.68750762939453,62.58512878417969
1771501848.7095418,-14.597661972045898,10.546589851379395,0.2643941342830658,62.5825309753418,87.41941833496094,85.45989990234375,63.73869323730469
1771501848.7406027,-14.302826881408691,10.597519874572754,0.34907007217407227,64.70650482177734,86.98616790771484,85.84498596191406,64.05655670166016
1771501848.7736065,-13.057490348815918,11.029770851135254,0.3925075829029083,67.7909164428711,85.46611022949219,84.65265655517578,67.04609680175781
1771501848.8052323,-12.318364143371582,11.459741592407227,0.11163011938333511,66.52191162109375,84.48530578613281,85.0907211303711,67.03900909423828
1771501848.8392334,-13.975077629089355,10.845443725585938,0.0,65.04704284667969,85.57809448242188,84.71868896484375,65.86795806884766
1771501848.8859036,-12.760601997375488,11.15980339050293,0.0,67.9139404296875,84.58940887451172,84.19815826416016,67.30762481689453
1771501848.9179049,-13.150434494018555,10.357756614685059,0.0,72.0086898803711,83.50788879394531,83.39425659179688,68.5501937866211
1771501848.9379108,-13.755738258361816,10.095645904541016,0.0,71.66883087158203,83.84416198730469,83.3995132446289,68.57134246826172
1771501848.9689343,-14.282635688781738,9.575851440429688,0.0,71.87577819824219,83.87874603271484,83.93424224853516,68.3188705444336
1771501849.0130658,-14.088407516479492,9.831850051879883,0.0,73.9185791015625,83.38763427734375,83.65621948242188,68.66595458984375
1771501849.0470748,-13.615755081176758,9.12624740600586,0.0,74.82504272460938,82.44295501708984,83.20453643798828,70.26587677001953
1771501849.0775924,-13.7879056930542,8.214722633361816,0.0,75.44033813476562,83.3223876953125,82.59137725830078,70.20561981201172
1771501849.1081617,-14.031743049621582,8.528247833251953,0.0,74.95173645019531,83.41140747070312,82.56304168701172,69.2181167602539
1771501849.140537,-13.316885948181152,8.645256042480469,0.0,75.85337829589844,82.67525482177734,82.00566101074219,71.0813217163086
1771501849.1725445,-12.605891227722168,8.914237022399902,0.0,76.23555755615234,82.20346069335938,81.18414306640625,71.43589782714844
1771501849.2060702,-12.115251541137695,8.724702835083008,0.0,76.1144790649414,81.88400268554688,80.85906982421875,72.52446746826172
1771501849.2370708,-12.586181640625,8.378353118896484,0.0,76.40074920654297,82.56758117675781,81.16938018798828,71.32829284667969
1771501849.2750947,-11.646904945373535,8.852288246154785,0.0,77.00489044189453,81.69974517822266,79.83193969726562,72.49114227294922
1771501849.3166027,-10.054763793945312,9.20799732208252,0.0,77.55623626708984,80.57521057128906,79.23849487304688,74.61187744140625
1771501849.3505986,-9.598315238952637,8.803760528564453,0.0,78.37320709228516,80.2980728149414,78.44561004638672,74.23712921142578
1771501849.3781137,-9.706299781799316,8.894152641296387,0.0,78.12938690185547,80.24028778076172,78.70604705810547,74.23221588134766
1771501849.4131382,-10.22712230682373,8.258976936340332,0.0,78.6277084350586,80.73411560058594,78.94049835205078,74.56217193603516
1771501849.4451382,-12.224184036254883,7.796072959899902,0.0,79.11788940429688,81.84285736083984,80.13984680175781,72.43059539794922
1771501849.4782186,-11.944292068481445,8.588868141174316,0.0,78.13184356689453,81.34306335449219,80.27686309814453,72.76353454589844
1771501849.5092168,-12.178366661071777,8.436612129211426,0.0,78.94921112060547,81.73860931396484,80.15904998779297,72.45023345947266
1771501849.5412176,-13.459118843078613,8.190718650817871,0.0,78.2175521850586,82.70790100097656,80.70314025878906,71.77818298339844
1771501849.5722198,-14.46923828125,7.843911170959473,0.0,77.91175842285156,83.27033996582031,81.20269775390625,71.76536560058594
1771501849.6047344,-13.18108081817627,7.554776191711426,0.0,78.21083068847656,82.45613098144531,79.81079864501953,73.27062225341797
1771501849.6367354,-12.352395057678223,7.271808624267578,0.0,78.99496459960938,81.8857192993164,79.02900695800781,74.60421752929688
1771501849.6687367,-10.959187507629395,7.500702857971191,0.0,78.398681640625,80.46854400634766,77.93523406982422,75.7238540649414
1771501849.7022822,-7.507481098175049,7.9676995277404785,0.14065337181091309,78.19845581054688,77.50080108642578,75.59087371826172,77.77014923095703
1771501849.74931,-5.810938835144043,8.091105461120605,1.5681246519088745,77.26675415039062,76.25877380371094,74.36835479736328,78.42522430419922
1771501849.78125,-6.586155891418457,7.791637897491455,1.388350486755371,76.51400756835938,77.15016174316406,75.59346771240234,77.12806701660156
1771501849.8138337,-7.941537857055664,7.039010524749756,1.5845779180526733,75.99788665771484,78.48599243164062,76.6771240234375,76.4754867553711
1771501849.8448658,-7.185801982879639,7.080117225646973,1.4359149932861328,75.69184112548828,78.70917510986328,77.4875717163086,76.03929901123047
1771501849.876054,-9.130702018737793,6.4621806144714355,1.6105196475982666,75.2603530883789,80.1578140258789,78.75457763671875,74.9563980102539
1771501849.9125602,-9.231809616088867,6.655523777008057,2.307168960571289,75.02262878417969,80.23779296875,79.09944915771484,74.5538101196289
1771501849.9453893,-11.327363014221191,6.131547927856445,1.891190767288208,74.65272521972656,81.80762481689453,80.81183624267578,73.15360260009766
1771501849.9774244,-12.795099258422852,5.940633296966553,1.7759833335876465,74.22638702392578,83.25945281982422,82.23934173583984,71.80657196044922
1771501850.009164,-13.143034934997559,6.185662269592285,1.7427746057510376,74.7522964477539,82.73963165283203,81.45890808105469,72.53215789794922
1771501850.0402143,-15.309725761413574,5.482855319976807,0.48486384749412537,74.43681335449219,84.00200653076172,82.51422882080078,71.1014633178711
1771501850.0708835,-14.468143463134766,5.59104061126709,0.9082688093185425,74.60227966308594,83.64911651611328,82.84352111816406,70.79563903808594
1771501850.101478,-15.703104019165039,5.593730449676514,0.7375646829605103,74.81181335449219,84.29010009765625,82.46000671386719,70.80077362060547
1771501850.1377118,-15.343560218811035,5.995279788970947,1.245200514793396,75.03926086425781,84.2574462890625,82.4366226196289,70.475341796875
1771501850.1813834,-15.423033714294434,5.244975566864014,1.1423019170761108,75.00675201416016,84.56076049804688,82.79927062988281,70.2226791381836
1771501850.2143934,-16.610633850097656,5.147980213165283,1.220980167388916,74.87796783447266,85.55471801757812,83.45024108886719,68.99687957763672
1771501850.2443845,-16.05341911315918,5.407059669494629,1.5020709037780762,74.41423797607422,85.06092071533203,83.68226623535156,69.33946990966797
1771501850.2766817,-15.262804985046387,5.166048526763916,1.866510272026062,75.02577209472656,84.93890380859375,82.64859771728516,69.90250396728516
1771501850.3087535,-16.1909236907959,4.880403518676758,1.6894257068634033,74.59367370605469,85.0590591430664,83.28793334960938,69.33567810058594
1771501850.3407462,-16.552038192749023,5.281195163726807,2.307210922241211,74.31147003173828,85.9239273071289,83.29176330566406,68.9766616821289
1771501850.3727562,-15.981812477111816,5.79242467880249,2.0912091732025146,73.77727508544922,85.11605072021484,83.06324768066406,69.98666381835938
1771501850.4052677,-17.549598693847656,4.898915767669678,2.039541006088257,73.98285675048828,86.08983612060547,83.94255828857422,69.07049560546875
1771501850.4372673,-17.09490203857422,4.910277843475342,1.9055830240249634,73.86148071289062,86.3104476928711,84.06726837158203,67.98006439208984
1771501850.4692736,-17.616857528686523,5.219750881195068,2.6473567485809326,73.30232238769531,85.94623565673828,83.92058563232422,69.15453338623047
1771501850.5008047,-18.355758666992188,4.628023624420166,2.7791597843170166,73.20072174072266,86.569091796875,84.3071517944336,68.79945373535156
1771501850.5317976,-18.873779296875,4.615635871887207,2.242671012878418,73.14823150634766,86.75489807128906,84.18604278564453,68.31444549560547
1771501850.5673099,-18.497547149658203,4.526643753051758,3.555018901824951,73.2849349975586,87.03521728515625,83.92884826660156,68.93595123291016
1771501850.6138194,-17.697240829467773,4.710637092590332,2.687314033508301,73.24433898925781,86.9576644897461,83.4940414428711,68.62818145751953
1771501850.6458194,-17.541378021240234,4.806393146514893,2.2521824836730957,73.98814392089844,86.24130249023438,83.98564910888672,69.84528350830078
1771501850.6768456,-17.45123863220215,4.383909225463867,2.032026529312134,74.62272644042969,86.71097564697266,83.68403625488281,69.1280746459961
1771501850.7093637,-18.2542724609375,4.419597625732422,0.945660412311554,74.00578308105469,86.64088439941406,84.85646057128906,67.77430725097656
1771501850.7413645,-17.636898040771484,5.61447286605835,0.689587414264679,74.53974914550781,85.97698211669922,84.18307495117188,68.76946258544922
1771501850.774368,-19.986618041992188,4.069210529327393,0.0,74.70038604736328,87.31182861328125,84.89680480957031,66.93701171875
1771501850.8078701,-21.003154754638672,4.5067949295043945,0.0,74.6094970703125,86.64958190917969,86.01488494873047,66.01624298095703
1771501850.8398676,-20.88822364807129,5.305377960205078,0.0,74.82994842529297,86.51911926269531,85.56769561767578,66.64990997314453
1771501850.8718836,-18.878795623779297,5.798509120941162,0.0,75.11856079101562,86.43756103515625,85.22738647460938,67.12683868408203
1771501850.9039679,-19.225330352783203,6.176665306091309,0.1066722497344017,75.07410430908203,86.23474884033203,85.19510650634766,66.82353973388672
1771501850.9370234,-21.017845153808594,5.443100452423096,0.0,74.1226577758789,86.29736328125,86.00394439697266,64.5150375366211
1771501850.9681618,-20.843053817749023,4.924709796905518,0.0,75.12767791748047,86.57068634033203,85.36688232421875,65.6494369506836
1771501851.0002067,-20.512489318847656,4.771306037902832,0.0,74.63697814941406,86.99645233154297,85.04931640625,65.3913803100586
1771501851.0451996,-20.913490295410156,4.541311740875244,0.0,75.02719116210938,86.87569427490234,85.04962921142578,65.95728302001953
1771501851.0782294,-19.870498657226562,5.044572830200195,0.0,75.03282165527344,86.88485717773438,84.92672729492188,66.29920196533203
1771501851.109428,-21.02489471435547,4.346365928649902,0.0,74.0885009765625,86.3427505493164,85.19795989990234,64.78923034667969
1771501851.1431336,-19.490833282470703,4.560175895690918,0.0,74.96766662597656,86.6324462890625,85.00138854980469,66.4778060913086
1771501851.1731946,-20.374330520629883,4.545641899108887,0.0,74.66656494140625,86.60413360595703,85.18549346923828,65.92442321777344
1771501851.2063458,-21.856517791748047,4.009950160980225,0.0,73.89419555664062,86.40904235839844,85.38136291503906,64.87384033203125
1771501851.236354,-21.744112014770508,3.6694540977478027,0.0,73.79580688476562,86.71222686767578,84.61933898925781,64.2612533569336
1771501851.2668598,-21.579904556274414,4.1570844650268555,0.0,74.46629333496094,86.5638427734375,85.03682708740234,64.520263671875
1771501851.3008978,-20.345190048217773,4.561615467071533,0.0,74.54732513427734,86.40065002441406,85.16527557373047,65.90966796875
1771501851.3328962,-18.98729705810547,4.547397136688232,0.4200723469257355,74.58039093017578,86.31511688232422,84.8552017211914,67.5369873046875
1771501851.3649118,-19.556381225585938,4.198147296905518,0.7802519798278809,73.63460540771484,86.51776885986328,85.19498443603516,66.65182495117188
1771501851.396422,-18.478168487548828,4.331103801727295,0.9221819639205933,74.30288696289062,86.3836669921875,84.89838409423828,68.36161041259766
1771501851.4306774,-18.664369583129883,4.48958683013916,2.2577943801879883,73.8331527709961,86.53095245361328,84.61260223388672,69.27537536621094
1771501851.476679,-18.283594131469727,4.8010640144348145,2.9619874954223633,73.13019561767578,86.84706115722656,84.03661346435547,69.5163345336914
1771501851.512225,-19.399141311645508,4.428433895111084,3.2084333896636963,73.0018310546875,86.99971008300781,84.30907440185547,69.18927001953125
1771501851.5416481,-19.10926055908203,4.474909782409668,3.0576276779174805,72.20572662353516,87.4402847290039,83.79312896728516,68.6229248046875
1771501851.5722985,-19.6109619140625,4.118125915527344,2.908874750137329,72.15345764160156,87.39270782470703,83.85780334472656,69.19111633300781
1771501851.6058066,-19.26430320739746,4.6023454666137695,3.360518217086792,72.11058044433594,87.45478057861328,83.49186706542969,68.80841827392578
1771501851.6408076,-19.32010841369629,4.199653148651123,3.123922348022461,72.59528350830078,87.53121185302734,83.46090698242188,69.47744750976562
1771501851.6718323,-20.363611221313477,3.574284791946411,3.016014575958252,72.1648941040039,87.94014739990234,83.53358459472656,68.24903106689453
1771501851.7039557,-20.041507720947266,3.539508104324341,3.1338837146759033,71.99081420898438,87.86650085449219,83.45877838134766,68.26913452148438
1771501851.7348547,-20.666799545288086,3.756659984588623,3.042665481567383,71.817138671875,87.81134796142578,83.70767211914062,67.78018188476562
1771501851.7648602,-19.59848403930664,3.6380727291107178,3.140277862548828,71.95805358886719,87.58491516113281,83.43110656738281,68.75830841064453
1771501851.7971108,-20.690229415893555,3.667595148086548,3.353585720062256,71.41351318359375,87.77727508544922,83.35364532470703,67.43091583251953
1771501851.830101,-20.208059310913086,3.274386167526245,3.4893198013305664,71.44495391845703,88.23863220214844,83.177001953125,68.03473663330078
1771501851.8620996,-20.3542537689209,2.747558116912842,3.64939022064209,71.83332061767578,88.39781951904297,82.97579956054688,67.05415344238281
1771501851.9082987,-18.54020118713379,4.0992655754089355,4.393179893493652,71.79142761230469,88.20637512207031,82.14832305908203,67.77954864501953
1771501851.9413993,-19.858470916748047,3.526076078414917,4.481439590454102,71.0970458984375,88.36541748046875,82.89102172851562,67.52245330810547
1771501851.9725814,-18.758769989013672,3.816042184829712,4.118077754974365,71.72758483886719,88.23908233642578,82.39994049072266,67.0985107421875
1771501852.0051317,-19.66326904296875,3.9842569828033447,4.412581920623779,70.85922241210938,88.65287780761719,82.67442321777344,67.8966293334961
1771501852.0371487,-18.917661666870117,4.29349946975708,4.55736780166626,71.6299057006836,88.31483459472656,82.18547821044922,67.8777084350586
1771501852.0715315,-19.22023582458496,3.6604859828948975,4.240729331970215,72.24846649169922,88.54720306396484,82.23797607421875,67.02643585205078
1771501852.1010811,-19.817306518554688,3.688267707824707,4.213493347167969,71.525146484375,88.47261047363281,82.86306762695312,67.6727523803711
1771501852.1330779,-18.917236328125,3.8595128059387207,4.271151065826416,71.60208129882812,88.470947265625,82.13450622558594,68.01361846923828
1771501852.1650798,-19.554508209228516,4.439751625061035,4.16420841217041,71.11196899414062,87.85506439208984,82.87359619140625,67.378173828125
1771501852.1983519,-21.936969757080078,5.151171684265137,2.760247230529785,70.95445251464844,86.4810791015625,84.0066146850586,64.12173461914062
1771501852.2293484,-23.426109313964844,3.605355739593506,1.5546274185180664,64.14737701416016,85.12644958496094,83.1745834350586,59.75882339477539
1771501852.261351,-32.77629470825195,2.8881473541259766,2.578260660171509,56.93659591674805,75.93267822265625,73.94973754882812,46.159244537353516
1771501852.2968824,-35.282859802246094,1.7904527187347412,2.838977098464966,51.996341705322266,70.31562042236328,67.70095825195312,37.533233642578125
1771501852.3418913,-30.661928176879883,1.639103651046753,2.9903199672698975,47.501277923583984,69.04802703857422,66.447021484375,36.586212158203125
1771501852.3739014,-32.962440490722656,0.9406942129135132,3.847755193710327,42.798194885253906,64.307861328125,60.91164779663086,28.752031326293945
1771501852.4054346,-31.891504287719727,2.2202465534210205,3.531907320022583,40.81624984741211,63.484474182128906,60.277435302734375,25.24541664123535
1771501852.4354396,-31.330482482910156,1.8352655172348022,2.9428975582122803,40.5809440612793,63.523956298828125,59.75847625732422,23.141019821166992
1771501852.4684343,-31.218048095703125,1.7964682579040527,3.02008056640625,38.99334716796875,62.50715637207031,58.04235076904297,20.81588363647461
1771501852.502899,-31.23806381225586,1.2946643829345703,3.066364049911499,38.797061920166016,62.167110443115234,57.7703742980957,21.73232078552246
1771501852.533923,-31.458656311035156,1.2899689674377441,3.1251537799835205,38.1427001953125,61.6595458984375,56.98477554321289,21.00184440612793
1771501852.5649257,-31.420747756958008,1.5688583850860596,3.5583789348602295,36.13515090942383,60.107723236083984,56.706939697265625,21.515905380249023
1771501852.595456,-30.721466064453125,1.589422345161438,3.0813779830932617,35.527671813964844,59.34480285644531,56.10752487182617,23.21722984313965
1771501852.6294544,-31.000043869018555,1.7623211145401,3.6773452758789062,34.865596771240234,58.89043426513672,55.426116943359375,23.5892276763916
1771501852.6613917,-30.77895164489746,1.8245339393615723,2.9304981231689453,32.56460952758789,56.71981430053711,53.460838317871094,23.291065216064453
1771501852.691911,-29.16289710998535,4.283904552459717,4.771679878234863,30.812164306640625,54.640716552734375,51.293426513671875,21.569841384887695
1771501852.7259085,-26.959789276123047,6.241469860076904,4.879124641418457,29.775829315185547,52.50057601928711,49.18080520629883,19.28188705444336
1771501852.7729118,-26.04754066467285,6.270163536071777,5.773259162902832,28.38819122314453,51.72425842285156,49.69566345214844,20.05799102783203
1771501852.8064213,-25.98267936706543,6.152225971221924,6.524206161499023,28.940120697021484,49.85874938964844,48.97608184814453,19.835466384887695
1771501852.8394296,-25.095836639404297,7.622775554656982,8.178979873657227,27.75970458984375,47.73710250854492,47.70930480957031,19.68265724182129
1771501852.8714228,-23.92487335205078,8.791072845458984,9.023576736450195,27.12177276611328,46.80487823486328,46.54375457763672,19.727067947387695
1771501852.9019208,-24.524885177612305,9.29548454284668,9.544154167175293,26.64168357849121,45.40135192871094,45.296016693115234,18.658369064331055
1771501852.9339159,-24.06620979309082,9.890962600708008,9.93222427368164,27.29050064086914,44.964515686035156,44.438716888427734,17.41265869140625
1771501852.9649463,-24.603206634521484,10.386271476745605,10.145293235778809,28.346359252929688,44.735713958740234,43.50498580932617,15.855579376220703
1771501852.9967213,-24.875011444091797,10.605270385742188,11.494027137756348,28.60851287841797,44.0919303894043,42.87663650512695,15.121954917907715
1771501853.0286884,-26.37866973876953,9.900015830993652,11.270495414733887,27.752056121826172,41.82966995239258,41.23659896850586,12.956656455993652
1771501853.0596893,-25.44059944152832,10.470129013061523,11.733833312988281,28.594472885131836,42.218692779541016,41.623748779296875,13.243977546691895
1771501853.0932333,-25.147563934326172,10.772133827209473,12.129490852355957,29.154436111450195,42.66543960571289,41.811336517333984,13.260045051574707
1771501853.1260056,-25.7827091217041,10.662284851074219,12.530309677124023,28.404247283935547,40.595306396484375,40.29156494140625,12.713279724121094
1771501853.1574059,-25.540990829467773,10.946815490722656,12.375410079956055,27.64759635925293,39.3242301940918,39.05685043334961,12.563898086547852
1771501853.20594,-25.04088020324707,11.700967788696289,13.310066223144531,28.374399185180664,39.411293029785156,39.21692657470703,13.248290061950684
1771501853.2419393,-24.633527755737305,12.402234077453613,13.479971885681152,28.141857147216797,39.37997055053711,39.36833190917969,12.986702919006348
1771501853.2686594,-23.733551025390625,13.082887649536133,14.430938720703125,27.10246467590332,38.608036041259766,38.98214340209961,13.370065689086914
1771501853.3021789,-23.43381118774414,12.518523216247559,14.174067497253418,25.996232986450195,36.887054443359375,37.06416702270508,11.598325729370117
1771501853.3331692,-23.590343475341797,11.733649253845215,13.78403091430664,25.89423370361328,36.50162887573242,36.757930755615234,10.758337020874023
1771501853.3663943,-23.626222610473633,12.49133586883545,14.603182792663574,26.019887924194336,35.30512237548828,34.758995056152344,9.628209114074707
1771501853.3958983,-25.04247283935547,11.578492164611816,14.194881439208984,26.319265365600586,35.0908203125,34.46307373046875,8.394500732421875
1771501853.4288971,-24.779756546020508,11.292985916137695,13.911932945251465,27.184717178344727,35.251914978027344,33.71703338623047,8.234393119812012
1771501853.4618993,-24.690532684326172,10.895263671875,13.902214050292969,26.43980598449707,35.52321243286133,34.490745544433594,7.654610633850098
1771501853.4922564,-25.73591423034668,9.878049850463867,13.101278305053711,24.876026153564453,34.56608200073242,33.69487762451172,6.471650123596191
1771501853.5252926,-25.286277770996094,10.41936206817627,13.718587875366211,25.187524795532227,34.68155288696289,33.62068176269531,6.245452880859375
1771501853.5582588,-25.051998138427734,10.754571914672852,13.599637031555176,25.12704849243164,34.76116943359375,33.344390869140625,5.599310874938965
1771501853.5913503,-24.660926818847656,11.437239646911621,14.218615531921387,24.183177947998047,33.99730682373047,32.580543518066406,5.294326305389404
1771501853.6373491,-22.817516326904297,13.202471733093262,15.603691101074219,24.64679527282715,34.813331604003906,32.702980041503906,6.166504383087158
1771501853.6713562,-24.716054916381836,12.312398910522461,15.124984741210938,23.131044387817383,33.290218353271484,32.058563232421875,5.184675693511963
1771501853.7005136,-23.463315963745117,11.272018432617188,14.541397094726562,22.722383499145508,32.62944412231445,32.08966827392578,5.515626430511475
1771501853.732539,-23.122753143310547,12.107735633850098,16.04610824584961,22.766889572143555,31.567184448242188,30.890016555786133,6.028292179107666
1771501853.7645373,-22.56268310546875,12.295988082885742,16.13856315612793,23.268869400024414,31.656105041503906,31.481203079223633,6.631282806396484
1771501853.7980516,-20.08204460144043,13.0556001663208,16.415143966674805,21.636911392211914,30.521791458129883,31.10981559753418,8.060750007629395
1771501853.82905,-18.71156883239746,10.492403030395508,13.774312973022461,21.06336784362793,31.255748748779297,34.00606155395508,11.486687660217285
1771501853.860057,-19.157657623291016,9.405797004699707,13.75465202331543,20.826644897460938,30.802692413330078,34.14474868774414,11.296014785766602
1771501853.892011,-19.399333953857422,9.792860984802246,14.368033409118652,20.875072479248047,30.47492790222168,33.31553649902344,11.176046371459961
1771501853.9236174,-18.19291877746582,10.838959693908691,14.323620796203613,21.684764862060547,31.490190505981445,33.56143569946289,11.902114868164062
1771501853.956615,-16.507720947265625,10.203828811645508,14.56911563873291,22.267126083374023,33.089263916015625,34.506534576416016,13.558189392089844
1771501853.9891274,-15.961305618286133,8.606329917907715,14.306044578552246,21.744770050048828,33.78083419799805,35.0703239440918,13.300554275512695
1771501854.0221426,-14.823460578918457,9.049654960632324,13.906290054321289,21.845577239990234,35.291748046875,35.28964614868164,12.48465633392334
1771501854.0681388,-13.39430046081543,11.46536636352539,13.981954574584961,21.5660457611084,35.488807678222656,35.1179084777832,12.616037368774414
1771501854.1016502,-9.935056686401367,12.511395454406738,11.18714427947998,22.091873168945312,36.64363479614258,35.49911880493164,14.191168785095215
1771501854.1361563,-8.532962799072266,12.136933326721191,8.756545066833496,22.89185333251953,37.62717819213867,36.36317825317383,14.485589027404785
1771501854.164783,-7.389697074890137,12.346510887145996,7.594846725463867,23.56989288330078,37.947574615478516,36.274253845214844,13.882485389709473
1771501854.1983178,-7.483259201049805,11.688687324523926,7.982245445251465,23.328514099121094,37.502079010009766,36.29603576660156,13.627543449401855
1771501854.232318,-6.921269416809082,12.263236045837402,6.574962139129639,24.15900421142578,38.70982360839844,36.991661071777344,13.241287231445312
1771501854.2623272,-7.932033061981201,11.925212860107422,7.2330474853515625,22.97675323486328,37.567543029785156,35.85961151123047,12.251766204833984
1771501854.293891,-8.488482475280762,11.524564743041992,7.371959686279297,22.354164123535156,37.52877426147461,35.118019104003906,11.473344802856445
1771501854.3248901,-8.105981826782227,12.039745330810547,6.478504180908203,23.311660766601562,38.00013732910156,35.21832275390625,11.458403587341309
1771501854.35889,-7.462648391723633,11.626693725585938,7.485383033752441,23.594268798828125,37.960472106933594,35.886924743652344,12.100398063659668
1771501854.388402,-6.368068695068359,12.57464599609375,5.532368183135986,24.761796951293945,38.76305389404297,36.696189880371094,12.67776870727539
1771501854.4204006,-6.574949264526367,12.804606437683105,4.892762184143066,24.25875473022461,38.486053466796875,36.14028549194336,12.092961311340332
1771501854.454403,-7.7620463371276855,12.311293601989746,4.758267402648926,23.472623825073242,37.743438720703125,35.487308502197266,10.87115478515625
1771501854.5009427,-7.230031967163086,12.927419662475586,4.720861434936523,24.046289443969727,37.40901184082031,35.22404479980469,10.548211097717285
1771501854.5329282,-5.455193996429443,11.581825256347656,3.783154249191284,24.404945373535156,38.53084182739258,36.419212341308594,11.930583953857422
1771501854.5649307,-6.635801792144775,11.832791328430176,4.001373767852783,23.195919036865234,36.79618835449219,35.24525833129883,11.344679832458496
1771501854.5960453,-5.877026557922363,11.631916046142578,2.451831579208374,24.166675567626953,36.26491165161133,34.938358306884766,10.927752494812012
1771501854.6290464,-2.3982772827148438,13.141515731811523,0.0,26.779287338256836,38.5972900390625,37.00443649291992,12.287837028503418
1771501854.662044,-1.6279363632202148,13.803211212158203,0.0,26.955488204956055,38.880516052246094,36.36594009399414,12.114370346069336
1771501854.6933582,-0.31152358651161194,14.148015975952148,0.0,26.518756866455078,39.03181457519531,36.2767448425293,12.19517707824707
1771501854.7243583,0.12387161701917648,15.516007423400879,0.0,27.562055587768555,39.85388946533203,35.676971435546875,11.780213356018066
1771501854.7563596,0.08586417138576508,15.460319519042969,0.0,26.522613525390625,39.3465576171875,35.02106475830078,11.211912155151367
1771501854.7908874,1.589199185371399,16.73004150390625,0.0,26.869647979736328,39.066986083984375,34.768104553222656,10.913931846618652
1771501854.8218863,0.6391416192054749,16.72911262512207,0.0,26.02763557434082,37.803688049316406,33.299652099609375,9.90829849243164
1771501854.8528893,1.1628659963607788,16.916770935058594,0.0,25.823307037353516,37.867820739746094,33.296913146972656,9.639548301696777
1771501854.9009902,1.9032074213027954,18.323867797851562,0.0,26.419620513916016,37.98698425292969,32.82389450073242,9.052567481994629
1771501854.9329824,1.2975754737854004,17.351205825805664,0.0,25.571819305419922,37.50600051879883,32.619712829589844,9.024168014526367
1771501854.964985,1.7218961715698242,17.942705154418945,0.0,25.619890213012695,37.548423767089844,32.758358001708984,8.824980735778809
1771501854.9962127,2.746063232421875,19.294431686401367,0.0,25.485031127929688,37.81874084472656,32.47434616088867,8.825397491455078
1771501855.0302117,2.8444855213165283,19.12166976928711,0.0,24.77532958984375,37.21540069580078,32.82954025268555,8.97994613647461
1771501855.0612028,3.330625295639038,20.17604637145996,0.0,24.640714645385742,36.84790802001953,32.13645935058594,8.979297637939453
1771501855.0948951,2.840047836303711,19.619630813598633,0.0,23.3411922454834,36.046241760253906,32.063018798828125,8.776107788085938
1771501855.1278963,2.5069048404693604,20.137826919555664,0.0,23.152450561523438,35.288856506347656,31.04668617248535,7.827783584594727
1771501855.156895,2.0247385501861572,19.818496704101562,0.0,21.79561996459961,34.40276336669922,30.779220581054688,7.807608604431152
1771501855.1894329,2.5234878063201904,20.810598373413086,0.0,21.440975189208984,33.88174057006836,29.846080780029297,6.752244472503662
1771501855.2204294,1.9084067344665527,20.221986770629883,0.0,19.898332595825195,32.84523391723633,29.5009822845459,6.465288162231445
1771501855.2534294,2.4013326168060303,20.459911346435547,0.0,20.200082778930664,32.925071716308594,29.972822189331055,6.99591588973999
1771501855.2849674,2.04733943939209,19.814624786376953,0.0,19.710729598999023,32.62333679199219,29.7156925201416,7.0499348640441895
1771501855.3369436,1.4889585971832275,19.420013427734375,0.0,19.28275489807129,32.240638732910156,29.487049102783203,6.450578212738037
1771501855.3704746,1.5821343660354614,19.20673370361328,0.0,19.001239776611328,32.14018249511719,29.62484359741211,6.687262058258057
1771501855.400995,3.7723331451416016,21.195941925048828,0.0,20.78015899658203,33.26538848876953,30.864717483520508,8.048398971557617
1771501855.4330037,3.7201333045959473,20.6955509185791,0.0,20.968509674072266,33.684722900390625,31.566984176635742,8.697000503540039
1771501855.465995,3.2363076210021973,20.135116577148438,0.0,20.136558532714844,32.84718322753906,31.07132339477539,8.196322441101074
1771501855.4965384,5.343940258026123,21.759424209594727,0.0,21.680273056030273,33.763423919677734,32.17970275878906,9.064716339111328
1771501855.5275254,4.866378307342529,20.996583938598633,0.0,21.425352096557617,32.8717155456543,31.4936466217041,9.598957061767578
1771501855.5595262,4.766524791717529,19.891342163085938,0.0,19.858766555786133,30.474733352661133,30.755748748779297,9.750927925109863
1771501855.590036,5.466985702514648,19.66543197631836,0.0,18.659730911254883,29.308574676513672,30.762794494628906,9.274514198303223
1771501855.6220405,6.729513168334961,19.07762336730957,0.0,17.068002700805664,29.385080337524414,30.948745727539062,10.193004608154297
1771501855.6530359,7.152586936950684,19.000484466552734,0.0,18.129226684570312,30.593292236328125,31.17098617553711,10.615447044372559
1771501855.687549,6.5411906242370605,17.526248931884766,0.0,17.659433364868164,30.34742546081543,31.085981369018555,10.684147834777832
1771501855.718549,5.9035210609436035,16.5570011138916,0.0,15.546931266784668,29.1621150970459,30.1328125,10.660225868225098
1771501855.7665544,5.817875862121582,16.43952178955078,0.0,15.133153915405273,29.061399459838867,30.14042091369629,10.75063419342041
1771501855.7970626,6.029703617095947,17.9417724609375,0.0,16.390132904052734,29.893901824951172,30.87407112121582,10.672805786132812
1771501855.8290632,5.852872848510742,17.593711853027344,0.0,16.006465911865234,29.913249969482422,30.96763038635254,10.300420761108398
1771501855.8605096,6.87388801574707,16.741891860961914,0.0,14.460816383361816,28.73213768005371,30.81893539428711,11.398919105529785
1771501855.8920515,6.746273517608643,17.22941780090332,0.0,14.759560585021973,28.364604949951172,30.53822135925293,11.067987442016602
1771501855.9250517,6.627560615539551,18.237567901611328,0.0,15.784684181213379,29.56837272644043,30.944368362426758,10.94237995147705
1771501855.9580572,6.035766124725342,17.485347747802734,0.0,15.089583396911621,29.389404296875,30.999126434326172,10.67637825012207
1771501855.9902394,6.297815799713135,17.10028839111328,0.0,14.644306182861328,29.106914520263672,31.190462112426758,11.371138572692871
1771501856.02124,6.648175239562988,17.114065170288086,0.0,14.725708961486816,29.30802345275879,31.030790328979492,11.8104248046875
1771501856.0552325,6.33488130569458,16.434341430664062,0.0,13.160051345825195,27.989225387573242,30.786420822143555,11.921957969665527
1771501856.0867453,6.451507568359375,15.228982925415039,0.0,11.771403312683105,27.159116744995117,30.12251091003418,12.110884666442871
1771501856.1183782,5.13081693649292,14.720512390136719,0.0,11.457308769226074,26.7045841217041,29.454763412475586,11.303133010864258
1771501856.1489413,5.685242176055908,16.889131546020508,0.0,16.00183868408203,30.973194122314453,32.50790786743164,11.385053634643555
1771501856.2304804,6.964372634887695,17.55974769592285,0.0,15.480667114257812,31.154081344604492,32.67613983154297,12.30022144317627
1771501856.26048,6.0239152908325195,17.043216705322266,0.0,15.8694486618042,31.298583984375,32.81846237182617,12.026605606079102
1771501856.2910726,6.3173089027404785,17.000959396362305,0.0,16.149572372436523,31.08446502685547,32.863685607910156,12.006134986877441
1771501856.3220696,7.430330276489258,16.879236221313477,0.0,15.175137519836426,30.96366310119629,33.01967239379883,13.207197189331055
1771501856.35507,6.195829391479492,14.434195518493652,0.0,11.165985107421875,27.203081130981445,30.282691955566406,13.077750205993652
1771501856.387605,5.783781051635742,15.613195419311523,0.0,14.072734832763672,29.404115676879883,31.878705978393555,13.104721069335938
1771501856.4185982,6.342830181121826,16.49989891052246,0.0,13.886284828186035,28.912460327148438,32.044822692871094,13.38868236541748
1771501856.4486067,6.1745123863220215,17.902713775634766,0.0,16.728084564208984,31.712060928344727,33.12272644042969,13.52245807647705
1771501856.4806018,5.533539295196533,20.210540771484375,0.0,18.03318214416504,31.716453552246094,32.36747741699219,12.54471492767334
1771501856.511112,5.070643901824951,20.327449798583984,0.0,16.113780975341797,31.82234001159668,31.881988525390625,14.787620544433594
1771501856.5424466,8.171865463256836,22.81984519958496,0.0,22.726593017578125,38.67390823364258,37.53717041015625,21.93718147277832
1771501856.5723069,8.27651309967041,14.782445907592773,1.8689730167388916,22.297752380371094,44.72627258300781,44.887969970703125,31.970905303955078
1771501856.633343,-10.756624221801758,14.62984561920166,11.835687637329102,24.83494758605957,36.526885986328125,37.21149444580078,19.25908660888672
1771501856.66634,-15.083494186401367,16.618453979492188,9.844573020935059,30.763538360595703,40.1251335144043,39.431884765625,21.07574462890625
1771501856.6978698,-15.52612590789795,16.54054069519043,10.38873291015625,31.98485565185547,40.53823471069336,39.64494705200195,20.244428634643555
1771501856.72816,-17.483022689819336,19.25904655456543,12.652113914489746,36.9395637512207,42.191925048828125,41.68208312988281,18.787212371826172
1771501856.7601922,-16.320459365844727,15.67165756225586,7.180737018585205,36.044551849365234,53.08314895629883,53.99848937988281,26.469966888427734
1771501856.7915452,-17.375062942504883,11.841324806213379,6.304433345794678,40.48698806762695,62.49955368041992,62.976531982421875,39.51266098022461
1771501856.8225448,-17.259572982788086,13.061946868896484,5.253568649291992,54.56269454956055,68.23706817626953,72.11164855957031,47.68114471435547
1771501856.8545647,-8.188362121582031,10.644783973693848,9.034296989440918,59.871334075927734,77.62190246582031,80.41166687011719,58.704139709472656
1771501856.8860772,1.1067029237747192,11.885753631591797,10.645770072937012,72.24126434326172,82.03094482421875,81.97010803222656,73.57011413574219
1771501856.9170768,-0.2519645094871521,9.796944618225098,11.119093894958496,72.17032623291016,81.48477172851562,82.15657043457031,73.91698455810547
1771501856.9490836,-2.030015468597412,8.990241050720215,9.351539611816406,71.82997131347656,80.64934539794922,81.22158813476562,73.98699188232422
1771501856.982091,-4.199947357177734,8.74565601348877,7.359370231628418,71.9254379272461,80.64251708984375,80.49398803710938,74.55725860595703
1771501857.0135994,-7.0118865966796875,7.254700660705566,5.178077220916748,72.81713104248047,80.80033111572266,80.97669982910156,75.12264251708984
1771501857.0622697,-10.402194023132324,7.480536460876465,2.682636022567749,73.26476287841797,82.06204223632812,83.2118148803711,73.88607025146484
1771501857.0958183,-13.212286949157715,6.866044521331787,1.4769597053527832,73.65621185302734,83.18746948242188,85.18468475341797,72.72647857666016
1771501857.1198223,-13.58568286895752,6.642123222351074,1.011198878288269,73.57369995117188,83.81480407714844,86.03715515136719,71.50918579101562
1771501857.1491706,-14.165203094482422,6.428738594055176,0.2863175868988037,74.44499969482422,84.42866516113281,85.6527328491211,71.0919189453125
1771501857.1814268,-12.479907035827637,6.377146244049072,1.0066474676132202,74.67463684082031,83.79689025878906,85.24296569824219,72.24594116210938
1771501857.2126734,-13.338637351989746,7.2423200607299805,1.155307412147522,73.2964096069336,83.88592529296875,84.46267700195312,71.21600341796875
1771501857.2456734,-13.751954078674316,7.201093673706055,1.5517542362213135,73.20348358154297,83.18522644042969,85.75106811523438,70.40839385986328
1771501857.2766893,-13.5477294921875,6.917361259460449,2.252760171890259,73.15087890625,82.80654907226562,86.07748413085938,70.76809692382812
1771501857.3082757,-13.217881202697754,7.042845249176025,1.9436264038085938,73.22428894042969,82.52545928955078,84.58318328857422,71.21372985839844
1771501857.3402758,-12.876518249511719,6.933982849121094,2.0179781913757324,73.33922576904297,82.63997650146484,84.7385025024414,71.0165023803711
1771501857.370296,-13.15939998626709,6.993852138519287,2.0256619453430176,73.19499206542969,82.3733139038086,84.98007202148438,70.87250518798828
1771501857.4128082,-13.069025993347168,6.932258129119873,2.0199363231658936,73.1186752319336,82.29976654052734,84.7901840209961,70.8486099243164
1771501857.4451678,-13.032751083374023,6.669619560241699,2.146214246749878,72.83531188964844,81.67432403564453,84.41159057617188,71.64308166503906
1771501857.4966893,-13.20206069946289,6.290445804595947,1.9703856706619263,72.71412658691406,81.9707260131836,85.25959014892578,71.14453125
1771501857.5276892,-11.090051651000977,6.95943546295166,2.386915922164917,72.83937072753906,80.984130859375,82.2925796508789,73.23265075683594
1771501857.5586894,-12.213277816772461,6.4095611572265625,2.224669933319092,73.19306945800781,81.9444351196289,84.18978118896484,71.77198028564453
1771501857.5892115,-11.38718318939209,6.510892391204834,2.268606662750244,73.20873260498047,81.86132049560547,83.20733642578125,72.17291259765625
1771501857.6222138,-13.518210411071777,6.66989803314209,2.0047006607055664,72.95652770996094,82.85383605957031,84.95744323730469,70.3160400390625
1771501857.653214,-17.568267822265625,6.059102535247803,2.5522594451904297,73.13145446777344,83.68114471435547,87.53740692138672,66.96257019042969
1771501857.6847405,-16.72060203552246,6.897937774658203,2.636186122894287,73.75603485107422,83.48524475097656,87.78221130371094,66.64358520507812
1771501857.7157352,-17.472122192382812,6.829716682434082,3.2022645473480225,73.28382110595703,82.38851165771484,87.1495361328125,63.08556365966797
1771501857.746736,-16.000015258789062,7.4525556564331055,3.249026298522949,69.59517669677734,80.93367004394531,80.70935821533203,55.48225784301758
1771501857.776746,-20.116809844970703,6.476530075073242,4.434937000274658,56.00484848022461,70.19329071044922,66.64051055908203,42.75126647949219
1771501857.814257,-13.590011596679688,9.447833061218262,8.485089302062988,28.501256942749023,39.49400329589844,37.48704147338867,20.59776496887207
1771501857.8452508,-4.444855213165283,14.468730926513672,7.0776214599609375,32.46035385131836,38.232852935791016,38.22474670410156,19.247419357299805
1771501857.8772516,2.7336339950561523,20.044912338256836,0.0,32.912174224853516,40.540199279785156,37.47636795043945,14.954301834106445
1771501857.9267876,1.0445151329040527,18.327322006225586,0.0,26.892894744873047,38.25084686279297,35.076751708984375,10.269498825073242
1771501857.95871,3.351308822631836,19.31533432006836,0.0,25.5035457611084,38.10810089111328,33.505802154541016,10.340575218200684
1771501858.0132537,3.506324052810669,20.36562728881836,0.0,25.19141387939453,36.778038024902344,31.94792938232422,9.011290550231934
1771501858.0442452,5.757855415344238,21.948162078857422,0.0,25.81719207763672,37.95737838745117,33.11349105834961,10.391033172607422
1771501858.0762503,5.85945987701416,21.33782386779785,0.0,24.343626022338867,36.695926666259766,33.61277389526367,9.979097366333008
1771501858.1075454,7.250568389892578,20.869564056396484,0.0,24.783384323120117,36.87478256225586,34.04753494262695,10.485397338867188
1771501858.1380873,7.202913284301758,20.172780990600586,0.0,24.222728729248047,36.67796325683594,34.48204040527344,10.757347106933594
1771501858.1708958,7.817651748657227,20.119155883789062,0.0,24.91493797302246,36.7448616027832,34.52136993408203,11.095154762268066
1771501858.200409,7.813709735870361,19.695682525634766,0.0,23.626848220825195,35.81108093261719,33.208717346191406,11.01223373413086
1771501858.23141,7.691620349884033,19.743906021118164,0.0,21.459897994995117,33.798892974853516,30.945491790771484,9.99555778503418
1771501858.2634552,7.155951023101807,18.92816734313965,0.0,22.151451110839844,34.09331130981445,32.08952331542969,9.689423561096191
1771501858.2961676,6.591781139373779,18.681354522705078,0.0,21.781543731689453,33.31465530395508,31.172290802001953,9.182433128356934
1771501858.3271549,5.642400741577148,17.903629302978516,0.0,20.7340087890625,32.6662483215332,30.807945251464844,9.410102844238281
1771501858.3591547,4.89155912399292,17.69284439086914,0.0,21.498279571533203,33.32296371459961,31.053056716918945,9.375676155090332
1771501858.3916667,6.052355766296387,18.92491340637207,0.0,22.39951515197754,34.30533981323242,32.2072639465332,9.572554588317871
1771501858.4226723,5.6545562744140625,18.641748428344727,0.0,21.379953384399414,33.232051849365234,31.240983963012695,9.364119529724121
1771501858.4546678,5.836586952209473,18.04168701171875,0.0,22.402667999267578,34.27852249145508,32.104942321777344,9.605419158935547
1771501858.487179,4.80472469329834,17.73935890197754,0.0,21.486940383911133,33.585975646972656,31.48932456970215,9.190671920776367
1771501858.5181851,4.702692985534668,17.698129653930664,0.0,21.495513916015625,33.7082633972168,31.76026725769043,9.597673416137695
1771501858.5491848,5.045999050140381,17.916173934936523,0.0,21.73061180114746,33.817752838134766,31.6936092376709,9.268104553222656
1771501858.5811832,5.127735614776611,17.819355010986328,0.0,22.40859603881836,34.67866897583008,33.07731628417969,10.088713645935059
1771501858.6127477,4.853078842163086,17.81255531311035,0.0,21.616901397705078,34.76872253417969,33.40885543823242,10.157817840576172
1771501858.644557,5.713730335235596,19.021312713623047,0.0,23.627099990844727,37.06991958618164,33.627567291259766,10.142424583435059
1771501858.6776,4.634394645690918,19.492233276367188,0.0,24.50611686706543,37.72300720214844,32.36064910888672,10.01382064819336
1771501858.709115,3.04060697555542,19.57013511657715,0.0,22.73088836669922,34.2383918762207,30.196352005004883,8.630735397338867
1771501858.741113,2.1196906566619873,16.639089584350586,0.0,23.073814392089844,36.33683776855469,35.91267395019531,13.536140441894531
1771501858.790681,6.152917861938477,17.951309204101562,0.0,26.761451721191406,46.449283599853516,49.90689468383789,29.503995895385742
1771501858.8216765,0.13303495943546295,19.12973976135254,4.523052215576172,28.18170738220215,41.480995178222656,46.73770523071289,27.020933151245117
1771501858.8476756,-0.9811448454856873,18.698205947875977,4.210870265960693,27.282958984375,42.1129264831543,46.38618087768555,25.616586685180664
1771501858.878682,-3.189526319503784,20.658769607543945,6.646530628204346,26.409231185913086,38.910545349121094,45.52385711669922,27.798458099365234
1771501858.9091995,-2.752561569213867,23.434358596801758,7.16907262802124,27.52748680114746,43.794532775878906,50.683998107910156,32.4670295715332
1771501858.9412704,-12.865363121032715,18.61772346496582,3.5838444232940674,23.002059936523438,48.900604248046875,53.60697937011719,28.66681671142578
1771501858.9725654,-12.888971328735352,16.261781692504883,5.748532295227051,25.51767921447754,51.201900482177734,56.35504913330078,32.823787689208984
1771501859.013084,-16.082801818847656,12.534971237182617,3.425057888031006,32.255706787109375,60.14650344848633,63.309688568115234,38.388267517089844
1771501859.0451658,-19.370586395263672,11.917867660522461,3.45710825920105,37.28002166748047,63.675411224365234,65.8499984741211,38.912742614746094
1771501859.078624,-22.132671356201172,9.3641939163208,4.125679969787598,43.297096252441406,64.23400115966797,65.67325592041016,39.30175018310547
1771501859.118155,-23.1409912109375,8.988636016845703,2.8323659896850586,50.55126953125,67.8204116821289,69.26605987548828,40.838539123535156
1771501859.1447828,-22.175642013549805,10.009970664978027,4.272914886474609,55.03953170776367,72.85079193115234,73.92848205566406,45.946414947509766
1771501859.1767411,-20.9539737701416,10.215387344360352,5.329586505889893,59.33372116088867,76.46234893798828,77.12135314941406,49.96913528442383
1771501859.2242525,-18.22406005859375,9.65680980682373,3.178891181945801,64.47924041748047,79.07677459716797,80.25492095947266,53.844024658203125
1771501859.2552516,-18.129987716674805,9.429413795471191,3.0625858306884766,68.44801330566406,80.55824279785156,83.50372314453125,57.03301239013672
1771501859.2867775,-20.061025619506836,8.888932228088379,2.705312728881836,69.29002380371094,80.79911804199219,83.04912567138672,54.98908233642578
1771501859.3177793,-12.973199844360352,8.815420150756836,3.647245407104492,74.13033294677734,83.01345825195312,88.90478515625,63.3346061706543
1771501859.3803282,-13.168011665344238,6.216628551483154,2.7956931591033936,72.58600616455078,83.73555755615234,87.8830795288086,63.90025329589844
1771501859.411839,-13.871648788452148,5.999579429626465,3.9855055809020996,70.89564514160156,83.11305236816406,88.37755584716797,64.72300720214844
1771501859.4438438,-8.737262725830078,6.855452060699463,5.471551418304443,72.43221282958984,81.72008514404297,85.75065612792969,67.73324584960938
1771501859.4764698,-7.579402446746826,7.252493858337402,5.895474433898926,74.74138641357422,82.89430236816406,83.47126770019531,67.77178955078125
1771501859.506978,-7.401831150054932,6.817392826080322,5.922223091125488,74.72351837158203,82.69257354736328,83.1304702758789,68.76311492919922
1771501859.538978,-8.564140319824219,6.8571929931640625,5.030433177947998,74.84599304199219,83.14419555664062,83.75882720947266,68.87151336669922
1771501859.5700216,-9.195514678955078,5.924835205078125,4.226629257202148,75.05413818359375,82.59513854980469,83.592529296875,69.34266662597656
1771501859.6015534,-13.244704246520996,5.258169651031494,2.5507073402404785,74.41028594970703,82.84832000732422,85.47887420654297,67.42567443847656
1771501859.6344955,-14.242249488830566,5.4755048751831055,2.3578438758850098,72.903564453125,82.11636352539062,86.15132141113281,67.21992492675781
1771501859.664494,-12.705232620239258,5.681012153625488,2.968931198120117,73.6783218383789,82.16588592529297,85.63524627685547,68.11617279052734
1771501859.696146,-13.622997283935547,5.758430480957031,2.582246780395508,73.38668823242188,82.01222229003906,85.82744598388672,68.22293090820312
1771501859.7271109,-13.58263111114502,5.692105770111084,2.6995432376861572,73.68352508544922,82.12198638916016,85.99972534179688,68.0636215209961
1771501859.7581074,-14.529183387756348,5.231936931610107,2.549793004989624,74.03880310058594,82.53144836425781,86.73841094970703,67.18627166748047
1771501859.7895503,-14.904037475585938,5.334029674530029,2.464138984680176,73.95743560791016,82.22554779052734,87.13017272949219,67.6634521484375
1771501859.8205636,-14.625293731689453,5.205930233001709,2.4148075580596924,74.46752166748047,82.50009155273438,87.46826934814453,66.87220764160156
1771501859.8525631,-14.922940254211426,5.413522720336914,2.716128349304199,74.58052062988281,82.28736114501953,87.40361785888672,67.84991455078125
1771501859.8838522,-14.57670783996582,5.216125965118408,2.464885950088501,74.73037719726562,82.71623992919922,87.07476806640625,67.05792236328125
1771501859.9158673,-14.728540420532227,5.033717632293701,2.070749521255493,74.87328338623047,82.58296203613281,87.1334457397461,67.1668701171875
1771501859.9468663,-14.571869850158691,5.706786632537842,2.2349846363067627,74.16838073730469,82.40681457519531,86.73601531982422,67.44447326660156
1771501859.9774103,-16.126964569091797,5.096333980560303,2.151383399963379,74.24031066894531,82.40510559082031,88.60478210449219,64.59664916992188
1771501860.0094876,-18.433921813964844,4.8820881843566895,2.9093945026397705,70.9472427368164,80.32587432861328,83.39986419677734,58.32996368408203
1771501860.0405235,-24.25658416748047,2.8857414722442627,1.9385828971862793,61.33921813964844,67.44007110595703,65.33499145507812,41.7443733215332
1771501860.0865543,-28.63141441345215,1.2062366008758545,5.4346747398376465,35.31462097167969,46.76155090332031,42.87822341918945,22.968271255493164
1771501860.1205554,-30.76749610900879,2.5901641845703125,4.541111946105957,32.824363708496094,45.95112991333008,42.21787643432617,20.351655960083008
1771501860.149041,-21.597492218017578,3.8579113483428955,8.588130950927734,18.72979736328125,29.906925201416016,30.625524520874023,12.418457984924316
1771501860.1816928,-15.332633972167969,8.861075401306152,11.92599105834961,21.91815757751465,27.57357406616211,28.219383239746094,10.090575218200684
1771501860.2152202,-2.237450122833252,15.666884422302246,0.0,27.187517166137695,34.80568313598633,31.300790786743164,8.070542335510254
1771501860.2452264,1.354887843132019,19.11111068725586,0.0,26.282222747802734,36.78509521484375,31.070106506347656,7.603554725646973
1771501860.2772255,2.9029948711395264,20.99433708190918,0.0,25.612194061279297,37.36786651611328,31.75093650817871,7.729292869567871
1771501860.3086565,2.9933435916900635,20.489377975463867,0.0,23.31873321533203,35.9786262512207,31.629724502563477,8.5584716796875
1771501860.341664,2.096320629119873,21.1419734954834,0.0,21.960105895996094,32.646461486816406,28.85141372680664,7.420650959014893
1771501860.3726707,5.461976051330566,23.04840850830078,0.0,23.698415756225586,34.66688919067383,30.7119197845459,8.077882766723633
1771501860.4052072,7.591376304626465,23.701438903808594,0.0,25.041038513183594,35.904319763183594,32.89259338378906,9.73427963256836
1771501860.4373105,6.192590236663818,21.69357681274414,0.0,24.01573944091797,34.67106628417969,31.42235565185547,9.072918891906738
1771501860.469304,6.100076198577881,20.88528823852539,0.0,24.59227180480957,35.386356353759766,31.56053924560547,9.300277709960938
1771501860.5204186,5.080909252166748,18.597265243530273,0.0,23.197715759277344,34.49247360229492,31.11773681640625,9.714954376220703
1771501860.5404508,5.299529075622559,18.860309600830078,0.0,24.694969177246094,35.69852828979492,32.54962921142578,10.98361587524414
1771501860.5724669,2.8175854682922363,16.969572067260742,0.0,21.5875244140625,33.06861877441406,29.561424255371094,9.276385307312012
1771501860.6141033,3.816673755645752,18.35110855102539,0.0,22.862058639526367,34.03194046020508,30.76677703857422,9.524863243103027
1771501860.6451178,4.250117301940918,18.306995391845703,0.0,23.289562225341797,34.697731018066406,31.628389358520508,9.684163093566895
1771501860.6771066,2.979055166244507,17.075471878051758,0.0,22.653310775756836,33.9037971496582,30.826690673828125,9.718101501464844
1771501860.7105434,2.0624005794525146,16.846677780151367,0.0,22.38091468811035,32.986045837402344,29.797203063964844,8.660893440246582
1771501860.7425506,2.790038824081421,17.098363876342773,0.0,22.605976104736328,33.53458023071289,30.963436126708984,9.567862510681152
1771501860.7745957,3.566568613052368,17.688018798828125,0.0,22.431671142578125,33.09957504272461,30.442337036132812,9.317824363708496
1771501860.8061452,3.878244400024414,18.141441345214844,0.0,23.43217658996582,34.18701171875,31.076570510864258,9.656676292419434
1771501860.8379054,4.342088222503662,18.478870391845703,0.0,23.15371322631836,34.76808547973633,32.34526443481445,10.623764038085938
1771501860.868955,3.78544020652771,18.023324966430664,0.0,22.904863357543945,34.74775314331055,32.156402587890625,10.725095748901367
1771501860.9165509,4.549344062805176,19.50414276123047,0.0,23.658960342407227,34.80059814453125,31.802003860473633,10.092105865478516
1771501860.954548,2.6385293006896973,18.525726318359375,0.0,21.437034606933594,33.55702590942383,31.08179473876953,9.726814270019531
1771501860.979594,3.1003012657165527,19.395238876342773,0.0,22.023815155029297,33.71589279174805,30.994661331176758,9.765138626098633
1771501861.0131977,3.71738338470459,21.440876007080078,0.0,22.52840805053711,33.39805603027344,29.637603759765625,8.485967636108398
1771501861.045184,1.9750490188598633,21.201831817626953,0.0,20.69121742248535,31.65492820739746,27.56402587890625,7.575483322143555
1771501861.0772388,0.3481900095939636,20.46535873413086,0.0,18.38408851623535,30.515317916870117,26.24930191040039,6.851160526275635
1771501861.1088185,3.1564509868621826,21.10686683654785,0.0,19.333066940307617,32.211727142333984,29.140342712402344,10.300188064575195
1771501861.1426444,4.653204441070557,21.45061683654785,0.0,21.022377014160156,34.52963638305664,32.29900360107422,12.66854190826416
1771501861.1735241,4.858187675476074,18.9064998626709,0.0,21.924264907836914,39.23694610595703,40.58578109741211,21.430583953857422
1771501861.2060213,-0.05272974818944931,19.867769241333008,1.6659632921218872,21.0817928314209,39.105472564697266,40.953922271728516,24.881553649902344
1771501861.2370222,-2.96510910987854,20.494403839111328,4.413835525512695,19.96076202392578,35.80304718017578,40.731719970703125,26.136886596679688
1771501861.2700355,-4.9381537437438965,24.12472152709961,7.786051273345947,20.60371208190918,33.86616516113281,42.32157516479492,27.88098907470703
1771501861.3005524,-7.124710559844971,24.301795959472656,8.022303581237793,20.628854751586914,36.50620651245117,46.28376388549805,33.20566177368164
1771501861.3487086,-6.032118797302246,23.890302658081055,5.271951675415039,25.28564453125,47.320167541503906,56.52882766723633,37.75446701049805
1771501861.382641,-7.71807336807251,18.841703414916992,6.7501630783081055,26.644989013671875,53.61298370361328,61.456504821777344,41.6594352722168
1771501861.4136763,-10.926514625549316,14.720698356628418,4.423488140106201,26.5384521484375,55.69092559814453,61.989864349365234,40.38469314575195
1771501861.4461703,-14.773009300231934,12.600186347961426,0.4887964725494385,29.30657958984375,57.35042953491211,64.2722396850586,40.02334213256836
1771501861.4771953,-15.326056480407715,12.182234764099121,0.854945182800293,39.859832763671875,61.44010543823242,66.05142211914062,40.83668899536133
1771501861.5087297,-15.652155876159668,10.041475296020508,0.0,46.34541702270508,65.7797622680664,68.95372009277344,42.53003692626953
1771501861.540752,-15.751958847045898,9.33806324005127,0.49465101957321167,48.832733154296875,71.24420928955078,73.49555206298828,47.528907775878906
1771501861.5727563,-17.098003387451172,11.237157821655273,2.495622396469116,51.105796813964844,74.16719818115234,75.224609375,49.878509521484375
1771501861.606446,-16.003564834594727,12.645451545715332,4.085764408111572,57.17363739013672,78.89533233642578,80.21845245361328,54.38789749145508
1771501861.639125,-15.184284210205078,12.190279006958008,4.634945869445801,63.50978088378906,79.70894622802734,81.92522430419922,55.15013885498047
1771501861.6701257,-14.145029067993164,12.04931640625,4.881521224975586,66.66568756103516,81.9434585571289,83.7360610961914,57.534881591796875
1771501861.7016377,-13.559694290161133,9.75666618347168,5.068780899047852,67.47315216064453,83.76941680908203,83.84307861328125,57.05869674682617
1771501861.733637,-13.20251178741455,9.430381774902344,5.981192588806152,68.22256469726562,85.81123352050781,85.86558532714844,58.974098205566406
1771501861.7822027,-10.44235610961914,10.482318878173828,7.4795145988464355,71.81552124023438,85.92369079589844,85.91169738769531,63.53837203979492
1771501861.8157194,-8.910442352294922,10.412878036499023,8.219657897949219,74.91661071777344,83.53755950927734,82.68192291259766,67.06558227539062
1771501861.846722,-8.720499038696289,10.385536193847656,8.445720672607422,73.94243621826172,82.71268463134766,82.35075378417969,68.2396011352539
1771501861.8767354,-9.458144187927246,9.476208686828613,8.469152450561523,73.52076721191406,83.20551300048828,83.814453125,66.90055847167969
1771501861.9091108,-7.107018947601318,8.63839340209961,9.173303604125977,74.41676330566406,82.6584243774414,82.31671142578125,68.27418518066406
1771501861.9411077,-5.180934429168701,8.399943351745605,9.472926139831543,74.35991668701172,81.5679931640625,80.384033203125,70.20370483398438
1771501861.9731417,-4.154773235321045,8.162086486816406,9.228081703186035,74.75370788574219,81.19611358642578,79.57586669921875,69.80815124511719
1771501862.0046566,-4.453403949737549,8.093175888061523,9.457982063293457,74.86298370361328,81.3497085571289,79.98863220214844,69.15270233154297
1771501862.041657,-3.3995096683502197,8.490739822387695,9.489235877990723,74.83015441894531,80.55743408203125,79.1490249633789,70.52311706542969
1771501862.0703034,-4.578851699829102,8.16417407989502,9.403579711914062,74.08666229248047,81.39344024658203,80.35196685791016,69.15715789794922
1771501862.1125166,-4.455210208892822,8.520992279052734,8.991617202758789,74.53727722167969,80.93856811523438,80.1612319946289,70.12054443359375
1771501862.1455164,-3.3689658641815186,8.523734092712402,9.511297225952148,74.7805404663086,80.83414459228516,79.61882019042969,69.62154388427734
1771501862.1755219,-4.452034950256348,8.067643165588379,9.202208518981934,75.1702880859375,81.60599517822266,79.90422058105469,69.38642120361328
1771501862.2130437,-4.928463935852051,7.748286724090576,9.12578296661377,74.98750305175781,82.02373504638672,80.62771606445312,69.20950317382812
1771501862.2490544,-6.345362663269043,7.567558765411377,8.718554496765137,74.49993133544922,82.72419738769531,81.96923065185547,68.12387084960938
1771501862.2770667,-5.803613185882568,7.373082160949707,9.017170906066895,74.54802703857422,82.45675659179688,81.8776626586914,68.66163635253906
1771501862.3102036,-5.950676918029785,7.554834842681885,8.78364372253418,74.1630630493164,82.37797546386719,82.31275177001953,68.37831115722656
1771501862.3422027,-13.318321228027344,6.602731227874756,6.861324787139893,72.20818328857422,84.26427459716797,85.08016204833984,59.125492095947266
1771501862.374207,-16.498126983642578,6.0413408279418945,5.705978870391846,64.9315414428711,78.46858215332031,75.97087860107422,47.19883346557617
1771501862.404734,-17.268327713012695,12.502747535705566,7.752569675445557,43.70390319824219,61.48969268798828,56.66690444946289,31.722572326660156
1771501862.4372547,-23.25493621826172,8.091330528259277,9.309270858764648,33.789398193359375,48.53590393066406,43.30429458618164,22.488658905029297
1771501862.4712527,-16.51114845275879,11.601299285888672,10.44590950012207,25.379009246826172,36.674949645996094,33.78059387207031,15.809038162231445
1771501862.5047789,-10.466800689697266,14.202378273010254,10.213584899902344,24.92230796813965,33.608978271484375,35.28596496582031,18.386072158813477
1771501862.5366936,-4.528132915496826,16.784515380859375,10.692732810974121,29.30977439880371,36.64580154418945,38.41852951049805,20.020586013793945
1771501862.5676928,-0.8569823503494263,16.984033584594727,7.629358768463135,34.404563903808594,39.69231033325195,40.31696319580078,18.177671432495117
1771501862.5992334,-3.3820533752441406,14.33584976196289,5.655606746673584,28.368240356445312,37.173099517822266,34.39744186401367,13.166805267333984
1771501862.6452334,-2.4068572521209717,15.57419204711914,3.759761095046997,25.993934631347656,36.37425231933594,33.44861602783203,11.159918785095215
1771501862.6812696,-1.0854551792144775,16.563095092773438,0.0,22.330184936523438,35.49802017211914,30.982013702392578,8.060873031616211
1771501862.7089007,2.836796522140503,20.05051612854004,0.0,24.559011459350586,37.61214065551758,31.936962127685547,9.752284049987793
1771501862.7419183,1.3403264284133911,20.418493270874023,0.0,20.534021377563477,32.96467590332031,31.23725700378418,9.684102058410645
1771501862.7740064,3.116856098175049,20.369844436645508,0.0,18.043729782104492,32.216983795166016,32.82556915283203,11.938730239868164
1771501862.8066094,4.659539699554443,20.682065963745117,0.0,20.362045288085938,35.03900909423828,34.51112365722656,12.239611625671387
1771501862.8366034,5.531806945800781,19.708110809326172,0.0,20.12468719482422,37.55183792114258,35.415748596191406,13.53470230102539
1771501862.8697996,7.868064880371094,21.202577590942383,0.0,21.843759536743164,39.40810775756836,36.043819427490234,13.35483455657959
1771501862.904102,5.5821380615234375,19.641407012939453,0.0,20.17036247253418,37.6692008972168,35.33903121948242,13.15877914428711
1771501862.9331014,5.800928592681885,18.67363166809082,0.0,20.461000442504883,38.508323669433594,36.45934295654297,13.651687622070312
1771501862.9647877,6.633913993835449,19.225749969482422,0.0,19.752771377563477,37.87349319458008,36.27330780029297,14.00320816040039
1771501862.997082,7.347286701202393,19.860313415527344,0.0,19.153453826904297,37.28445053100586,35.514434814453125,13.892680168151855
1771501863.0310888,7.956232070922852,19.843170166015625,0.0,20.961381912231445,38.85787582397461,37.126953125,15.228075981140137
1771501863.0781596,8.920114517211914,21.749744415283203,0.0,22.24073028564453,39.29313659667969,37.980865478515625,14.88498306274414
1771501863.1107852,9.470511436462402,22.1712703704834,0.0,23.567445755004883,40.36333465576172,39.21490478515625,14.943001747131348
1771501863.1439745,8.749576568603516,20.818222045898438,0.0,20.6116886138916,38.821678161621094,37.969791412353516,15.458805084228516
1771501863.1733394,8.47134017944336,21.28553009033203,0.0,20.715595245361328,37.508628845214844,37.11806869506836,14.176446914672852
1771501863.2048192,7.2580485343933105,20.139179229736328,0.0,19.790178298950195,37.35449981689453,36.65814208984375,14.182188034057617
1771501863.236818,8.167903900146484,20.937053680419922,0.0,20.491125106811523,38.09682083129883,36.994964599609375,13.789854049682617
1771501863.269244,9.511696815490723,22.366275787353516,0.0,21.296222686767578,37.79855728149414,37.30751037597656,14.43118667602539
1771501863.3010812,10.324207305908203,22.962080001831055,0.0,22.319091796875,38.51237487792969,38.09951400756836,14.615745544433594
1771501863.3361433,9.332340240478516,22.643075942993164,0.0,22.723493576049805,37.68791198730469,36.20497512817383,13.177504539489746
1771501863.3660796,8.801498413085938,22.9852237701416,0.0,23.221149444580078,36.364410400390625,34.97323226928711,12.268951416015625
1771501863.3967273,7.153880596160889,23.315793991088867,0.0,22.761028289794922,34.40637969970703,31.550622940063477,10.07187271118164
1771501863.4295285,6.446140289306641,22.4079532623291,0.0,22.644702911376953,34.1939582824707,31.658977508544922,11.105653762817383
1771501863.469582,4.459278583526611,19.37995719909668,0.0,20.724557876586914,35.7125358581543,35.536128997802734,16.989498138427734
1771501863.509105,4.297483444213867,18.607524871826172,0.0,25.426279067993164,41.674964904785156,46.817413330078125,30.543914794921875
1771501863.5441122,1.3254917860031128,19.95382308959961,0.0,27.365562438964844,40.930137634277344,51.50413131713867,33.9143180847168
1771501863.5730581,-0.3042528033256531,20.160959243774414,0.0,28.23872947692871,45.310791015625,57.513126373291016,37.67578125
1771501863.604584,0.8327993750572205,19.786945343017578,0.0,33.78939437866211,58.889713287353516,68.4147720336914,46.28873062133789
1771501863.6385953,-4.418555736541748,15.47243595123291,0.0,33.93682098388672,61.245819091796875,68.11305236816406,50.98884582519531
1771501863.6685889,-10.530183792114258,11.897371292114258,0.0,32.94041442871094,63.23461151123047,67.95284271240234,46.87400817871094
1771501863.7011049,-14.123396873474121,11.529260635375977,0.0,30.996219635009766,62.97368240356445,68.83616638183594,46.93650817871094
1771501863.7331042,-14.788661003112793,12.736797332763672,0.0,36.18838119506836,64.12849426269531,70.9919204711914,50.331905364990234
1771501863.7681057,-19.25008201599121,10.600008964538574,0.0,38.578189849853516,63.09073257446289,68.97380828857422,45.522544860839844
1771501863.8014553,-20.492538452148438,9.663104057312012,0.0,42.70450210571289,67.02782440185547,70.685546875,45.61363220214844
1771501863.8314493,-21.6690673828125,10.1407470703125,0.525638222694397,44.33502960205078,68.52781677246094,70.66205596923828,44.77235412597656
1771501863.8624468,-21.429567337036133,10.621297836303711,1.7510968446731567,49.704490661621094,70.98782348632812,72.6112060546875,46.49147415161133
1771501863.892969,-20.016250610351562,11.19893741607666,2.3957157135009766,58.5881233215332,76.50804901123047,77.8371810913086,50.8800048828125
1771501863.9409673,-17.941226959228516,10.906026840209961,3.150312900543213,63.29991912841797,80.1407241821289,81.0371322631836,55.246055603027344
1771501863.977984,-16.094402313232422,10.946579933166504,3.4520387649536133,64.18231201171875,80.70548248291016,84.47078704833984,58.8886833190918
1771501864.006524,-15.137139320373535,10.76426887512207,4.101814270019531,67.0858154296875,82.4847183227539,86.56971740722656,61.20717239379883
1771501864.036515,-15.6359281539917,10.18690299987793,2.1616222858428955,72.48528289794922,83.01236724853516,88.84495544433594,63.66057586669922
1771501864.0695155,-13.397021293640137,9.071900367736816,2.373438596725464,72.7965087890625,83.53886413574219,86.7760238647461,67.20313262939453
1771501864.1014035,-11.635404586791992,7.635051250457764,3.0645575523376465,73.43120574951172,83.52940368652344,84.86981201171875,68.78389739990234
1771501864.134811,-9.611093521118164,8.82657527923584,3.7988224029541016,73.35901641845703,81.37650299072266,81.90750122070312,70.64704132080078
1771501864.1659415,-9.64134407043457,9.131803512573242,4.438915729522705,73.3007583618164,81.4852294921875,82.20743560791016,70.61772918701172
1771501864.2003098,-11.452347755432129,8.837844848632812,4.374568462371826,73.75078582763672,82.53791046142578,83.2118148803711,69.46765899658203
1771501864.2283206,-10.395318984985352,9.569835662841797,4.638880252838135,74.13199615478516,81.79698944091797,82.06285858154297,69.37471008300781
1771501864.2623086,-12.50133228302002,9.11350154876709,4.221812725067139,73.52700805664062,82.20421600341797,83.66862487792969,68.5723648071289
1771501864.2936406,-10.9568510055542,9.45289421081543,4.479996204376221,73.16942596435547,81.29367065429688,82.0128402709961,69.74415588378906
1771501864.3246436,-12.237034797668457,9.063979148864746,4.199440002441406,73.92386627197266,82.33670806884766,82.93461608886719,68.4613037109375
1771501864.3727343,-13.854574203491211,8.33161735534668,3.744445562362671,72.42139434814453,82.267822265625,83.978515625,68.35552978515625
1771501864.409264,-12.954911231994629,8.736459732055664,4.186047554016113,73.0940933227539,82.49791717529297,83.7498779296875,67.88711547851562
1771501864.4422648,-13.196379661560059,8.665494918823242,4.211733341217041,73.4218521118164,82.68358612060547,83.73384094238281,68.18648529052734
1771501864.472675,-13.262834548950195,8.811100959777832,3.896494150161743,73.27523040771484,82.65655517578125,83.51882934570312,67.68013763427734
1771501864.5041811,-13.800009727478027,8.785117149353027,3.8929085731506348,73.07946014404297,82.611083984375,84.10624694824219,67.65972137451172
1771501864.5361843,-14.792265892028809,8.140570640563965,3.7215912342071533,73.23007202148438,82.96084594726562,84.75947570800781,67.36980438232422
1771501864.5671842,-14.679579734802246,8.725988388061523,4.521483421325684,72.98883056640625,83.12034606933594,85.72721862792969,66.47329711914062
1771501864.5977294,-14.86233901977539,7.994760036468506,4.826448440551758,69.9223861694336,84.10315704345703,87.29708862304688,60.991519927978516
1771501864.6307201,-18.874935150146484,8.353863716125488,2.930203914642334,60.256874084472656,77.83502960205078,80.28677368164062,53.700836181640625
1771501864.6607175,-22.569194793701172,9.215188026428223,2.022671699523926,50.326416015625,68.65135192871094,67.09796905517578,35.92436218261719
1771501864.6922326,-22.124435424804688,10.699875831604004,3.3230679035186768,40.15184783935547,56.47079086303711,54.840187072753906,26.96902847290039
1771501864.7262318,-23.400922775268555,8.88714599609375,6.0492167472839355,28.052780151367188,45.94060516357422,44.428531646728516,20.783374786376953
1771501864.7572322,-12.299440383911133,12.847282409667969,8.323002815246582,24.07158088684082,35.712135314941406,34.65330123901367,15.96390438079834
1771501864.805407,-5.357480049133301,11.604752540588379,7.27764892578125,25.90459442138672,37.774879455566406,34.95091247558594,15.319588661193848
1771501864.842416,0.6208178400993347,13.138144493103027,2.0566916465759277,26.81312370300293,39.481964111328125,35.50437927246094,12.732765197753906
1771501864.8704047,1.9301105737686157,15.374571800231934,0.0,25.193065643310547,36.46637725830078,30.66930389404297,8.58153247833252
1771501864.9009142,2.362196207046509,16.757183074951172,0.0,22.848825454711914,32.95930480957031,27.883453369140625,6.613464832305908
1771501864.932587,4.541579246520996,18.568262100219727,0.0,23.408935546875,34.0882568359375,29.606834411621094,7.506595134735107
1771501864.9645872,4.632115840911865,18.087207794189453,0.0,22.69053077697754,34.06069564819336,30.535036087036133,8.266149520874023
1771501864.9962485,4.679773807525635,16.82118797302246,0.0,21.555139541625977,33.992774963378906,32.550662994384766,10.482532501220703
1771501865.02925,9.227389335632324,19.17742156982422,0.0,23.152637481689453,36.61875915527344,34.57846450805664,12.3136568069458
1771501865.0622578,9.96759033203125,16.87392234802246,0.0,16.991121292114258,36.349361419677734,35.54938888549805,14.183560371398926
1771501865.0937784,11.383852005004883,17.05864143371582,0.0,13.864123344421387,34.30245590209961,33.86628341674805,15.235244750976562
1771501865.1247644,12.19372272491455,17.28874969482422,0.0,14.306639671325684,34.711639404296875,34.15654373168945,14.8836088180542
1771501865.1582398,13.01640796661377,17.813589096069336,0.0,10.943434715270996,30.7849178314209,31.2271728515625,14.966107368469238
1771501865.1887732,12.524436950683594,18.92255973815918,0.0,13.447017669677734,32.524574279785156,32.45191192626953,13.265463829040527
1771501865.236773,11.37005615234375,17.184389114379883,0.0,10.867870330810547,29.86334991455078,30.40408706665039,13.38334846496582
1771501865.2741666,12.26599407196045,18.392393112182617,0.0,12.940849304199219,32.65837478637695,32.69034957885742,14.28190803527832
1771501865.3043375,11.992087364196777,18.220006942749023,0.0,13.73806381225586,32.62730407714844,32.33445358276367,13.604955673217773
1771501865.3363364,11.197550773620605,18.859773635864258,0.0,15.901058197021484,34.561973571777344,34.29741287231445,13.2254056930542
1771501865.3683376,12.675430297851562,18.459253311157227,0.0,13.052765846252441,31.929636001586914,31.747764587402344,13.878555297851562
1771501865.3989174,11.965339660644531,18.828710556030273,0.0,13.947128295898438,32.037506103515625,32.130123138427734,13.405333518981934
1771501865.4309165,11.518819808959961,18.04810333251953,0.0,12.742524147033691,31.5497989654541,31.65023422241211,13.618889808654785
1771501865.4619339,10.78372859954834,18.494892120361328,0.0,14.074592590332031,32.92201232910156,32.81483840942383,13.216334342956543
1771501865.4944458,10.09878158569336,18.775070190429688,0.0,14.437868118286133,32.96506118774414,32.13232421875,12.601855278015137
1771501865.5284452,10.929513931274414,18.583406448364258,0.0,14.482168197631836,33.07905197143555,32.13441467285156,12.290156364440918
1771501865.558447,9.842958450317383,19.529455184936523,0.0,15.386261940002441,33.937686920166016,31.933284759521484,11.415831565856934
1771501865.5889657,8.73480224609375,19.698488235473633,0.0,19.41329574584961,35.119686126708984,31.81452178955078,9.86383056640625
1771501865.6209648,6.145319938659668,18.956106185913086,0.0,20.95041275024414,33.912113189697266,30.343982696533203,8.300141334533691
1771501865.6687996,4.167248725891113,18.033599853515625,0.0,20.734493255615234,32.335166931152344,28.46786880493164,6.491279602050781
1771501865.7054605,4.974592208862305,19.304006576538086,0.0,21.37379264831543,33.44255065917969,29.26555824279785,8.298962593078613
1771501865.7334356,0.3629145324230194,15.04818344116211,0.0,20.142587661743164,34.001365661621094,35.3845100402832,16.101924896240234
1771501865.7664964,1.9038528203964233,13.591241836547852,0.0,22.523109436035156,38.20000076293945,43.194801330566406,22.952787399291992
1771501865.7981415,1.3920882940292358,15.655238151550293,0.0,25.539751052856445,43.44224548339844,48.63658905029297,27.941007614135742
1771501865.8291357,-0.22025372087955475,19.821001052856445,0.0,26.937103271484375,40.088653564453125,51.19559860229492,33.378692626953125
1771501865.8621342,-1.6899490356445312,19.99662208557129,0.0,27.8989200592041,46.60890197753906,58.5717658996582,36.06458282470703
1771501865.894753,-9.461889266967773,14.239616394042969,0.0,23.4327392578125,54.003028869628906,61.685028076171875,40.973018646240234
1771501865.9267502,-13.68431282043457,12.686717987060547,2.191802978515625,22.095407485961914,50.153709411621094,58.55293655395508,41.08515167236328
1771501865.9587696,-18.41214942932129,10.129276275634766,2.9246506690979004,20.840532302856445,49.766841888427734,57.52299499511719,37.64585494995117
1771501865.9903553,-22.250410079956055,8.627622604370117,2.2896294593811035,19.05750274658203,51.21699905395508,55.744606018066406,32.68528747558594
1771501866.022368,-22.012958526611328,9.683152198791504,3.238229274749756,20.362995147705078,50.73268508911133,55.60359573364258,32.059051513671875
1771501866.0533504,-21.056976318359375,7.858931541442871,1.6758244037628174,24.135393142700195,53.78395462036133,58.34054183959961,35.10843276977539
1771501866.100945,-21.855043411254883,6.447553634643555,0.6467506885528564,24.779388427734375,56.0225715637207,59.83449172973633,35.616085052490234
1771501866.137314,-21.83598518371582,5.848106861114502,0.09854602068662643,27.089139938354492,57.44062423706055,61.28266143798828,36.71185302734375
1771501866.194256,-22.533042907714844,6.556317329406738,0.0,30.342119216918945,60.25300598144531,62.98081588745117,37.940547943115234
1771501866.2251859,-24.289304733276367,6.677198886871338,0.0,36.33217239379883,61.833011627197266,64.08583068847656,39.10945129394531
1771501866.2562482,-24.52831268310547,7.423544883728027,0.0,37.92893600463867,63.22073745727539,65.14503479003906,40.36338424682617
1771501866.2882292,-23.501920700073242,8.311212539672852,0.0,39.24238586425781,64.9099349975586,68.08068084716797,43.21748733520508
1771501866.3194032,-23.86000633239746,7.781256675720215,0.0,41.119075775146484,66.36920928955078,69.83800506591797,45.30419921875
1771501866.3524036,-23.054988861083984,8.29729175567627,0.17017953097820282,46.930946350097656,69.37357330322266,72.86087799072266,48.2675895690918
1771501866.3814092,-23.20825958251953,9.414176940917969,0.8296152353286743,49.804656982421875,70.70865631103516,74.48786163330078,49.550086975097656
1771501866.412916,-22.649532318115234,9.591906547546387,0.7307407855987549,53.19429397583008,73.19672393798828,79.66693878173828,53.716888427734375
1771501866.443917,-20.271018981933594,10.625202178955078,0.48012182116508484,56.461021423339844,75.55131530761719,84.20356750488281,58.391170501708984
1771501866.4749677,-16.688764572143555,10.134603500366211,0.19329728186130524,61.794612884521484,80.64598083496094,89.17789459228516,62.66876983642578
1771501866.5064385,-15.70352554321289,10.141921997070312,0.0,65.89105987548828,82.47431182861328,87.02645111083984,67.45282745361328
1771501866.538256,-12.003777503967285,10.27918815612793,0.0,70.21658325195312,83.83919525146484,81.60075378417969,72.7823257446289
1771501866.569661,-8.632354736328125,10.529458999633789,0.0,73.1815414428711,82.0610580444336,79.3215560913086,74.75729370117188
1771501866.600207,-8.837508201599121,9.555929183959961,0.0,75.0171890258789,81.57855224609375,79.11723327636719,74.63093566894531
1771501866.6322148,-9.722891807556152,9.170181274414062,0.0,74.79792785644531,82.8388900756836,80.12633514404297,73.3308334350586
1771501866.6632283,-10.379386901855469,8.683297157287598,0.0,75.20325469970703,82.94600677490234,79.83352661132812,73.28727722167969
1771501866.6940205,-9.806876182556152,8.703024864196777,0.0,75.92452239990234,82.64918518066406,79.22361755371094,73.74995422363281
1771501866.7260168,-10.969701766967773,8.231026649475098,0.0,75.25382995605469,83.15226745605469,80.02791595458984,73.5911636352539
1771501866.7570274,-10.150546073913574,8.670086860656738,0.0,75.39883422851562,82.51619720458984,79.58419799804688,74.28730773925781
1771501866.789844,-9.652854919433594,8.829838752746582,0.0,76.2396469116211,82.16921997070312,78.93174743652344,74.59526824951172
1771501866.8206875,-9.071187973022461,9.022456169128418,0.0,76.28268432617188,81.62335205078125,78.77222442626953,74.56230163574219
1771501866.8555226,-9.182442665100098,8.896718978881836,0.0,76.517578125,81.64122772216797,78.82115936279297,74.78545379638672
1771501866.8858275,-9.67316722869873,8.635184288024902,0.0,75.64073181152344,81.82183074951172,79.0846176147461,74.65316772460938
1771501866.937293,-10.39695930480957,8.625999450683594,0.0,75.77569580078125,82.3466796875,79.96345520019531,73.58845520019531
1771501866.967157,-9.4615478515625,8.395645141601562,0.0,75.9326400756836,82.10225677490234,79.40801239013672,73.71629333496094
1771501866.998872,-10.638798713684082,8.385409355163574,0.0,75.35020446777344,82.75553894042969,80.44798278808594,73.16777038574219
1771501867.028632,-10.182323455810547,8.454983711242676,0.0,75.7005386352539,82.46914672851562,80.27473449707031,73.6639633178711
1771501867.062262,-10.816593170166016,8.316353797912598,0.0,75.39818572998047,83.19400787353516,81.52279663085938,71.56672668457031
1771501867.09403,-17.255916595458984,9.160224914550781,0.0,65.24493408203125,81.00122833251953,84.64851379394531,57.25796127319336
1771501867.1260877,-25.642486572265625,5.488767147064209,0.2278813272714615,54.97138977050781,69.55101013183594,67.79586791992188,40.34202575683594
1771501867.1572626,-22.69916343688965,6.26507043838501,0.0,45.036190032958984,60.04817199707031,56.684349060058594,28.029903411865234
1771501867.188419,-24.512409210205078,8.303074836730957,3.328693389892578,42.15089416503906,53.82059860229492,49.36135482788086,22.469030380249023
1771501867.2225738,-23.7933406829834,11.167390823364258,6.406773090362549,37.12060546875,48.417503356933594,44.81831359863281,18.702640533447266
1771501867.2555408,-20.867698669433594,10.193678855895996,6.090166091918945,29.981788635253906,39.71748352050781,36.517086029052734,14.081438064575195
1771501867.2855895,-16.099607467651367,11.086065292358398,7.645108222961426,26.9677677154541,34.86313247680664,33.75382995605469,15.07339859008789
1771501867.3186948,-12.241868019104004,10.745718002319336,9.124923706054688,22.86626625061035,31.32549285888672,32.12221145629883,15.9998779296875
1771501867.364697,-9.328795433044434,12.552879333496094,11.29883861541748,25.933534622192383,32.11233901977539,33.03776168823242,14.73483657836914
1771501867.3990874,-3.821739673614502,14.076168060302734,5.427750587463379,29.622051239013672,35.38615798950195,33.39583969116211,12.454117774963379
1771501867.433531,-2.5643131732940674,15.085565567016602,2.3458032608032227,27.23477554321289,34.66838455200195,32.06889343261719,10.397835731506348
1771501867.4617796,-0.5575060844421387,16.311372756958008,0.0,24.364545822143555,34.5444450378418,31.461423873901367,9.447192192077637
1771501867.4945886,-0.5414400696754456,15.989006042480469,0.0,20.70979881286621,34.227134704589844,30.3770751953125,7.562173366546631
1771501867.526474,0.6315835118293762,17.024951934814453,0.0,19.932844161987305,34.04200744628906,30.63758087158203,7.175090312957764
1771501867.5674355,0.8315801620483398,18.556724548339844,0.0,18.71542739868164,32.83091354370117,30.10654067993164,6.7064056396484375
1771501867.5983243,6.095611095428467,23.02943992614746,0.0,21.605443954467773,34.80290985107422,33.45372009277344,9.857884407043457
1771501867.6290863,7.940397262573242,23.110441207885742,0.0,20.307958602905273,35.096435546875,34.98084259033203,11.997170448303223
1771501867.661217,8.00477409362793,22.17902946472168,0.0,19.64253807067871,35.2044563293457,35.500179290771484,12.496381759643555
1771501867.6927085,10.448219299316406,21.3657169342041,0.0,16.989612579345703,36.3782844543457,36.88578796386719,14.896897315979004
1771501867.723705,11.38109016418457,22.055742263793945,0.0,17.35382843017578,36.22859191894531,36.74816131591797,15.608744621276855
1771501867.7547078,11.572975158691406,21.812175750732422,0.0,17.182743072509766,36.49861526489258,36.40149688720703,14.969700813293457
1771501867.8309534,11.589010238647461,21.75029182434082,0.0,15.119779586791992,33.312625885009766,34.44468307495117,14.9546537399292
1771501867.862956,11.806591987609863,21.8043155670166,0.0,15.81125259399414,35.30044174194336,35.49986267089844,14.746204376220703
1771501867.8945363,10.681437492370605,21.793838500976562,0.0,17.45176887512207,35.87675094604492,35.8293342590332,14.010553359985352
1771501867.926542,10.612154960632324,21.382417678833008,0.0,17.233415603637695,35.762271881103516,36.179386138916016,14.224390983581543
1771501867.960287,11.935198783874512,22.081581115722656,0.0,17.169010162353516,36.91485595703125,37.18712615966797,14.97823429107666
1771501867.9913292,12.766474723815918,22.449491500854492,0.0,17.192096710205078,35.516414642333984,36.46405029296875,15.550044059753418
1771501868.0218635,12.744300842285156,22.824373245239258,0.0,18.3892765045166,37.936279296875,37.44680404663086,15.016607284545898
1771501868.0528631,10.690616607666016,21.055543899536133,0.0,17.03392791748047,36.7269287109375,36.65313720703125,15.026134490966797
1771501868.0849366,12.355834007263184,23.44691276550293,0.0,19.237947463989258,36.84824752807617,36.80879211425781,14.717552185058594
1771501868.1145585,10.296660423278809,23.006826400756836,0.0,19.75901222229004,35.62664794921875,35.463401794433594,13.41353702545166
1771501868.14782,8.146097183227539,22.53421401977539,0.0,20.191280364990234,34.39054870605469,33.95981979370117,11.214166641235352
1771501868.1764224,8.71751880645752,24.436124801635742,0.0,20.089895248413086,33.30433654785156,33.63603973388672,11.296164512634277
1771501868.2289877,9.542221069335938,24.682479858398438,0.0,20.17180824279785,35.50638198852539,34.64088821411133,13.750127792358398
1771501868.2620034,9.732332229614258,19.421741485595703,0.0,20.81108856201172,40.508846282958984,39.342430114746094,19.48294448852539
1771501868.2858288,8.014166831970215,19.042552947998047,0.0,22.36610984802246,40.72972106933594,40.380794525146484,18.215665817260742
1771501868.316389,8.679466247558594,14.94401741027832,0.0,20.537324905395508,50.14028549194336,49.49154281616211,31.08431053161621
1771501868.3483996,4.220200061798096,20.441307067871094,0.0,28.756376266479492,52.78560256958008,52.89518737792969,32.512142181396484
1771501868.3784876,2.089470863342285,19.513145446777344,0.0,34.06230163574219,57.60174560546875,58.555442810058594,32.85911178588867
1771501868.4090967,-4.3971405029296875,16.19601821899414,0.0,29.9782657623291,59.619319915771484,60.96137237548828,34.81886672973633
1771501868.4420767,-5.028787136077881,16.983970642089844,0.0,31.224876403808594,60.022457122802734,60.89183807373047,37.284481048583984
1771501868.472674,-4.331786632537842,16.982025146484375,0.0,34.952449798583984,63.23036575317383,64.71842193603516,41.59587478637695
1771501868.507183,-8.083045959472656,13.002847671508789,0.0,34.66597366333008,65.2340316772461,66.88329315185547,41.92573928833008
1771501868.5346794,-11.19946002960205,11.790511131286621,0.0,36.60298538208008,67.49932098388672,67.81560516357422,44.139896392822266
1771501868.566686,-13.084915161132812,11.016084671020508,0.0,40.90406036376953,68.30982208251953,68.16268920898438,45.23759841918945
1771501868.6133814,-16.586196899414062,8.926206588745117,0.0,43.803001403808594,69.98046875,72.2884521484375,47.910099029541016
1771501868.6631489,-17.635683059692383,8.917819023132324,0.0,44.26483917236328,70.65624237060547,72.93221282958984,47.283416748046875
1771501868.6958106,-18.97258758544922,7.947447299957275,0.0,44.91889190673828,70.13162994384766,72.71815490722656,47.122779846191406
1771501868.7228208,-18.927104949951172,8.028916358947754,0.0,45.33283233642578,70.21883392333984,72.64458465576172,46.37196350097656
1771501868.7527888,-19.789283752441406,7.885991096496582,0.0,46.41183853149414,70.4996337890625,72.23460388183594,47.65379333496094
1771501868.7837994,-20.659725189208984,7.308783531188965,0.0,46.14278793334961,70.09432983398438,72.754150390625,46.51959228515625
1771501868.8153017,-21.343311309814453,7.527342319488525,0.0,47.00326919555664,71.30217742919922,73.74317169189453,48.33451461791992
1771501868.8463027,-20.392684936523438,7.941119194030762,0.0,48.556968688964844,73.85517883300781,75.45390319824219,50.548988342285156
1771501868.8779614,-21.36144256591797,7.153342247009277,0.0,48.14360427856445,73.30683898925781,75.14891052246094,49.94243240356445
1771501868.9243863,-19.996225357055664,8.097599029541016,0.0,50.42584228515625,76.0297622680664,77.18910217285156,52.64702606201172
1771501868.9563844,-20.26396942138672,8.329280853271484,0.0,50.68417739868164,76.54090118408203,77.45685577392578,53.68843460083008
1771501868.9873967,-19.272090911865234,8.632831573486328,0.0,52.051185607910156,77.51563262939453,78.49629211425781,54.71746826171875
1771501869.0187216,-16.440017700195312,11.263148307800293,0.0,59.1768798828125,81.98741149902344,84.77719116210938,60.1158561706543
1771501869.049722,-17.388322830200195,11.30014705657959,0.0,56.87937545776367,82.07040405273438,84.30442810058594,61.13732147216797
1771501869.0923371,-17.73038101196289,11.364418029785156,0.0,59.181365966796875,81.45709228515625,84.72177124023438,61.12047576904297
1771501869.1274042,-17.488136291503906,10.861209869384766,0.6683560013771057,59.9015998840332,81.2245864868164,85.63533782958984,61.957733154296875
1771501869.1608026,-16.07525634765625,11.498233795166016,0.47455158829689026,59.28385543823242,81.9461669921875,86.59124755859375,62.97438430786133
1771501869.1929524,-15.138766288757324,11.902251243591309,0.8918367624282837,59.81087112426758,81.70438385009766,87.57319641113281,63.23756408691406
1771501869.2239606,-14.641685485839844,12.414761543273926,0.5854888558387756,61.97568130493164,82.05549621582031,88.5738525390625,64.38170623779297
1771501869.2559586,-13.156614303588867,12.96479606628418,1.2260843515396118,65.0853500366211,83.08150482177734,88.72159576416016,66.66605377197266
1771501869.2869751,-13.041543006896973,12.745738983154297,0.8359457850456238,70.13040161132812,83.51556396484375,87.36708068847656,68.56422424316406
1771501869.3174858,-12.086509704589844,12.735812187194824,0.6197518706321716,69.56597137451172,83.87980651855469,86.74845123291016,69.42451477050781
1771501869.350486,-11.475196838378906,12.703158378601074,0.4868796765804291,68.89991760253906,84.1578598022461,85.94131469726562,70.03189849853516
1771501869.380499,-11.41601276397705,12.730914115905762,0.3638432025909424,67.94049835205078,83.86528015136719,86.36487579345703,70.1180191040039
1771501869.4135396,-11.716811180114746,12.817425727844238,0.5483009219169617,67.16610717773438,83.55250549316406,86.00948333740234,69.5899429321289
1771501869.4445393,-11.932657241821289,12.478475570678711,0.5747615098953247,69.34354400634766,83.75354766845703,86.36579132080078,69.37989807128906
1771501869.4785619,-12.025650024414062,12.461575508117676,0.24918316304683685,68.11312103271484,83.61862182617188,86.43124389648438,69.59921264648438
1771501869.5260444,-11.125187873840332,12.822404861450195,0.4638056457042694,66.93279266357422,84.02371215820312,84.99179077148438,71.06319427490234
1771501869.5580597,-10.982245445251465,12.31417465209961,0.36130574345588684,69.93882751464844,83.62142181396484,84.08560180664062,71.31661987304688
1771501869.5862277,-11.260043144226074,12.329033851623535,0.4815024137496948,69.65211486816406,83.48717498779297,83.91410827636719,71.55126953125
1771501869.6185722,-10.382518768310547,12.486204147338867,0.29372674226760864,70.33068084716797,83.29480743408203,82.96622467041016,72.42579650878906
1771501869.6495726,-9.861708641052246,12.22227668762207,0.5063899755477905,71.63430786132812,82.87706756591797,82.61095428466797,72.98613739013672
1771501869.679574,-10.505791664123535,12.294285774230957,0.2752739191055298,70.90077209472656,83.35226440429688,83.47417449951172,72.2854232788086
1771501869.7121499,-10.466930389404297,12.42784309387207,0.6471801400184631,71.65277862548828,83.11062622070312,82.50411987304688,73.46808624267578
1771501869.7431512,-10.408013343811035,12.486227035522461,0.5920761227607727,71.17647552490234,83.03324890136719,83.00159454345703,73.1392822265625
1771501869.7721577,-10.875127792358398,12.138598442077637,0.5878385901451111,70.74433898925781,83.18698120117188,82.6861343383789,73.40948486328125
1771501869.8178046,-10.45703125,12.554530143737793,0.47071459889411926,69.7760009765625,83.643310546875,83.03665924072266,73.04446411132812
1771501869.8488,-10.313882827758789,12.624920845031738,0.6246622204780579,68.02162170410156,84.40615844726562,83.12088775634766,72.65206909179688
1771501869.8790884,-11.177745819091797,12.743026733398438,0.3117757737636566,65.54265594482422,84.70143127441406,85.3680191040039,69.9444580078125
1771501869.910145,-10.031610488891602,12.632903099060059,0.4316139817237854,70.37067413330078,84.34458923339844,83.7171859741211,72.58518981933594
1771501869.958457,-10.884170532226562,12.726061820983887,0.4548689126968384,68.11565399169922,84.23713684082031,83.749755859375,72.21077728271484
1771501869.9914389,-10.803472518920898,12.605634689331055,0.39404013752937317,68.00535583496094,84.2318344116211,83.80425262451172,72.2325439453125
1771501870.0199838,-10.697094917297363,12.508234977722168,0.23635253310203552,68.32074737548828,84.24496459960938,83.93207550048828,72.3615951538086
1771501870.050989,-11.164970397949219,12.511030197143555,0.5940424203872681,67.24527740478516,84.55907440185547,84.98811340332031,71.51696014404297
1771501870.0839858,-10.979846000671387,11.861823081970215,0.5960591435432434,68.61917114257812,84.75663757324219,83.92449188232422,72.87751770019531
1771501870.1145754,-11.776123046875,12.23611068725586,0.6984989047050476,66.49185180664062,85.3293228149414,85.23773956298828,70.88314056396484
1771501870.1466508,-11.070206642150879,12.544466018676758,0.6268531084060669,68.16156005859375,84.85577392578125,85.19094848632812,71.40343475341797
1771501870.1771758,-10.633493423461914,12.612065315246582,0.5367224216461182,67.55860137939453,84.8736343383789,84.18233489990234,72.48355102539062
1771501870.2126613,-10.789031028747559,12.391024589538574,0.5362186431884766,66.76018524169922,84.97122192382812,84.84596252441406,71.06985473632812
1771501870.2466588,-10.603316307067871,12.574996948242188,0.2730506658554077,68.85342407226562,84.1087417602539,83.51596069335938,72.59352111816406
1771501870.278666,-11.528726577758789,12.393132209777832,0.3975569009780884,67.15550231933594,84.2994384765625,84.58828735351562,72.00534057617188
1771501870.308199,-11.527681350708008,12.198685646057129,0.060663189738988876,68.05226135253906,84.49964141845703,85.05474090576172,70.56046295166016
1771501870.3412733,-11.552750587463379,12.315394401550293,0.5177823305130005,68.07477569580078,84.58847045898438,84.14033508300781,71.60841369628906
1771501870.38928,-11.460258483886719,12.34347152709961,0.02797645516693592,68.88990020751953,84.25334930419922,84.45719146728516,71.82283782958984
1771501870.4207947,-11.71192455291748,12.100336074829102,0.0,69.39945983886719,84.19707489013672,84.67623138427734,71.71294403076172
1771501870.4427955,-11.609825134277344,12.107808113098145,0.0,69.55529022216797,84.10136413574219,84.35892486572266,71.99232482910156
1771501870.4733317,-11.048789024353027,12.250166893005371,0.2910868525505066,70.06661987304688,83.42874908447266,83.06098175048828,73.10685729980469
