t,wrist_pitch_servo,wrist_roll_servo,THUMB_servo,INDEX_servo,MIDDLE_servo,RING_servo,PINKY_servo
1771502368.5275252,45.0,91.0,100.0,0.0,0.0,0.0,0.0
1771502368.5932598,47.0,89.0,100.0,0.0,0.0,0.0,0.0
1771502368.6182673,50.0,89.0,100.0,0.0,0.0,0.0,0.0
1771502368.64999,62.0,95.0,100.0,0.0,0.0,0.0,0.0
1771502368.6799953,71.0,96.0,89.0,0.0,0.0,0.0,0.0
1771502368.7109952,79.0,100.0,50.0,0.0,0.0,0.0,0.0
1771502368.741074,81.0,100.0,28.0,0.0,0.0,0.0,0.0
1771502368.77308,80.0,101.0,17.0,0.0,0.0,0.0,0.0
1771502368.8050797,80.0,104.0,10.0,0.0,0.0,0.0,0.0
1771502368.8361385,79.0,104.0,7.0,0.0,0.0,0.0,0.0
1771502368.8636718,79.0,105.0,4.0,0.0,0.0,0.0,0.0
1771502368.8972933,79.0,107.0,3.0,0.0,0.0,0.0,0.0
1771502368.9262733,78.0,108.0,2.0,0.0,0.0,0.0,0.0
1771502368.963815,78.0,109.0,1.0,0.0,0.0,0.0,0.0
1771502368.992778,79.0,111.0,1.0,0.0,0.0,0.0,0.0
1771502369.0407825,80.0,112.0,1.0,0.0,0.0,0.0,0.0
1771502369.0713675,82.0,114.0,1.0,0.0,0.0,0.0,0.0
1771502369.100907,82.0,115.0,0.0,0.0,0.0,0.0,0.0
1771502369.1311185,83.0,116.0,0.0,0.0,0.0,0.0,0.0
1771502369.1601398,85.0,117.0,0.0,1.0,0.0,0.0,0.0
1771502369.1927037,87.0,117.0,0.0,4.0,3.0,0.0,0.0
1771502369.2247114,88.0,118.0,0.0,7.0,6.0,0.0,0.0
1771502369.2542377,90.0,119.0,0.0,10.0,10.0,3.0,0.0
1771502369.2857618,90.0,119.0,0.0,10.0,11.0,5.0,0.0
1771502369.3168926,90.0,119.0,0.0,11.0,12.0,6.0,0.0
1771502369.3599272,89.0,119.0,0.0,10.0,10.0,4.0,0.0
1771502369.3935184,89.0,119.0,0.0,9.0,9.0,3.0,0.0
1771502369.4245172,89.0,118.0,0.0,8.0,8.0,1.0,0.0
1771502369.472083,89.0,119.0,0.0,8.0,8.0,1.0,0.0
1771502369.5051653,89.0,119.0,0.0,8.0,7.0,0.0,0.0
1771502369.5349164,90.0,120.0,0.0,8.0,7.0,0.0,0.0
1771502369.5662048,90.0,120.0,0.0,8.0,7.0,0.0,0.0
1771502369.5982687,90.0,121.0,0.0,8.0,7.0,0.0,0.0
1771502369.6292052,91.0,121.0,0.0,8.0,6.0,0.0,0.0
1771502369.659745,91.0,122.0,0.0,9.0,6.0,0.0,0.0
1771502369.6907294,92.0,123.0,0.0,9.0,6.0,0.0,0.0
1771502369.7222643,92.0,123.0,0.0,9.0,6.0,0.0,0.0
1771502369.763828,92.0,123.0,0.0,10.0,6.0,0.0,0.0
1771502369.7918057,92.0,123.0,0.0,10.0,6.0,0.0,0.0
1771502369.8238044,92.0,122.0,0.0,11.0,7.0,0.0,0.0
1771502369.8563445,92.0,122.0,0.0,12.0,8.0,2.0,0.0
1771502369.904379,93.0,122.0,0.0,14.0,10.0,4.0,1.0
1771502369.9394112,93.0,123.0,0.0,14.0,10.0,5.0,2.0
1771502369.97215,94.0,123.0,0.0,16.0,12.0,7.0,3.0
1771502370.003398,95.0,123.0,0.0,16.0,12.0,7.0,3.0
1771502370.0365486,95.0,124.0,0.0,17.0,13.0,8.0,3.0
1771502370.0681033,95.0,123.0,0.0,16.0,13.0,8.0,4.0
1771502370.100069,95.0,124.0,0.0,17.0,13.0,9.0,4.0
1771502370.132214,95.0,123.0,0.0,17.0,13.0,9.0,4.0
1771502370.1633523,95.0,123.0,0.0,17.0,13.0,10.0,4.0
1771502370.1953502,95.0,123.0,0.0,17.0,13.0,10.0,4.0
1771502370.2263584,95.0,123.0,0.0,17.0,13.0,10.0,4.0
1771502370.2578158,95.0,124.0,0.0,17.0,13.0,10.0,5.0
1771502370.2898173,95.0,124.0,0.0,17.0,13.0,10.0,4.0
1771502370.3358324,95.0,123.0,0.0,17.0,13.0,10.0,4.0
1771502370.368463,95.0,124.0,0.0,17.0,13.0,10.0,5.0
1771502370.399463,95.0,124.0,0.0,17.0,13.0,10.0,5.0
1771502370.428461,95.0,124.0,0.0,17.0,13.0,10.0,4.0
1771502370.4597878,95.0,124.0,0.0,17.0,13.0,10.0,5.0
1771502370.491791,95.0,123.0,0.0,17.0,13.0,10.0,4.0
1771502370.5218387,95.0,123.0,0.0,17.0,13.0,10.0,4.0
1771502370.5851574,94.0,122.0,0.0,16.0,12.0,9.0,4.0
1771502370.6181664,93.0,121.0,0.0,15.0,12.0,8.0,3.0
1771502370.6493213,93.0,121.0,0.0,15.0,11.0,8.0,3.0
1771502370.6809874,93.0,121.0,0.0,15.0,11.0,7.0,3.0
1771502370.712963,93.0,121.0,0.0,14.0,11.0,7.0,2.0
1771502370.743601,93.0,121.0,0.0,14.0,11.0,6.0,2.0
1771502370.7742271,93.0,121.0,0.0,14.0,10.0,6.0,2.0
1771502370.8062272,92.0,121.0,0.0,13.0,10.0,5.0,2.0
1771502370.8362787,92.0,120.0,0.0,12.0,9.0,5.0,1.0
1771502370.868028,92.0,120.0,0.0,12.0,9.0,4.0,1.0
1771502370.8989031,92.0,120.0,0.0,12.0,9.0,4.0,1.0
1771502370.9319258,91.0,120.0,0.0,11.0,9.0,4.0,1.0
1771502370.962431,91.0,119.0,0.0,11.0,8.0,3.0,1.0
1771502370.994713,91.0,120.0,0.0,11.0,8.0,3.0,0.0
1771502371.0267136,91.0,120.0,0.0,11.0,8.0,3.0,0.0
1771502371.0592384,91.0,120.0,0.0,11.0,8.0,4.0,0.0
1771502371.0887487,91.0,120.0,0.0,12.0,9.0,4.0,1.0
1771502371.1218207,91.0,119.0,0.0,12.0,9.0,4.0,1.0
1771502371.1549854,91.0,119.0,0.0,11.0,8.0,3.0,1.0
1771502371.2009776,90.0,118.0,0.0,11.0,8.0,3.0,1.0
1771502371.2349842,90.0,118.0,0.0,11.0,8.0,3.0,1.0
1771502371.260811,90.0,118.0,0.0,11.0,8.0,3.0,0.0
1771502371.2907815,90.0,118.0,0.0,11.0,8.0,3.0,0.0
1771502371.3238583,90.0,118.0,0.0,11.0,8.0,3.0,0.0
1771502371.3593311,90.0,118.0,0.0,11.0,7.0,2.0,0.0
1771502371.3903453,89.0,117.0,0.0,10.0,7.0,1.0,0.0
1771502371.4240015,89.0,117.0,0.0,10.0,7.0,1.0,0.0
1771502371.4547238,89.0,117.0,0.0,10.0,7.0,1.0,0.0
1771502371.4880798,89.0,118.0,0.0,9.0,6.0,0.0,0.0
1771502371.5196488,88.0,117.0,0.0,9.0,5.0,0.0,0.0
1771502371.5506377,87.0,117.0,0.0,8.0,4.0,0.0,0.0
1771502371.5841575,87.0,117.0,1.0,8.0,3.0,0.0,0.0
1771502371.6321719,86.0,116.0,1.0,7.0,4.0,0.0,0.0
1771502371.6675854,87.0,116.0,1.0,8.0,4.0,0.0,0.0
1771502371.6966097,87.0,117.0,1.0,9.0,5.0,0.0,0.0
1771502371.7266216,88.0,117.0,0.0,9.0,6.0,0.0,0.0
1771502371.760286,88.0,117.0,0.0,9.0,6.0,0.0,0.0
1771502371.7942812,89.0,118.0,0.0,10.0,8.0,1.0,0.0
1771502371.8242817,90.0,118.0,0.0,10.0,9.0,3.0,0.0
1771502371.8558414,90.0,117.0,0.0,10.0,9.0,4.0,0.0
1771502371.8878582,90.0,118.0,0.0,10.0,10.0,6.0,1.0
1771502371.9207113,91.0,118.0,0.0,10.0,11.0,8.0,3.0
1771502371.9516957,92.0,118.0,0.0,11.0,13.0,10.0,4.0
1771502371.9862602,93.0,119.0,0.0,12.0,14.0,11.0,5.0
1771502372.0162568,94.0,119.0,0.0,13.0,14.0,12.0,5.0
1771502372.0638328,94.0,119.0,0.0,13.0,14.0,12.0,5.0
1771502372.0965445,94.0,119.0,0.0,13.0,13.0,11.0,4.0
1771502372.1195126,93.0,119.0,0.0,13.0,13.0,10.0,4.0
1771502372.1596792,93.0,119.0,0.0,12.0,11.0,9.0,4.0
1771502372.1922007,92.0,119.0,0.0,11.0,10.0,8.0,3.0
1771502372.2242641,92.0,119.0,0.0,11.0,9.0,6.0,3.0
1771502372.2563112,91.0,119.0,0.0,10.0,7.0,3.0,1.0
1771502372.2903042,90.0,119.0,0.0,10.0,6.0,1.0,0.0
1771502372.3213084,90.0,119.0,0.0,10.0,6.0,0.0,0.0
1771502372.3559153,90.0,119.0,0.0,10.0,6.0,0.0,0.0
1771502372.3835611,90.0,119.0,0.0,10.0,6.0,1.0,0.0
1771502372.4155986,90.0,119.0,0.0,10.0,7.0,1.0,0.0
1771502372.447692,90.0,119.0,0.0,11.0,7.0,2.0,0.0
1771502372.497259,90.0,118.0,0.0,11.0,7.0,1.0,0.0
1771502372.523293,90.0,118.0,0.0,11.0,7.0,2.0,0.0
1771502372.561857,90.0,118.0,0.0,11.0,7.0,2.0,0.0
1771502372.5918467,90.0,118.0,0.0,11.0,8.0,2.0,0.0
1771502372.6248474,91.0,118.0,0.0,11.0,8.0,3.0,0.0
1771502372.6564045,91.0,118.0,0.0,11.0,8.0,4.0,0.0
1771502372.6873982,91.0,117.0,0.0,10.0,9.0,5.0,1.0
1771502372.7194,91.0,117.0,0.0,10.0,9.0,6.0,1.0
1771502372.7514043,91.0,117.0,0.0,10.0,9.0,5.0,1.0
1771502372.7849295,90.0,116.0,0.0,10.0,8.0,5.0,1.0
1771502372.8159413,90.0,116.0,0.0,10.0,8.0,5.0,1.0
1771502372.8479345,90.0,116.0,0.0,10.0,8.0,5.0,1.0
1771502372.8954463,90.0,116.0,0.0,10.0,8.0,5.0,1.0
1771502372.9314742,90.0,116.0,0.0,10.0,8.0,4.0,1.0
1771502372.9652774,90.0,116.0,0.0,10.0,8.0,4.0,1.0
1771502372.995411,90.0,116.0,0.0,10.0,7.0,4.0,1.0
1771502373.0244122,90.0,116.0,0.0,10.0,7.0,3.0,1.0
1771502373.0579484,89.0,115.0,0.0,9.0,7.0,3.0,0.0
1771502373.087938,89.0,115.0,0.0,9.0,6.0,2.0,0.0
1771502373.11995,89.0,116.0,0.0,9.0,7.0,3.0,0.0
1771502373.1524076,89.0,116.0,0.0,10.0,7.0,3.0,1.0
1771502373.1836433,89.0,116.0,0.0,9.0,7.0,3.0,1.0
1771502373.217643,89.0,116.0,0.0,9.0,7.0,3.0,1.0
1771502373.247672,90.0,116.0,0.0,10.0,8.0,4.0,1.0
1771502373.3042562,90.0,116.0,0.0,10.0,8.0,4.0,1.0
1771502373.3373196,90.0,116.0,0.0,9.0,7.0,4.0,1.0
1771502373.3684125,89.0,116.0,0.0,9.0,7.0,4.0,1.0
1771502373.4013028,89.0,116.0,0.0,9.0,7.0,4.0,1.0
1771502373.431167,90.0,116.0,0.0,9.0,7.0,3.0,1.0
1771502373.4626932,90.0,117.0,0.0,9.0,8.0,4.0,1.0
1771502373.4946847,90.0,117.0,0.0,9.0,8.0,4.0,1.0
1771502373.5267982,90.0,117.0,0.0,9.0,8.0,4.0,1.0
1771502373.5603254,90.0,117.0,0.0,9.0,8.0,4.0,2.0
1771502373.5893347,90.0,117.0,0.0,9.0,8.0,4.0,2.0
1771502373.621326,90.0,117.0,0.0,10.0,8.0,4.0,1.0
1771502373.6523335,90.0,117.0,0.0,9.0,8.0,3.0,1.0
1771502373.6820397,90.0,117.0,0.0,10.0,8.0,3.0,0.0
1771502373.7130194,90.0,117.0,0.0,10.0,8.0,3.0,0.0
1771502373.7605321,89.0,117.0,0.0,10.0,7.0,2.0,0.0
1771502373.7925317,89.0,117.0,0.0,10.0,7.0,2.0,0.0
1771502373.823565,90.0,118.0,0.0,10.0,8.0,3.0,0.0
1771502373.8580515,89.0,117.0,0.0,10.0,8.0,2.0,0.0
1771502373.8880544,90.0,117.0,0.0,10.0,8.0,3.0,0.0
1771502373.9200542,90.0,117.0,0.0,10.0,8.0,3.0,0.0
1771502373.9517026,90.0,117.0,0.0,9.0,8.0,4.0,0.0
1771502373.9872618,90.0,117.0,0.0,9.0,8.0,3.0,0.0
1771502374.0162616,89.0,116.0,0.0,9.0,8.0,3.0,0.0
1771502374.047265,89.0,117.0,0.0,9.0,8.0,3.0,0.0
1771502374.0807786,89.0,117.0,0.0,9.0,7.0,3.0,0.0
1771502374.111396,89.0,117.0,0.0,8.0,7.0,3.0,0.0
1771502374.1434119,89.0,117.0,0.0,8.0,7.0,3.0,0.0
1771502374.1919367,89.0,116.0,0.0,7.0,7.0,3.0,0.0
1771502374.2259357,88.0,116.0,0.0,7.0,7.0,3.0,0.0
1771502374.2565088,88.0,117.0,0.0,8.0,7.0,3.0,0.0
1771502374.2895103,88.0,116.0,0.0,8.0,7.0,3.0,0.0
1771502374.320515,88.0,116.0,0.0,7.0,7.0,3.0,0.0
1771502374.3515193,88.0,116.0,0.0,7.0,7.0,3.0,0.0
1771502374.383662,88.0,116.0,0.0,7.0,7.0,3.0,0.0
1771502374.4157045,88.0,116.0,0.0,7.0,7.0,3.0,0.0
1771502374.4477134,88.0,116.0,0.0,7.0,7.0,3.0,1.0
1771502374.4800181,88.0,116.0,0.0,7.0,7.0,3.0,1.0
1771502374.5126302,88.0,116.0,0.0,7.0,7.0,3.0,1.0
1771502374.5436432,88.0,116.0,0.0,7.0,7.0,3.0,1.0
1771502374.5749795,88.0,116.0,0.0,7.0,6.0,3.0,1.0
1771502374.6244872,88.0,116.0,0.0,7.0,6.0,3.0,1.0
1771502374.657005,88.0,116.0,0.0,7.0,7.0,3.0,1.0
1771502374.688017,89.0,116.0,0.0,8.0,7.0,4.0,2.0
1771502374.7210066,89.0,116.0,0.0,8.0,7.0,4.0,2.0
1771502374.7520149,89.0,117.0,0.0,8.0,7.0,4.0,2.0
1771502374.7836323,89.0,117.0,0.0,8.0,7.0,4.0,2.0
1771502374.8166347,89.0,117.0,0.0,8.0,7.0,4.0,2.0
1771502374.8477087,89.0,117.0,0.0,8.0,7.0,4.0,2.0
1771502374.8792448,89.0,117.0,0.0,8.0,7.0,5.0,2.0
1771502374.9122128,89.0,117.0,0.0,8.0,7.0,5.0,2.0
1771502374.9487226,89.0,117.0,0.0,8.0,7.0,5.0,2.0
1771502374.9786286,89.0,117.0,0.0,8.0,7.0,5.0,2.0
1771502375.0096276,89.0,117.0,0.0,8.0,7.0,5.0,2.0
1771502375.0556455,90.0,117.0,0.0,9.0,8.0,5.0,2.0
1771502375.089659,89.0,117.0,0.0,8.0,8.0,5.0,2.0
1771502375.120169,90.0,117.0,0.0,8.0,8.0,5.0,2.0
1771502375.153173,89.0,117.0,0.0,8.0,7.0,5.0,2.0
1771502375.183683,89.0,117.0,0.0,8.0,8.0,5.0,2.0
1771502375.2186856,89.0,117.0,0.0,8.0,7.0,5.0,2.0
1771502375.2476974,89.0,117.0,0.0,8.0,7.0,5.0,2.0
1771502375.279739,90.0,117.0,0.0,9.0,8.0,6.0,2.0
1771502375.311743,90.0,117.0,0.0,9.0,8.0,6.0,2.0
1771502375.3447576,90.0,118.0,0.0,10.0,8.0,6.0,2.0
1771502375.3768036,90.0,118.0,0.0,10.0,8.0,6.0,2.0
1771502375.4078004,90.0,118.0,0.0,10.0,8.0,6.0,2.0
1771502375.4408028,90.0,118.0,0.0,10.0,8.0,6.0,2.0
1771502375.4867601,90.0,118.0,0.0,10.0,9.0,7.0,3.0
1771502375.5213504,90.0,118.0,0.0,9.0,9.0,6.0,2.0
1771502375.5543578,90.0,118.0,0.0,9.0,8.0,6.0,2.0
1771502375.5868824,90.0,118.0,0.0,9.0,9.0,6.0,2.0
1771502375.6188636,90.0,118.0,0.0,9.0,8.0,5.0,1.0
1771502375.6488826,90.0,119.0,0.0,10.0,8.0,5.0,1.0
1771502375.6813827,90.0,119.0,0.0,9.0,8.0,5.0,0.0
1771502375.7123923,90.0,119.0,0.0,10.0,8.0,4.0,0.0
1771502375.7433882,90.0,119.0,0.0,10.0,8.0,4.0,0.0
1771502375.7759063,90.0,119.0,0.0,10.0,8.0,4.0,0.0
1771502375.808904,90.0,120.0,0.0,10.0,8.0,4.0,0.0
1771502375.8409047,90.0,119.0,0.0,10.0,8.0,4.0,0.0
1771502375.8714259,90.0,119.0,0.0,10.0,8.0,4.0,0.0
1771502375.9194245,90.0,120.0,0.0,10.0,8.0,4.0,0.0
1771502375.9525423,90.0,119.0,0.0,10.0,8.0,4.0,0.0
1771502375.9842088,90.0,119.0,0.0,10.0,8.0,5.0,1.0
1771502376.0172076,90.0,118.0,0.0,9.0,8.0,5.0,1.0
1771502376.047214,90.0,118.0,0.0,9.0,8.0,5.0,2.0
1771502376.0797215,90.0,118.0,0.0,9.0,8.0,5.0,2.0
1771502376.1127205,90.0,118.0,0.0,9.0,8.0,5.0,2.0
1771502376.1438053,90.0,118.0,0.0,9.0,8.0,5.0,2.0
1771502376.1753333,90.0,118.0,0.0,9.0,8.0,5.0,2.0
1771502376.207322,90.0,118.0,0.0,9.0,8.0,5.0,2.0
1771502376.2403224,90.0,118.0,0.0,9.0,8.0,5.0,2.0
1771502376.2718446,90.0,118.0,0.0,8.0,8.0,5.0,2.0
1771502376.3038483,90.0,117.0,0.0,8.0,8.0,5.0,2.0
1771502376.3518515,89.0,117.0,0.0,8.0,7.0,5.0,2.0
1771502376.383361,89.0,117.0,0.0,8.0,7.0,5.0,2.0
1771502376.4153612,89.0,117.0,0.0,8.0,8.0,5.0,2.0
1771502376.4493675,90.0,117.0,0.0,8.0,8.0,5.0,2.0
1771502376.4798727,90.0,117.0,0.0,8.0,8.0,5.0,2.0
1771502376.5132003,89.0,117.0,0.0,8.0,8.0,5.0,2.0
1771502376.5444756,89.0,117.0,0.0,8.0,8.0,5.0,2.0
1771502376.576049,89.0,116.0,0.0,8.0,8.0,5.0,2.0
1771502376.607795,89.0,117.0,0.0,8.0,7.0,5.0,2.0
1771502376.639807,89.0,117.0,0.0,8.0,8.0,5.0,2.0
1771502376.672441,89.0,117.0,0.0,8.0,8.0,5.0,1.0
1771502376.7034426,89.0,117.0,0.0,8.0,8.0,4.0,1.0
1771502376.735441,90.0,118.0,0.0,9.0,8.0,4.0,1.0
1771502376.784671,90.0,119.0,0.0,9.0,8.0,4.0,1.0
1771502376.8177006,90.0,119.0,0.0,9.0,8.0,4.0,1.0
1771502376.8547003,90.0,119.0,0.0,9.0,8.0,5.0,1.0
1771502376.8827932,90.0,119.0,0.0,9.0,8.0,5.0,1.0
1771502376.913796,90.0,118.0,0.0,9.0,8.0,5.0,1.0
1771502376.9458833,90.0,118.0,0.0,9.0,8.0,5.0,1.0
1771502376.9804022,90.0,118.0,0.0,9.0,8.0,5.0,1.0
1771502377.0093994,90.0,118.0,0.0,9.0,8.0,5.0,1.0
1771502377.041402,90.0,118.0,0.0,9.0,8.0,5.0,1.0
1771502377.0719218,90.0,118.0,0.0,9.0,8.0,4.0,0.0
1771502377.107941,90.0,119.0,0.0,9.0,8.0,4.0,0.0
1771502377.1359394,90.0,118.0,0.0,9.0,8.0,4.0,0.0
1771502377.1684933,90.0,119.0,0.0,9.0,8.0,4.0,0.0
1771502377.2155316,90.0,119.0,0.0,10.0,8.0,3.0,0.0
1771502377.2485347,90.0,118.0,0.0,9.0,8.0,3.0,0.0
1771502377.2790487,90.0,118.0,0.0,9.0,8.0,3.0,0.0
1771502377.3130414,89.0,118.0,0.0,9.0,7.0,3.0,0.0
1771502377.3430412,89.0,118.0,0.0,9.0,7.0,3.0,0.0
1771502377.4013479,90.0,119.0,0.0,10.0,7.0,3.0,0.0
1771502377.433266,90.0,119.0,0.0,10.0,7.0,2.0,0.0
1771502377.4633348,90.0,119.0,0.0,10.0,7.0,2.0,0.0
1771502377.4953275,89.0,119.0,0.0,10.0,7.0,2.0,0.0
1771502377.5276775,89.0,119.0,0.0,9.0,7.0,2.0,0.0
1771502377.5581772,89.0,119.0,0.0,9.0,7.0,2.0,0.0
1771502377.5929291,89.0,118.0,0.0,9.0,7.0,1.0,0.0
1771502377.6250067,89.0,118.0,0.0,9.0,6.0,1.0,0.0
1771502377.6525118,89.0,119.0,0.0,9.0,7.0,1.0,0.0
1771502377.6825333,89.0,119.0,0.0,9.0,7.0,2.0,0.0
1771502377.7131324,89.0,119.0,0.0,10.0,7.0,2.0,0.0
1771502377.7464705,89.0,119.0,0.0,10.0,7.0,2.0,0.0
1771502377.77571,89.0,119.0,0.0,9.0,7.0,2.0,0.0
1771502377.8098857,89.0,118.0,0.0,9.0,6.0,1.0,0.0
1771502377.84322,88.0,118.0,0.0,9.0,6.0,0.0,0.0
1771502377.8747072,88.0,118.0,0.0,9.0,6.0,0.0,0.0
1771502377.903594,88.0,118.0,0.0,9.0,6.0,0.0,0.0
1771502377.9362009,88.0,118.0,0.0,9.0,6.0,0.0,0.0
1771502377.9738345,88.0,118.0,0.0,9.0,6.0,0.0,0.0
1771502378.000215,88.0,118.0,0.0,9.0,6.0,0.0,0.0
1771502378.033483,88.0,118.0,0.0,9.0,6.0,0.0,0.0
1771502378.082056,88.0,118.0,0.0,9.0,6.0,0.0,0.0
1771502378.1133819,88.0,118.0,0.0,10.0,6.0,0.0,0.0
1771502378.1433806,88.0,119.0,0.0,10.0,6.0,0.0,0.0
1771502378.1770113,88.0,118.0,0.0,10.0,6.0,1.0,0.0
1771502378.2110126,89.0,118.0,0.0,10.0,6.0,1.0,0.0
1771502378.2435822,89.0,118.0,0.0,10.0,6.0,1.0,0.0
1771502378.2760952,89.0,119.0,0.0,10.0,7.0,2.0,0.0
1771502378.3070943,89.0,119.0,0.0,10.0,7.0,2.0,0.0
1771502378.3380969,90.0,119.0,0.0,10.0,7.0,2.0,0.0
1771502378.3701067,90.0,118.0,0.0,10.0,7.0,3.0,0.0
1771502378.4019098,90.0,118.0,0.0,10.0,7.0,3.0,0.0
1771502378.4331036,90.0,118.0,0.0,10.0,7.0,3.0,0.0
1771502378.4656224,89.0,118.0,0.0,10.0,7.0,3.0,0.0
1771502378.5136225,89.0,118.0,0.0,9.0,7.0,3.0,0.0
1771502378.5447593,89.0,118.0,0.0,9.0,7.0,3.0,0.0
1771502378.5762916,89.0,118.0,0.0,9.0,7.0,3.0,0.0
1771502378.6104817,90.0,118.0,0.0,9.0,7.0,3.0,0.0
1771502378.6434917,90.0,119.0,0.0,10.0,7.0,3.0,0.0
1771502378.6720402,90.0,119.0,0.0,10.0,8.0,3.0,0.0
1771502378.7040381,90.0,119.0,0.0,10.0,8.0,4.0,0.0
1771502378.759653,90.0,119.0,0.0,10.0,8.0,4.0,0.0
1771502378.7916117,90.0,119.0,0.0,10.0,8.0,4.0,0.0
1771502378.8228478,90.0,119.0,0.0,11.0,8.0,4.0,0.0
1771502378.8528514,90.0,119.0,0.0,10.0,8.0,4.0,0.0
1771502378.8829076,90.0,119.0,0.0,10.0,8.0,4.0,0.0
1771502378.9135687,90.0,119.0,0.0,10.0,8.0,4.0,0.0
1771502378.9485736,90.0,119.0,0.0,11.0,8.0,4.0,0.0
1771502378.9780695,90.0,119.0,0.0,11.0,8.0,4.0,0.0
1771502379.0104413,90.0,119.0,0.0,11.0,8.0,3.0,0.0
1771502379.0444403,90.0,119.0,0.0,11.0,8.0,4.0,0.0
1771502379.0719562,90.0,119.0,0.0,11.0,8.0,4.0,0.0
1771502379.1091278,91.0,119.0,0.0,11.0,9.0,5.0,0.0
1771502379.1371386,91.0,119.0,0.0,12.0,9.0,5.0,0.0
1771502379.1686726,91.0,119.0,0.0,12.0,9.0,5.0,0.0
1771502379.2026725,91.0,119.0,0.0,11.0,9.0,5.0,0.0
1771502379.2316513,91.0,119.0,0.0,11.0,9.0,5.0,0.0
1771502379.269163,90.0,119.0,0.0,11.0,9.0,5.0,0.0
1771502379.2951634,90.0,119.0,0.0,11.0,8.0,4.0,0.0
1771502379.377685,89.0,118.0,0.0,10.0,7.0,2.0,0.0
1771502379.3986878,89.0,118.0,0.0,10.0,7.0,2.0,0.0
1771502379.4306858,89.0,118.0,0.0,10.0,7.0,2.0,0.0
1771502379.4611986,89.0,119.0,0.0,10.0,7.0,3.0,0.0
1771502379.491091,89.0,119.0,0.0,11.0,7.0,3.0,0.0
1771502379.523653,90.0,119.0,0.0,11.0,8.0,3.0,0.0
1771502379.553657,90.0,120.0,0.0,12.0,8.0,4.0,0.0
1771502379.5861664,90.0,120.0,0.0,12.0,9.0,4.0,0.0
1771502379.6191788,90.0,120.0,0.0,12.0,9.0,4.0,0.0
1771502379.6491897,91.0,120.0,0.0,12.0,9.0,5.0,0.0
1771502379.6807377,91.0,120.0,0.0,12.0,9.0,5.0,0.0
1771502379.7107382,91.0,120.0,0.0,12.0,9.0,5.0,0.0
1771502379.7752588,91.0,120.0,0.0,12.0,9.0,5.0,0.0
1771502379.8097813,91.0,120.0,0.0,12.0,10.0,5.0,0.0
1771502379.8393006,91.0,121.0,0.0,13.0,10.0,5.0,0.0
1771502379.8693416,91.0,121.0,0.0,13.0,10.0,5.0,0.0
1771502379.9013588,91.0,120.0,0.0,12.0,9.0,5.0,0.0
1771502379.9323585,91.0,120.0,0.0,12.0,9.0,5.0,0.0
1771502379.9646332,90.0,120.0,0.0,12.0,9.0,5.0,0.0
1771502379.9945054,90.0,120.0,0.0,12.0,9.0,5.0,0.0
1771502380.0265043,91.0,120.0,0.0,12.0,9.0,5.0,0.0
1771502380.0565114,91.0,120.0,0.0,12.0,9.0,5.0,0.0
1771502380.090044,91.0,120.0,0.0,12.0,9.0,5.0,0.0
1771502380.1210432,91.0,121.0,0.0,13.0,10.0,6.0,0.0
1771502380.1605575,91.0,121.0,0.0,13.0,10.0,6.0,0.0
1771502380.2075896,91.0,121.0,0.0,13.0,10.0,6.0,0.0
1771502380.2405832,92.0,121.0,0.0,13.0,10.0,6.0,0.0
1771502380.2610888,92.0,121.0,0.0,13.0,10.0,6.0,0.0
1771502380.2924073,91.0,121.0,0.0,13.0,10.0,6.0,0.0
1771502380.3255558,92.0,121.0,0.0,14.0,10.0,6.0,0.0
1771502380.3555868,92.0,121.0,0.0,14.0,10.0,6.0,0.0
1771502380.386111,91.0,121.0,0.0,13.0,10.0,6.0,0.0
1771502380.4191258,91.0,121.0,0.0,13.0,10.0,5.0,0.0
1771502380.450115,91.0,121.0,0.0,12.0,9.0,5.0,0.0
1771502380.482629,91.0,121.0,0.0,12.0,9.0,5.0,0.0
1771502380.5136263,91.0,121.0,0.0,13.0,9.0,5.0,0.0
1771502380.5606313,91.0,121.0,0.0,13.0,9.0,5.0,0.0
1771502380.5923417,91.0,121.0,0.0,13.0,9.0,5.0,0.0
1771502380.640349,92.0,122.0,0.0,14.0,10.0,5.0,0.0
1771502380.6718645,92.0,122.0,0.0,14.0,10.0,5.0,0.0
1771502380.7018518,92.0,122.0,0.0,14.0,10.0,6.0,0.0
1771502380.7348526,92.0,122.0,0.0,14.0,10.0,6.0,0.0
1771502380.7652824,92.0,122.0,0.0,14.0,10.0,6.0,0.0
1771502380.796282,92.0,122.0,0.0,13.0,10.0,6.0,0.0
1771502380.8292825,92.0,122.0,0.0,13.0,10.0,6.0,0.0
1771502380.860296,92.0,122.0,0.0,13.0,10.0,6.0,0.0
1771502380.890805,91.0,121.0,0.0,12.0,10.0,6.0,0.0
1771502380.9238143,91.0,121.0,0.0,12.0,10.0,5.0,0.0
1771502380.9592986,91.0,121.0,0.0,12.0,10.0,5.0,0.0
1771502380.9958904,90.0,120.0,0.0,11.0,9.0,4.0,0.0
1771502381.0258963,90.0,120.0,0.0,11.0,9.0,3.0,0.0
1771502381.0724168,88.0,119.0,0.0,10.0,7.0,1.0,0.0
1771502381.1094136,88.0,119.0,0.0,10.0,7.0,1.0,0.0
1771502381.1294167,88.0,119.0,0.0,10.0,7.0,1.0,0.0
1771502381.1604214,89.0,119.0,0.0,10.0,8.0,1.0,0.0
1771502381.192024,89.0,119.0,0.0,11.0,8.0,2.0,0.0
1771502381.2228632,89.0,119.0,0.0,11.0,8.0,3.0,0.0
1771502381.2539084,89.0,120.0,0.0,12.0,9.0,3.0,0.0
1771502381.2854073,89.0,120.0,0.0,12.0,9.0,3.0,0.0
1771502381.3174016,89.0,121.0,0.0,12.0,9.0,3.0,0.0
1771502381.3614419,90.0,121.0,0.0,12.0,9.0,3.0,0.0
1771502381.393037,90.0,121.0,0.0,12.0,9.0,4.0,0.0
1771502381.4280467,90.0,122.0,0.0,13.0,9.0,4.0,0.0
1771502381.4877143,90.0,122.0,0.0,13.0,10.0,4.0,0.0
1771502381.5208051,90.0,121.0,0.0,12.0,9.0,4.0,0.0
1771502381.5518632,90.0,121.0,0.0,13.0,10.0,4.0,0.0
1771502381.5834563,91.0,122.0,0.0,13.0,10.0,5.0,0.0
1771502381.6014206,91.0,122.0,0.0,13.0,10.0,5.0,0.0
1771502381.6354263,91.0,122.0,0.0,13.0,10.0,5.0,0.0
1771502381.664524,92.0,122.0,0.0,13.0,10.0,5.0,0.0
1771502381.6955175,92.0,122.0,0.0,12.0,10.0,5.0,0.0
1771502381.7275152,92.0,122.0,0.0,12.0,11.0,6.0,0.0
1771502381.759546,92.0,122.0,0.0,12.0,11.0,5.0,0.0
1771502381.7905924,92.0,123.0,0.0,12.0,11.0,5.0,0.0
1771502381.8236196,92.0,122.0,0.0,12.0,10.0,5.0,0.0
1771502381.8565972,92.0,122.0,0.0,11.0,10.0,4.0,0.0
1771502381.888092,92.0,122.0,0.0,11.0,10.0,4.0,0.0
1771502381.9371228,92.0,122.0,0.0,11.0,10.0,4.0,0.0
1771502381.9709604,91.0,121.0,0.0,11.0,9.0,3.0,0.0
1771502381.996854,91.0,121.0,0.0,11.0,9.0,3.0,0.0
1771502382.027858,91.0,121.0,0.0,11.0,9.0,3.0,0.0
1771502382.0573692,92.0,121.0,0.0,11.0,9.0,3.0,0.0
1771502382.088677,92.0,121.0,0.0,11.0,9.0,3.0,0.0
1771502382.119815,92.0,120.0,0.0,11.0,9.0,4.0,0.0
1771502382.159815,92.0,120.0,0.0,11.0,10.0,5.0,0.0
1771502382.1913266,92.0,120.0,0.0,11.0,11.0,7.0,1.0
1771502382.2233236,92.0,119.0,0.0,11.0,13.0,11.0,2.0
1771502382.2563303,92.0,119.0,0.0,11.0,15.0,15.0,3.0
1771502382.291842,92.0,118.0,0.0,11.0,16.0,17.0,4.0
1771502382.319874,92.0,117.0,0.0,11.0,17.0,20.0,5.0
1771502382.3674235,90.0,115.0,0.0,10.0,17.0,21.0,6.0
1771502382.4004164,89.0,115.0,0.0,9.0,17.0,23.0,7.0
1771502382.428983,89.0,114.0,0.0,8.0,17.0,23.0,8.0
1771502382.4599879,88.0,113.0,0.0,8.0,16.0,24.0,9.0
1771502382.480566,87.0,113.0,0.0,8.0,16.0,24.0,10.0
1771502382.5066333,87.0,113.0,0.0,8.0,16.0,26.0,12.0
1771502382.5607362,87.0,115.0,0.0,9.0,18.0,30.0,16.0
1771502382.5922456,88.0,115.0,0.0,10.0,19.0,32.0,18.0
1771502382.624405,87.0,116.0,0.0,11.0,18.0,33.0,19.0
1771502382.6569843,87.0,116.0,0.0,12.0,19.0,33.0,20.0
1771502382.687498,87.0,117.0,0.0,12.0,19.0,34.0,21.0
1771502382.7205126,87.0,118.0,0.0,13.0,20.0,35.0,23.0
1771502382.751496,87.0,118.0,0.0,15.0,24.0,37.0,25.0
1771502382.8000178,88.0,119.0,0.0,17.0,28.0,38.0,27.0
1771502382.8488138,89.0,119.0,0.0,19.0,30.0,39.0,28.0
1771502382.881354,89.0,120.0,0.0,21.0,32.0,39.0,28.0
1771502382.9123554,89.0,120.0,0.0,22.0,32.0,39.0,28.0
1771502382.9443543,89.0,121.0,0.0,23.0,31.0,39.0,28.0
1771502382.976868,89.0,121.0,0.0,24.0,31.0,38.0,28.0
1771502383.005887,89.0,120.0,0.0,26.0,30.0,39.0,29.0
1771502383.0378883,89.0,121.0,0.0,29.0,31.0,40.0,29.0
1771502383.0704048,89.0,122.0,0.0,30.0,31.0,41.0,30.0
1771502383.1014051,89.0,122.0,0.0,31.0,32.0,43.0,30.0
1771502383.132914,88.0,123.0,0.0,32.0,33.0,44.0,29.0
1771502383.1664515,87.0,123.0,0.0,33.0,34.0,45.0,29.0
1771502383.1969666,87.0,123.0,0.0,36.0,37.0,47.0,29.0
1771502383.2319684,86.0,124.0,0.0,37.0,39.0,48.0,29.0
1771502383.267509,85.0,125.0,0.0,37.0,40.0,49.0,29.0
1771502383.2895117,85.0,125.0,0.0,37.0,41.0,49.0,30.0
1771502383.319529,85.0,126.0,0.0,37.0,43.0,51.0,31.0
1771502383.35953,85.0,126.0,0.0,36.0,46.0,54.0,34.0
1771502383.3920474,86.0,126.0,0.0,37.0,49.0,59.0,37.0
1771502383.4240415,86.0,126.0,0.0,38.0,52.0,64.0,41.0
1771502383.4559987,86.0,126.0,0.0,38.0,54.0,67.0,44.0
1771502383.4875069,86.0,126.0,0.0,38.0,55.0,71.0,46.0
1771502383.5195198,86.0,125.0,0.0,38.0,57.0,73.0,47.0
1771502383.5525265,85.0,123.0,0.0,38.0,58.0,74.0,48.0
1771502383.5873895,83.0,121.0,0.0,39.0,59.0,76.0,48.0
1771502383.620471,81.0,117.0,0.0,39.0,61.0,76.0,49.0
1771502383.6640115,79.0,114.0,0.0,41.0,64.0,78.0,51.0
1771502383.6970036,78.0,112.0,0.0,43.0,67.0,81.0,54.0
1771502383.7230067,76.0,111.0,0.0,42.0,67.0,82.0,55.0
1771502383.7591522,76.0,111.0,0.0,47.0,70.0,85.0,57.0
1771502383.7932441,75.0,110.0,0.0,51.0,72.0,85.0,58.0
1771502383.823242,74.0,109.0,0.0,52.0,73.0,85.0,59.0
1771502383.8554914,73.0,108.0,0.0,56.0,74.0,87.0,60.0
1771502383.8890314,72.0,107.0,0.0,58.0,75.0,87.0,60.0
1771502383.9200394,71.0,107.0,0.0,60.0,75.0,87.0,61.0
1771502383.9524703,71.0,107.0,0.0,64.0,77.0,89.0,62.0
1771502383.984185,71.0,107.0,0.0,67.0,80.0,92.0,65.0
1771502384.0171838,72.0,107.0,0.0,68.0,82.0,94.0,66.0
1771502384.048184,72.0,107.0,0.0,66.0,83.0,95.0,67.0
1771502384.0967278,72.0,108.0,0.0,69.0,85.0,97.0,70.0
1771502384.1177235,72.0,108.0,0.0,70.0,86.0,98.0,71.0
1771502384.1607165,73.0,108.0,0.0,73.0,88.0,100.0,73.0
1771502384.19355,72.0,108.0,0.0,73.0,88.0,100.0,74.0
1771502384.2280812,73.0,108.0,0.0,74.0,89.0,101.0,75.0
1771502384.2591069,73.0,108.0,0.0,74.0,90.0,101.0,75.0
1771502384.2907212,73.0,109.0,0.0,74.0,90.0,102.0,77.0
1771502384.324064,73.0,109.0,0.0,75.0,90.0,103.0,79.0
1771502384.3537664,73.0,109.0,0.0,75.0,90.0,103.0,80.0
1771502384.3852782,73.0,109.0,0.0,76.0,90.0,103.0,81.0
1771502384.4172769,72.0,109.0,0.0,76.0,90.0,103.0,81.0
1771502384.449279,72.0,109.0,0.0,78.0,90.0,104.0,81.0
1771502384.480668,72.0,109.0,0.0,80.0,90.0,105.0,82.0
1771502384.529211,70.0,109.0,0.0,82.0,90.0,106.0,81.0
1771502384.5592184,69.0,109.0,0.0,83.0,90.0,106.0,79.0
1771502384.5913374,68.0,110.0,0.0,83.0,90.0,106.0,78.0
1771502384.62435,67.0,109.0,0.0,84.0,90.0,106.0,77.0
1771502384.6564634,66.0,109.0,0.0,85.0,90.0,106.0,76.0
1771502384.6869903,65.0,109.0,0.0,87.0,89.0,106.0,76.0
1771502384.7200103,65.0,109.0,0.0,89.0,89.0,107.0,76.0
1771502384.7530208,66.0,108.0,0.0,94.0,90.0,108.0,76.0
1771502384.7835374,66.0,108.0,0.0,99.0,90.0,108.0,77.0
1771502384.8145738,66.0,108.0,0.0,102.0,90.0,109.0,77.0
1771502384.8475742,67.0,107.0,0.0,104.0,90.0,110.0,77.0
1771502384.879088,67.0,107.0,0.0,106.0,90.0,110.0,77.0
1771502384.9290783,68.0,107.0,0.0,106.0,90.0,110.0,79.0
1771502384.9633517,68.0,107.0,0.0,106.0,90.0,110.0,80.0
1771502384.9968104,69.0,107.0,0.0,109.0,90.0,110.0,81.0
1771502385.026812,70.0,108.0,0.0,110.0,90.0,109.0,83.0
1771502385.0588155,72.0,108.0,0.0,110.0,90.0,109.0,86.0
1771502385.0903268,73.0,109.0,0.0,110.0,90.0,109.0,87.0
1771502385.1233194,74.0,109.0,0.0,110.0,90.0,109.0,88.0
1771502385.153344,74.0,110.0,0.0,110.0,90.0,108.0,89.0
1771502385.1858513,75.0,110.0,0.0,110.0,90.0,108.0,90.0
1771502385.217852,74.0,110.0,0.0,110.0,90.0,108.0,89.0
1771502385.2488513,75.0,110.0,0.0,110.0,90.0,108.0,90.0
1771502385.282382,75.0,111.0,0.0,110.0,90.0,108.0,90.0
1771502385.3154132,75.0,111.0,0.0,110.0,90.0,107.0,91.0
1771502385.359811,75.0,111.0,0.0,110.0,90.0,107.0,91.0
1771502385.397265,75.0,111.0,0.0,110.0,90.0,107.0,91.0
1771502385.4260106,75.0,111.0,0.0,110.0,90.0,107.0,91.0
1771502385.4559839,75.0,111.0,0.0,110.0,90.0,107.0,91.0
1771502385.487523,74.0,111.0,0.0,110.0,90.0,107.0,91.0
1771502385.5193865,74.0,111.0,0.0,110.0,90.0,107.0,91.0
1771502385.5514069,74.0,110.0,0.0,110.0,90.0,107.0,90.0
1771502385.5839283,73.0,110.0,0.0,110.0,90.0,107.0,90.0
1771502385.6167722,72.0,109.0,0.0,110.0,90.0,107.0,89.0
1771502385.6487055,71.0,108.0,0.0,110.0,90.0,108.0,88.0
1771502385.6827931,70.0,106.0,0.0,110.0,90.0,108.0,86.0
1771502385.7137926,69.0,105.0,0.0,110.0,90.0,108.0,84.0
1771502385.7457902,68.0,104.0,0.0,110.0,90.0,108.0,83.0
1771502385.7913697,66.0,103.0,0.0,110.0,90.0,107.0,81.0
1771502385.8253686,64.0,104.0,0.0,110.0,90.0,107.0,79.0
1771502385.856438,64.0,105.0,6.0,110.0,90.0,107.0,78.0
1771502385.887889,63.0,105.0,7.0,110.0,90.0,106.0,77.0
1771502385.921897,64.0,106.0,6.0,110.0,90.0,105.0,78.0
1771502385.9529002,65.0,107.0,5.0,110.0,90.0,105.0,79.0
1771502385.984207,66.0,108.0,6.0,110.0,90.0,104.0,80.0
1771502386.018222,67.0,110.0,10.0,110.0,90.0,104.0,81.0
1771502386.047206,68.0,111.0,11.0,110.0,90.0,104.0,81.0
1771502386.0806663,68.0,111.0,12.0,110.0,90.0,104.0,82.0
1771502386.1116695,68.0,112.0,18.0,110.0,90.0,104.0,82.0
1771502386.1437068,67.0,111.0,18.0,110.0,90.0,104.0,82.0
1771502386.1792293,67.0,111.0,17.0,110.0,90.0,104.0,81.0
1771502386.2242298,65.0,110.0,17.0,109.0,90.0,104.0,80.0
1771502386.2602363,65.0,109.0,18.0,110.0,90.0,105.0,81.0
1771502386.2877834,64.0,109.0,20.0,110.0,90.0,105.0,80.0
1771502386.3207855,63.0,108.0,18.0,110.0,90.0,106.0,79.0
1771502386.3517876,63.0,107.0,16.0,110.0,90.0,107.0,78.0
1771502386.3873558,63.0,106.0,14.0,109.0,90.0,107.0,79.0
1771502386.415906,62.0,106.0,13.0,109.0,90.0,108.0,79.0
1771502386.4478815,62.0,105.0,11.0,108.0,90.0,108.0,79.0
1771502386.4805186,62.0,104.0,10.0,107.0,89.0,108.0,79.0
1771502386.512104,62.0,103.0,10.0,106.0,88.0,108.0,78.0
1771502386.5448139,62.0,103.0,11.0,106.0,89.0,109.0,79.0
1771502386.5773203,62.0,102.0,13.0,107.0,89.0,109.0,79.0
1771502386.6113188,62.0,102.0,17.0,107.0,90.0,109.0,79.0
1771502386.6553257,63.0,103.0,23.0,108.0,90.0,109.0,80.0
1771502386.687316,63.0,103.0,27.0,108.0,90.0,110.0,81.0
1771502386.7193632,64.0,104.0,33.0,109.0,90.0,109.0,81.0
1771502386.7513587,64.0,105.0,39.0,109.0,90.0,110.0,82.0
1771502386.7848983,65.0,105.0,46.0,109.0,90.0,109.0,82.0
1771502386.8169217,65.0,105.0,52.0,109.0,90.0,110.0,83.0
1771502386.8479214,66.0,105.0,57.0,109.0,90.0,110.0,83.0
1771502386.8804393,66.0,105.0,61.0,109.0,90.0,110.0,83.0
1771502386.9124315,66.0,105.0,62.0,108.0,90.0,110.0,83.0
1771502386.9482436,66.0,105.0,63.0,108.0,90.0,110.0,83.0
1771502386.9797807,66.0,105.0,65.0,108.0,90.0,110.0,83.0
1771502387.01178,66.0,105.0,66.0,108.0,90.0,110.0,84.0
1771502387.042779,66.0,105.0,63.0,107.0,90.0,110.0,83.0
1771502387.0875745,66.0,105.0,60.0,106.0,90.0,110.0,83.0
1771502387.1205688,66.0,105.0,60.0,106.0,90.0,110.0,83.0
1771502387.1525757,66.0,105.0,58.0,106.0,90.0,110.0,83.0
1771502387.184098,66.0,105.0,57.0,106.0,90.0,110.0,83.0
1771502387.2161043,66.0,105.0,57.0,107.0,90.0,110.0,83.0
1771502387.2511246,66.0,105.0,57.0,107.0,90.0,110.0,83.0
1771502387.282254,67.0,106.0,55.0,107.0,90.0,110.0,83.0
1771502387.3122444,67.0,106.0,54.0,107.0,90.0,110.0,83.0
1771502387.3442433,67.0,106.0,55.0,107.0,90.0,110.0,83.0
1771502387.3757534,67.0,106.0,56.0,107.0,90.0,110.0,83.0
1771502387.4077547,68.0,106.0,58.0,108.0,90.0,110.0,83.0
1771502387.4397545,68.0,106.0,61.0,108.0,90.0,110.0,83.0
1771502387.4742756,68.0,106.0,60.0,108.0,90.0,110.0,83.0
1771502387.5197928,68.0,106.0,62.0,107.0,90.0,110.0,82.0
1771502387.552827,67.0,106.0,63.0,106.0,90.0,110.0,81.0
1771502387.5839486,66.0,106.0,62.0,102.0,90.0,109.0,79.0
1771502387.6169503,65.0,105.0,62.0,99.0,89.0,108.0,77.0
1771502387.6469388,64.0,105.0,62.0,95.0,87.0,107.0,76.0
1771502387.6814644,63.0,105.0,63.0,93.0,87.0,106.0,75.0
1771502387.711465,63.0,105.0,65.0,94.0,87.0,106.0,75.0
1771502387.7444649,64.0,105.0,68.0,98.0,87.0,107.0,75.0
1771502387.7759764,64.0,106.0,72.0,102.0,88.0,108.0,76.0
1771502387.808111,65.0,106.0,74.0,106.0,88.0,108.0,77.0
1771502387.8399775,66.0,106.0,75.0,110.0,89.0,109.0,77.0
1771502387.8726346,67.0,106.0,75.0,110.0,90.0,109.0,78.0
1771502387.9065065,67.0,106.0,76.0,110.0,90.0,109.0,78.0
1771502387.951503,68.0,106.0,76.0,110.0,90.0,109.0,79.0
1771502387.986676,69.0,106.0,74.0,110.0,90.0,109.0,79.0
1771502388.0206764,69.0,106.0,74.0,110.0,90.0,109.0,79.0
1771502388.0516882,69.0,106.0,72.0,110.0,90.0,109.0,80.0
1771502388.0822072,69.0,106.0,70.0,110.0,90.0,109.0,80.0
1771502388.1152465,69.0,106.0,66.0,110.0,90.0,109.0,80.0
1771502388.1452477,69.0,106.0,65.0,110.0,90.0,109.0,80.0
1771502388.1777794,69.0,106.0,62.0,110.0,90.0,109.0,80.0
1771502388.2087789,68.0,107.0,60.0,110.0,90.0,109.0,80.0
1771502388.23978,69.0,107.0,59.0,110.0,90.0,109.0,80.0
1771502388.272382,69.0,107.0,55.0,110.0,90.0,109.0,80.0
1771502388.30497,69.0,107.0,55.0,110.0,90.0,109.0,80.0
1771502388.337969,69.0,107.0,56.0,110.0,90.0,109.0,79.0
1771502388.3833635,69.0,108.0,55.0,110.0,90.0,109.0,79.0
1771502388.4180014,69.0,109.0,56.0,110.0,90.0,109.0,79.0
1771502388.4479918,69.0,110.0,55.0,110.0,90.0,109.0,79.0
1771502388.4805014,69.0,110.0,55.0,110.0,90.0,109.0,79.0
1771502388.5112448,70.0,111.0,56.0,110.0,90.0,109.0,79.0
1771502388.5452845,70.0,111.0,56.0,110.0,90.0,109.0,79.0
1771502388.5757978,71.0,112.0,55.0,110.0,90.0,109.0,79.0
1771502388.6078336,72.0,112.0,55.0,110.0,90.0,109.0,79.0
1771502388.639861,72.0,112.0,54.0,110.0,90.0,109.0,79.0
1771502388.672412,73.0,112.0,56.0,110.0,90.0,109.0,79.0
1771502388.7044132,74.0,113.0,60.0,110.0,90.0,107.0,80.0
1771502388.736492,75.0,114.0,62.0,110.0,90.0,106.0,81.0
1771502388.7690012,77.0,117.0,64.0,110.0,90.0,103.0,84.0
1771502388.8160088,79.0,121.0,67.0,110.0,90.0,98.0,88.0
1771502388.8490076,81.0,124.0,64.0,110.0,88.0,96.0,91.0
1771502388.88053,81.0,125.0,59.0,110.0,88.0,96.0,91.0
1771502388.9115345,80.0,125.0,58.0,110.0,89.0,97.0,91.0
1771502388.9445283,80.0,126.0,60.0,110.0,89.0,96.0,91.0
1771502388.9792008,80.0,126.0,60.0,110.0,89.0,95.0,90.0
1771502389.0084252,79.0,126.0,60.0,110.0,89.0,95.0,90.0
1771502389.0394382,79.0,126.0,61.0,110.0,89.0,95.0,90.0
1771502389.0719442,78.0,126.0,61.0,110.0,90.0,95.0,90.0
1771502389.1039464,78.0,127.0,63.0,110.0,89.0,94.0,90.0
1771502389.1364758,78.0,127.0,64.0,110.0,89.0,94.0,90.0
1771502389.167478,78.0,127.0,66.0,110.0,89.0,93.0,91.0
1771502389.2029884,77.0,127.0,68.0,110.0,89.0,93.0,91.0
1771502389.2479904,77.0,127.0,70.0,110.0,89.0,93.0,91.0
1771502389.2825396,77.0,127.0,72.0,110.0,89.0,94.0,91.0
1771502389.311531,76.0,127.0,72.0,110.0,89.0,94.0,91.0
1771502389.3435388,77.0,127.0,72.0,110.0,89.0,94.0,91.0
1771502389.3760726,77.0,127.0,71.0,110.0,90.0,94.0,91.0
1771502389.4110627,77.0,127.0,72.0,110.0,89.0,93.0,92.0
1771502389.4400706,76.0,127.0,72.0,110.0,90.0,93.0,92.0
1771502389.4725873,75.0,126.0,73.0,110.0,90.0,95.0,91.0
1771502389.503587,73.0,126.0,73.0,110.0,90.0,95.0,90.0
1771502389.5356214,73.0,125.0,66.0,110.0,90.0,96.0,89.0
1771502389.567595,73.0,123.0,50.0,110.0,90.0,97.0,88.0
1771502389.6010394,73.0,123.0,37.0,110.0,90.0,98.0,88.0
1771502389.665343,74.0,124.0,27.0,110.0,90.0,97.0,89.0
1771502389.6998649,76.0,125.0,16.0,110.0,88.0,96.0,89.0
1771502389.7283816,77.0,125.0,12.0,110.0,85.0,96.0,90.0
1771502389.7594316,78.0,126.0,9.0,110.0,85.0,96.0,90.0
1771502389.789974,78.0,126.0,6.0,110.0,84.0,95.0,90.0
1771502389.820974,78.0,126.0,5.0,110.0,85.0,96.0,90.0
1771502389.853974,78.0,126.0,4.0,110.0,85.0,96.0,90.0
1771502389.8844879,77.0,126.0,3.0,110.0,87.0,97.0,90.0
1771502389.9144862,76.0,125.0,2.0,110.0,89.0,98.0,89.0
1771502389.9460666,76.0,124.0,4.0,110.0,90.0,98.0,88.0
1771502389.9766543,75.0,124.0,5.0,110.0,90.0,99.0,87.0
1771502390.007498,73.0,123.0,8.0,110.0,90.0,99.0,86.0
1771502390.0394974,71.0,122.0,12.0,110.0,90.0,101.0,85.0
1771502390.0690084,69.0,121.0,15.0,110.0,90.0,101.0,84.0
1771502390.11654,67.0,119.0,18.0,110.0,90.0,102.0,83.0
1771502390.1485415,67.0,118.0,24.0,110.0,90.0,103.0,83.0
1771502390.1790545,66.0,117.0,31.0,110.0,90.0,103.0,83.0
1771502390.2100577,66.0,117.0,35.0,110.0,90.0,103.0,82.0
1771502390.243057,65.0,116.0,38.0,110.0,90.0,104.0,82.0
1771502390.2756114,64.0,115.0,39.0,110.0,90.0,105.0,81.0
1771502390.304612,63.0,115.0,38.0,110.0,90.0,106.0,80.0
1771502390.3386042,63.0,114.0,38.0,110.0,90.0,106.0,80.0
1771502390.3711202,63.0,114.0,38.0,110.0,90.0,106.0,80.0
1771502390.4011192,63.0,114.0,37.0,110.0,90.0,107.0,80.0
1771502390.4331174,63.0,114.0,37.0,110.0,90.0,107.0,80.0
1771502390.4652038,63.0,113.0,37.0,110.0,90.0,107.0,80.0
1771502390.5158694,63.0,112.0,36.0,110.0,90.0,107.0,80.0
1771502390.5458674,63.0,112.0,37.0,110.0,90.0,107.0,80.0
1771502390.5756135,63.0,112.0,40.0,110.0,90.0,107.0,81.0
1771502390.6084292,63.0,113.0,44.0,110.0,90.0,107.0,81.0
1771502390.6374304,64.0,113.0,47.0,110.0,90.0,107.0,82.0
1771502390.67094,64.0,113.0,52.0,110.0,90.0,107.0,82.0
1771502390.705455,64.0,114.0,54.0,110.0,90.0,107.0,82.0
1771502390.7354572,65.0,114.0,57.0,110.0,90.0,107.0,82.0
1771502390.7684705,65.0,114.0,59.0,110.0,90.0,106.0,82.0
1771502390.7999942,65.0,114.0,61.0,110.0,90.0,106.0,82.0
1771502390.8320224,65.0,113.0,63.0,110.0,90.0,106.0,82.0
1771502390.8637547,65.0,113.0,62.0,110.0,90.0,106.0,81.0
1771502390.8969228,65.0,113.0,61.0,110.0,90.0,106.0,81.0
1771502390.9778938,66.0,113.0,61.0,110.0,90.0,105.0,81.0
1771502391.0098917,66.0,113.0,61.0,110.0,90.0,105.0,81.0
1771502391.0408945,66.0,114.0,61.0,110.0,90.0,104.0,82.0
1771502391.0755079,66.0,114.0,59.0,110.0,90.0,104.0,82.0
1771502391.1065106,66.0,114.0,55.0,110.0,90.0,104.0,83.0
1771502391.138572,67.0,115.0,55.0,110.0,90.0,103.0,84.0
1771502391.1700678,67.0,115.0,54.0,110.0,90.0,103.0,84.0
1771502391.200085,67.0,115.0,51.0,110.0,90.0,103.0,85.0
1771502391.2300844,67.0,115.0,50.0,110.0,90.0,103.0,86.0
1771502391.2610972,67.0,116.0,46.0,110.0,90.0,103.0,86.0
1771502391.293735,67.0,117.0,40.0,110.0,90.0,103.0,87.0
1771502391.3257022,67.0,117.0,37.0,110.0,90.0,103.0,88.0
1771502391.3808906,67.0,119.0,36.0,110.0,90.0,103.0,89.0
1771502391.4087677,67.0,120.0,39.0,110.0,90.0,102.0,90.0
1771502391.4346988,67.0,122.0,42.0,110.0,90.0,102.0,91.0
1771502391.4667141,67.0,123.0,44.0,110.0,90.0,102.0,92.0
1771502391.4974103,67.0,123.0,47.0,110.0,90.0,101.0,92.0
1771502391.5304174,67.0,124.0,49.0,110.0,90.0,101.0,93.0
1771502391.562423,67.0,126.0,53.0,110.0,90.0,100.0,94.0
1771502391.593949,68.0,127.0,62.0,110.0,90.0,99.0,95.0
1771502391.6259508,69.0,127.0,67.0,110.0,90.0,98.0,96.0
1771502391.656999,69.0,127.0,69.0,110.0,90.0,98.0,95.0
1771502391.6900783,69.0,128.0,70.0,110.0,90.0,97.0,95.0
1771502391.7211604,68.0,127.0,73.0,110.0,90.0,97.0,95.0
1771502391.759618,68.0,127.0,75.0,110.0,90.0,98.0,94.0
1771502391.8101244,67.0,126.0,78.0,110.0,90.0,98.0,92.0
1771502391.8411207,66.0,125.0,80.0,110.0,90.0,99.0,91.0
1771502391.863125,66.0,125.0,81.0,110.0,90.0,99.0,91.0
1771502391.8922958,65.0,125.0,84.0,110.0,90.0,99.0,91.0
1771502391.9242988,65.0,125.0,91.0,110.0,90.0,100.0,90.0
1771502391.9573672,64.0,124.0,100.0,110.0,90.0,100.0,90.0
1771502391.9884946,64.0,124.0,100.0,110.0,90.0,101.0,90.0
1771502392.0200183,64.0,123.0,100.0,110.0,90.0,101.0,90.0
1771502392.053067,64.0,123.0,100.0,110.0,90.0,101.0,90.0
1771502392.0861173,64.0,122.0,100.0,110.0,90.0,101.0,90.0
1771502392.1161172,64.0,122.0,100.0,110.0,90.0,102.0,89.0
1771502392.1593637,65.0,121.0,100.0,110.0,90.0,102.0,89.0
1771502392.19288,65.0,121.0,100.0,110.0,90.0,102.0,89.0
1771502392.2428794,65.0,121.0,100.0,110.0,90.0,102.0,89.0
1771502392.275142,65.0,121.0,100.0,110.0,90.0,102.0,89.0
1771502392.3021371,65.0,121.0,100.0,110.0,90.0,102.0,89.0
1771502392.3357906,65.0,121.0,100.0,110.0,90.0,102.0,89.0
1771502392.3968086,65.0,121.0,100.0,110.0,90.0,102.0,89.0
1771502392.431813,65.0,121.0,100.0,110.0,90.0,101.0,90.0
1771502392.460817,65.0,122.0,100.0,110.0,90.0,100.0,90.0
1771502392.4921727,65.0,122.0,100.0,110.0,90.0,100.0,90.0
1771502392.5241594,65.0,122.0,100.0,110.0,90.0,99.0,91.0
1771502392.5562153,65.0,123.0,100.0,110.0,90.0,99.0,91.0
1771502392.5866437,65.0,123.0,100.0,110.0,90.0,98.0,91.0
1771502392.6186345,65.0,123.0,100.0,110.0,90.0,98.0,91.0
1771502392.6486309,65.0,123.0,100.0,110.0,90.0,97.0,91.0
1771502392.6791492,65.0,124.0,100.0,110.0,90.0,97.0,91.0
1771502392.7121506,65.0,124.0,100.0,110.0,90.0,97.0,92.0
1771502392.7441516,65.0,124.0,100.0,110.0,90.0,97.0,92.0
1771502392.7746627,65.0,123.0,100.0,110.0,90.0,97.0,92.0
1771502392.8048437,65.0,123.0,100.0,110.0,90.0,97.0,92.0
1771502392.8368425,65.0,123.0,100.0,110.0,90.0,97.0,92.0
1771502392.8668845,65.0,123.0,100.0,110.0,90.0,97.0,91.0
1771502392.8994856,65.0,123.0,100.0,110.0,90.0,97.0,91.0
1771502392.9304876,65.0,123.0,100.0,110.0,90.0,97.0,91.0
1771502392.9612074,65.0,123.0,100.0,110.0,90.0,97.0,91.0
1771502392.9930506,65.0,123.0,100.0,110.0,90.0,97.0,91.0
1771502393.0250497,65.0,123.0,100.0,110.0,90.0,97.0,91.0
1771502393.0580566,65.0,123.0,100.0,110.0,90.0,96.0,91.0
1771502393.1045709,65.0,123.0,100.0,110.0,90.0,96.0,91.0
1771502393.1376038,64.0,123.0,100.0,110.0,90.0,97.0,91.0
1771502393.1661143,64.0,123.0,100.0,110.0,90.0,96.0,91.0
1771502393.1967163,64.0,122.0,100.0,110.0,90.0,96.0,91.0
1771502393.228717,64.0,122.0,100.0,110.0,90.0,96.0,91.0
1771502393.2607355,64.0,121.0,100.0,110.0,90.0,96.0,91.0
1771502393.2919843,64.0,121.0,100.0,110.0,90.0,97.0,91.0
1771502393.321984,64.0,121.0,100.0,110.0,90.0,96.0,90.0
1771502393.3599818,64.0,122.0,100.0,110.0,90.0,95.0,90.0
1771502393.392235,64.0,123.0,100.0,110.0,90.0,94.0,90.0
1771502393.4252224,64.0,123.0,100.0,110.0,90.0,93.0,90.0
1771502393.456224,64.0,124.0,100.0,110.0,90.0,92.0,90.0
1771502393.4887407,64.0,124.0,100.0,110.0,90.0,92.0,91.0
1771502393.5377643,64.0,125.0,100.0,110.0,90.0,91.0,91.0
1771502393.56883,64.0,125.0,100.0,110.0,90.0,91.0,91.0
1771502393.5893116,64.0,125.0,100.0,110.0,90.0,91.0,91.0
1771502393.6204035,65.0,125.0,100.0,110.0,90.0,91.0,91.0
1771502393.6534083,65.0,125.0,100.0,110.0,90.0,91.0,91.0
1771502393.6839132,65.0,125.0,100.0,110.0,90.0,91.0,91.0
1771502393.7159114,65.0,125.0,100.0,110.0,90.0,91.0,91.0
1771502393.7609177,65.0,125.0,100.0,110.0,90.0,91.0,91.0
1771502393.7924745,65.0,124.0,100.0,110.0,90.0,91.0,91.0
1771502393.8234675,65.0,124.0,100.0,110.0,90.0,91.0,91.0
1771502393.8564749,65.0,124.0,100.0,110.0,90.0,92.0,91.0
1771502393.8874102,66.0,124.0,100.0,110.0,90.0,92.0,91.0
1771502393.9200296,66.0,124.0,100.0,110.0,90.0,92.0,91.0
1771502393.9728382,66.0,123.0,100.0,110.0,90.0,93.0,90.0
1771502394.0011377,66.0,123.0,100.0,110.0,90.0,94.0,90.0
1771502394.0281367,66.0,123.0,100.0,110.0,90.0,95.0,90.0
1771502394.0581388,66.0,123.0,100.0,110.0,90.0,95.0,90.0
1771502394.0906565,66.0,122.0,100.0,110.0,90.0,95.0,89.0
1771502394.1220496,66.0,122.0,100.0,110.0,90.0,96.0,89.0
1771502394.1636906,66.0,122.0,100.0,110.0,90.0,96.0,88.0
1771502394.191198,66.0,122.0,100.0,110.0,90.0,97.0,88.0
1771502394.2247255,66.0,121.0,100.0,110.0,90.0,97.0,88.0
1771502394.2557719,66.0,121.0,100.0,110.0,90.0,98.0,88.0
1771502394.286871,65.0,120.0,100.0,110.0,90.0,98.0,87.0
1771502394.319871,65.0,120.0,100.0,110.0,90.0,99.0,87.0
1771502394.3518682,65.0,120.0,100.0,110.0,90.0,99.0,87.0
1771502394.4043863,64.0,120.0,100.0,110.0,90.0,99.0,87.0
1771502394.4323828,63.0,120.0,100.0,110.0,90.0,98.0,87.0
1771502394.4634025,63.0,121.0,100.0,110.0,90.0,97.0,86.0
1771502394.494903,63.0,122.0,100.0,110.0,90.0,95.0,86.0
1771502394.5259857,63.0,123.0,100.0,110.0,90.0,94.0,86.0
1771502394.5609462,64.0,123.0,100.0,110.0,90.0,94.0,86.0
1771502394.594363,64.0,123.0,100.0,110.0,90.0,94.0,86.0
1771502394.6243818,64.0,123.0,100.0,110.0,90.0,93.0,86.0
1771502394.656387,64.0,124.0,100.0,110.0,90.0,92.0,87.0
1771502394.686898,64.0,124.0,100.0,110.0,90.0,91.0,87.0
1771502394.7198985,64.0,124.0,100.0,110.0,90.0,92.0,87.0
1771502394.7518952,64.0,124.0,100.0,110.0,90.0,92.0,87.0
1771502394.7835329,64.0,124.0,100.0,110.0,90.0,92.0,87.0
1771502394.8315332,64.0,125.0,100.0,110.0,90.0,91.0,86.0
1771502394.8645911,63.0,125.0,100.0,110.0,90.0,91.0,86.0
1771502394.886108,63.0,126.0,100.0,110.0,90.0,90.0,86.0
1771502394.9161959,64.0,127.0,100.0,110.0,90.0,90.0,86.0
1771502394.9602692,64.0,127.0,100.0,110.0,90.0,89.0,87.0
1771502394.9922385,64.0,127.0,100.0,110.0,90.0,89.0,88.0
1771502395.0273314,64.0,126.0,100.0,110.0,90.0,90.0,88.0
1771502395.0573306,64.0,125.0,100.0,110.0,90.0,90.0,89.0
1771502395.0898488,64.0,124.0,100.0,110.0,90.0,93.0,89.0
1771502395.1198487,64.0,123.0,100.0,110.0,90.0,94.0,89.0
1771502395.1518488,64.0,122.0,100.0,110.0,90.0,95.0,89.0
1771502395.1843588,64.0,122.0,100.0,110.0,90.0,96.0,89.0
1771502395.2173731,64.0,121.0,100.0,110.0,90.0,97.0,89.0
1771502395.2663767,65.0,119.0,100.0,110.0,90.0,100.0,89.0
1771502395.2968924,66.0,116.0,100.0,110.0,90.0,103.0,89.0
1771502395.3259053,68.0,113.0,95.0,110.0,90.0,104.0,89.0
1771502395.3599324,71.0,110.0,87.0,110.0,90.0,105.0,92.0
1771502395.3924444,75.0,108.0,90.0,110.0,90.0,103.0,94.0
1771502395.4234421,78.0,107.0,92.0,110.0,89.0,102.0,96.0
1771502395.4564452,80.0,107.0,100.0,109.0,88.0,101.0,97.0
1771502395.4869602,82.0,106.0,100.0,108.0,87.0,99.0,98.0
1771502395.518956,81.0,106.0,100.0,107.0,87.0,99.0,99.0
1771502395.5519578,80.0,106.0,100.0,106.0,87.0,99.0,99.0
1771502395.5844896,81.0,106.0,100.0,106.0,86.0,99.0,99.0
1771502395.6164877,81.0,105.0,100.0,106.0,87.0,99.0,99.0
1771502395.647488,81.0,105.0,100.0,105.0,87.0,99.0,100.0
1771502395.7004302,80.0,105.0,100.0,105.0,87.0,100.0,99.0
1771502395.7294307,80.0,105.0,100.0,105.0,87.0,100.0,99.0
1771502395.7602181,80.0,105.0,100.0,105.0,87.0,100.0,99.0
1771502395.7907448,80.0,105.0,100.0,105.0,87.0,100.0,99.0
1771502395.8237379,80.0,105.0,100.0,106.0,87.0,100.0,99.0
1771502395.8557403,80.0,105.0,100.0,106.0,87.0,100.0,98.0
1771502395.8911383,80.0,105.0,100.0,107.0,88.0,101.0,98.0
1771502395.9241402,79.0,105.0,100.0,107.0,88.0,101.0,97.0
1771502395.9571426,79.0,105.0,99.0,108.0,89.0,102.0,97.0
1771502395.9877799,77.0,105.0,97.0,108.0,89.0,102.0,96.0
1771502396.0195382,77.0,104.0,94.0,109.0,90.0,103.0,96.0
1771502396.0505385,76.0,104.0,91.0,109.0,90.0,104.0,96.0
1771502396.0820496,75.0,104.0,87.0,110.0,90.0,104.0,96.0
1771502396.1300437,75.0,104.0,85.0,109.0,90.0,105.0,96.0
1771502396.162055,75.0,104.0,84.0,110.0,90.0,105.0,96.0
1771502396.1915548,75.0,104.0,83.0,109.0,90.0,105.0,96.0
1771502396.2245526,74.0,104.0,83.0,110.0,90.0,105.0,96.0
1771502396.255561,74.0,104.0,82.0,110.0,90.0,106.0,96.0
1771502396.2870855,74.0,103.0,80.0,110.0,90.0,107.0,96.0
1771502396.3200834,74.0,103.0,80.0,109.0,90.0,107.0,96.0
1771502396.353171,74.0,103.0,79.0,110.0,90.0,107.0,95.0
1771502396.383686,73.0,103.0,79.0,109.0,90.0,107.0,95.0
1771502396.4162068,73.0,103.0,78.0,110.0,90.0,107.0,95.0
1771502396.448285,73.0,104.0,77.0,110.0,90.0,107.0,95.0
1771502396.4879766,73.0,104.0,76.0,110.0,90.0,108.0,94.0
1771502396.5283363,73.0,104.0,75.0,110.0,90.0,108.0,94.0
1771502396.5623393,73.0,104.0,75.0,110.0,90.0,108.0,94.0
1771502396.5918713,73.0,104.0,75.0,110.0,90.0,108.0,94.0
1771502396.6248758,72.0,104.0,74.0,110.0,90.0,108.0,93.0
1771502396.6558654,72.0,104.0,74.0,110.0,90.0,108.0,93.0
1771502396.6883903,72.0,104.0,73.0,110.0,90.0,108.0,92.0
1771502396.7193859,72.0,104.0,74.0,110.0,90.0,108.0,92.0
1771502396.750387,72.0,104.0,74.0,110.0,90.0,108.0,92.0
1771502396.7839057,72.0,104.0,74.0,110.0,90.0,108.0,92.0
1771502396.8169062,72.0,104.0,76.0,110.0,90.0,107.0,92.0
1771502396.8479073,72.0,104.0,75.0,110.0,90.0,108.0,92.0
1771502396.8814318,72.0,104.0,73.0,110.0,90.0,108.0,92.0
1771502396.9114606,72.0,104.0,72.0,110.0,90.0,108.0,92.0
1771502396.95946,71.0,104.0,71.0,110.0,90.0,109.0,92.0
1771502396.9966743,71.0,104.0,71.0,110.0,90.0,109.0,92.0
1771502397.0246737,72.0,104.0,71.0,110.0,90.0,109.0,92.0
1771502397.056681,72.0,104.0,71.0,110.0,90.0,108.0,92.0
1771502397.0891912,71.0,104.0,72.0,110.0,90.0,108.0,92.0
1771502397.1191854,71.0,104.0,71.0,110.0,90.0,108.0,92.0
1771502397.1511855,71.0,104.0,71.0,110.0,90.0,109.0,92.0
1771502397.1838171,71.0,104.0,70.0,110.0,90.0,109.0,92.0
1771502397.2188256,71.0,104.0,69.0,110.0,90.0,109.0,92.0
1771502397.2478185,71.0,105.0,70.0,110.0,90.0,109.0,92.0
1771502397.2793512,71.0,104.0,69.0,110.0,90.0,108.0,92.0
1771502397.3103435,71.0,104.0,69.0,110.0,90.0,108.0,92.0
1771502397.34335,71.0,104.0,69.0,110.0,90.0,108.0,92.0
1771502397.3914986,71.0,104.0,69.0,110.0,90.0,108.0,92.0
1771502397.4244924,71.0,104.0,68.0,110.0,90.0,108.0,92.0
1771502397.4555018,71.0,105.0,66.0,110.0,90.0,109.0,92.0
1771502397.4875338,71.0,105.0,66.0,110.0,90.0,109.0,92.0
1771502397.5206017,71.0,104.0,67.0,110.0,90.0,109.0,92.0
1771502397.5511217,71.0,105.0,67.0,110.0,90.0,109.0,92.0
1771502397.5861435,71.0,105.0,68.0,110.0,90.0,109.0,92.0
1771502397.616145,71.0,105.0,69.0,110.0,90.0,109.0,92.0
1771502397.6491423,71.0,105.0,68.0,110.0,90.0,109.0,92.0
1771502397.67967,71.0,105.0,69.0,110.0,90.0,109.0,92.0
1771502397.7116659,71.0,105.0,68.0,110.0,90.0,109.0,92.0
1771502397.743663,71.0,105.0,70.0,110.0,90.0,108.0,92.0
1771502397.776112,71.0,105.0,69.0,110.0,90.0,109.0,92.0
1771502397.849024,71.0,105.0,69.0,110.0,90.0,109.0,91.0
1771502397.8815382,71.0,105.0,67.0,110.0,90.0,109.0,91.0
1771502397.9135373,71.0,105.0,68.0,110.0,90.0,109.0,91.0
1771502397.9445388,71.0,105.0,68.0,110.0,90.0,109.0,91.0
1771502397.9750454,71.0,105.0,69.0,110.0,90.0,109.0,91.0
1771502398.006053,70.0,105.0,69.0,110.0,90.0,109.0,91.0
1771502398.0380504,70.0,105.0,69.0,110.0,90.0,109.0,91.0
1771502398.0690577,70.0,105.0,69.0,110.0,90.0,109.0,92.0
1771502398.098634,70.0,106.0,69.0,110.0,90.0,109.0,92.0
1771502398.1286356,70.0,105.0,68.0,110.0,90.0,109.0,92.0
1771502398.1606426,70.0,105.0,68.0,110.0,90.0,109.0,92.0
1771502398.1921513,70.0,105.0,68.0,110.0,90.0,109.0,92.0
1771502398.22315,70.0,105.0,68.0,110.0,90.0,109.0,92.0
1771502398.2561498,70.0,105.0,67.0,110.0,90.0,109.0,92.0
1771502398.2896657,71.0,105.0,66.0,110.0,90.0,109.0,92.0
1771502398.321666,71.0,105.0,67.0,110.0,90.0,108.0,92.0
1771502398.3516939,71.0,105.0,67.0,110.0,90.0,108.0,92.0
1771502398.3872113,71.0,105.0,65.0,110.0,90.0,107.0,93.0
1771502398.4152112,71.0,105.0,65.0,110.0,90.0,107.0,93.0
1771502398.447872,71.0,105.0,66.0,110.0,90.0,107.0,93.0
1771502398.4804096,71.0,105.0,66.0,110.0,90.0,107.0,93.0
1771502398.514404,71.0,104.0,64.0,110.0,90.0,107.0,93.0
1771502398.545415,71.0,104.0,63.0,110.0,90.0,107.0,93.0
1771502398.5759263,71.0,104.0,62.0,110.0,90.0,107.0,93.0
1771502398.6074684,71.0,104.0,60.0,110.0,90.0,107.0,93.0
1771502398.640523,71.0,105.0,58.0,110.0,90.0,108.0,93.0
1771502398.688595,70.0,105.0,56.0,110.0,90.0,108.0,92.0
1771502398.7235873,70.0,106.0,56.0,110.0,90.0,107.0,92.0
1771502398.757589,69.0,106.0,57.0,110.0,90.0,107.0,92.0
1771502398.7881203,69.0,108.0,61.0,110.0,90.0,106.0,91.0
1771502398.82011,69.0,109.0,63.0,110.0,90.0,106.0,90.0
1771502398.8501163,69.0,111.0,66.0,110.0,90.0,105.0,90.0
1771502398.8816364,68.0,112.0,67.0,110.0,90.0,104.0,90.0
1771502398.9126437,68.0,113.0,69.0,110.0,90.0,103.0,89.0
1771502398.9446359,67.0,114.0,72.0,110.0,90.0,103.0,89.0
1771502398.9775836,67.0,114.0,73.0,110.0,90.0,103.0,89.0
1771502399.0077658,67.0,114.0,75.0,110.0,90.0,102.0,89.0
1771502399.041768,67.0,114.0,76.0,110.0,90.0,102.0,89.0
1771502399.0727715,67.0,114.0,76.0,110.0,90.0,102.0,89.0
1771502399.119315,67.0,114.0,74.0,110.0,90.0,103.0,89.0
1771502399.155349,67.0,113.0,73.0,110.0,90.0,103.0,88.0
1771502399.2084084,67.0,113.0,73.0,110.0,90.0,103.0,88.0
1771502399.2414129,67.0,113.0,71.0,110.0,90.0,103.0,87.0
1771502399.2734156,67.0,113.0,71.0,110.0,90.0,103.0,87.0
1771502399.302968,67.0,113.0,71.0,110.0,90.0,104.0,87.0
1771502399.3339746,67.0,114.0,71.0,110.0,90.0,104.0,87.0
1771502399.3664865,67.0,114.0,71.0,110.0,90.0,104.0,87.0
1771502399.3985982,66.0,114.0,72.0,110.0,90.0,103.0,87.0
1771502399.429547,66.0,115.0,73.0,110.0,90.0,103.0,87.0
1771502399.460546,66.0,116.0,74.0,110.0,90.0,102.0,88.0
1771502399.491116,66.0,119.0,77.0,110.0,90.0,100.0,88.0
1771502399.5221045,66.0,120.0,79.0,110.0,90.0,99.0,88.0
1771502399.553102,66.0,121.0,81.0,110.0,90.0,99.0,88.0
1771502399.589128,66.0,122.0,82.0,110.0,90.0,98.0,88.0
1771502399.6151242,67.0,123.0,87.0,110.0,90.0,97.0,89.0
1771502399.6480749,67.0,123.0,89.0,110.0,90.0,97.0,89.0
1771502399.6805913,67.0,124.0,88.0,110.0,90.0,97.0,89.0
1771502399.7126675,67.0,124.0,88.0,110.0,90.0,97.0,89.0
1771502399.7447035,67.0,124.0,89.0,110.0,90.0,97.0,89.0
1771502399.774878,67.0,125.0,90.0,110.0,90.0,96.0,90.0
1771502399.808429,67.0,126.0,93.0,110.0,90.0,95.0,90.0
1771502399.8395169,67.0,127.0,93.0,110.0,90.0,94.0,90.0
1771502399.8715508,67.0,128.0,98.0,110.0,90.0,93.0,91.0
1771502399.903965,67.0,128.0,100.0,110.0,90.0,92.0,91.0
1771502399.9359608,67.0,129.0,100.0,110.0,90.0,92.0,91.0
1771502399.9847586,67.0,129.0,100.0,110.0,90.0,92.0,91.0
1771502400.0204277,67.0,129.0,100.0,110.0,90.0,92.0,92.0
1771502400.0534225,67.0,129.0,100.0,110.0,90.0,92.0,92.0
1771502400.083941,67.0,129.0,100.0,110.0,90.0,92.0,92.0
1771502400.1159396,67.0,130.0,100.0,110.0,90.0,92.0,92.0
1771502400.146938,67.0,130.0,100.0,110.0,90.0,91.0,92.0
1771502400.1770203,66.0,130.0,100.0,110.0,90.0,91.0,92.0
1771502400.2110312,66.0,130.0,100.0,110.0,90.0,91.0,92.0
1771502400.2420287,66.0,130.0,100.0,110.0,90.0,91.0,92.0
1771502400.2730405,66.0,129.0,100.0,110.0,90.0,91.0,92.0
1771502400.305148,66.0,129.0,100.0,110.0,90.0,92.0,92.0
1771502400.336146,66.0,129.0,100.0,110.0,90.0,92.0,92.0
1771502400.3681512,66.0,129.0,100.0,110.0,90.0,93.0,92.0
1771502400.4156888,66.0,128.0,100.0,110.0,90.0,93.0,92.0
1771502400.453681,66.0,128.0,100.0,110.0,90.0,93.0,91.0
1771502400.4802113,66.0,129.0,100.0,110.0,90.0,93.0,91.0
1771502400.5122101,66.0,129.0,100.0,110.0,90.0,93.0,91.0
1771502400.5701306,66.0,129.0,100.0,110.0,90.0,93.0,91.0
1771502400.6016421,66.0,129.0,100.0,110.0,90.0,93.0,91.0
1771502400.6326506,66.0,129.0,100.0,110.0,90.0,93.0,91.0
1771502400.6636505,66.0,129.0,100.0,110.0,90.0,93.0,91.0
1771502400.6931596,66.0,129.0,100.0,110.0,90.0,93.0,91.0
1771502400.7265608,66.0,129.0,100.0,110.0,90.0,93.0,91.0
1771502400.7561653,66.0,129.0,100.0,110.0,90.0,93.0,91.0
1771502400.7886815,66.0,129.0,100.0,110.0,90.0,93.0,91.0
1771502400.819734,66.0,129.0,100.0,110.0,90.0,93.0,91.0
1771502400.8512983,66.0,129.0,100.0,110.0,90.0,94.0,91.0
1771502400.8838036,66.0,129.0,100.0,110.0,90.0,94.0,91.0
1771502400.9118102,66.0,129.0,100.0,110.0,90.0,94.0,91.0
1771502400.9438024,66.0,129.0,100.0,110.0,90.0,94.0,91.0
1771502400.9787376,66.0,129.0,100.0,110.0,90.0,94.0,91.0
1771502401.0090663,67.0,129.0,100.0,110.0,90.0,94.0,91.0
1771502401.0417864,67.0,129.0,100.0,110.0,90.0,95.0,91.0
1771502401.071791,67.0,129.0,100.0,110.0,90.0,95.0,91.0
1771502401.1072993,67.0,129.0,100.0,110.0,90.0,95.0,91.0
1771502401.1352997,67.0,129.0,100.0,110.0,90.0,95.0,91.0
1771502401.167818,67.0,129.0,100.0,110.0,90.0,94.0,91.0
1771502401.2043574,67.0,129.0,100.0,110.0,90.0,95.0,91.0
1771502401.2343557,66.0,129.0,100.0,110.0,90.0,94.0,91.0
1771502401.2798805,66.0,129.0,100.0,110.0,90.0,94.0,91.0
1771502401.3148913,66.0,129.0,100.0,110.0,90.0,94.0,91.0
1771502401.3478785,66.0,129.0,100.0,110.0,90.0,94.0,91.0
1771502401.3784103,66.0,129.0,100.0,110.0,90.0,94.0,91.0
1771502401.4094005,66.0,129.0,100.0,110.0,90.0,93.0,91.0
1771502401.4414015,66.0,130.0,100.0,110.0,90.0,93.0,91.0
1771502401.4744053,67.0,130.0,100.0,110.0,90.0,93.0,91.0
1771502401.5059123,66.0,130.0,100.0,110.0,90.0,93.0,91.0
1771502401.5396497,66.0,130.0,100.0,110.0,90.0,94.0,91.0
1771502401.5689716,67.0,130.0,100.0,110.0,90.0,94.0,91.0
1771502401.5994766,67.0,129.0,100.0,110.0,90.0,94.0,91.0
1771502401.63148,67.0,129.0,100.0,110.0,90.0,94.0,91.0
1771502401.663481,67.0,129.0,100.0,110.0,90.0,94.0,91.0
1771502401.7145405,67.0,130.0,100.0,110.0,90.0,94.0,91.0
1771502401.7465484,67.0,129.0,100.0,110.0,90.0,94.0,91.0
1771502401.7755563,67.0,130.0,100.0,110.0,90.0,94.0,91.0
1771502401.808089,67.0,129.0,100.0,110.0,90.0,94.0,91.0
1771502401.8400826,67.0,129.0,100.0,110.0,90.0,94.0,91.0
1771502401.8700936,67.0,129.0,100.0,110.0,90.0,94.0,91.0
1771502401.9042113,67.0,129.0,100.0,110.0,90.0,94.0,91.0
1771502401.943129,67.0,129.0,100.0,110.0,90.0,94.0,91.0
1771502401.9786496,67.0,129.0,100.0,110.0,90.0,94.0,91.0
1771502402.006649,67.0,130.0,100.0,110.0,90.0,94.0,91.0
1771502402.0366495,67.0,130.0,100.0,110.0,90.0,94.0,91.0
1771502402.0686526,67.0,130.0,100.0,110.0,90.0,93.0,90.0
1771502402.1005933,67.0,130.0,100.0,110.0,90.0,93.0,90.0
1771502402.1471734,67.0,129.0,100.0,110.0,90.0,93.0,90.0
1771502402.179688,67.0,129.0,100.0,110.0,90.0,93.0,90.0
1771502402.2106888,67.0,129.0,100.0,110.0,90.0,94.0,90.0
1771502402.2426898,67.0,129.0,100.0,110.0,90.0,93.0,90.0
1771502402.2727098,67.0,129.0,100.0,110.0,90.0,93.0,90.0
1771502402.3067439,67.0,129.0,100.0,110.0,90.0,93.0,90.0
1771502402.3367424,67.0,129.0,100.0,110.0,90.0,93.0,90.0
1771502402.3678362,67.0,129.0,100.0,110.0,90.0,93.0,90.0
1771502402.4014337,67.0,129.0,100.0,110.0,90.0,93.0,90.0
1771502402.431433,67.0,129.0,100.0,110.0,90.0,93.0,90.0
1771502402.4644337,67.0,129.0,100.0,110.0,90.0,93.0,90.0
1771502402.4959466,67.0,129.0,100.0,110.0,90.0,93.0,90.0
1771502402.5787337,67.0,129.0,100.0,110.0,90.0,93.0,90.0
1771502402.603743,67.0,129.0,100.0,110.0,90.0,93.0,90.0
1771502402.634742,67.0,129.0,100.0,110.0,90.0,93.0,90.0
1771502402.6647465,66.0,129.0,100.0,110.0,90.0,93.0,90.0
1771502402.6962755,66.0,129.0,100.0,110.0,90.0,93.0,90.0
1771502402.7292864,66.0,129.0,100.0,110.0,90.0,93.0,90.0
1771502402.7602851,66.0,129.0,100.0,110.0,90.0,93.0,89.0
1771502402.7907846,66.0,129.0,100.0,110.0,90.0,93.0,89.0
1771502402.8227873,66.0,129.0,100.0,110.0,90.0,93.0,90.0
1771502402.8548021,66.0,129.0,100.0,110.0,90.0,93.0,90.0
1771502402.8853097,66.0,129.0,100.0,110.0,90.0,93.0,90.0
1771502402.9163208,66.0,129.0,100.0,110.0,90.0,93.0,90.0
1771502403.0080018,66.0,129.0,100.0,110.0,90.0,93.0,90.0
1771502403.0293376,66.0,129.0,100.0,110.0,90.0,92.0,89.0
1771502403.0599716,66.0,129.0,100.0,110.0,90.0,92.0,89.0
1771502403.090062,66.0,129.0,100.0,110.0,90.0,92.0,89.0
1771502403.1205928,66.0,129.0,100.0,110.0,90.0,92.0,89.0
1771502403.151609,66.0,129.0,100.0,110.0,90.0,92.0,89.0
1771502403.1837838,67.0,129.0,100.0,110.0,90.0,92.0,89.0
1771502403.2147832,67.0,129.0,100.0,110.0,90.0,92.0,89.0
1771502403.2447839,67.0,129.0,100.0,110.0,90.0,92.0,89.0
1771502403.2667892,67.0,129.0,100.0,110.0,90.0,92.0,89.0
1771502403.2920587,67.0,129.0,100.0,110.0,90.0,92.0,89.0
1771502403.322073,66.0,129.0,100.0,110.0,90.0,92.0,89.0
1771502403.3620594,66.0,127.0,100.0,110.0,90.0,93.0,89.0
1771502403.4072149,66.0,122.0,100.0,110.0,90.0,96.0,89.0
1771502403.4402368,66.0,118.0,92.0,110.0,90.0,98.0,89.0
1771502403.4632328,66.0,117.0,88.0,110.0,90.0,99.0,89.0
1771502403.4917738,67.0,114.0,77.0,110.0,90.0,101.0,88.0
1771502403.5237648,68.0,111.0,62.0,110.0,90.0,102.0,89.0
1771502403.5547712,69.0,109.0,53.0,110.0,90.0,103.0,89.0
1771502403.586293,69.0,107.0,39.0,110.0,90.0,104.0,89.0
1771502403.6172915,69.0,106.0,32.0,110.0,90.0,105.0,90.0
1771502403.6482923,70.0,106.0,30.0,110.0,90.0,105.0,90.0
1771502403.6838229,70.0,105.0,26.0,110.0,90.0,106.0,90.0
1771502403.7098584,70.0,104.0,26.0,110.0,90.0,106.0,90.0
1771502403.7598414,71.0,104.0,25.0,110.0,90.0,106.0,90.0
1771502403.792493,71.0,104.0,25.0,110.0,90.0,106.0,91.0
1771502403.8394806,71.0,103.0,27.0,110.0,90.0,106.0,91.0
1771502403.8734968,72.0,102.0,33.0,110.0,90.0,106.0,91.0
1771502403.9019942,72.0,102.0,33.0,110.0,90.0,106.0,91.0
1771502403.9280052,73.0,101.0,37.0,110.0,90.0,105.0,92.0
1771502403.9589741,74.0,101.0,36.0,110.0,90.0,105.0,93.0
1771502403.9899583,76.0,99.0,39.0,110.0,90.0,104.0,95.0
1771502404.0223923,78.0,98.0,42.0,110.0,90.0,104.0,96.0
1771502404.05339,80.0,97.0,46.0,110.0,90.0,105.0,97.0
1771502404.0859056,80.0,95.0,52.0,110.0,90.0,106.0,97.0
1771502404.1174366,84.0,95.0,68.0,110.0,90.0,105.0,100.0
1771502404.159995,85.0,92.0,88.0,110.0,90.0,107.0,100.0
1771502404.1930878,84.0,90.0,90.0,110.0,89.0,107.0,100.0
1771502404.225055,84.0,88.0,94.0,110.0,88.0,107.0,100.0
1771502404.273131,83.0,86.0,98.0,109.0,88.0,107.0,99.0
1771502404.3046732,83.0,84.0,94.0,109.0,89.0,107.0,98.0
1771502404.3366554,82.0,82.0,92.0,110.0,89.0,107.0,98.0
1771502404.3667152,82.0,80.0,92.0,110.0,90.0,107.0,98.0
1771502404.3998737,81.0,78.0,88.0,110.0,90.0,108.0,97.0
1771502404.430852,81.0,77.0,84.0,110.0,90.0,108.0,97.0
1771502404.462861,81.0,79.0,83.0,110.0,90.0,107.0,97.0
1771502404.4946828,81.0,80.0,88.0,110.0,90.0,107.0,98.0
1771502404.5276358,80.0,81.0,95.0,110.0,90.0,109.0,97.0
1771502404.5646577,78.0,81.0,94.0,110.0,90.0,108.0,98.0
1771502404.5912526,76.0,81.0,91.0,110.0,90.0,108.0,100.0
1771502404.6262603,73.0,82.0,86.0,110.0,90.0,109.0,100.0
1771502404.664934,71.0,82.0,88.0,110.0,90.0,110.0,100.0
1771502404.7045758,68.0,81.0,88.0,110.0,90.0,110.0,99.0
1771502404.7365549,68.0,81.0,87.0,110.0,90.0,110.0,100.0
1771502404.761564,67.0,81.0,86.0,110.0,90.0,110.0,100.0
1771502404.7898908,67.0,82.0,86.0,110.0,90.0,110.0,100.0
1771502404.8208747,68.0,82.0,83.0,110.0,90.0,110.0,100.0
1771502404.8519168,69.0,83.0,80.0,110.0,90.0,110.0,100.0
1771502404.884434,69.0,83.0,77.0,110.0,90.0,110.0,100.0
1771502404.9164293,69.0,84.0,70.0,110.0,90.0,110.0,100.0
1771502404.9594333,69.0,85.0,60.0,110.0,90.0,110.0,99.0
1771502404.9941075,69.0,84.0,56.0,110.0,89.0,110.0,95.0
1771502405.0240927,69.0,84.0,51.0,110.0,89.0,110.0,95.0
1771502405.0570922,69.0,84.0,43.0,110.0,90.0,110.0,95.0
1771502405.0886862,69.0,85.0,37.0,110.0,90.0,110.0,94.0
1771502405.136653,70.0,86.0,26.0,110.0,90.0,110.0,94.0
1771502405.1696763,71.0,88.0,29.0,110.0,90.0,109.0,95.0
1771502405.2011693,72.0,89.0,22.0,110.0,90.0,108.0,97.0
1771502405.2291698,73.0,89.0,23.0,110.0,90.0,106.0,97.0
1771502405.2611797,74.0,90.0,24.0,110.0,90.0,103.0,97.0
1771502405.2912362,75.0,91.0,23.0,110.0,90.0,101.0,98.0
1771502405.3238635,75.0,91.0,22.0,110.0,90.0,100.0,99.0
1771502405.3593934,77.0,92.0,26.0,110.0,90.0,98.0,100.0
1771502405.3919516,77.0,92.0,27.0,110.0,90.0,98.0,99.0
1771502405.4259236,77.0,92.0,28.0,110.0,90.0,98.0,99.0
1771502405.4559386,76.0,92.0,30.0,110.0,90.0,98.0,99.0
1771502405.4886944,76.0,92.0,32.0,110.0,90.0,98.0,99.0
1771502405.5196762,76.0,92.0,30.0,110.0,90.0,98.0,99.0
1771502405.5677087,75.0,92.0,31.0,110.0,90.0,99.0,98.0
1771502405.601947,75.0,92.0,33.0,110.0,90.0,99.0,98.0
1771502405.633947,76.0,92.0,40.0,110.0,90.0,99.0,98.0
1771502405.6649475,76.0,92.0,43.0,110.0,90.0,99.0,98.0
1771502405.699696,76.0,92.0,43.0,110.0,90.0,98.0,98.0
1771502405.7267258,76.0,93.0,43.0,110.0,90.0,98.0,98.0
1771502405.759638,76.0,93.0,43.0,110.0,90.0,98.0,98.0
1771502405.7913086,75.0,95.0,40.0,110.0,90.0,98.0,97.0
1771502405.8233008,74.0,95.0,38.0,110.0,90.0,98.0,97.0
1771502405.8602803,73.0,96.0,31.0,110.0,90.0,98.0,97.0
1771502405.8878918,73.0,96.0,30.0,110.0,90.0,99.0,96.0
1771502405.9199,72.0,96.0,31.0,110.0,90.0,99.0,96.0
1771502405.9518917,71.0,96.0,30.0,110.0,90.0,99.0,96.0
1771502406.0003774,70.0,96.0,28.0,110.0,90.0,100.0,96.0
1771502406.0363398,69.0,96.0,23.0,110.0,90.0,100.0,96.0
1771502406.0573394,69.0,96.0,22.0,110.0,90.0,100.0,96.0
1771502406.0875683,69.0,96.0,17.0,110.0,90.0,100.0,96.0
1771502406.1176994,69.0,97.0,13.0,110.0,90.0,100.0,96.0
1771502406.1606836,67.0,99.0,9.0,110.0,90.0,101.0,96.0
1771502406.1922765,66.0,101.0,11.0,110.0,90.0,100.0,95.0
1771502406.223275,66.0,103.0,16.0,110.0,90.0,100.0,95.0
1771502406.257309,66.0,105.0,19.0,110.0,90.0,99.0,95.0
1771502406.2899766,66.0,106.0,23.0,110.0,90.0,98.0,94.0
1771502406.320009,66.0,107.0,28.0,110.0,90.0,98.0,94.0
1771502406.3519833,66.0,107.0,30.0,110.0,90.0,98.0,93.0
1771502406.383255,66.0,108.0,33.0,110.0,90.0,97.0,93.0
1771502406.4335308,66.0,108.0,34.0,110.0,90.0,98.0,92.0
1771502406.4745598,65.0,108.0,34.0,110.0,90.0,98.0,92.0
1771502406.5070996,65.0,108.0,32.0,110.0,90.0,98.0,91.0
1771502406.5361347,65.0,108.0,30.0,110.0,90.0,98.0,91.0
1771502406.5707135,65.0,109.0,29.0,110.0,90.0,98.0,91.0
1771502406.6002557,66.0,109.0,28.0,110.0,90.0,98.0,91.0
1771502406.632268,66.0,108.0,24.0,110.0,90.0,97.0,91.0
1771502406.6632898,66.0,108.0,22.0,110.0,90.0,97.0,91.0
1771502406.6936314,66.0,108.0,21.0,110.0,90.0,97.0,91.0
1771502406.7256255,67.0,107.0,20.0,110.0,90.0,96.0,91.0
1771502406.7565875,67.0,107.0,20.0,110.0,90.0,96.0,91.0
1771502406.7872572,68.0,107.0,18.0,110.0,90.0,95.0,92.0
1771502406.8182282,70.0,108.0,19.0,110.0,90.0,94.0,92.0
1771502406.8642516,72.0,109.0,21.0,110.0,90.0,92.0,93.0
1771502406.8979118,74.0,109.0,23.0,110.0,90.0,92.0,93.0
1771502406.9269586,74.0,110.0,25.0,110.0,90.0,91.0,93.0
1771502406.9593344,75.0,110.0,26.0,110.0,90.0,91.0,94.0
1771502406.9917946,75.0,110.0,28.0,110.0,90.0,91.0,94.0
1771502407.0257618,75.0,110.0,29.0,110.0,90.0,91.0,94.0
1771502407.0567603,74.0,110.0,30.0,110.0,90.0,92.0,94.0
1771502407.0883107,74.0,110.0,31.0,110.0,90.0,92.0,93.0
1771502407.1203115,73.0,109.0,32.0,110.0,90.0,93.0,93.0
1771502407.1553116,73.0,108.0,30.0,110.0,90.0,94.0,94.0
1771502407.1868527,72.0,107.0,29.0,110.0,90.0,94.0,93.0
1771502407.2168434,72.0,106.0,27.0,110.0,90.0,95.0,93.0
1771502407.2478662,71.0,105.0,24.0,110.0,90.0,96.0,93.0
1771502407.2960029,72.0,105.0,20.0,110.0,90.0,96.0,93.0
1771502407.331008,71.0,105.0,18.0,110.0,90.0,96.0,93.0
1771502407.363058,71.0,105.0,17.0,110.0,90.0,97.0,93.0
1771502407.3973954,71.0,105.0,19.0,110.0,90.0,97.0,93.0
1771502407.427483,71.0,105.0,19.0,110.0,90.0,96.0,94.0
1771502407.457521,71.0,105.0,19.0,110.0,90.0,97.0,94.0
1771502407.489309,72.0,104.0,18.0,110.0,90.0,96.0,94.0
1771502407.5221982,72.0,104.0,17.0,110.0,90.0,96.0,95.0
1771502407.5517776,73.0,103.0,20.0,110.0,90.0,96.0,96.0
1771502407.5857785,74.0,102.0,18.0,110.0,90.0,96.0,96.0
1771502407.618251,77.0,102.0,19.0,110.0,90.0,95.0,98.0
1771502407.6486151,79.0,102.0,21.0,110.0,89.0,94.0,99.0
1771502407.682212,81.0,101.0,24.0,110.0,88.0,93.0,100.0
1771502407.7287788,83.0,100.0,29.0,110.0,86.0,91.0,100.0
1771502407.7597115,83.0,98.0,34.0,110.0,87.0,93.0,100.0
1771502407.7947598,82.0,96.0,41.0,110.0,86.0,93.0,100.0
1771502407.8246412,82.0,96.0,46.0,110.0,86.0,93.0,100.0
1771502407.8568616,82.0,94.0,60.0,110.0,86.0,94.0,100.0
1771502407.890196,82.0,93.0,69.0,108.0,86.0,94.0,100.0
1771502407.9206872,81.0,92.0,69.0,107.0,86.0,95.0,100.0
1771502407.9521556,80.0,91.0,74.0,107.0,86.0,97.0,100.0
1771502407.9851592,79.0,90.0,80.0,107.0,86.0,97.0,100.0
1771502408.0200021,78.0,88.0,83.0,107.0,86.0,98.0,100.0
1771502408.0489883,77.0,86.0,88.0,108.0,87.0,101.0,100.0
1771502408.081989,75.0,83.0,85.0,108.0,87.0,103.0,100.0
1771502408.1285532,74.0,81.0,90.0,110.0,89.0,105.0,100.0
1771502408.1620514,72.0,79.0,94.0,110.0,90.0,105.0,100.0
1771502408.1945677,70.0,80.0,87.0,110.0,89.0,105.0,100.0
1771502408.2259378,68.0,81.0,86.0,110.0,89.0,104.0,100.0
1771502408.2571874,67.0,81.0,84.0,109.0,88.0,103.0,100.0
1771502408.289111,67.0,81.0,82.0,108.0,88.0,103.0,100.0
1771502408.323628,67.0,81.0,81.0,108.0,88.0,103.0,100.0
1771502408.352577,67.0,82.0,85.0,109.0,88.0,103.0,100.0
1771502408.3845577,67.0,83.0,82.0,109.0,88.0,103.0,100.0
1771502408.4159274,67.0,83.0,79.0,110.0,88.0,102.0,100.0
1771502408.4507148,67.0,84.0,77.0,110.0,89.0,101.0,100.0
1771502408.479769,68.0,84.0,75.0,110.0,88.0,101.0,100.0
1771502408.5163288,68.0,85.0,69.0,110.0,88.0,101.0,100.0
1771502408.5628462,69.0,86.0,65.0,109.0,88.0,100.0,100.0
1771502408.5973947,70.0,87.0,65.0,108.0,88.0,100.0,100.0
1771502408.6269033,71.0,87.0,68.0,108.0,88.0,99.0,100.0
1771502408.6619008,73.0,88.0,73.0,109.0,88.0,100.0,100.0
1771502408.689411,74.0,89.0,82.0,110.0,89.0,99.0,100.0
1771502408.7514503,75.0,89.0,88.0,110.0,89.0,100.0,100.0
1771502408.7832868,75.0,90.0,89.0,110.0,89.0,102.0,100.0
1771502408.8162935,74.0,89.0,86.0,110.0,90.0,102.0,100.0
1771502408.8482995,73.0,89.0,83.0,109.0,90.0,102.0,100.0
1771502408.880526,72.0,89.0,80.0,108.0,89.0,102.0,100.0
1771502408.92174,70.0,88.0,75.0,106.0,89.0,104.0,100.0
1771502408.9547074,67.0,87.0,68.0,106.0,89.0,107.0,100.0
1771502408.9860275,65.0,87.0,65.0,105.0,88.0,109.0,97.0
1771502409.0157516,64.0,86.0,64.0,104.0,88.0,110.0,94.0
1771502409.046754,63.0,85.0,62.0,104.0,87.0,110.0,91.0
1771502409.0797584,62.0,84.0,58.0,103.0,87.0,110.0,88.0
1771502409.10935,62.0,84.0,54.0,102.0,87.0,110.0,88.0
1771502409.141403,62.0,83.0,51.0,102.0,87.0,110.0,89.0
1771502409.171374,61.0,83.0,49.0,102.0,87.0,110.0,89.0
1771502409.203927,61.0,83.0,46.0,101.0,87.0,110.0,89.0
1771502409.235936,60.0,83.0,44.0,101.0,87.0,110.0,89.0
1771502409.2659297,60.0,83.0,44.0,101.0,87.0,110.0,88.0
1771502409.3000336,60.0,82.0,46.0,101.0,87.0,110.0,88.0
1771502409.328035,60.0,82.0,46.0,101.0,87.0,110.0,88.0
1771502409.359877,60.0,82.0,44.0,100.0,87.0,110.0,87.0
1771502409.3915188,60.0,81.0,44.0,99.0,87.0,110.0,86.0
1771502409.4245198,61.0,80.0,44.0,92.0,86.0,110.0,86.0
1771502409.4565148,61.0,80.0,34.0,93.0,86.0,110.0,85.0
1771502409.488179,61.0,80.0,28.0,94.0,87.0,110.0,85.0
1771502409.522107,61.0,81.0,30.0,96.0,87.0,110.0,85.0
1771502409.552135,61.0,83.0,26.0,96.0,87.0,110.0,85.0
1771502409.5831673,61.0,85.0,25.0,96.0,86.0,110.0,84.0
1771502409.6167362,60.0,86.0,24.0,97.0,86.0,110.0,83.0
1771502409.6484299,60.0,86.0,27.0,97.0,86.0,110.0,84.0
1771502409.6806066,60.0,84.0,24.0,96.0,86.0,110.0,83.0
1771502409.7118316,61.0,83.0,25.0,91.0,86.0,110.0,83.0
1771502409.7457836,62.0,82.0,36.0,84.0,86.0,110.0,85.0
1771502409.7748296,62.0,82.0,49.0,89.0,87.0,110.0,88.0
1771502409.807397,63.0,82.0,51.0,92.0,87.0,110.0,93.0
1771502409.856378,64.0,84.0,55.0,102.0,88.0,107.0,100.0
1771502409.8910246,64.0,85.0,56.0,106.0,88.0,107.0,100.0
1771502409.9220247,64.0,85.0,59.0,109.0,88.0,106.0,100.0
1771502409.9550343,64.0,85.0,63.0,110.0,88.0,104.0,100.0
1771502409.9861073,64.0,85.0,67.0,110.0,89.0,104.0,100.0
1771502410.0208411,64.0,86.0,73.0,110.0,89.0,104.0,100.0
1771502410.0488408,63.0,86.0,79.0,110.0,90.0,105.0,100.0
1771502410.0808454,63.0,85.0,84.0,110.0,90.0,106.0,100.0
1771502410.1113908,63.0,86.0,85.0,110.0,90.0,109.0,100.0
1771502410.144396,64.0,86.0,88.0,110.0,90.0,110.0,100.0
1771502410.178418,64.0,87.0,88.0,110.0,90.0,110.0,98.0
1771502410.209347,65.0,87.0,87.0,110.0,90.0,110.0,96.0
1771502410.2383456,65.0,87.0,89.0,107.0,90.0,110.0,93.0
1771502410.286922,66.0,86.0,100.0,104.0,90.0,110.0,89.0
1771502410.321936,67.0,86.0,100.0,102.0,89.0,110.0,88.0
1771502410.35093,68.0,85.0,100.0,100.0,89.0,110.0,88.0
1771502410.386581,68.0,84.0,100.0,98.0,89.0,110.0,87.0
1771502410.414596,69.0,84.0,100.0,99.0,89.0,110.0,88.0
1771502410.4475658,69.0,84.0,100.0,99.0,89.0,110.0,88.0
1771502410.4796038,69.0,84.0,100.0,100.0,89.0,110.0,88.0
1771502410.5112908,69.0,84.0,100.0,102.0,89.0,110.0,89.0
1771502410.54623,71.0,86.0,100.0,105.0,90.0,110.0,90.0
1771502410.5755587,72.0,87.0,100.0,108.0,90.0,110.0,91.0
1771502410.6109772,72.0,87.0,100.0,110.0,90.0,110.0,91.0
1771502410.6409936,73.0,88.0,98.0,110.0,90.0,110.0,92.0
1771502410.6709821,73.0,88.0,95.0,110.0,90.0,110.0,92.0
1771502410.7200143,73.0,89.0,92.0,110.0,90.0,110.0,93.0
1771502410.7522726,74.0,89.0,89.0,110.0,90.0,110.0,95.0
1771502410.7828088,74.0,89.0,89.0,110.0,90.0,110.0,95.0
1771502410.8176446,74.0,90.0,85.0,110.0,90.0,110.0,96.0
1771502410.8486557,74.0,90.0,82.0,110.0,90.0,110.0,96.0
1771502410.8806632,73.0,90.0,79.0,110.0,90.0,110.0,96.0
1771502410.9112864,73.0,90.0,79.0,110.0,90.0,110.0,96.0
1771502410.94328,73.0,90.0,77.0,110.0,90.0,110.0,96.0
1771502410.9751666,73.0,91.0,74.0,110.0,90.0,110.0,97.0
1771502411.0114686,73.0,90.0,73.0,110.0,90.0,110.0,97.0
1771502411.0454752,72.0,90.0,69.0,110.0,90.0,110.0,96.0
1771502411.0774848,72.0,90.0,67.0,110.0,90.0,110.0,96.0
1771502411.1080136,71.0,90.0,66.0,110.0,90.0,110.0,96.0
1771502411.152132,71.0,90.0,66.0,110.0,90.0,110.0,96.0
1771502411.1856425,71.0,89.0,65.0,110.0,90.0,110.0,95.0
1771502411.21866,71.0,89.0,68.0,110.0,90.0,110.0,95.0
1771502411.2506545,71.0,89.0,66.0,110.0,90.0,110.0,95.0
1771502411.279652,71.0,89.0,63.0,110.0,90.0,110.0,95.0
1771502411.3111923,71.0,89.0,62.0,110.0,90.0,110.0,95.0
1771502411.3442216,71.0,90.0,62.0,110.0,90.0,110.0,95.0
1771502411.3762236,71.0,90.0,63.0,110.0,90.0,110.0,95.0
1771502411.4077375,71.0,90.0,63.0,110.0,90.0,110.0,95.0
1771502411.4397366,71.0,90.0,63.0,110.0,90.0,110.0,95.0
1771502411.4843986,71.0,90.0,61.0,110.0,90.0,110.0,95.0
1771502411.5169382,71.0,91.0,63.0,110.0,90.0,110.0,95.0
1771502411.5469475,71.0,91.0,63.0,110.0,90.0,110.0,95.0
1771502411.5837498,70.0,91.0,63.0,110.0,90.0,110.0,95.0
1771502411.6182706,70.0,91.0,63.0,110.0,90.0,110.0,95.0
1771502411.648307,70.0,91.0,63.0,110.0,90.0,110.0,95.0
1771502411.682286,70.0,90.0,63.0,110.0,90.0,110.0,94.0
1771502411.7108252,70.0,90.0,64.0,110.0,90.0,110.0,95.0
1771502411.7428281,69.0,90.0,65.0,110.0,90.0,110.0,94.0
1771502411.7758644,69.0,90.0,64.0,110.0,90.0,110.0,94.0
1771502411.8073578,69.0,90.0,63.0,110.0,90.0,110.0,94.0
1771502411.8398757,69.0,90.0,63.0,110.0,90.0,110.0,94.0
1771502411.8719318,69.0,90.0,63.0,110.0,90.0,110.0,94.0
1771502411.90498,69.0,90.0,61.0,110.0,90.0,110.0,94.0
1771502411.9360125,69.0,90.0,61.0,110.0,90.0,110.0,94.0
1771502411.9679768,70.0,90.0,62.0,110.0,90.0,110.0,94.0
1771502412.0161705,70.0,90.0,65.0,110.0,90.0,110.0,94.0
1771502412.0491703,70.0,90.0,67.0,110.0,90.0,110.0,94.0
1771502412.0841744,71.0,89.0,69.0,110.0,90.0,110.0,94.0
1771502412.1155376,71.0,89.0,69.0,110.0,90.0,110.0,94.0
1771502412.1467452,70.0,89.0,68.0,110.0,90.0,110.0,94.0
1771502412.1797426,70.0,90.0,69.0,110.0,90.0,110.0,94.0
1771502412.2122705,71.0,90.0,69.0,110.0,90.0,110.0,94.0
1771502412.2412689,71.0,90.0,70.0,110.0,90.0,110.0,95.0
1771502412.2722757,71.0,90.0,71.0,110.0,90.0,110.0,94.0
1771502412.3037846,71.0,90.0,73.0,110.0,90.0,110.0,95.0
1771502412.339791,71.0,90.0,79.0,110.0,90.0,110.0,96.0
1771502412.3687818,71.0,91.0,80.0,109.0,90.0,110.0,96.0
1771502412.4003136,72.0,91.0,81.0,109.0,90.0,110.0,97.0
1771502412.447321,73.0,92.0,80.0,109.0,90.0,110.0,99.0
1771502412.480334,73.0,93.0,79.0,108.0,90.0,110.0,98.0
1771502412.5129335,73.0,93.0,80.0,107.0,90.0,110.0,99.0
1771502412.5509355,73.0,94.0,79.0,108.0,90.0,110.0,100.0
1771502412.5769393,74.0,94.0,80.0,108.0,90.0,110.0,100.0
1771502412.6092567,74.0,94.0,80.0,108.0,90.0,110.0,100.0
1771502412.6392565,74.0,94.0,80.0,108.0,90.0,110.0,100.0
1771502412.6722608,75.0,94.0,82.0,108.0,90.0,109.0,100.0
1771502412.7032971,75.0,94.0,83.0,108.0,90.0,109.0,100.0
1771502412.7353015,75.0,95.0,83.0,108.0,90.0,109.0,100.0
1771502412.7713017,75.0,95.0,84.0,109.0,90.0,108.0,100.0
1771502412.8354132,75.0,95.0,86.0,109.0,90.0,107.0,100.0
1771502412.8684475,75.0,96.0,86.0,109.0,90.0,107.0,100.0
1771502412.9010513,75.0,96.0,87.0,109.0,90.0,107.0,100.0
1771502412.9316273,75.0,96.0,86.0,109.0,90.0,107.0,100.0
1771502412.9649048,75.0,96.0,87.0,109.0,90.0,106.0,100.0
1771502412.9941926,75.0,96.0,88.0,109.0,90.0,106.0,100.0
1771502413.0254495,75.0,95.0,88.0,109.0,90.0,106.0,100.0
1771502413.0564408,75.0,95.0,87.0,109.0,90.0,106.0,100.0
1771502413.0885038,75.0,96.0,88.0,109.0,90.0,106.0,100.0
1771502413.117568,75.0,96.0,87.0,109.0,90.0,106.0,100.0
1771502413.1495044,75.0,96.0,88.0,109.0,90.0,106.0,100.0
1771502413.1805081,75.0,96.0,87.0,109.0,90.0,105.0,100.0
1771502413.2126284,75.0,96.0,87.0,110.0,90.0,105.0,100.0
1771502413.2436268,76.0,96.0,88.0,110.0,90.0,105.0,100.0
1771502413.2747147,76.0,96.0,87.0,110.0,90.0,105.0,100.0
1771502413.3118625,75.0,95.0,85.0,110.0,90.0,105.0,100.0
1771502413.3458781,75.0,95.0,86.0,110.0,90.0,105.0,100.0
1771502413.3758593,76.0,95.0,86.0,110.0,90.0,105.0,100.0
1771502413.4119616,76.0,96.0,86.0,110.0,90.0,105.0,100.0
1771502413.4399524,76.0,96.0,87.0,110.0,90.0,105.0,100.0
1771502413.4719512,76.0,96.0,87.0,110.0,90.0,105.0,100.0
1771502413.5040107,76.0,96.0,88.0,110.0,90.0,105.0,100.0
1771502413.5359905,76.0,96.0,87.0,109.0,90.0,105.0,100.0
1771502413.5679865,76.0,96.0,87.0,110.0,90.0,105.0,100.0
1771502413.600182,76.0,96.0,87.0,110.0,90.0,105.0,100.0
1771502413.6341934,76.0,96.0,86.0,109.0,90.0,105.0,100.0
1771502413.6670616,76.0,96.0,85.0,109.0,90.0,105.0,100.0
1771502413.7046778,75.0,96.0,84.0,109.0,90.0,105.0,100.0
1771502413.7446806,75.0,96.0,84.0,109.0,90.0,106.0,100.0
1771502413.7786872,75.0,95.0,84.0,109.0,90.0,109.0,100.0
1771502413.809231,75.0,94.0,84.0,108.0,90.0,109.0,100.0
1771502413.8432653,75.0,94.0,82.0,109.0,90.0,109.0,100.0
1771502413.8712337,75.0,95.0,80.0,109.0,90.0,108.0,100.0
1771502413.903593,75.0,95.0,81.0,110.0,90.0,107.0,100.0
1771502413.9355931,75.0,95.0,79.0,110.0,90.0,107.0,100.0
1771502413.9686043,75.0,95.0,80.0,110.0,90.0,106.0,100.0
1771502414.0009005,75.0,95.0,80.0,110.0,90.0,106.0,100.0
1771502414.031459,75.0,95.0,79.0,110.0,90.0,106.0,100.0
1771502414.067414,75.0,95.0,78.0,110.0,90.0,106.0,100.0
1771502414.0969203,75.0,95.0,79.0,110.0,90.0,106.0,100.0
1771502414.177521,74.0,95.0,77.0,110.0,90.0,106.0,100.0
1771502414.2113333,74.0,95.0,77.0,110.0,90.0,106.0,100.0
1771502414.2423406,75.0,95.0,79.0,110.0,90.0,106.0,100.0
1771502414.2743552,75.0,95.0,79.0,110.0,90.0,105.0,100.0
1771502414.30489,75.0,95.0,79.0,110.0,90.0,105.0,100.0
1771502414.3368812,75.0,95.0,79.0,110.0,90.0,105.0,100.0
1771502414.3677628,74.0,95.0,77.0,110.0,90.0,105.0,100.0
1771502414.400352,74.0,95.0,77.0,110.0,90.0,106.0,100.0
1771502414.4313037,74.0,95.0,77.0,110.0,90.0,106.0,100.0
1771502414.4653053,74.0,95.0,77.0,110.0,90.0,106.0,100.0
1771502414.4958322,74.0,95.0,77.0,110.0,90.0,107.0,100.0
1771502414.5258257,74.0,95.0,77.0,110.0,90.0,107.0,100.0
1771502414.5778625,74.0,95.0,79.0,110.0,90.0,107.0,100.0
1771502414.609894,74.0,94.0,79.0,110.0,90.0,107.0,100.0
1771502414.6348882,73.0,94.0,79.0,110.0,90.0,107.0,100.0
1771502414.666889,73.0,94.0,79.0,110.0,90.0,107.0,100.0
1771502414.698403,73.0,94.0,79.0,110.0,90.0,106.0,100.0
1771502414.7294018,73.0,94.0,80.0,110.0,90.0,107.0,100.0
1771502414.7614093,73.0,94.0,79.0,110.0,90.0,107.0,100.0
1771502414.7919543,73.0,94.0,78.0,110.0,90.0,107.0,100.0
1771502414.8229477,73.0,94.0,77.0,110.0,90.0,107.0,100.0
1771502414.8559484,72.0,94.0,75.0,110.0,90.0,107.0,100.0
1771502414.887012,72.0,94.0,74.0,110.0,90.0,107.0,100.0
1771502414.919237,72.0,94.0,74.0,110.0,90.0,107.0,100.0
1771502414.9612362,71.0,94.0,73.0,109.0,90.0,108.0,100.0
1771502415.0109768,71.0,94.0,71.0,109.0,90.0,108.0,100.0
1771502415.0429761,71.0,93.0,71.0,109.0,90.0,109.0,100.0
1771502415.0749888,71.0,93.0,71.0,109.0,90.0,109.0,100.0
1771502415.1065037,70.0,93.0,70.0,109.0,89.0,110.0,100.0
1771502415.1394417,70.0,93.0,68.0,108.0,89.0,110.0,100.0
1771502415.1686466,71.0,93.0,69.0,109.0,89.0,109.0,100.0
1771502415.1992326,70.0,93.0,67.0,108.0,89.0,109.0,100.0
1771502415.230786,70.0,93.0,68.0,108.0,89.0,109.0,100.0
1771502415.2639256,70.0,93.0,68.0,108.0,89.0,109.0,100.0
1771502415.2969608,70.0,93.0,68.0,108.0,89.0,109.0,100.0
1771502415.3279622,70.0,93.0,67.0,108.0,89.0,109.0,100.0
1771502415.3629677,70.0,93.0,68.0,108.0,89.0,108.0,100.0
1771502415.3917632,70.0,93.0,66.0,108.0,89.0,108.0,100.0
1771502415.439767,70.0,93.0,65.0,108.0,89.0,108.0,100.0
1771502415.4728596,70.0,93.0,64.0,108.0,89.0,108.0,100.0
1771502415.499089,71.0,93.0,63.0,108.0,89.0,108.0,100.0
1771502415.517085,71.0,93.0,64.0,108.0,89.0,108.0,100.0
1771502415.560384,71.0,93.0,64.0,109.0,89.0,107.0,100.0
1771502415.5939305,71.0,93.0,63.0,109.0,89.0,108.0,100.0
1771502415.6249292,71.0,93.0,64.0,109.0,90.0,108.0,100.0
1771502415.6559372,71.0,93.0,66.0,109.0,90.0,108.0,100.0
1771502415.6879363,71.0,93.0,66.0,109.0,90.0,107.0,100.0
1771502415.7205544,71.0,93.0,67.0,110.0,90.0,108.0,100.0
1771502415.7595613,71.0,93.0,67.0,109.0,90.0,108.0,100.0
1771502415.7950685,71.0,92.0,66.0,109.0,90.0,108.0,100.0
1771502415.8240778,71.0,92.0,66.0,109.0,90.0,108.0,100.0
1771502415.8720715,71.0,92.0,68.0,109.0,90.0,109.0,100.0
1771502415.904599,71.0,92.0,67.0,109.0,90.0,109.0,100.0
1771502415.9245973,71.0,92.0,66.0,108.0,90.0,109.0,100.0
1771502415.9566207,72.0,92.0,68.0,107.0,90.0,110.0,100.0
1771502415.987116,72.0,92.0,69.0,104.0,89.0,110.0,98.0
1771502416.0208156,71.0,91.0,57.0,102.0,88.0,110.0,93.0
1771502416.0508246,69.0,91.0,43.0,98.0,85.0,110.0,87.0
1771502416.0818205,67.0,90.0,31.0,92.0,82.0,110.0,82.0
1771502416.1133587,66.0,90.0,23.0,88.0,79.0,107.0,79.0
1771502416.1597528,65.0,90.0,15.0,85.0,76.0,100.0,74.0
1771502416.1917996,65.0,90.0,11.0,81.0,73.0,95.0,71.0
1771502416.2267852,64.0,90.0,8.0,79.0,71.0,90.0,68.0
1771502416.2567847,63.0,90.0,6.0,74.0,67.0,82.0,62.0
1771502416.3043067,61.0,89.0,4.0,63.0,59.0,68.0,47.0
1771502416.3408551,60.0,89.0,3.0,57.0,53.0,55.0,31.0
1771502416.365381,60.0,89.0,3.0,55.0,51.0,52.0,29.0
1771502416.3960366,60.0,89.0,2.0,49.0,46.0,43.0,22.0
1771502416.4270506,60.0,88.0,2.0,42.0,39.0,35.0,16.0
1771502416.4580266,60.0,88.0,3.0,35.0,29.0,24.0,10.0
1771502416.4880285,60.0,89.0,6.0,29.0,15.0,9.0,4.0
1771502416.521544,62.0,91.0,14.0,24.0,9.0,5.0,4.0
1771502416.5599241,68.0,94.0,31.0,27.0,12.0,8.0,5.0
1771502416.5915806,73.0,97.0,34.0,29.0,14.0,9.0,4.0
1771502416.6245887,77.0,100.0,32.0,30.0,15.0,8.0,3.0
1771502416.6575847,79.0,101.0,28.0,31.0,15.0,7.0,2.0
1771502416.6875968,80.0,101.0,26.0,30.0,14.0,4.0,1.0
1771502416.7357094,82.0,102.0,19.0,28.0,13.0,2.0,0.0
1771502416.7687454,83.0,102.0,15.0,27.0,12.0,2.0,0.0
1771502416.7887187,83.0,102.0,14.0,26.0,12.0,2.0,0.0
1771502416.8202293,83.0,103.0,11.0,24.0,11.0,1.0,0.0
1771502416.8532276,83.0,104.0,8.0,22.0,10.0,1.0,0.0
1771502416.8832407,84.0,105.0,7.0,19.0,8.0,0.0,0.0
1771502416.914873,84.0,107.0,5.0,16.0,8.0,0.0,0.0
1771502416.959462,84.0,108.0,4.0,12.0,8.0,0.0,0.0
1771502416.9929738,85.0,110.0,3.0,13.0,8.0,1.0,0.0
1771502417.0249724,86.0,111.0,2.0,12.0,8.0,1.0,0.0
1771502417.055972,86.0,112.0,2.0,12.0,8.0,2.0,0.0
1771502417.0914838,87.0,113.0,1.0,11.0,8.0,2.0,0.0
1771502417.121025,87.0,114.0,1.0,11.0,8.0,2.0,0.0
1771502417.1690335,88.0,116.0,1.0,10.0,9.0,3.0,0.0
1771502417.2015445,89.0,116.0,1.0,10.0,9.0,3.0,0.0
1771502417.2275455,89.0,116.0,1.0,10.0,9.0,3.0,0.0
1771502417.2565477,89.0,116.0,1.0,10.0,9.0,4.0,0.0
1771502417.2895563,89.0,116.0,0.0,10.0,9.0,4.0,0.0
1771502417.319075,89.0,116.0,0.0,9.0,9.0,4.0,0.0
1771502417.3600926,88.0,115.0,0.0,7.0,8.0,3.0,0.0
1771502417.391624,88.0,114.0,0.0,6.0,7.0,3.0,0.0
1771502417.4236329,88.0,114.0,0.0,5.0,7.0,3.0,0.0
1771502417.455704,88.0,113.0,0.0,4.0,6.0,2.0,0.0
1771502417.4877386,87.0,113.0,0.0,4.0,6.0,2.0,0.0
1771502417.5232441,87.0,112.0,0.0,4.0,6.0,2.0,0.0
1771502417.5512455,87.0,112.0,0.0,4.0,6.0,2.0,0.0
1771502417.600309,87.0,112.0,0.0,4.0,6.0,2.0,0.0
1771502417.6323159,87.0,112.0,0.0,5.0,7.0,3.0,1.0
1771502417.6663084,87.0,112.0,0.0,6.0,7.0,4.0,1.0
1771502417.6968348,88.0,112.0,0.0,6.0,8.0,5.0,1.0
1771502417.7298386,88.0,112.0,0.0,6.0,8.0,5.0,1.0
1771502417.7598355,88.0,112.0,0.0,5.0,8.0,5.0,1.0
1771502417.7923799,88.0,112.0,0.0,5.0,8.0,6.0,2.0
1771502417.8233883,88.0,112.0,0.0,5.0,8.0,5.0,1.0
1771502417.855391,88.0,112.0,0.0,6.0,8.0,6.0,1.0
1771502417.8884113,88.0,112.0,0.0,6.0,9.0,6.0,1.0
1771502417.9209292,88.0,112.0,0.0,7.0,9.0,6.0,1.0
1771502417.9559376,88.0,112.0,0.0,7.0,9.0,6.0,1.0
1771502417.9845574,88.0,112.0,0.0,8.0,10.0,7.0,1.0
1771502418.032352,89.0,113.0,0.0,8.0,10.0,7.0,1.0
1771502418.0663555,89.0,113.0,0.0,9.0,10.0,7.0,1.0
1771502418.0863585,89.0,113.0,0.0,9.0,10.0,7.0,1.0
1771502418.1176991,89.0,113.0,0.0,9.0,10.0,7.0,1.0
1771502418.1616995,89.0,113.0,0.0,10.0,11.0,8.0,1.0
1771502418.191267,88.0,113.0,0.0,9.0,10.0,7.0,1.0
1771502418.2237825,88.0,112.0,0.0,9.0,10.0,7.0,1.0
1771502418.2557774,88.0,112.0,0.0,8.0,9.0,6.0,0.0
1771502418.2889132,88.0,112.0,0.0,8.0,9.0,5.0,0.0
1771502418.3204522,87.0,111.0,0.0,7.0,8.0,5.0,0.0
1771502418.3514552,87.0,111.0,0.0,7.0,7.0,4.0,0.0
1771502418.3865933,87.0,111.0,0.0,6.0,7.0,3.0,0.0
1771502418.4160616,87.0,110.0,0.0,6.0,6.0,3.0,0.0
1771502418.4641438,86.0,110.0,0.0,5.0,6.0,2.0,0.0
1771502418.4966426,86.0,110.0,0.0,4.0,5.0,1.0,0.0
1771502418.5271542,85.0,110.0,0.0,4.0,5.0,1.0,0.0
1771502418.5592172,85.0,110.0,0.0,4.0,4.0,0.0,0.0
1771502418.5962641,85.0,110.0,0.0,5.0,4.0,0.0,0.0
1771502418.6242654,85.0,110.0,0.0,5.0,4.0,0.0,0.0
1771502418.6562653,85.0,110.0,0.0,5.0,4.0,0.0,0.0
1771502418.688283,85.0,110.0,0.0,5.0,4.0,0.0,0.0
1771502418.7198143,85.0,110.0,0.0,5.0,4.0,0.0,0.0
1771502418.7528198,85.0,110.0,0.0,5.0,4.0,0.0,0.0
1771502418.7848182,85.0,110.0,0.0,5.0,4.0,0.0,0.0
1771502418.8191972,85.0,110.0,0.0,5.0,4.0,0.0,0.0
1771502418.8481982,85.0,110.0,0.0,5.0,4.0,0.0,0.0
1771502418.8977187,85.0,110.0,0.0,5.0,4.0,0.0,0.0
1771502418.9287088,85.0,110.0,0.0,5.0,4.0,0.0,0.0
1771502418.9597096,85.0,109.0,0.0,5.0,4.0,0.0,0.0
1771502418.9935644,85.0,109.0,0.0,5.0,4.0,0.0,0.0
1771502419.0264268,85.0,109.0,0.0,5.0,4.0,0.0,0.0
1771502419.0594275,85.0,110.0,0.0,6.0,5.0,0.0,0.0
1771502419.0904315,85.0,110.0,0.0,6.0,5.0,0.0,0.0
1771502419.1212015,85.0,110.0,0.0,6.0,5.0,0.0,0.0
1771502419.1528468,85.0,110.0,0.0,5.0,5.0,0.0,0.0
1771502419.1848528,85.0,110.0,0.0,6.0,5.0,1.0,0.0
1771502419.2163827,85.0,109.0,0.0,5.0,5.0,0.0,0.0
1771502419.2503757,85.0,110.0,0.0,5.0,5.0,0.0,0.0
1771502419.2793908,85.0,110.0,0.0,5.0,5.0,0.0,0.0
1771502419.3274899,85.0,110.0,0.0,5.0,5.0,0.0,0.0
1771502419.3615177,85.0,110.0,0.0,5.0,5.0,0.0,0.0
1771502419.3916924,85.0,110.0,0.0,5.0,5.0,0.0,0.0
1771502419.4237812,85.0,110.0,0.0,5.0,5.0,0.0,0.0
1771502419.4577825,85.0,110.0,0.0,5.0,5.0,0.0,0.0
1771502419.487823,85.0,110.0,0.0,5.0,5.0,1.0,0.0
1771502419.5204246,85.0,110.0,0.0,5.0,5.0,0.0,0.0
1771502419.551391,85.0,110.0,0.0,5.0,5.0,1.0,0.0
1771502419.5843945,85.0,110.0,0.0,6.0,5.0,1.0,0.0
1771502419.6169186,86.0,110.0,0.0,6.0,5.0,1.0,0.0
1771502419.6542478,86.0,110.0,0.0,6.0,5.0,1.0,0.0
1771502419.6863084,86.0,111.0,0.0,6.0,6.0,1.0,0.0
1771502419.716886,86.0,111.0,0.0,6.0,6.0,2.0,0.0
1771502419.7598848,86.0,110.0,0.0,6.0,5.0,1.0,0.0
1771502419.7955298,86.0,110.0,0.0,5.0,5.0,1.0,0.0
1771502419.830529,86.0,110.0,0.0,5.0,5.0,1.0,0.0
1771502419.860532,86.0,110.0,0.0,5.0,5.0,1.0,0.0
1771502419.8915346,86.0,110.0,0.0,5.0,5.0,1.0,0.0
1771502419.9211252,85.0,110.0,0.0,5.0,5.0,1.0,0.0
1771502419.9532006,85.0,110.0,0.0,5.0,5.0,1.0,0.0
1771502419.9842048,85.0,110.0,0.0,5.0,5.0,1.0,0.0
1771502420.0185084,85.0,110.0,0.0,5.0,5.0,1.0,0.0
1771502420.048491,86.0,110.0,0.0,5.0,5.0,1.0,0.0
1771502420.082523,86.0,111.0,0.0,5.0,5.0,2.0,0.0
1771502420.117293,86.0,111.0,0.0,5.0,6.0,2.0,0.0
1771502420.1592915,86.0,111.0,0.0,6.0,6.0,3.0,0.0
1771502420.1923048,86.0,111.0,0.0,6.0,6.0,3.0,0.0
1771502420.2278368,86.0,111.0,0.0,6.0,6.0,3.0,0.0
1771502420.25685,86.0,111.0,0.0,6.0,6.0,2.0,0.0
1771502420.2878523,86.0,111.0,0.0,5.0,6.0,2.0,0.0
1771502420.322017,86.0,111.0,0.0,5.0,6.0,2.0,0.0
1771502420.3520246,86.0,111.0,0.0,6.0,6.0,2.0,0.0
1771502420.3840497,86.0,111.0,0.0,6.0,5.0,2.0,0.0
1771502420.41614,86.0,111.0,0.0,6.0,5.0,2.0,0.0
1771502420.4471416,86.0,111.0,0.0,5.0,5.0,2.0,0.0
1771502420.480656,86.0,111.0,0.0,5.0,5.0,2.0,0.0
1771502420.5122573,86.0,111.0,0.0,5.0,5.0,2.0,0.0
1771502420.5462632,86.0,111.0,0.0,5.0,5.0,2.0,0.0
1771502420.591314,86.0,111.0,0.0,5.0,5.0,2.0,0.0
1771502420.6253548,86.0,111.0,0.0,6.0,6.0,2.0,0.0
1771502420.6566029,86.0,111.0,0.0,5.0,6.0,2.0,0.0
1771502420.6886055,86.0,111.0,0.0,6.0,6.0,2.0,0.0
1771502420.7191186,86.0,111.0,0.0,6.0,6.0,2.0,0.0
1771502420.75366,86.0,111.0,0.0,6.0,6.0,2.0,0.0
1771502420.7849853,86.0,111.0,0.0,6.0,6.0,2.0,0.0
1771502420.8156216,86.0,111.0,0.0,6.0,6.0,2.0,0.0
1771502420.848628,86.0,111.0,0.0,5.0,6.0,2.0,0.0
1771502420.8796275,86.0,111.0,0.0,5.0,6.0,2.0,0.0
1771502420.9107976,86.0,111.0,0.0,6.0,6.0,2.0,0.0
1771502420.9437976,86.0,111.0,0.0,5.0,6.0,2.0,0.0
1771502420.978592,86.0,111.0,0.0,6.0,6.0,3.0,0.0
1771502421.025139,86.0,111.0,0.0,6.0,6.0,2.0,0.0
1771502421.0571399,86.0,111.0,0.0,6.0,6.0,3.0,0.0
1771502421.0881472,86.0,111.0,0.0,6.0,6.0,3.0,0.0
1771502421.1200385,86.0,111.0,0.0,6.0,6.0,3.0,0.0
1771502421.1520581,86.0,111.0,0.0,6.0,6.0,3.0,0.0
1771502421.1860445,86.0,111.0,0.0,6.0,6.0,3.0,0.0
1771502421.2165534,86.0,111.0,0.0,5.0,6.0,3.0,0.0
1771502421.247555,86.0,111.0,0.0,6.0,6.0,3.0,0.0
1771502421.280578,86.0,111.0,0.0,6.0,6.0,3.0,0.0
1771502421.313098,86.0,111.0,0.0,6.0,6.0,3.0,0.0
1771502421.3420858,86.0,111.0,0.0,5.0,6.0,3.0,0.0
1771502421.3760858,86.0,111.0,0.0,5.0,6.0,3.0,0.0
1771502421.410125,86.0,111.0,0.0,5.0,6.0,3.0,0.0
1771502421.4551206,86.0,110.0,0.0,5.0,6.0,3.0,0.0
1771502421.4891286,86.0,110.0,0.0,5.0,6.0,3.0,0.0
1771502421.5227077,86.0,110.0,0.0,5.0,6.0,3.0,0.0
1771502421.552968,86.0,110.0,0.0,5.0,6.0,3.0,0.0
1771502421.5847292,86.0,111.0,0.0,5.0,6.0,3.0,0.0
1771502421.6175787,86.0,111.0,0.0,5.0,6.0,3.0,0.0
1771502421.66159,86.0,111.0,0.0,0.0,0.0,0.0,0.0
1771502421.6936781,86.0,111.0,0.0,0.0,0.0,0.0,0.0
1771502421.7253993,86.0,111.0,0.0,0.0,0.0,0.0,0.0
1771502421.7557008,86.0,111.0,0.0,0.0,0.0,0.0,0.0
1771502421.7867155,86.0,111.0,0.0,0.0,0.0,0.0,0.0
1771502421.8172503,86.0,111.0,0.0,0.0,0.0,0.0,0.0
1771502421.850305,85.0,111.0,0.0,0.0,0.0,0.0,0.0
1771502421.8883567,85.0,111.0,0.0,0.0,0.0,0.0,0.0
1771502421.9216855,85.0,111.0,0.0,0.0,0.0,0.0,0.0
1771502421.951711,85.0,111.0,0.0,0.0,0.0,0.0,0.0
1771502421.983328,85.0,111.0,0.0,0.0,0.0,0.0,0.0
1771502422.01719,85.0,111.0,0.0,0.0,0.0,0.0,0.0
1771502422.0501776,85.0,111.0,0.0,0.0,0.0,0.0,0.0
1771502422.07919,85.0,111.0,0.0,0.0,0.0,0.0,0.0
1771502422.11071,85.0,111.0,0.0,0.0,0.0,0.0,0.0
1771502422.1476965,85.0,111.0,0.0,0.0,0.0,0.0,0.0
1771502422.180704,85.0,111.0,0.0,0.0,0.0,0.0,0.0
1771502422.213067,85.0,111.0,0.0,0.0,0.0,0.0,0.0
1771502422.2440863,85.0,111.0,0.0,0.0,0.0,0.0,0.0
1771502422.2750885,85.0,111.0,0.0,0.0,0.0,0.0,0.0
1771502422.3216143,85.0,111.0,0.0,0.0,0.0,0.0,0.0
1771502422.382818,86.0,111.0,0.0,0.0,0.0,0.0,0.0
1771502422.414333,85.0,111.0,0.0,0.0,0.0,0.0,0.0
1771502422.4463377,85.0,111.0,0.0,0.0,0.0,0.0,0.0
1771502422.4814057,86.0,110.0,0.0,0.0,0.0,0.0,0.0
1771502422.5117085,86.0,110.0,0.0,0.0,0.0,0.0,1.0
1771502422.5427356,86.0,110.0,0.0,0.0,0.0,0.0,1.0
1771502422.5745575,86.0,110.0,0.0,0.0,0.0,0.0,0.0
1771502422.6040132,86.0,110.0,0.0,0.0,0.0,0.0,0.0
1771502422.6360836,86.0,111.0,0.0,0.0,0.0,0.0,0.0
1771502422.6666136,86.0,111.0,0.0,0.0,0.0,0.0,1.0
1771502422.6992073,86.0,111.0,0.0,0.0,0.0,0.0,1.0
1771502422.7302265,86.0,111.0,0.0,0.0,0.0,0.0,1.0
1771502422.7612255,86.0,110.0,0.0,0.0,0.0,0.0,1.0
1771502422.7922297,85.0,110.0,0.0,0.0,0.0,0.0,0.0
1771502422.8227384,86.0,110.0,0.0,0.0,0.0,0.0,1.0
1771502422.8535905,85.0,110.0,0.0,0.0,0.0,0.0,0.0
1771502422.8856044,85.0,110.0,0.0,0.0,0.0,0.0,0.0
1771502422.9166136,85.0,110.0,0.0,0.0,0.0,0.0,0.0
1771502422.9496484,85.0,110.0,0.0,0.0,0.0,0.0,0.0
1771502422.9829903,85.0,110.0,0.0,0.0,0.0,0.0,0.0
1771502423.0125196,85.0,110.0,0.0,0.0,0.0,0.0,0.0
1771502423.0445204,85.0,111.0,0.0,0.0,0.0,0.0,0.0
1771502423.07452,85.0,111.0,0.0,0.0,0.0,0.0,0.0
1771502423.106061,86.0,111.0,0.0,0.0,0.0,0.0,0.0
1771502423.1383133,86.0,112.0,0.0,0.0,0.0,0.0,1.0
1771502423.1844852,86.0,112.0,0.0,0.0,0.0,1.0,1.0
1771502423.2179961,87.0,113.0,0.0,0.0,0.0,1.0,1.0
1771502423.2480044,87.0,112.0,0.0,0.0,0.0,1.0,1.0
1771502423.2809966,87.0,112.0,0.0,0.0,0.0,1.0,1.0
1771502423.3115187,87.0,112.0,0.0,0.0,0.0,1.0,1.0
1771502423.3475223,86.0,112.0,0.0,0.0,0.0,1.0,1.0
1771502423.3765218,86.0,112.0,0.0,0.0,0.0,1.0,1.0
1771502423.4080765,86.0,112.0,0.0,0.0,0.0,1.0,1.0
1771502423.4410748,86.0,112.0,0.0,0.0,0.0,1.0,1.0
1771502423.4720771,86.0,112.0,0.0,0.0,0.0,1.0,1.0
1771502423.503643,86.0,112.0,0.0,0.0,0.0,0.0,1.0
1771502423.536639,86.0,112.0,0.0,0.0,0.0,0.0,1.0
1771502423.5706508,86.0,112.0,0.0,0.0,0.0,0.0,1.0
1771502423.617168,86.0,112.0,0.0,0.0,0.0,0.0,1.0
1771502423.6531703,86.0,112.0,0.0,0.0,0.0,1.0,1.0
1771502423.685183,87.0,112.0,0.0,0.0,0.0,1.0,1.0
1771502423.7469268,87.0,112.0,0.0,0.0,0.0,1.0,1.0
1771502423.778938,86.0,112.0,0.0,0.0,0.0,1.0,1.0
1771502423.81045,86.0,112.0,0.0,0.0,0.0,1.0,1.0
1771502423.8424523,86.0,112.0,0.0,0.0,0.0,1.0,1.0
1771502423.8735104,86.0,112.0,0.0,0.0,0.0,1.0,1.0
1771502423.906027,86.0,112.0,0.0,0.0,0.0,1.0,1.0
1771502423.9370885,86.0,112.0,0.0,0.0,0.0,1.0,1.0
1771502423.968338,86.0,112.0,0.0,0.0,0.0,0.0,1.0
1771502424.002385,86.0,111.0,0.0,0.0,0.0,0.0,1.0
1771502424.033439,86.0,112.0,0.0,0.0,0.0,0.0,1.0
1771502424.0684981,86.0,112.0,0.0,0.0,0.0,0.0,1.0
1771502424.0990403,86.0,112.0,0.0,0.0,0.0,0.0,1.0
1771502424.1310446,86.0,112.0,0.0,0.0,0.0,0.0,1.0
1771502424.1620457,86.0,112.0,0.0,0.0,0.0,0.0,1.0
1771502424.194596,86.0,111.0,0.0,0.0,0.0,0.0,0.0
1771502424.2236273,85.0,111.0,0.0,0.0,0.0,0.0,1.0
1771502424.2556267,85.0,111.0,0.0,0.0,0.0,0.0,1.0
1771502424.285648,85.0,111.0,0.0,0.0,0.0,0.0,1.0
1771502424.3171656,85.0,111.0,0.0,0.0,0.0,0.0,1.0
1771502424.3491633,85.0,111.0,0.0,0.0,0.0,0.0,1.0
1771502424.380165,85.0,111.0,0.0,0.0,0.0,0.0,1.0
1771502424.4106972,85.0,111.0,0.0,0.0,0.0,0.0,1.0
1771502424.442723,85.0,111.0,0.0,0.0,0.0,0.0,1.0
1771502424.4796906,85.0,111.0,0.0,0.0,0.0,0.0,1.0
1771502424.5128245,86.0,111.0,0.0,0.0,0.0,0.0,1.0
1771502424.5438251,86.0,111.0,0.0,0.0,0.0,0.0,1.0
1771502424.5758247,86.0,111.0,0.0,0.0,0.0,0.0,1.0
1771502424.6081634,86.0,111.0,0.0,0.0,0.0,1.0,1.0
1771502424.6421936,86.0,111.0,0.0,0.0,0.0,1.0,1.0
1771502424.671201,86.0,111.0,0.0,0.0,0.0,1.0,1.0
1771502424.7038155,86.0,111.0,0.0,0.0,0.0,1.0,1.0
1771502424.7358036,86.0,111.0,0.0,0.0,0.0,1.0,1.0
1771502424.7677965,86.0,111.0,0.0,0.0,0.0,1.0,1.0
1771502424.8034346,86.0,111.0,0.0,0.0,0.0,1.0,1.0
1771502424.8354344,86.0,111.0,0.0,0.0,0.0,1.0,1.0
1771502424.8674045,86.0,111.0,0.0,0.0,0.0,1.0,1.0
1771502424.9110754,86.0,112.0,0.0,0.0,0.0,1.0,1.0
1771502424.9470377,86.0,111.0,0.0,0.0,0.0,1.0,1.0
1771502424.9800355,86.0,112.0,0.0,0.0,0.0,0.0,1.0
1771502425.0078225,86.0,112.0,0.0,0.0,0.0,1.0,1.0
1771502425.0410023,86.0,112.0,0.0,0.0,0.0,1.0,1.0
1771502425.0729692,86.0,112.0,0.0,0.0,0.0,1.0,1.0
1771502425.104579,86.0,111.0,0.0,0.0,0.0,1.0,1.0
1771502425.136517,86.0,111.0,0.0,0.0,0.0,1.0,1.0
1771502425.1675107,86.0,111.0,0.0,0.0,0.0,1.0,1.0
1771502425.1995654,86.0,111.0,0.0,0.0,0.0,1.0,1.0
1771502425.2313561,86.0,111.0,0.0,0.0,0.0,1.0,1.0
1771502425.264803,86.0,112.0,0.0,0.0,0.0,1.0,1.0
1771502425.2968237,86.0,112.0,0.0,0.0,0.0,2.0,1.0
1771502425.3438668,87.0,112.0,0.0,0.0,0.0,2.0,1.0
1771502425.3768659,86.0,112.0,0.0,0.0,0.0,1.0,1.0
1771502425.4084108,86.0,112.0,0.0,0.0,0.0,1.0,1.0
1771502425.4381664,86.0,112.0,0.0,0.0,0.0,2.0,1.0
1771502425.4731693,86.0,112.0,0.0,0.0,0.0,1.0,1.0
1771502425.5067596,86.0,112.0,0.0,0.0,0.0,1.0,1.0
1771502425.537759,86.0,112.0,0.0,0.0,0.0,1.0,1.0
1771502425.568761,86.0,112.0,0.0,0.0,0.0,1.0,1.0
1771502425.5999277,86.0,112.0,0.0,0.0,0.0,1.0,1.0
1771502425.6329842,86.0,112.0,0.0,0.0,0.0,1.0,1.0
1771502425.6649206,86.0,112.0,0.0,0.0,0.0,1.0,1.0
1771502425.695936,86.0,112.0,0.0,0.0,0.0,1.0,1.0
1771502425.780562,86.0,112.0,0.0,0.0,0.0,1.0,1.0
1771502425.8033018,86.0,112.0,0.0,0.0,0.0,1.0,1.0
1771502425.8343415,87.0,112.0,0.0,0.0,0.0,2.0,1.0
1771502425.866275,87.0,112.0,0.0,0.0,0.0,2.0,1.0
1771502425.8963668,87.0,112.0,0.0,0.0,0.0,2.0,1.0
1771502425.9303463,87.0,112.0,0.0,0.0,0.0,2.0,2.0
1771502425.9603486,87.0,112.0,0.0,0.0,0.0,2.0,2.0
1771502425.9921665,87.0,113.0,0.0,0.0,0.0,2.0,2.0
1771502426.024488,87.0,112.0,0.0,0.0,0.0,2.0,2.0
1771502426.0544896,87.0,112.0,0.0,0.0,0.0,2.0,2.0
1771502426.0854914,87.0,112.0,0.0,0.0,0.0,2.0,2.0
1771502426.1183555,87.0,112.0,0.0,0.0,0.0,2.0,2.0
1771502426.1775546,87.0,112.0,0.0,0.0,0.0,2.0,1.0
1771502426.2120743,87.0,112.0,0.0,0.0,0.0,2.0,2.0
1771502426.2426395,86.0,112.0,0.0,0.0,0.0,2.0,1.0
1771502426.2746322,87.0,112.0,0.0,0.0,0.0,2.0,2.0
1771502426.3061197,86.0,112.0,0.0,0.0,0.0,2.0,1.0
1771502426.3365014,87.0,112.0,0.0,0.0,0.0,2.0,2.0
1771502426.3685286,86.0,112.0,0.0,0.0,0.0,2.0,1.0
1771502426.3985677,86.0,112.0,0.0,0.0,0.0,1.0,1.0
1771502426.4277215,86.0,112.0,0.0,0.0,0.0,1.0,1.0
1771502426.4757967,87.0,112.0,0.0,0.0,0.0,1.0,1.0
1771502426.508358,87.0,112.0,0.0,0.0,0.0,2.0,1.0
1771502426.5394833,87.0,112.0,0.0,0.0,0.0,2.0,1.0
1771502426.570484,87.0,112.0,0.0,0.0,0.0,1.0,1.0
1771502426.6110208,86.0,112.0,0.0,0.0,0.0,1.0,1.0
1771502426.668571,87.0,112.0,0.0,0.0,0.0,2.0,1.0
1771502426.6975772,87.0,112.0,0.0,0.0,0.0,2.0,1.0
1771502426.7291927,87.0,112.0,0.0,0.0,0.0,2.0,1.0
1771502426.760183,87.0,113.0,0.0,0.0,0.0,2.0,2.0
1771502426.7911923,87.0,113.0,0.0,0.0,0.0,2.0,2.0
1771502426.8213522,87.0,113.0,0.0,0.0,0.0,3.0,2.0
1771502426.8533497,87.0,113.0,0.0,0.0,0.0,3.0,2.0
1771502426.8863626,87.0,113.0,0.0,0.0,0.0,3.0,2.0
1771502426.9179425,87.0,112.0,0.0,0.0,0.0,3.0,2.0
1771502426.9484878,87.0,112.0,0.0,0.0,0.0,3.0,2.0
1771502426.9807045,87.0,112.0,0.0,0.0,0.0,3.0,2.0
1771502427.014275,87.0,112.0,0.0,0.0,0.0,2.0,2.0
1771502427.0428004,87.0,112.0,0.0,0.0,0.0,2.0,2.0
1771502427.0748017,87.0,112.0,0.0,0.0,0.0,2.0,2.0
1771502427.106361,87.0,112.0,0.0,0.0,0.0,2.0,2.0
1771502427.137361,87.0,112.0,0.0,0.0,0.0,2.0,2.0
1771502427.1693733,87.0,112.0,0.0,0.0,0.0,2.0,2.0
1771502427.198331,87.0,112.0,0.0,0.0,0.0,2.0,2.0
1771502427.2322438,87.0,112.0,0.0,0.0,0.0,2.0,2.0
1771502427.2632453,87.0,112.0,0.0,0.0,0.0,2.0,2.0
1771502427.2952664,86.0,112.0,0.0,0.0,0.0,2.0,2.0
1771502427.3257868,87.0,112.0,0.0,0.0,0.0,2.0,2.0
1771502427.3602931,86.0,111.0,0.0,0.0,0.0,1.0,2.0
1771502427.3903525,86.0,111.0,0.0,0.0,0.0,2.0,2.0
1771502427.424408,86.0,111.0,0.0,0.0,0.0,2.0,2.0
1771502427.4759622,86.0,111.0,0.0,0.0,0.0,2.0,2.0
1771502427.5064862,86.0,111.0,0.0,0.0,0.0,2.0,2.0
1771502427.5334895,86.0,111.0,0.0,0.0,0.0,2.0,2.0
1771502427.5654871,86.0,111.0,0.0,0.0,0.0,2.0,2.0
1771502427.597491,86.0,111.0,0.0,0.0,0.0,2.0,2.0
1771502427.6280012,86.0,111.0,0.0,0.0,0.0,2.0,2.0
1771502427.66001,86.0,111.0,0.0,0.0,0.0,2.0,2.0
1771502427.6910143,86.0,111.0,0.0,0.0,0.0,2.0,2.0
1771502427.7211723,86.0,111.0,0.0,0.0,0.0,2.0,2.0
1771502427.7591636,87.0,112.0,0.0,0.0,0.0,2.0,2.0
1771502427.7921875,87.0,112.0,0.0,0.0,0.0,2.0,2.0
1771502427.8243577,87.0,112.0,0.0,0.0,0.0,2.0,2.0
1771502427.864039,87.0,112.0,0.0,0.0,0.0,2.0,2.0
1771502427.9055648,87.0,112.0,0.0,0.0,0.0,2.0,1.0
1771502427.9375765,87.0,112.0,0.0,0.0,0.0,2.0,2.0
1771502427.9575694,87.0,112.0,0.0,0.0,0.0,2.0,1.0
1771502427.9890878,86.0,111.0,0.0,0.0,0.0,2.0,1.0
1771502428.0176437,87.0,111.0,0.0,0.0,0.0,2.0,1.0
1771502428.0500052,86.0,111.0,0.0,0.0,0.0,1.0,1.0
1771502428.082015,87.0,112.0,0.0,0.0,0.0,1.0,1.0
1771502428.1135147,87.0,112.0,0.0,0.0,0.0,2.0,1.0
1771502428.1605551,87.0,112.0,0.0,0.0,0.0,2.0,1.0
1771502428.1916165,87.0,112.0,0.0,0.0,0.0,2.0,1.0
1771502428.2238548,87.0,112.0,0.0,0.0,0.0,2.0,2.0
1771502428.2558541,87.0,112.0,0.0,0.0,0.0,2.0,1.0
1771502428.2878904,86.0,112.0,0.0,0.0,0.0,1.0,1.0
1771502428.3380399,87.0,112.0,0.0,0.0,0.0,2.0,1.0
1771502428.370035,87.0,112.0,0.0,0.0,0.0,2.0,1.0
1771502428.3951435,87.0,112.0,0.0,0.0,0.0,2.0,2.0
1771502428.4244356,87.0,112.0,0.0,0.0,0.0,2.0,1.0
1771502428.4564047,86.0,112.0,0.0,0.0,0.0,1.0,1.0
1771502428.488441,87.0,112.0,0.0,0.0,0.0,2.0,1.0
1771502428.5194883,86.0,112.0,0.0,0.0,0.0,1.0,1.0
1771502428.5605586,86.0,111.0,0.0,0.0,0.0,1.0,1.0
1771502428.5910773,86.0,111.0,0.0,0.0,0.0,1.0,1.0
1771502428.624589,86.0,111.0,0.0,0.0,0.0,1.0,1.0
1771502428.6555824,86.0,111.0,0.0,0.0,0.0,1.0,1.0
1771502428.6885939,86.0,111.0,0.0,0.0,0.0,1.0,1.0
1771502428.720115,86.0,111.0,0.0,0.0,0.0,1.0,1.0
1771502428.770115,86.0,111.0,0.0,0.0,0.0,1.0,1.0
1771502428.8016195,86.0,112.0,0.0,0.0,0.0,1.0,1.0
1771502428.8306885,86.0,112.0,0.0,0.0,0.0,1.0,1.0
1771502428.862655,86.0,112.0,0.0,0.0,0.0,1.0,1.0
1771502428.8946502,86.0,112.0,0.0,0.0,0.0,1.0,1.0
1771502428.9261587,87.0,112.0,0.0,0.0,0.0,1.0,1.0
1771502428.9661582,87.0,112.0,0.0,0.0,0.0,1.0,1.0
1771502428.9917974,87.0,112.0,0.0,0.0,0.0,1.0,1.0
1771502429.0236628,87.0,112.0,0.0,0.0,0.0,1.0,1.0
1771502429.055663,87.0,112.0,0.0,0.0,0.0,1.0,1.0
1771502429.087667,87.0,112.0,0.0,0.0,0.0,1.0,1.0
1771502429.1208515,87.0,112.0,0.0,0.0,0.0,2.0,2.0
1771502429.1518507,87.0,112.0,0.0,0.0,0.0,2.0,2.0
1771502429.205354,87.0,112.0,0.0,0.0,0.0,1.0,1.0
1771502429.2383595,87.0,112.0,0.0,0.0,0.0,2.0,1.0
1771502429.2713585,87.0,112.0,0.0,0.0,0.0,1.0,1.0
1771502429.3020744,87.0,112.0,0.0,0.0,0.0,1.0,1.0
1771502429.3351355,87.0,112.0,0.0,0.0,0.0,2.0,1.0
1771502429.3653553,87.0,112.0,0.0,0.0,0.0,1.0,1.0
1771502429.3953729,87.0,112.0,0.0,0.0,0.0,1.0,1.0
1771502429.4274647,87.0,112.0,0.0,0.0,0.0,1.0,1.0
1771502429.4594636,87.0,112.0,0.0,0.0,0.0,1.0,1.0
1771502429.4924686,87.0,112.0,0.0,0.0,0.0,1.0,1.0
1771502429.5227463,87.0,112.0,0.0,0.0,0.0,1.0,1.0
1771502429.5547621,87.0,112.0,0.0,0.0,0.0,1.0,1.0
1771502429.5877683,87.0,112.0,0.0,0.0,0.0,1.0,1.0
1771502429.6373124,87.0,112.0,0.0,0.0,0.0,1.0,1.0
1771502429.666614,87.0,112.0,0.0,0.0,0.0,1.0,1.0
1771502429.6952069,87.0,113.0,0.0,0.0,0.0,1.0,1.0
1771502429.7267954,87.0,112.0,0.0,0.0,0.0,1.0,1.0
1771502429.7607923,87.0,112.0,0.0,0.0,0.0,1.0,1.0
1771502429.792821,87.0,112.0,0.0,0.0,0.0,1.0,1.0
1771502429.8303452,87.0,112.0,0.0,0.0,0.0,1.0,1.0
1771502429.8553355,86.0,112.0,0.0,0.0,0.0,1.0,1.0
1771502429.887348,87.0,112.0,0.0,0.0,0.0,1.0,1.0
1771502429.9188826,87.0,112.0,0.0,0.0,0.0,2.0,1.0
1771502429.9518828,87.0,112.0,0.0,0.0,0.0,1.0,1.0
1771502429.9838967,87.0,112.0,0.0,0.0,0.0,2.0,1.0
1771502430.0178654,87.0,112.0,0.0,0.0,0.0,2.0,1.0
1771502430.0648644,86.0,112.0,0.0,0.0,0.0,1.0,1.0
1771502430.0968697,86.0,112.0,0.0,0.0,0.0,2.0,1.0
1771502430.1183965,87.0,112.0,0.0,0.0,0.0,2.0,1.0
1771502430.1593962,87.0,112.0,0.0,0.0,0.0,2.0,1.0
1771502430.1919668,87.0,112.0,0.0,0.0,0.0,2.0,2.0
1771502430.2254448,87.0,112.0,0.0,0.0,0.0,2.0,2.0
1771502430.2574422,87.0,112.0,0.0,0.0,0.0,2.0,2.0
1771502430.2884536,87.0,112.0,0.0,0.0,0.0,2.0,1.0
1771502430.3198204,87.0,113.0,0.0,0.0,0.0,2.0,1.0
1771502430.3508193,87.0,113.0,0.0,0.0,0.0,2.0,2.0
1771502430.383819,87.0,113.0,0.0,0.0,0.0,2.0,2.0
1771502430.4155474,87.0,113.0,0.0,0.0,0.0,2.0,2.0
1771502430.447483,87.0,113.0,0.0,0.0,0.0,2.0,2.0
1771502430.4974766,88.0,113.0,0.0,0.0,1.0,3.0,2.0
1771502430.529618,88.0,113.0,0.0,0.0,1.0,3.0,2.0
1771502430.570214,88.0,113.0,0.0,0.0,1.0,3.0,2.0
1771502430.6022427,88.0,114.0,0.0,0.0,1.0,3.0,2.0
1771502430.6347876,88.0,114.0,0.0,0.0,1.0,3.0,2.0
1771502430.6657798,88.0,113.0,0.0,0.0,1.0,3.0,2.0
1771502430.696794,88.0,113.0,0.0,0.0,1.0,3.0,2.0
1771502430.7270675,87.0,113.0,0.0,0.0,1.0,3.0,2.0
1771502430.7591317,88.0,113.0,0.0,0.0,1.0,3.0,2.0
1771502430.7896502,88.0,113.0,0.0,0.0,1.0,3.0,2.0
1771502430.8211823,88.0,113.0,0.0,0.0,1.0,4.0,2.0
1771502430.85219,88.0,113.0,0.0,0.0,1.0,4.0,2.0
1771502430.8842027,88.0,113.0,0.0,0.0,1.0,4.0,2.0
1771502430.929711,88.0,113.0,0.0,0.0,1.0,3.0,2.0
1771502430.966712,88.0,113.0,0.0,0.0,1.0,4.0,2.0
1771502430.991646,88.0,113.0,0.0,0.0,1.0,4.0,2.0
1771502431.0243564,88.0,113.0,0.0,0.0,1.0,3.0,2.0
1771502431.0553691,88.0,113.0,0.0,0.0,1.0,3.0,2.0
1771502431.0873563,88.0,113.0,0.0,0.0,1.0,3.0,2.0
1771502431.1248744,88.0,113.0,0.0,0.0,1.0,3.0,2.0
1771502431.1538715,88.0,113.0,0.0,0.0,1.0,3.0,2.0
1771502431.1848748,88.0,113.0,0.0,0.0,2.0,4.0,2.0
1771502431.2149215,88.0,113.0,0.0,0.0,1.0,3.0,2.0
1771502431.2471101,88.0,113.0,0.0,0.0,1.0,3.0,2.0
1771502431.2800982,88.0,113.0,0.0,0.0,1.0,3.0,2.0
1771502431.31062,88.0,113.0,0.0,0.0,2.0,3.0,2.0
1771502431.360655,88.0,113.0,0.0,0.0,2.0,4.0,2.0
1771502431.392649,88.0,113.0,0.0,0.0,2.0,4.0,3.0
1771502431.4241574,88.0,113.0,0.0,0.0,2.0,4.0,2.0
1771502431.4551558,88.0,113.0,0.0,0.0,2.0,4.0,3.0
1771502431.4871545,88.0,113.0,0.0,0.0,2.0,4.0,3.0
1771502431.521426,88.0,113.0,0.0,0.0,2.0,4.0,3.0
1771502431.552426,88.0,113.0,0.0,0.0,2.0,4.0,3.0
1771502431.584423,88.0,113.0,0.0,0.0,2.0,4.0,3.0
1771502431.6169357,87.0,113.0,0.0,0.0,2.0,4.0,2.0
1771502431.647936,87.0,113.0,0.0,0.0,1.0,4.0,2.0
1771502431.6789434,88.0,113.0,0.0,0.0,2.0,4.0,3.0
1771502431.7124531,88.0,113.0,0.0,0.0,2.0,4.0,3.0
1771502431.7606142,88.0,113.0,0.0,0.0,2.0,4.0,3.0
1771502431.7956564,88.0,113.0,0.0,0.0,2.0,4.0,3.0
1771502431.8266146,88.0,113.0,0.0,0.0,2.0,5.0,3.0
1771502431.856698,88.0,112.0,0.0,0.0,2.0,5.0,3.0
1771502431.8876603,88.0,113.0,0.0,0.0,2.0,6.0,4.0
1771502431.9324465,88.0,112.0,0.0,0.0,2.0,5.0,3.0
1771502431.9664536,88.0,113.0,0.0,0.0,3.0,6.0,4.0
1771502431.997458,88.0,113.0,0.0,0.0,3.0,6.0,4.0
1771502432.0269675,88.0,113.0,0.0,0.0,3.0,6.0,4.0
1771502432.0599775,88.0,113.0,0.0,0.0,3.0,6.0,4.0
1771502432.089967,89.0,113.0,0.0,0.0,3.0,6.0,4.0
1771502432.12166,89.0,113.0,0.0,0.0,3.0,6.0,4.0
1771502432.1526628,88.0,113.0,0.0,0.0,3.0,6.0,4.0
1771502432.1916628,88.0,113.0,0.0,0.0,3.0,6.0,4.0
1771502432.228196,88.0,113.0,0.0,0.0,3.0,6.0,4.0
1771502432.260552,88.0,113.0,0.0,0.0,3.0,6.0,4.0
1771502432.2925594,88.0,113.0,0.0,0.0,2.0,6.0,3.0
1771502432.3241012,88.0,113.0,0.0,0.0,2.0,6.0,3.0
1771502432.3551126,88.0,113.0,0.0,0.0,2.0,6.0,3.0
1771502432.3871212,88.0,113.0,0.0,0.0,2.0,6.0,3.0
1771502432.419637,88.0,113.0,0.0,0.0,2.0,6.0,3.0
1771502432.451064,88.0,113.0,0.0,0.0,2.0,6.0,3.0
1771502432.4820569,88.0,113.0,0.0,0.0,2.0,6.0,3.0
1771502432.5135908,88.0,113.0,0.0,0.0,3.0,6.0,3.0
1771502432.5445933,88.0,113.0,0.0,0.0,3.0,6.0,3.0
1771502432.5755932,88.0,113.0,0.0,0.0,3.0,6.0,3.0
1771502432.6251173,88.0,113.0,0.0,0.0,3.0,6.0,3.0
1771502432.6571157,88.0,113.0,0.0,0.0,3.0,6.0,3.0
1771502432.6871183,88.0,113.0,0.0,0.0,3.0,6.0,3.0
1771502432.719648,88.0,113.0,0.0,0.0,3.0,6.0,3.0
1771502432.7516415,88.0,113.0,0.0,0.0,3.0,6.0,3.0
1771502432.7836413,88.0,113.0,0.0,0.0,3.0,6.0,3.0
1771502432.8161888,89.0,113.0,0.0,0.0,4.0,7.0,3.0
1771502432.8471808,89.0,113.0,0.0,0.0,4.0,7.0,4.0
1771502432.8811882,89.0,113.0,0.0,0.0,4.0,7.0,4.0
1771502432.9117002,89.0,113.0,0.0,0.0,4.0,7.0,4.0
1771502432.9427238,89.0,113.0,0.0,0.0,3.0,7.0,3.0
1771502432.9762325,89.0,113.0,0.0,0.0,4.0,7.0,4.0
1771502433.0092056,89.0,113.0,0.0,0.0,4.0,7.0,4.0
1771502433.0554144,89.0,113.0,0.0,0.0,4.0,7.0,4.0
1771502433.0904245,89.0,113.0,0.0,0.0,4.0,7.0,4.0
1771502433.124762,89.0,113.0,0.0,0.0,4.0,7.0,4.0
1771502433.1563048,89.0,113.0,0.0,0.0,4.0,8.0,4.0
1771502433.1873028,89.0,114.0,0.0,0.0,4.0,8.0,4.0
1771502433.2188163,89.0,114.0,0.0,0.0,4.0,8.0,4.0
1771502433.2498136,89.0,114.0,0.0,0.0,4.0,8.0,4.0
1771502433.2967937,89.0,114.0,0.0,0.0,4.0,8.0,4.0
1771502433.3283157,89.0,113.0,0.0,0.0,4.0,8.0,4.0
1771502433.3603184,89.0,114.0,0.0,0.0,4.0,8.0,4.0
1771502433.3903072,89.0,114.0,0.0,0.0,4.0,8.0,4.0
1771502433.4223292,89.0,114.0,0.0,0.0,4.0,8.0,4.0
1771502433.454408,89.0,114.0,0.0,0.0,4.0,8.0,4.0
1771502433.487461,89.0,114.0,0.0,0.0,4.0,7.0,4.0
1771502433.5249226,89.0,114.0,0.0,0.0,4.0,7.0,4.0
1771502433.5519223,89.0,114.0,0.0,0.0,3.0,7.0,4.0
1771502433.5829225,89.0,114.0,0.0,0.0,3.0,7.0,4.0
1771502433.6164305,89.0,114.0,0.0,0.0,4.0,7.0,4.0
1771502433.6474316,89.0,114.0,0.0,0.0,3.0,7.0,4.0
1771502433.6794322,89.0,114.0,0.0,0.0,3.0,7.0,4.0
1771502433.7119408,89.0,114.0,0.0,0.0,3.0,7.0,4.0
1771502433.7449439,89.0,114.0,0.0,0.0,3.0,7.0,3.0
1771502433.775944,89.0,114.0,0.0,0.0,3.0,7.0,4.0
1771502433.8075387,89.0,114.0,0.0,0.0,3.0,7.0,4.0
1771502433.839579,89.0,114.0,0.0,0.0,3.0,7.0,3.0
1771502433.8715634,89.0,114.0,0.0,0.0,2.0,6.0,3.0
1771502433.920091,89.0,114.0,0.0,0.0,2.0,6.0,3.0
1771502433.9540904,89.0,114.0,0.0,0.0,2.0,6.0,3.0
1771502433.9870906,89.0,114.0,0.0,0.0,2.0,6.0,3.0
1771502434.019579,88.0,114.0,0.0,0.0,2.0,6.0,3.0
1771502434.0505993,88.0,114.0,0.0,0.0,2.0,6.0,3.0
1771502434.080953,88.0,114.0,0.0,0.0,2.0,6.0,3.0
1771502434.1124742,88.0,114.0,0.0,0.0,2.0,6.0,3.0
1771502434.1444848,88.0,114.0,0.0,0.0,2.0,6.0,3.0
1771502434.1804867,89.0,114.0,0.0,0.0,3.0,6.0,3.0
1771502434.207759,88.0,114.0,0.0,0.0,2.0,6.0,3.0
1771502434.2399995,88.0,114.0,0.0,0.0,2.0,6.0,3.0
1771502434.2729926,88.0,114.0,0.0,0.0,2.0,6.0,3.0
1771502434.304,88.0,115.0,0.0,0.0,2.0,6.0,3.0
1771502434.35151,88.0,115.0,0.0,0.0,2.0,6.0,3.0
1771502434.3885128,88.0,115.0,0.0,0.0,2.0,5.0,3.0
1771502434.4230475,88.0,115.0,0.0,0.0,2.0,5.0,3.0
1771502434.4530532,88.0,115.0,0.0,0.0,2.0,5.0,3.0
1771502434.4860475,88.0,115.0,0.0,0.0,2.0,5.0,3.0
1771502434.5175807,88.0,115.0,0.0,0.0,2.0,5.0,3.0
1771502434.548579,88.0,115.0,0.0,0.0,2.0,5.0,3.0
1771502434.5795777,88.0,115.0,0.0,0.0,2.0,5.0,2.0
1771502434.611137,88.0,115.0,0.0,0.0,1.0,5.0,2.0
1771502434.657484,88.0,115.0,0.0,0.0,1.0,4.0,2.0
1771502434.6894996,88.0,115.0,0.0,0.0,1.0,4.0,2.0
1771502434.7209957,88.0,115.0,0.0,0.0,1.0,3.0,2.0
1771502434.7509906,88.0,115.0,0.0,0.0,1.0,4.0,2.0
1771502434.7861,88.0,115.0,0.0,0.0,1.0,4.0,2.0
1771502434.822617,88.0,115.0,0.0,0.0,1.0,4.0,2.0
1771502434.8486161,88.0,115.0,0.0,0.0,1.0,4.0,2.0
1771502434.879624,88.0,115.0,0.0,0.0,1.0,4.0,2.0
1771502434.9119608,88.0,115.0,0.0,0.0,1.0,4.0,2.0
1771502434.943955,88.0,115.0,0.0,0.0,1.0,4.0,2.0
1771502434.9759555,88.0,115.0,0.0,0.0,1.0,4.0,2.0
1771502435.0119226,88.0,115.0,0.0,0.0,1.0,4.0,2.0
1771502435.0399292,88.0,116.0,0.0,0.0,2.0,4.0,3.0
1771502435.071929,88.0,116.0,0.0,0.0,2.0,4.0,3.0
1771502435.1065435,88.0,116.0,0.0,0.0,2.0,4.0,3.0
1771502435.1407812,88.0,116.0,0.0,0.0,1.0,4.0,3.0
1771502435.1711848,88.0,116.0,0.0,0.0,1.0,4.0,2.0
1771502435.21583,88.0,116.0,0.0,0.0,1.0,4.0,2.0
1771502435.2517965,88.0,116.0,0.0,0.0,1.0,4.0,2.0
1771502435.2790859,88.0,116.0,0.0,0.0,0.0,3.0,2.0
1771502435.3109725,88.0,116.0,0.0,0.0,1.0,3.0,2.0
1771502435.3439336,88.0,116.0,0.0,0.0,1.0,3.0,2.0
1771502435.3759036,88.0,116.0,0.0,0.0,1.0,3.0,2.0
1771502435.4079454,88.0,116.0,0.0,0.0,0.0,3.0,2.0
1771502435.4394956,88.0,116.0,0.0,0.0,1.0,3.0,2.0
1771502435.4724848,88.0,116.0,0.0,0.0,1.0,3.0,2.0
1771502435.5035596,88.0,116.0,0.0,0.0,1.0,3.0,2.0
1771502435.536132,88.0,117.0,0.0,0.0,1.0,4.0,2.0
1771502435.5661297,89.0,117.0,0.0,0.0,2.0,4.0,2.0
1771502435.59917,89.0,117.0,0.0,0.0,2.0,4.0,2.0
1771502435.6477153,89.0,117.0,0.0,0.0,2.0,4.0,2.0
1771502435.6817286,89.0,117.0,0.0,0.0,2.0,4.0,2.0
1771502435.7113159,89.0,117.0,0.0,0.0,2.0,3.0,2.0
1771502435.743351,89.0,117.0,0.0,0.0,1.0,3.0,2.0
1771502435.776316,89.0,117.0,0.0,0.0,1.0,3.0,2.0
1771502435.8073404,89.0,118.0,0.0,0.0,1.0,3.0,2.0
1771502435.8399463,89.0,118.0,0.0,0.0,1.0,3.0,2.0
1771502435.8730063,89.0,118.0,0.0,0.0,1.0,3.0,2.0
1771502435.9059746,89.0,118.0,0.0,0.0,1.0,3.0,2.0
1771502435.93569,89.0,118.0,0.0,0.0,1.0,3.0,2.0
1771502435.9687023,88.0,118.0,0.0,0.0,1.0,2.0,2.0
1771502436.0119796,89.0,118.0,0.0,0.0,1.0,2.0,2.0
1771502436.0449915,89.0,118.0,0.0,0.0,1.0,2.0,2.0
1771502436.0799913,89.0,118.0,0.0,0.0,1.0,3.0,2.0
1771502436.1145172,89.0,118.0,0.0,0.0,1.0,3.0,2.0
1771502436.145918,89.0,118.0,0.0,0.0,1.0,3.0,2.0
1771502436.1759157,89.0,118.0,0.0,0.0,1.0,3.0,2.0
1771502436.207923,89.0,118.0,0.0,0.0,1.0,2.0,2.0
1771502436.2394452,89.0,118.0,0.0,0.0,1.0,2.0,2.0
1771502436.2714515,89.0,118.0,0.0,0.0,1.0,2.0,1.0
1771502436.3029642,88.0,118.0,0.0,0.0,1.0,2.0,1.0
1771502436.338715,89.0,118.0,0.0,0.0,1.0,2.0,1.0
1771502436.3672278,89.0,118.0,0.0,0.0,1.0,2.0,1.0
1771502436.3991995,88.0,118.0,0.0,0.0,1.0,1.0,1.0
1771502436.4317338,88.0,118.0,0.0,0.0,1.0,1.0,1.0
1771502436.465729,88.0,118.0,0.0,0.0,0.0,1.0,0.0
1771502436.5142884,88.0,118.0,0.0,0.0,0.0,0.0,0.0
1771502436.5472968,88.0,118.0,0.0,0.0,0.0,0.0,0.0
1771502436.5783336,88.0,118.0,0.0,0.0,0.0,0.0,0.0
1771502436.6110227,88.0,118.0,0.0,0.0,0.0,0.0,0.0
1771502436.6410315,88.0,118.0,0.0,0.0,0.0,0.0,0.0
1771502436.6720726,88.0,118.0,0.0,0.0,0.0,0.0,0.0
1771502436.7040687,88.0,118.0,0.0,0.0,0.0,0.0,0.0
1771502436.735719,88.0,118.0,0.0,0.0,0.0,0.0,0.0
1771502436.7696822,88.0,118.0,0.0,0.0,0.0,0.0,0.0
1771502436.7997277,88.0,118.0,0.0,0.0,0.0,0.0,0.0
1771502436.8312476,88.0,119.0,0.0,0.0,0.0,0.0,0.0
1771502436.8632486,88.0,119.0,0.0,0.0,0.0,0.0,0.0
1771502436.895286,88.0,119.0,0.0,0.0,0.0,0.0,0.0
1771502436.9449158,88.0,119.0,0.0,0.0,0.0,0.0,0.0
1771502436.9769135,88.0,119.0,0.0,0.0,0.0,0.0,0.0
1771502437.007538,88.0,119.0,0.0,0.0,0.0,0.0,0.0
1771502437.0394058,88.0,119.0,0.0,0.0,0.0,0.0,0.0
1771502437.0714393,88.0,119.0,0.0,0.0,1.0,0.0,0.0
1771502437.1034188,88.0,119.0,0.0,0.0,1.0,0.0,0.0
1771502437.1367092,88.0,119.0,0.0,0.0,1.0,0.0,0.0
1771502437.1677017,88.0,119.0,0.0,0.0,1.0,0.0,0.0
1771502437.2027178,88.0,119.0,0.0,0.0,1.0,0.0,0.0
1771502437.2352486,88.0,119.0,0.0,0.0,1.0,0.0,0.0
1771502437.2672882,88.0,119.0,0.0,0.0,1.0,0.0,0.0
1771502437.2993176,88.0,119.0,0.0,0.0,1.0,0.0,0.0
1771502437.378541,88.0,119.0,0.0,0.0,0.0,0.0,0.0
1771502437.4123347,88.0,119.0,0.0,0.0,0.0,0.0,0.0
1771502437.4420373,88.0,119.0,0.0,0.0,0.0,0.0,0.0
1771502437.4726095,88.0,119.0,0.0,0.0,0.0,0.0,0.0
1771502437.504618,88.0,119.0,0.0,0.0,0.0,0.0,0.0
1771502437.5348504,88.0,119.0,0.0,0.0,0.0,0.0,0.0
1771502437.5655863,88.0,119.0,0.0,0.0,0.0,0.0,0.0
1771502437.5977051,88.0,118.0,0.0,0.0,0.0,0.0,0.0
1771502437.6284266,87.0,118.0,0.0,0.0,0.0,0.0,0.0
1771502437.6593196,87.0,118.0,0.0,0.0,0.0,0.0,0.0
1771502437.6903198,87.0,118.0,0.0,0.0,0.0,0.0,0.0
1771502437.72031,87.0,117.0,0.0,0.0,0.0,0.0,1.0
1771502437.7793906,86.0,117.0,0.0,0.0,0.0,1.0,2.0
1771502437.809765,86.0,116.0,0.0,0.0,0.0,1.0,3.0
1771502437.8307118,86.0,116.0,0.0,0.0,0.0,1.0,3.0
1771502437.8588905,85.0,116.0,0.0,0.0,0.0,1.0,3.0
1771502437.8912833,85.0,115.0,0.0,0.0,0.0,1.0,4.0
1771502437.9226768,85.0,115.0,0.0,0.0,0.0,1.0,4.0
1771502437.9536486,85.0,114.0,0.0,0.0,0.0,2.0,4.0
1771502437.9854205,85.0,114.0,0.0,0.0,0.0,2.0,4.0
1771502438.0165565,85.0,114.0,0.0,0.0,0.0,2.0,4.0
1771502438.047566,85.0,114.0,0.0,0.0,0.0,3.0,4.0
1771502438.0795553,85.0,113.0,0.0,0.0,0.0,4.0,4.0
1771502438.111563,85.0,113.0,0.0,0.0,0.0,4.0,4.0
1771502438.16243,84.0,111.0,0.0,0.0,0.0,5.0,3.0
1771502438.2093883,84.0,110.0,0.0,0.0,1.0,7.0,4.0
1771502438.2412632,84.0,109.0,0.0,0.0,2.0,8.0,4.0
1771502438.2683823,84.0,108.0,0.0,0.0,3.0,10.0,4.0
1771502438.2991073,84.0,108.0,0.0,0.0,3.0,11.0,4.0
1771502438.331526,84.0,107.0,0.0,0.0,4.0,12.0,4.0
1771502438.3621662,84.0,106.0,0.0,0.0,5.0,14.0,5.0
1771502438.3915634,84.0,106.0,0.0,0.0,5.0,14.0,5.0
1771502438.4255204,84.0,105.0,0.0,0.0,6.0,15.0,5.0
1771502438.4541886,84.0,105.0,0.0,0.0,8.0,17.0,6.0
1771502438.4858108,84.0,105.0,0.0,0.0,9.0,19.0,7.0
1771502438.5188847,84.0,106.0,0.0,0.0,10.0,20.0,8.0
1771502438.5622442,84.0,106.0,0.0,0.0,11.0,21.0,9.0
1771502438.5962408,83.0,106.0,6.0,0.0,11.0,22.0,10.0
1771502438.6401694,83.0,107.0,11.0,0.0,11.0,23.0,11.0
1771502438.6751719,83.0,107.0,15.0,0.0,11.0,23.0,11.0
1771502438.7061167,83.0,107.0,15.0,0.0,11.0,23.0,12.0
1771502438.7360084,83.0,107.0,15.0,0.0,11.0,23.0,12.0
1771502438.767069,83.0,107.0,14.0,0.0,11.0,23.0,12.0
1771502438.7991636,82.0,107.0,15.0,0.0,11.0,23.0,11.0
1771502438.8316991,81.0,107.0,20.0,0.0,10.0,22.0,11.0
1771502438.8616672,81.0,107.0,31.0,0.0,10.0,22.0,11.0
1771502438.8941865,80.0,106.0,40.0,0.0,9.0,21.0,11.0
1771502438.928973,79.0,106.0,45.0,0.0,8.0,20.0,11.0
1771502438.96289,79.0,106.0,47.0,0.0,7.0,20.0,12.0
1771502438.994274,77.0,105.0,56.0,0.0,5.0,19.0,12.0
1771502439.025088,76.0,106.0,66.0,0.0,3.0,17.0,13.0
1771502439.0741196,75.0,105.0,89.0,0.0,0.0,14.0,14.0
1771502439.1091394,74.0,105.0,90.0,0.0,0.0,13.0,14.0
1771502439.1385891,73.0,105.0,95.0,0.0,0.0,12.0,14.0
1771502439.170741,73.0,104.0,100.0,0.0,0.0,12.0,14.0
1771502439.2017198,73.0,104.0,100.0,0.0,0.0,12.0,15.0
1771502439.2312732,73.0,103.0,100.0,0.0,0.0,12.0,15.0
1771502439.263342,73.0,103.0,100.0,0.0,0.0,12.0,15.0
1771502439.2953427,73.0,102.0,100.0,0.0,0.0,13.0,15.0
1771502439.326417,73.0,102.0,100.0,0.0,0.0,13.0,15.0
1771502439.3626952,73.0,102.0,100.0,0.0,0.0,15.0,16.0
1771502439.3915732,73.0,102.0,100.0,0.0,0.0,15.0,16.0
1771502439.4242482,73.0,102.0,100.0,0.0,0.0,16.0,16.0
1771502439.4562838,73.0,101.0,100.0,0.0,0.0,16.0,16.0
1771502439.5042975,73.0,101.0,100.0,0.0,0.0,16.0,15.0
1771502439.5383732,72.0,101.0,100.0,0.0,0.0,16.0,15.0
1771502439.5608814,72.0,101.0,100.0,0.0,0.0,16.0,15.0
1771502439.5909195,71.0,101.0,100.0,0.0,0.0,15.0,15.0
1771502439.6224496,71.0,101.0,100.0,0.0,0.0,15.0,14.0
1771502439.6524518,71.0,101.0,100.0,0.0,0.0,15.0,14.0
1771502439.6849942,70.0,101.0,100.0,0.0,0.0,15.0,13.0
1771502439.7160668,70.0,101.0,100.0,0.0,0.0,15.0,13.0
1771502439.7601757,70.0,101.0,100.0,0.0,0.0,15.0,13.0
1771502439.7941682,70.0,100.0,100.0,0.0,0.0,15.0,13.0
1771502439.8252916,69.0,100.0,100.0,0.0,0.0,15.0,12.0
1771502439.856299,69.0,100.0,100.0,0.0,0.0,15.0,12.0
1771502439.8902922,69.0,100.0,100.0,0.0,0.0,16.0,12.0
1771502439.937806,69.0,100.0,100.0,0.0,0.0,16.0,12.0
1771502439.9688017,68.0,100.0,100.0,0.0,0.0,16.0,11.0
1771502439.998094,68.0,99.0,100.0,0.0,1.0,16.0,10.0
1771502440.0319383,68.0,100.0,100.0,0.0,2.0,16.0,10.0
1771502440.0609412,68.0,100.0,100.0,0.0,2.0,16.0,10.0
1771502440.0919397,67.0,100.0,100.0,0.0,3.0,16.0,9.0
1771502440.1224508,67.0,100.0,100.0,0.0,3.0,16.0,9.0
1771502440.1594508,67.0,101.0,100.0,0.0,6.0,19.0,10.0
1771502440.1954603,68.0,102.0,100.0,0.0,9.0,23.0,11.0
1771502440.226981,68.0,102.0,100.0,0.0,13.0,27.0,14.0
1771502440.2579749,69.0,102.0,100.0,0.0,16.0,31.0,16.0
1771502440.2879674,69.0,101.0,100.0,0.0,20.0,36.0,19.0
1771502440.320485,70.0,101.0,100.0,0.0,22.0,39.0,21.0
1771502440.3676257,70.0,100.0,100.0,0.0,24.0,42.0,24.0
1771502440.4016285,69.0,98.0,100.0,1.0,26.0,44.0,26.0
1771502440.434138,69.0,95.0,100.0,2.0,27.0,45.0,27.0
1771502440.4631388,69.0,94.0,91.0,3.0,28.0,46.0,28.0
1771502440.4951365,68.0,92.0,63.0,5.0,29.0,47.0,30.0
1771502440.5247777,67.0,90.0,44.0,6.0,31.0,49.0,32.0
1771502440.55944,66.0,88.0,26.0,9.0,33.0,51.0,34.0
1771502440.592555,66.0,87.0,19.0,11.0,36.0,54.0,37.0
1771502440.6260846,65.0,87.0,13.0,15.0,39.0,56.0,39.0
1771502440.6570866,65.0,87.0,12.0,18.0,41.0,58.0,40.0
1771502440.688085,64.0,87.0,12.0,20.0,43.0,60.0,41.0
1771502440.7196407,64.0,88.0,16.0,25.0,45.0,62.0,42.0
1771502440.7516406,64.0,88.0,17.0,28.0,47.0,64.0,43.0
1771502440.7996402,64.0,88.0,18.0,33.0,50.0,67.0,45.0
1771502440.835197,64.0,88.0,17.0,37.0,52.0,69.0,47.0
1771502440.8671718,64.0,88.0,15.0,38.0,53.0,71.0,47.0
1771502440.8991716,64.0,89.0,12.0,38.0,54.0,71.0,48.0
1771502440.9307077,65.0,89.0,11.0,38.0,55.0,72.0,48.0
1771502440.961709,65.0,89.0,11.0,39.0,55.0,72.0,48.0
1771502440.992218,65.0,89.0,13.0,40.0,56.0,73.0,48.0
1771502441.0278752,65.0,89.0,19.0,41.0,57.0,74.0,48.0
1771502441.0568786,65.0,89.0,21.0,42.0,57.0,74.0,49.0
1771502441.0898762,65.0,89.0,22.0,42.0,58.0,75.0,49.0
1771502441.1224062,65.0,89.0,25.0,44.0,59.0,76.0,50.0
1771502441.1538494,65.0,90.0,27.0,44.0,60.0,77.0,51.0
1771502441.1848495,65.0,89.0,25.0,45.0,61.0,78.0,51.0
1771502441.2334836,65.0,89.0,22.0,45.0,61.0,78.0,52.0
1771502441.2664917,65.0,90.0,18.0,46.0,63.0,80.0,54.0
1771502441.2899497,65.0,91.0,16.0,46.0,64.0,81.0,55.0
1771502441.321451,66.0,91.0,13.0,48.0,66.0,83.0,56.0
1771502441.3595297,66.0,93.0,10.0,49.0,67.0,84.0,57.0
1771502441.3914719,66.0,92.0,10.0,48.0,67.0,84.0,56.0
1771502441.423132,66.0,92.0,15.0,47.0,66.0,83.0,55.0
1771502441.4632168,65.0,92.0,25.0,47.0,66.0,82.0,55.0
1771502441.4932625,65.0,91.0,39.0,46.0,65.0,81.0,54.0
1771502441.524923,65.0,91.0,53.0,44.0,63.0,80.0,53.0
1771502441.5559013,64.0,90.0,66.0,43.0,62.0,78.0,52.0
1771502441.587876,64.0,90.0,78.0,43.0,62.0,77.0,51.0
1771502441.6183324,64.0,90.0,87.0,42.0,61.0,76.0,51.0
1771502441.663005,64.0,90.0,97.0,43.0,61.0,76.0,50.0
1771502441.697243,63.0,90.0,100.0,43.0,61.0,76.0,50.0
1771502441.7303915,63.0,89.0,100.0,42.0,61.0,75.0,49.0
1771502441.7598364,63.0,90.0,100.0,43.0,61.0,75.0,49.0
1771502441.7918725,63.0,90.0,100.0,44.0,60.0,75.0,49.0
1771502441.8241186,62.0,90.0,100.0,45.0,61.0,75.0,49.0
1771502441.8581219,62.0,91.0,100.0,47.0,61.0,76.0,50.0
1771502441.8881445,62.0,91.0,100.0,51.0,62.0,77.0,51.0
1771502441.9227848,62.0,91.0,100.0,53.0,64.0,78.0,53.0
1771502441.9546683,62.0,92.0,100.0,55.0,66.0,80.0,54.0
1771502441.9836683,63.0,92.0,99.0,57.0,68.0,81.0,56.0
1771502442.0167124,63.0,93.0,99.0,59.0,69.0,83.0,56.0
1771502442.0481381,63.0,94.0,100.0,59.0,70.0,84.0,57.0
1771502442.096211,63.0,94.0,100.0,61.0,71.0,85.0,58.0
1771502442.1313004,63.0,94.0,100.0,61.0,71.0,85.0,58.0
1771502442.1622982,63.0,94.0,100.0,59.0,71.0,85.0,58.0
1771502442.191344,64.0,94.0,100.0,59.0,71.0,85.0,58.0
1771502442.2238135,64.0,94.0,100.0,59.0,71.0,85.0,58.0
1771502442.2572777,64.0,94.0,100.0,59.0,71.0,85.0,58.0
1771502442.290259,64.0,94.0,100.0,59.0,72.0,85.0,58.0
1771502442.3207433,64.0,94.0,100.0,59.0,72.0,85.0,59.0
1771502442.3518,64.0,94.0,100.0,59.0,72.0,85.0,59.0
1771502442.3870444,65.0,94.0,100.0,59.0,72.0,86.0,60.0
1771502442.4185534,65.0,94.0,100.0,59.0,72.0,86.0,60.0
1771502442.4475572,65.0,94.0,100.0,59.0,72.0,86.0,60.0
1771502442.479559,65.0,94.0,100.0,59.0,72.0,86.0,60.0
1771502442.5290856,65.0,93.0,100.0,58.0,72.0,86.0,59.0
1771502442.5640733,65.0,93.0,100.0,58.0,72.0,85.0,59.0
1771502442.5950735,65.0,93.0,100.0,58.0,72.0,85.0,60.0
1771502442.6251502,65.0,92.0,100.0,58.0,72.0,86.0,60.0
1771502442.656143,65.0,92.0,100.0,58.0,72.0,86.0,60.0
1771502442.6881788,65.0,92.0,100.0,59.0,72.0,86.0,60.0
1771502442.7216885,65.0,92.0,100.0,58.0,72.0,86.0,60.0
1771502442.7522855,65.0,92.0,100.0,59.0,72.0,87.0,60.0
1771502442.784278,65.0,92.0,100.0,59.0,72.0,86.0,60.0
1771502442.8396065,65.0,92.0,100.0,58.0,71.0,86.0,60.0
1771502442.8706415,65.0,92.0,100.0,58.0,71.0,86.0,59.0
1771502442.9031577,65.0,92.0,100.0,59.0,71.0,85.0,59.0
1771502442.9326744,65.0,92.0,100.0,59.0,71.0,85.0,59.0
1771502442.9646811,65.0,92.0,100.0,60.0,71.0,86.0,59.0
1771502442.9958205,65.0,92.0,100.0,61.0,71.0,86.0,59.0
1771502443.0283191,65.0,92.0,100.0,61.0,70.0,86.0,59.0
1771502443.059319,65.0,92.0,100.0,61.0,70.0,85.0,59.0
1771502443.0903213,65.0,92.0,100.0,61.0,70.0,85.0,58.0
1771502443.1218362,65.0,92.0,100.0,61.0,70.0,85.0,58.0
1771502443.1538842,65.0,92.0,100.0,61.0,70.0,85.0,58.0
1771502443.184883,65.0,92.0,100.0,62.0,70.0,85.0,58.0
1771502443.2160869,64.0,92.0,100.0,62.0,69.0,85.0,58.0
1771502443.2505815,64.0,92.0,100.0,62.0,69.0,85.0,58.0
1771502443.279577,64.0,92.0,100.0,62.0,70.0,85.0,58.0
1771502443.3116486,64.0,92.0,100.0,63.0,70.0,86.0,58.0
1771502443.347224,64.0,92.0,100.0,63.0,70.0,86.0,58.0
1771502443.3932085,64.0,92.0,100.0,62.0,69.0,85.0,58.0
1771502443.423771,64.0,92.0,100.0,62.0,69.0,85.0,57.0
1771502443.459774,64.0,92.0,100.0,62.0,69.0,85.0,57.0
1771502443.4887855,64.0,92.0,100.0,63.0,69.0,85.0,57.0
1771502443.519654,64.0,92.0,100.0,63.0,69.0,85.0,57.0
1771502443.5531628,64.0,92.0,100.0,63.0,68.0,84.0,57.0
1771502443.5841632,64.0,92.0,100.0,63.0,68.0,84.0,57.0
1771502443.616753,64.0,92.0,100.0,63.0,68.0,85.0,57.0
1771502443.6478813,64.0,92.0,100.0,62.0,68.0,84.0,57.0
1771502443.6829062,64.0,91.0,100.0,60.0,68.0,84.0,57.0
1771502443.7119224,64.0,91.0,100.0,59.0,68.0,83.0,57.0
1771502443.74343,64.0,91.0,100.0,59.0,68.0,83.0,57.0
1771502443.7915537,64.0,91.0,100.0,59.0,68.0,84.0,57.0
1771502443.8250647,64.0,91.0,100.0,59.0,68.0,83.0,57.0
1771502443.856587,64.0,91.0,100.0,59.0,68.0,84.0,57.0
1771502443.8907406,64.0,91.0,100.0,58.0,68.0,83.0,57.0
1771502443.924423,64.0,91.0,100.0,57.0,68.0,83.0,57.0
1771502443.9554229,64.0,91.0,100.0,57.0,68.0,83.0,57.0
1771502443.9864304,63.0,91.0,100.0,57.0,68.0,82.0,57.0
1771502444.0180097,63.0,91.0,100.0,57.0,67.0,82.0,56.0
1771502444.049111,63.0,90.0,100.0,57.0,67.0,82.0,56.0
1771502444.0801091,63.0,90.0,100.0,57.0,66.0,81.0,56.0
1771502444.1131153,62.0,90.0,100.0,56.0,66.0,80.0,55.0
1771502444.1436427,62.0,90.0,100.0,56.0,65.0,79.0,54.0
1771502444.1786559,62.0,89.0,100.0,55.0,64.0,79.0,54.0
1771502444.2241607,61.0,88.0,100.0,52.0,63.0,77.0,53.0
1771502444.2611625,61.0,87.0,100.0,52.0,63.0,76.0,52.0
1771502444.28822,61.0,87.0,100.0,51.0,62.0,75.0,52.0
1771502444.3237343,61.0,87.0,100.0,51.0,62.0,75.0,51.0
1771502444.3517365,61.0,87.0,100.0,51.0,61.0,74.0,50.0
1771502444.383735,60.0,87.0,100.0,50.0,59.0,72.0,49.0
1771502444.4156103,60.0,87.0,100.0,49.0,59.0,71.0,48.0
1771502444.4481807,60.0,87.0,100.0,49.0,58.0,70.0,48.0
1771502444.4801793,60.0,87.0,100.0,48.0,57.0,69.0,46.0
1771502444.5111935,60.0,87.0,100.0,47.0,56.0,68.0,45.0
1771502444.5447407,59.0,87.0,100.0,46.0,55.0,67.0,44.0
1771502444.5767722,59.0,87.0,100.0,46.0,55.0,66.0,44.0
1771502444.6077468,59.0,87.0,100.0,46.0,54.0,66.0,43.0
1771502444.655225,59.0,87.0,100.0,45.0,53.0,64.0,42.0
1771502444.68925,59.0,87.0,100.0,44.0,52.0,63.0,41.0
1771502444.7207808,59.0,87.0,100.0,44.0,51.0,62.0,40.0
1771502444.75579,58.0,88.0,100.0,40.0,49.0,61.0,39.0
1771502444.7857978,58.0,88.0,100.0,34.0,47.0,58.0,36.0
1771502444.816009,57.0,87.0,100.0,30.0,44.0,55.0,35.0
1771502444.8475873,57.0,87.0,100.0,25.0,41.0,51.0,33.0
1771502444.880587,57.0,86.0,100.0,18.0,37.0,46.0,29.0
1771502444.9115925,57.0,85.0,95.0,14.0,33.0,42.0,26.0
1771502444.9446847,57.0,85.0,82.0,12.0,30.0,39.0,24.0
1771502444.9788213,57.0,84.0,74.0,9.0,28.0,35.0,21.0
1771502445.0073717,57.0,83.0,70.0,7.0,26.0,33.0,19.0
1771502445.04012,58.0,83.0,64.0,6.0,24.0,31.0,18.0
1771502445.0901215,58.0,84.0,58.0,6.0,23.0,30.0,16.0
1771502445.123635,58.0,84.0,53.0,6.0,22.0,30.0,16.0
1771502445.1566346,59.0,83.0,50.0,5.0,21.0,29.0,15.0
1771502445.1876364,59.0,83.0,45.0,4.0,20.0,28.0,15.0
1771502445.219111,59.0,83.0,44.0,3.0,19.0,27.0,14.0
1771502445.2506833,59.0,84.0,52.0,0.0,14.0,22.0,11.0
1771502445.2807412,59.0,86.0,65.0,0.0,9.0,16.0,7.0
1771502445.312496,59.0,88.0,83.0,0.0,4.0,10.0,4.0
1771502445.3436565,58.0,91.0,100.0,0.0,0.0,4.0,0.0
1771502445.375647,58.0,93.0,100.0,0.0,0.0,1.0,0.0
1771502445.410653,58.0,94.0,100.0,0.0,0.0,0.0,0.0
1771502445.4399412,58.0,95.0,100.0,0.0,0.0,0.0,0.0
1771502445.4729488,58.0,96.0,100.0,0.0,0.0,0.0,0.0
1771502445.519955,58.0,95.0,100.0,0.0,0.0,0.0,0.0
1771502445.5590575,57.0,95.0,100.0,0.0,0.0,0.0,0.0
1771502445.592069,57.0,95.0,100.0,0.0,0.0,0.0,0.0
1771502445.6225948,57.0,95.0,100.0,0.0,0.0,0.0,0.0
1771502445.653603,57.0,95.0,100.0,0.0,0.0,0.0,0.0
1771502445.6838853,57.0,95.0,100.0,0.0,0.0,0.0,0.0
1771502445.7158923,57.0,96.0,100.0,0.0,0.0,0.0,0.0
1771502445.7455783,57.0,96.0,100.0,0.0,0.0,0.0,0.0
1771502445.7775786,57.0,97.0,100.0,0.0,0.0,0.0,0.0
1771502445.8105834,58.0,97.0,100.0,0.0,0.0,0.0,0.0
1771502445.843105,58.0,98.0,100.0,0.0,0.0,0.0,0.0
1771502445.8720932,58.0,98.0,100.0,0.0,0.0,0.0,0.0
1771502445.9060977,58.0,98.0,100.0,0.0,0.0,0.0,0.0
1771502445.9544108,58.0,99.0,100.0,0.0,0.0,0.0,0.0
1771502445.9874363,58.0,98.0,100.0,0.0,0.0,0.0,0.0
1771502446.0187984,58.0,99.0,100.0,0.0,0.0,0.0,0.0
1771502446.051889,58.0,99.0,100.0,0.0,0.0,0.0,0.0
1771502446.0824444,58.0,99.0,100.0,0.0,0.0,0.0,0.0
1771502446.1144516,59.0,99.0,100.0,0.0,0.0,0.0,0.0
1771502446.145956,59.0,99.0,100.0,0.0,0.0,0.0,0.0
1771502446.1769648,60.0,100.0,100.0,0.0,0.0,0.0,0.0
1771502446.2079768,61.0,100.0,100.0,0.0,0.0,0.0,0.0
1771502446.2395105,62.0,100.0,100.0,0.0,0.0,0.0,0.0
1771502446.2755227,62.0,100.0,100.0,0.0,0.0,0.0,0.0
1771502446.303516,63.0,100.0,100.0,0.0,0.0,0.0,0.0
1771502446.3360395,64.0,100.0,100.0,0.0,0.0,0.0,0.0
1771502446.3840604,65.0,101.0,100.0,0.0,0.0,0.0,0.0
1771502446.4190593,66.0,101.0,100.0,0.0,0.0,0.0,0.0
1771502446.4525723,67.0,101.0,100.0,0.0,0.0,0.0,0.0
1771502446.484567,67.0,101.0,100.0,0.0,0.0,0.0,0.0
1771502446.5155866,68.0,101.0,100.0,0.0,0.0,0.0,0.0
1771502446.5466046,68.0,101.0,100.0,0.0,0.0,0.0,0.0
1771502446.5786037,68.0,101.0,100.0,0.0,0.0,0.0,0.0
1771502446.6106067,68.0,101.0,100.0,0.0,0.0,0.0,0.0
1771502446.6411138,68.0,101.0,100.0,0.0,0.0,0.0,0.0
1771502446.6731296,69.0,101.0,100.0,0.0,0.0,0.0,0.0
1771502446.7071152,69.0,101.0,100.0,0.0,0.0,0.0,0.0
1771502446.736633,69.0,100.0,100.0,0.0,0.0,0.0,0.0
1771502446.7676325,69.0,100.0,100.0,0.0,0.0,0.0,0.0
1771502446.8157701,70.0,100.0,100.0,0.0,0.0,0.0,0.0
1771502446.8508034,71.0,100.0,100.0,0.0,0.0,0.0,0.0
1771502446.8798172,72.0,100.0,80.0,0.0,0.0,0.0,0.0
1771502446.9228106,75.0,100.0,55.0,0.0,1.0,1.0,0.0
1771502446.9548237,77.0,100.0,34.0,0.0,3.0,2.0,0.0
1771502446.9858146,77.0,100.0,24.0,0.0,4.0,3.0,0.0
1771502447.0178206,78.0,100.0,17.0,0.0,4.0,2.0,0.0
1771502447.0483377,78.0,100.0,12.0,0.0,4.0,2.0,0.0
1771502447.0793498,79.0,101.0,9.0,0.0,6.0,3.0,0.0
1771502447.1113417,81.0,102.0,7.0,0.0,7.0,3.0,0.0
1771502447.1421962,81.0,103.0,5.0,0.0,6.0,3.0,0.0
1771502447.1731982,81.0,103.0,4.0,0.0,6.0,2.0,0.0
1771502447.204198,81.0,103.0,3.0,0.0,6.0,2.0,0.0
1771502447.2497215,81.0,103.0,2.0,0.0,5.0,2.0,0.0
1771502447.2827227,81.0,104.0,2.0,0.0,5.0,1.0,0.0
1771502447.314725,81.0,104.0,1.0,0.0,5.0,0.0,0.0
1771502447.3462665,81.0,104.0,1.0,0.0,4.0,0.0,0.0
1771502447.3794158,81.0,104.0,1.0,0.0,4.0,0.0,0.0
1771502447.412027,81.0,105.0,1.0,0.0,3.0,0.0,0.0
1771502447.4435902,81.0,105.0,1.0,0.0,3.0,0.0,0.0
1771502447.4756193,81.0,105.0,0.0,0.0,3.0,0.0,0.0
1771502447.507589,81.0,105.0,0.0,0.0,2.0,0.0,0.0
1771502447.5391634,82.0,106.0,0.0,0.0,2.0,0.0,0.0
1771502447.5711303,82.0,107.0,0.0,0.0,1.0,0.0,0.0
1771502447.6001372,82.0,107.0,0.0,0.0,0.0,0.0,0.0
1771502447.6316571,83.0,108.0,0.0,0.0,0.0,0.0,0.0
1771502447.6796584,83.0,109.0,0.0,0.0,0.0,0.0,0.0
1771502447.7126648,84.0,110.0,0.0,0.0,0.0,0.0,0.0
1771502447.7437599,84.0,111.0,0.0,0.0,0.0,0.0,0.0
1771502447.7778263,84.0,112.0,0.0,0.0,0.0,0.0,0.0
1771502447.8077776,84.0,112.0,0.0,0.0,0.0,0.0,0.0
1771502447.8400126,85.0,113.0,0.0,0.0,0.0,0.0,0.0
1771502447.8713298,85.0,114.0,0.0,0.0,0.0,0.0,0.0
1771502447.9033234,84.0,114.0,0.0,0.0,0.0,0.0,0.0
1771502447.936121,84.0,114.0,0.0,0.0,0.0,0.0,0.0
1771502447.967883,84.0,114.0,0.0,0.0,0.0,0.0,0.0
1771502448.0032594,83.0,114.0,0.0,0.0,0.0,0.0,0.0
1771502448.0317602,83.0,114.0,0.0,0.0,0.0,0.0,0.0
1771502448.063761,82.0,114.0,0.0,0.0,0.0,0.0,0.0
1771502448.1117659,82.0,114.0,0.0,0.0,0.0,0.0,0.0
1771502448.1473024,82.0,114.0,0.0,0.0,0.0,0.0,0.0
1771502448.179758,82.0,114.0,0.0,0.0,0.0,0.0,0.0
1771502448.211769,82.0,114.0,0.0,0.0,0.0,0.0,0.0
1771502448.2422767,82.0,114.0,0.0,0.0,0.0,0.0,0.0
1771502448.2885208,82.0,114.0,0.0,0.0,0.0,0.0,0.0
1771502448.3215322,81.0,113.0,0.0,0.0,0.0,0.0,0.0
1771502448.3505633,81.0,113.0,0.0,0.0,0.0,0.0,0.0
1771502448.3815854,82.0,113.0,0.0,0.0,0.0,0.0,0.0
1771502448.4135964,82.0,113.0,0.0,0.0,0.0,0.0,0.0
1771502448.4429042,82.0,113.0,0.0,0.0,0.0,0.0,0.0
1771502448.474706,82.0,113.0,0.0,0.0,0.0,0.0,0.0
1771502448.505733,83.0,113.0,0.0,0.0,0.0,0.0,0.0
1771502448.5779233,85.0,114.0,0.0,0.0,0.0,0.0,0.0
1771502448.5979273,86.0,115.0,0.0,0.0,0.0,0.0,0.0
1771502448.6314356,86.0,115.0,0.0,0.0,0.0,0.0,0.0
1771502448.660445,87.0,116.0,0.0,0.0,0.0,0.0,0.0
1771502448.691787,88.0,117.0,0.0,0.0,0.0,0.0,0.0
1771502448.7227855,88.0,117.0,0.0,0.0,0.0,0.0,0.0
1771502448.753211,88.0,118.0,0.0,0.0,0.0,0.0,0.0
1771502448.7831395,89.0,118.0,0.0,0.0,0.0,0.0,0.0
1771502448.814152,89.0,118.0,0.0,0.0,0.0,0.0,0.0
1771502448.845656,89.0,118.0,0.0,0.0,0.0,0.0,0.0
1771502448.877657,89.0,119.0,0.0,0.0,0.0,0.0,0.0
1771502448.9086576,88.0,118.0,0.0,0.0,0.0,0.0,0.0
1771502448.977192,88.0,119.0,0.0,0.0,0.0,0.0,0.0
1771502449.0041924,88.0,119.0,0.0,0.0,0.0,0.0,0.0
1771502449.0379908,88.0,119.0,0.0,0.0,0.0,0.0,0.0
1771502449.0703502,88.0,119.0,0.0,0.0,0.0,0.0,0.0
1771502449.0993567,88.0,119.0,0.0,0.0,0.0,0.0,0.0
1771502449.129873,88.0,119.0,0.0,0.0,0.0,0.0,0.0
1771502449.1608791,88.0,119.0,0.0,0.0,0.0,0.0,0.0
1771502449.192873,88.0,119.0,0.0,0.0,0.0,0.0,0.0
1771502449.2223895,88.0,119.0,0.0,0.0,0.0,0.0,0.0
1771502449.2549074,88.0,119.0,0.0,0.0,0.0,0.0,0.0
1771502449.2868981,88.0,119.0,0.0,0.0,0.0,0.0,0.0
1771502449.3169034,88.0,119.0,0.0,0.0,0.0,0.0,0.0
1771502449.3753576,88.0,119.0,0.0,0.0,0.0,0.0,0.0
1771502449.4103293,88.0,119.0,0.0,0.0,0.0,0.0,0.0
1771502449.4394362,88.0,120.0,0.0,0.0,0.0,0.0,0.0
1771502449.470439,88.0,120.0,0.0,0.0,0.0,0.0,0.0
1771502449.503627,89.0,121.0,0.0,0.0,0.0,0.0,0.0
1771502449.5326583,89.0,121.0,0.0,0.0,0.0,0.0,0.0
1771502449.5628304,89.0,121.0,0.0,0.0,0.0,0.0,0.0
1771502449.5938804,89.0,121.0,0.0,0.0,0.0,0.0,0.0
1771502449.6387477,89.0,121.0,0.0,0.0,0.0,0.0,0.0
1771502449.6707664,89.0,121.0,0.0,0.0,0.0,0.0,0.0
1771502449.7009733,89.0,122.0,0.0,0.0,0.0,0.0,0.0
1771502449.7335088,88.0,122.0,0.0,0.0,0.0,0.0,0.0
1771502449.763511,88.0,122.0,0.0,0.0,0.0,0.0,0.0
1771502449.8095393,88.0,122.0,0.0,0.0,0.0,0.0,0.0
1771502449.84174,88.0,122.0,0.0,0.0,0.0,0.0,0.0
1771502449.8725984,88.0,122.0,0.0,0.0,0.0,0.0,0.0
1771502449.9056435,87.0,122.0,0.0,0.0,0.0,0.0,0.0
1771502449.9371555,87.0,122.0,0.0,0.0,0.0,0.0,0.0
1771502449.9681566,87.0,122.0,0.0,0.0,0.0,0.0,0.0
1771502449.9991586,87.0,122.0,0.0,0.0,0.0,0.0,0.0
1771502450.028671,86.0,121.0,0.0,0.0,0.0,0.0,0.0
1771502450.0609064,86.0,122.0,0.0,0.0,0.0,0.0,0.0
1771502450.0929084,86.0,122.0,0.0,0.0,0.0,0.0,0.0
1771502450.122911,86.0,122.0,0.0,0.0,0.0,0.0,0.0
1771502450.1632395,85.0,121.0,0.0,0.0,0.0,0.0,0.0
1771502450.1922405,85.0,121.0,0.0,0.0,0.0,0.0,0.0
1771502450.2413275,84.0,120.0,0.0,0.0,0.0,0.0,0.0
1771502450.2743373,83.0,119.0,0.0,0.0,0.0,0.0,0.0
1771502450.2963262,83.0,119.0,0.0,0.0,0.0,0.0,0.0
1771502450.3265371,83.0,119.0,0.0,0.0,0.0,0.0,0.0
1771502450.359545,82.0,118.0,1.0,0.0,0.0,0.0,0.0
1771502450.3888068,82.0,117.0,1.0,0.0,0.0,0.0,0.0
1771502450.4218335,81.0,116.0,2.0,0.0,0.0,0.0,0.0
1771502450.4524453,81.0,115.0,3.0,0.0,0.0,0.0,0.0
1771502450.482951,81.0,115.0,4.0,0.0,0.0,0.0,0.0
1771502450.513622,80.0,114.0,6.0,0.0,0.0,0.0,0.0
1771502450.5591233,80.0,113.0,10.0,0.0,0.0,0.0,0.0
1771502450.5961134,79.0,113.0,12.0,0.0,0.0,0.0,0.0
1771502450.625702,79.0,113.0,11.0,0.0,0.0,0.0,0.0
1771502450.6707313,79.0,113.0,13.0,0.0,0.0,0.0,0.0
1771502450.7072444,79.0,112.0,17.0,0.0,0.0,0.0,0.0
1771502450.7317855,79.0,112.0,22.0,0.0,0.0,0.0,0.0
1771502450.763786,79.0,112.0,26.0,0.0,0.0,0.0,0.0
1771502450.7947912,79.0,112.0,32.0,0.0,0.0,0.0,0.0
1771502450.8247952,79.0,111.0,39.0,0.0,0.0,0.0,0.0
1771502450.8563032,79.0,111.0,40.0,0.0,0.0,0.0,0.0
1771502450.8883357,79.0,110.0,43.0,0.0,0.0,0.0,0.0
1771502450.919317,78.0,110.0,46.0,0.0,0.0,0.0,0.0
1771502450.9598448,78.0,109.0,49.0,0.0,0.0,0.0,0.0
1771502451.0124972,77.0,108.0,55.0,0.0,0.0,0.0,0.0
1771502451.0440729,77.0,107.0,65.0,0.0,0.0,0.0,0.0
1771502451.0760746,76.0,106.0,66.0,0.0,0.0,0.0,0.0
1771502451.1240788,75.0,106.0,70.0,0.0,0.0,0.0,0.0
1771502451.155585,75.0,105.0,76.0,0.0,0.0,0.0,0.0
1771502451.1875873,74.0,104.0,80.0,0.0,0.0,0.0,0.0
1771502451.2196248,74.0,104.0,83.0,0.0,0.0,0.0,0.0
1771502451.2488344,73.0,103.0,91.0,0.0,0.0,0.0,0.0
1771502451.2797987,73.0,103.0,96.0,0.0,0.0,0.0,0.0
1771502451.3097994,72.0,102.0,100.0,0.0,0.0,0.0,0.0
1771502451.3418617,72.0,102.0,100.0,0.0,0.0,0.0,0.0
1771502451.3758624,71.0,102.0,100.0,0.0,0.0,0.0,0.0
1771502451.4048603,70.0,101.0,100.0,0.0,0.0,0.0,0.0
1771502451.4338653,70.0,101.0,100.0,0.0,0.0,0.0,0.0
1771502451.4658284,69.0,101.0,100.0,0.0,0.0,0.0,1.0
1771502451.496832,68.0,101.0,100.0,0.0,0.0,0.0,2.0
1771502451.537177,68.0,101.0,100.0,0.0,0.0,0.0,4.0
1771502451.570195,68.0,101.0,100.0,0.0,0.0,0.0,5.0
1771502451.5899801,67.0,101.0,100.0,0.0,0.0,0.0,6.0
1771502451.6228218,67.0,101.0,100.0,0.0,0.0,0.0,6.0
1771502451.6520755,67.0,100.0,100.0,0.0,0.0,0.0,7.0
1771502451.683747,67.0,100.0,100.0,0.0,0.0,0.0,8.0
1771502451.7142384,67.0,100.0,100.0,0.0,0.0,0.0,9.0
1771502451.7622187,67.0,100.0,100.0,0.0,0.0,0.0,10.0
1771502451.7924893,68.0,100.0,100.0,0.0,0.0,0.0,10.0
1771502451.8244958,68.0,100.0,100.0,0.0,0.0,0.0,11.0
1771502451.8560286,68.0,100.0,100.0,0.0,0.0,0.0,12.0
1771502451.8910615,68.0,101.0,100.0,0.0,0.0,0.0,12.0
1771502451.9210525,68.0,101.0,100.0,0.0,0.0,1.0,12.0
1771502451.9675517,68.0,100.0,100.0,0.0,0.0,2.0,12.0
1771502452.0005631,68.0,100.0,100.0,0.0,0.0,2.0,13.0
1771502452.0266693,68.0,100.0,100.0,0.0,0.0,3.0,13.0
1771502452.0567138,68.0,101.0,100.0,0.0,0.0,2.0,13.0
1771502452.0897455,68.0,101.0,100.0,0.0,0.0,2.0,13.0
1771502452.1197183,68.0,101.0,100.0,0.0,0.0,2.0,13.0
1771502452.1602578,67.0,102.0,100.0,0.0,0.0,2.0,13.0
1771502452.1925218,67.0,103.0,100.0,0.0,0.0,2.0,13.0
1771502452.2245386,67.0,103.0,100.0,0.0,0.0,2.0,14.0
1771502452.2570422,67.0,105.0,100.0,0.0,0.0,3.0,14.0
1771502452.2880425,67.0,105.0,100.0,0.0,0.0,4.0,15.0
1771502452.3210468,67.0,106.0,100.0,0.0,0.0,4.0,15.0
1771502452.3662574,67.0,105.0,100.0,0.0,0.0,5.0,16.0
1771502452.4002717,67.0,105.0,100.0,0.0,0.0,6.0,16.0
1771502452.4328232,67.0,105.0,100.0,0.0,0.0,7.0,16.0
1771502452.460852,67.0,104.0,100.0,0.0,0.0,7.0,17.0
1771502452.4908397,67.0,104.0,100.0,0.0,0.0,8.0,17.0
1771502452.523826,68.0,104.0,100.0,0.0,0.0,8.0,17.0
1771502452.561366,68.0,103.0,100.0,0.0,0.0,9.0,18.0
1771502452.5918505,68.0,102.0,100.0,0.0,0.0,10.0,18.0
1771502452.624313,68.0,101.0,100.0,0.0,0.0,11.0,18.0
1771502452.6558082,67.0,100.0,100.0,0.0,0.0,11.0,18.0
1771502452.6878147,67.0,100.0,100.0,0.0,0.0,12.0,18.0
1771502452.7195287,67.0,99.0,100.0,0.0,0.0,13.0,19.0
1771502452.7536216,67.0,99.0,100.0,0.0,0.0,15.0,19.0
1771502452.7836204,67.0,99.0,100.0,0.0,0.0,16.0,19.0
1771502452.8312924,66.0,99.0,100.0,0.0,0.0,17.0,19.0
1771502452.8658588,66.0,99.0,100.0,0.0,0.0,18.0,19.0
1771502452.8988593,66.0,99.0,100.0,0.0,0.0,19.0,20.0
1771502452.9314008,66.0,98.0,100.0,0.0,0.0,20.0,20.0
1771502452.9624853,66.0,97.0,100.0,0.0,0.0,22.0,21.0
1771502452.992836,66.0,97.0,100.0,0.0,0.0,24.0,22.0
1771502453.0236228,66.0,96.0,100.0,0.0,0.0,26.0,24.0
1771502453.0562556,65.0,95.0,100.0,0.0,3.0,28.0,25.0
1771502453.0882566,65.0,95.0,100.0,0.0,5.0,30.0,27.0
1771502453.122272,65.0,94.0,100.0,0.0,8.0,32.0,28.0
1771502453.1522925,65.0,94.0,100.0,0.0,8.0,32.0,29.0
1771502453.1868365,65.0,93.0,100.0,0.0,9.0,33.0,30.0
1771502453.2158446,64.0,93.0,100.0,0.0,10.0,35.0,32.0
1771502453.264263,64.0,92.0,100.0,0.0,11.0,36.0,33.0
1771502453.2982726,64.0,92.0,100.0,0.0,12.0,37.0,34.0
1771502453.322267,64.0,92.0,100.0,0.0,12.0,38.0,35.0
1771502453.361797,64.0,91.0,100.0,0.0,12.0,39.0,36.0
1771502453.3948052,64.0,91.0,100.0,0.0,12.0,39.0,36.0
1771502453.4258046,64.0,90.0,100.0,0.0,13.0,40.0,36.0
1771502453.455844,64.0,90.0,100.0,0.0,13.0,41.0,36.0
1771502453.4873078,64.0,89.0,100.0,0.0,13.0,41.0,36.0
1771502453.5202909,64.0,89.0,100.0,0.0,13.0,42.0,36.0
1771502453.5526927,64.0,89.0,100.0,0.0,13.0,42.0,36.0
1771502453.5836852,64.0,89.0,100.0,0.0,13.0,42.0,36.0
1771502453.6179981,63.0,88.0,100.0,0.0,13.0,42.0,35.0
1771502453.6476982,63.0,88.0,100.0,0.0,13.0,42.0,35.0
1771502453.6958342,63.0,87.0,100.0,0.0,13.0,42.0,35.0
1771502453.7293875,63.0,86.0,100.0,0.0,14.0,42.0,35.0
1771502453.7633994,63.0,85.0,100.0,0.0,17.0,44.0,35.0
1771502453.7944016,63.0,84.0,100.0,0.0,19.0,45.0,35.0
1771502453.8248832,63.0,83.0,84.0,0.0,21.0,46.0,36.0
1771502453.8563912,63.0,82.0,65.0,0.0,23.0,47.0,35.0
1771502453.8901079,63.0,81.0,50.0,1.0,25.0,47.0,35.0
1771502453.9200594,62.0,80.0,37.0,2.0,26.0,47.0,35.0
1771502453.952224,62.0,80.0,29.0,4.0,27.0,48.0,35.0
1771502453.9832299,62.0,80.0,26.0,5.0,28.0,49.0,35.0
1771502454.0166175,62.0,80.0,22.0,6.0,29.0,49.0,35.0
1771502454.05087,62.0,80.0,24.0,8.0,30.0,50.0,35.0
1771502454.08187,61.0,80.0,23.0,10.0,31.0,51.0,35.0
1771502454.1278727,61.0,80.0,24.0,11.0,33.0,52.0,36.0
1771502454.1604724,61.0,80.0,27.0,12.0,34.0,52.0,36.0
1771502454.1914577,61.0,81.0,30.0,13.0,34.0,53.0,37.0
1771502454.2244613,61.0,81.0,32.0,13.0,35.0,53.0,37.0
1771502454.2569816,60.0,81.0,34.0,15.0,36.0,54.0,38.0
1771502454.2879705,60.0,82.0,38.0,16.0,37.0,55.0,39.0
1771502454.3199773,59.0,82.0,43.0,17.0,38.0,55.0,39.0
1771502454.3524876,59.0,83.0,50.0,19.0,38.0,56.0,40.0
1771502454.3834872,58.0,83.0,55.0,21.0,39.0,56.0,41.0
1771502454.415487,58.0,84.0,58.0,22.0,40.0,57.0,42.0
1771502454.4477248,58.0,84.0,61.0,23.0,41.0,58.0,43.0
1771502454.4837084,57.0,85.0,65.0,24.0,42.0,59.0,44.0
1771502454.5137103,57.0,85.0,67.0,25.0,42.0,59.0,44.0
1771502454.5602276,57.0,86.0,73.0,25.0,44.0,60.0,45.0
1771502454.593674,57.0,86.0,73.0,26.0,44.0,61.0,46.0
1771502454.6236925,57.0,86.0,78.0,26.0,44.0,61.0,46.0
1771502454.6558268,57.0,87.0,76.0,27.0,45.0,62.0,47.0
1771502454.690837,57.0,87.0,80.0,27.0,46.0,62.0,47.0
1771502454.7198317,57.0,87.0,81.0,28.0,47.0,63.0,48.0
1771502454.751346,56.0,87.0,84.0,29.0,48.0,64.0,48.0
1771502454.7833369,57.0,87.0,85.0,30.0,48.0,65.0,48.0
1771502454.8153462,56.0,88.0,88.0,32.0,49.0,66.0,49.0
1771502454.8478801,56.0,89.0,87.0,34.0,51.0,67.0,49.0
1771502454.8798783,56.0,89.0,83.0,36.0,52.0,68.0,49.0
1771502454.914882,56.0,90.0,79.0,38.0,54.0,70.0,50.0
1771502454.947394,56.0,90.0,77.0,40.0,55.0,72.0,50.0
1771502454.9920957,56.0,90.0,74.0,43.0,57.0,74.0,51.0
1771502455.0246634,56.0,90.0,72.0,45.0,58.0,75.0,52.0
1771502455.0557609,56.0,90.0,70.0,46.0,59.0,76.0,52.0
1771502455.0897636,56.0,90.0,67.0,48.0,60.0,76.0,52.0
1771502455.1247718,56.0,91.0,65.0,49.0,60.0,77.0,52.0
1771502455.1513147,56.0,91.0,64.0,50.0,61.0,77.0,52.0
1771502455.1833057,57.0,91.0,63.0,50.0,62.0,78.0,52.0
1771502455.21586,56.0,92.0,64.0,53.0,62.0,79.0,52.0
1771502455.2473683,56.0,92.0,63.0,54.0,62.0,79.0,52.0
1771502455.279369,56.0,93.0,60.0,56.0,63.0,79.0,52.0
1771502455.3113678,56.0,93.0,56.0,58.0,63.0,78.0,52.0
1771502455.3448894,56.0,93.0,53.0,61.0,64.0,80.0,52.0
1771502455.3928978,56.0,93.0,51.0,64.0,66.0,81.0,53.0
1771502455.4259026,56.0,93.0,52.0,65.0,67.0,82.0,54.0
1771502455.4570196,56.0,92.0,54.0,67.0,68.0,84.0,55.0
1771502455.4880183,57.0,93.0,58.0,68.0,69.0,87.0,57.0
1771502455.5200245,58.0,93.0,65.0,71.0,71.0,90.0,59.0
1771502455.555294,59.0,93.0,74.0,73.0,74.0,93.0,62.0
1771502455.5841024,61.0,93.0,81.0,76.0,77.0,97.0,65.0
1771502455.6171136,62.0,94.0,85.0,79.0,79.0,100.0,68.0
1771502455.6492505,64.0,94.0,88.0,81.0,81.0,103.0,70.0
1771502455.6802652,64.0,94.0,89.0,82.0,82.0,104.0,70.0
1771502455.7132626,64.0,95.0,89.0,83.0,82.0,104.0,71.0
1771502455.7435887,64.0,95.0,90.0,83.0,83.0,105.0,71.0
1771502455.7783158,65.0,96.0,90.0,84.0,84.0,105.0,71.0
1771502455.824317,66.0,96.0,85.0,84.0,85.0,105.0,71.0
1771502455.8558688,66.0,96.0,80.0,86.0,85.0,107.0,72.0
1771502455.888868,66.0,96.0,77.0,89.0,87.0,109.0,73.0
1771502455.9198937,66.0,96.0,69.0,92.0,87.0,109.0,73.0
1771502455.95162,67.0,96.0,60.0,95.0,87.0,110.0,73.0
1771502455.9863808,67.0,96.0,50.0,96.0,88.0,110.0,73.0
1771502456.0155501,67.0,96.0,40.0,98.0,88.0,110.0,73.0
1771502456.0488958,67.0,96.0,30.0,98.0,88.0,110.0,72.0
1771502456.0819,67.0,95.0,25.0,98.0,88.0,110.0,72.0
1771502456.112533,67.0,94.0,24.0,99.0,88.0,110.0,72.0
1771502456.144848,67.0,93.0,27.0,99.0,88.0,109.0,71.0
1771502456.1758695,67.0,93.0,30.0,99.0,89.0,109.0,72.0
1771502456.2098587,67.0,92.0,30.0,99.0,88.0,109.0,71.0
1771502456.256413,66.0,92.0,30.0,98.0,88.0,109.0,71.0
1771502456.2924132,66.0,91.0,31.0,98.0,88.0,108.0,71.0
1771502456.3271594,66.0,91.0,32.0,97.0,88.0,108.0,71.0
1771502456.3551726,66.0,91.0,32.0,97.0,88.0,108.0,71.0
1771502456.3874469,66.0,91.0,32.0,96.0,88.0,109.0,71.0
1771502456.419626,66.0,91.0,31.0,96.0,88.0,109.0,71.0
1771502456.4511347,67.0,90.0,32.0,96.0,88.0,109.0,71.0
1771502456.4831345,68.0,90.0,34.0,97.0,88.0,109.0,71.0
1771502456.5141363,68.0,90.0,38.0,99.0,88.0,110.0,71.0
1771502456.5467055,68.0,89.0,42.0,101.0,88.0,110.0,72.0
1771502456.5757394,69.0,89.0,43.0,102.0,88.0,110.0,72.0
1771502456.607719,69.0,90.0,44.0,103.0,88.0,110.0,72.0
1771502456.645253,69.0,89.0,44.0,104.0,88.0,110.0,73.0
1771502456.6882544,69.0,89.0,47.0,105.0,88.0,110.0,73.0
1771502456.720774,69.0,89.0,48.0,106.0,88.0,110.0,73.0
1771502456.75128,69.0,89.0,48.0,106.0,88.0,110.0,73.0
1771502456.7832947,69.0,89.0,48.0,107.0,88.0,110.0,73.0
1771502456.8153355,68.0,89.0,45.0,108.0,88.0,110.0,73.0
1771502456.8499305,68.0,88.0,43.0,109.0,88.0,110.0,73.0
1771502456.8829036,67.0,88.0,40.0,109.0,87.0,110.0,74.0
1771502456.9129004,67.0,88.0,37.0,110.0,87.0,110.0,74.0
1771502456.9444404,66.0,88.0,35.0,110.0,87.0,110.0,74.0
1771502456.9755187,65.0,87.0,34.0,110.0,86.0,110.0,73.0
1771502457.007435,65.0,87.0,33.0,110.0,86.0,110.0,73.0
1771502457.0395026,64.0,87.0,31.0,109.0,86.0,110.0,73.0
1771502457.072503,64.0,87.0,29.0,109.0,85.0,110.0,73.0
1771502457.1195376,64.0,87.0,26.0,109.0,85.0,110.0,73.0
1771502457.153883,64.0,87.0,24.0,109.0,85.0,110.0,73.0
1771502457.1884708,64.0,87.0,22.0,109.0,85.0,110.0,73.0
1771502457.2173157,63.0,87.0,21.0,109.0,85.0,110.0,73.0
1771502457.2470071,63.0,87.0,18.0,109.0,85.0,110.0,73.0
1771502457.2840369,63.0,87.0,16.0,109.0,85.0,110.0,74.0
1771502457.3122885,63.0,87.0,15.0,110.0,85.0,110.0,74.0
1771502457.343828,63.0,86.0,14.0,110.0,85.0,110.0,74.0
1771502457.3758283,63.0,87.0,11.0,110.0,86.0,110.0,74.0
1771502457.4078448,63.0,87.0,10.0,110.0,86.0,110.0,74.0
1771502457.440482,63.0,87.0,9.0,110.0,86.0,110.0,74.0
1771502457.4708796,63.0,87.0,7.0,110.0,86.0,110.0,74.0
1771502457.5066519,63.0,87.0,7.0,110.0,86.0,110.0,75.0
1771502457.5518594,63.0,87.0,5.0,110.0,86.0,110.0,75.0
1771502457.5848603,63.0,87.0,4.0,110.0,86.0,110.0,75.0
1771502457.615863,63.0,87.0,3.0,110.0,86.0,110.0,75.0
1771502457.6469545,63.0,87.0,4.0,110.0,86.0,110.0,75.0
1771502457.6799517,62.0,87.0,4.0,110.0,86.0,110.0,75.0
1771502457.7129507,62.0,87.0,3.0,110.0,86.0,110.0,74.0
1771502457.744548,62.0,87.0,3.0,110.0,86.0,110.0,74.0
1771502457.776754,62.0,87.0,3.0,110.0,86.0,110.0,74.0
1771502457.827676,62.0,87.0,4.0,110.0,86.0,110.0,74.0
1771502457.860225,62.0,87.0,3.0,110.0,86.0,110.0,74.0
1771502457.8912287,62.0,87.0,3.0,110.0,86.0,110.0,74.0
1771502457.9232302,62.0,87.0,3.0,110.0,85.0,110.0,74.0
1771502457.9547644,62.0,87.0,4.0,110.0,85.0,110.0,74.0
1771502457.9858394,63.0,87.0,5.0,110.0,85.0,110.0,74.0
1771502458.0168374,63.0,87.0,6.0,110.0,85.0,110.0,74.0
1771502458.0483348,63.0,87.0,7.0,110.0,85.0,110.0,74.0
1771502458.081502,64.0,87.0,8.0,110.0,85.0,110.0,74.0
1771502458.112494,65.0,87.0,14.0,110.0,85.0,110.0,74.0
1771502458.1450088,66.0,87.0,19.0,110.0,85.0,110.0,73.0
1771502458.1760156,68.0,88.0,28.0,109.0,85.0,110.0,74.0
1771502458.2080157,68.0,88.0,32.0,109.0,85.0,110.0,73.0
1771502458.241534,68.0,89.0,32.0,108.0,85.0,110.0,73.0
1771502458.272535,68.0,89.0,30.0,108.0,85.0,110.0,73.0
1771502458.3040168,67.0,89.0,27.0,107.0,85.0,110.0,73.0
1771502458.3367097,67.0,88.0,28.0,106.0,85.0,110.0,73.0
1771502458.3706763,67.0,89.0,27.0,105.0,85.0,110.0,73.0
1771502458.4167576,66.0,90.0,25.0,103.0,86.0,110.0,73.0
1771502458.447302,66.0,91.0,25.0,103.0,86.0,109.0,73.0
1771502458.4793038,67.0,91.0,22.0,104.0,87.0,110.0,73.0
1771502458.5128267,67.0,92.0,16.0,104.0,88.0,110.0,74.0
1771502458.5443683,67.0,93.0,14.0,103.0,88.0,110.0,74.0
1771502458.5783696,66.0,93.0,11.0,99.0,86.0,107.0,72.0
1771502458.6123772,66.0,93.0,11.0,97.0,85.0,106.0,71.0
1771502458.6438928,65.0,93.0,9.0,96.0,84.0,106.0,70.0
1771502458.6747653,64.0,93.0,9.0,94.0,81.0,104.0,68.0
1771502458.7057734,63.0,93.0,9.0,88.0,77.0,100.0,64.0
1771502458.7382956,61.0,93.0,9.0,80.0,72.0,96.0,60.0
1771502458.7692957,60.0,93.0,12.0,71.0,66.0,91.0,57.0
1771502458.8002954,60.0,93.0,26.0,61.0,61.0,87.0,56.0
1771502458.847336,59.0,92.0,45.0,52.0,55.0,83.0,54.0
1771502458.8813372,59.0,92.0,60.0,44.0,52.0,80.0,53.0
1771502458.9113696,59.0,92.0,69.0,34.0,48.0,76.0,52.0
1771502458.9438448,59.0,92.0,82.0,27.0,45.0,73.0,50.0
1771502458.975847,59.0,92.0,89.0,22.0,42.0,69.0,47.0
1771502459.0088553,58.0,91.0,87.0,18.0,37.0,64.0,44.0
1771502459.0409544,58.0,91.0,87.0,17.0,35.0,60.0,42.0
1771502459.073038,58.0,91.0,89.0,17.0,35.0,59.0,41.0
1771502459.1050513,58.0,91.0,87.0,16.0,34.0,57.0,40.0
1771502459.1405528,58.0,91.0,88.0,15.0,33.0,52.0,37.0
1771502459.1732223,58.0,91.0,85.0,14.0,31.0,49.0,35.0
1771502459.2032228,57.0,91.0,80.0,13.0,30.0,46.0,33.0
1771502459.23476,57.0,91.0,77.0,12.0,29.0,44.0,32.0
1771502459.2798254,57.0,91.0,73.0,9.0,27.0,42.0,30.0
1771502459.313824,58.0,91.0,65.0,8.0,26.0,41.0,29.0
1771502459.3444016,58.0,91.0,59.0,7.0,25.0,40.0,29.0
1771502459.3758056,59.0,91.0,56.0,5.0,24.0,39.0,28.0
1771502459.4084177,59.0,91.0,55.0,4.0,21.0,38.0,27.0
1771502459.4419475,59.0,91.0,58.0,2.0,18.0,34.0,24.0
1771502459.471973,59.0,91.0,63.0,0.0,14.0,31.0,21.0
1771502459.5060127,59.0,91.0,68.0,0.0,11.0,29.0,19.0
1771502459.5360746,59.0,92.0,80.0,0.0,7.0,25.0,15.0
1771502459.5670657,59.0,92.0,98.0,0.0,4.0,21.0,13.0
1771502459.6000707,59.0,94.0,100.0,0.0,1.0,18.0,10.0
1771502459.6335962,59.0,94.0,100.0,0.0,0.0,15.0,9.0
1771502459.6656353,59.0,95.0,100.0,0.0,0.0,13.0,8.0
1771502459.7116454,59.0,96.0,100.0,0.0,0.0,9.0,7.0
1771502459.7471611,59.0,96.0,100.0,0.0,0.0,6.0,5.0
1771502459.779215,59.0,96.0,100.0,0.0,0.0,4.0,3.0
1771502459.8112159,59.0,96.0,100.0,0.0,0.0,2.0,2.0
1771502459.8417797,59.0,97.0,100.0,0.0,0.0,0.0,1.0
1771502459.8767781,59.0,97.0,100.0,0.0,0.0,0.0,1.0
1771502459.9041665,59.0,97.0,100.0,0.0,0.0,0.0,1.0
1771502459.9366202,60.0,98.0,100.0,0.0,0.0,0.0,2.0
1771502459.9676232,61.0,99.0,100.0,0.0,0.0,0.0,3.0
1771502460.0016394,63.0,99.0,100.0,0.0,0.0,0.0,3.0
1771502460.032383,64.0,99.0,100.0,0.0,0.0,0.0,4.0
1771502460.0657773,65.0,99.0,100.0,0.0,0.0,0.0,6.0
1771502460.0977783,66.0,99.0,100.0,0.0,0.0,1.0,7.0
1771502460.1773162,67.0,99.0,100.0,0.0,0.0,2.0,9.0
1771502460.203316,67.0,99.0,100.0,0.0,0.0,2.0,9.0
1771502460.2358668,67.0,100.0,100.0,0.0,0.0,2.0,9.0
1771502460.266868,67.0,100.0,100.0,0.0,0.0,1.0,9.0
1771502460.298875,67.0,100.0,100.0,0.0,0.0,0.0,8.0
1771502460.3288789,68.0,100.0,100.0,0.0,0.0,0.0,8.0
1771502460.3613997,69.0,99.0,100.0,0.0,0.0,0.0,7.0
1771502460.393399,70.0,99.0,100.0,0.0,0.0,1.0,7.0
1771502460.4254024,72.0,99.0,100.0,0.0,0.0,1.0,6.0
1771502460.4552305,74.0,99.0,73.0,0.0,0.0,2.0,5.0
1771502460.4871824,77.0,100.0,49.0,0.0,3.0,3.0,5.0
1771502460.5472124,78.0,101.0,34.0,2.0,4.0,3.0,4.0
1771502460.579758,80.0,102.0,19.0,4.0,6.0,3.0,3.0
1771502460.611347,81.0,103.0,13.0,4.0,6.0,2.0,2.0
1771502460.645459,82.0,104.0,10.0,4.0,7.0,2.0,2.0
1771502460.6774604,82.0,104.0,7.0,3.0,6.0,2.0,2.0
1771502460.707608,83.0,106.0,5.0,2.0,5.0,0.0,1.0
1771502460.7402244,83.0,107.0,4.0,1.0,4.0,0.0,0.0
1771502460.771203,83.0,109.0,3.0,0.0,3.0,0.0,0.0
1771502460.8022246,83.0,109.0,3.0,0.0,1.0,0.0,0.0
1771502460.8332245,83.0,110.0,2.0,0.0,0.0,0.0,0.0
1771502460.8637335,83.0,110.0,2.0,0.0,0.0,0.0,0.0
1771502460.8947325,83.0,111.0,1.0,0.0,0.0,0.0,0.0
1771502460.9267595,83.0,111.0,1.0,0.0,0.0,0.0,0.0
1771502460.9638333,83.0,112.0,1.0,0.0,0.0,0.0,0.0
1771502461.0107768,82.0,112.0,1.0,0.0,0.0,0.0,0.0
1771502461.0418396,82.0,112.0,0.0,0.0,0.0,0.0,0.0
1771502461.0686476,82.0,112.0,0.0,0.0,0.0,0.0,0.0
1771502461.099652,82.0,112.0,0.0,0.0,0.0,0.0,0.0
1771502461.1296506,82.0,112.0,0.0,0.0,0.0,0.0,0.0
1771502461.1611807,81.0,112.0,0.0,0.0,0.0,0.0,0.0
1771502461.1931875,81.0,112.0,0.0,0.0,0.0,0.0,0.0
1771502461.2221832,81.0,112.0,0.0,0.0,0.0,0.0,0.0
1771502461.2537124,81.0,113.0,0.0,0.0,0.0,0.0,0.0
1771502461.2847126,81.0,113.0,0.0,0.0,0.0,0.0,0.0
1771502461.3147187,81.0,113.0,0.0,0.0,0.0,0.0,0.0
1771502461.360287,81.0,114.0,0.0,0.0,0.0,0.0,0.0
1771502461.4112883,81.0,115.0,0.0,0.0,0.0,0.0,0.0
1771502461.4413335,81.0,115.0,0.0,0.0,0.0,0.0,0.0
1771502461.470481,81.0,115.0,0.0,0.0,0.0,0.0,0.0
1771502461.5021808,81.0,114.0,0.0,0.0,0.0,0.0,0.0
1771502461.535196,81.0,114.0,0.0,0.0,0.0,0.0,0.0
1771502461.5654883,80.0,114.0,0.0,0.0,0.0,0.0,0.0
1771502461.5964956,81.0,114.0,0.0,0.0,0.0,0.0,0.0
1771502461.6284978,80.0,113.0,0.0,0.0,0.0,0.0,0.0
1771502461.658025,80.0,113.0,0.0,0.0,0.0,0.0,0.0
1771502461.6920722,80.0,112.0,0.0,0.0,0.0,0.0,0.0
1771502461.7251072,81.0,112.0,0.0,0.0,0.0,0.0,0.0
1771502461.7596395,80.0,111.0,0.0,0.0,0.0,0.0,0.0
1771502461.7916331,80.0,110.0,0.0,0.0,0.0,0.0,0.0
1771502461.844007,80.0,109.0,0.0,0.0,0.0,0.0,0.0
1771502461.873871,80.0,108.0,0.0,0.0,0.0,0.0,0.0
1771502461.9112902,80.0,108.0,0.0,0.0,0.0,0.0,0.0
1771502461.943821,80.0,108.0,0.0,0.0,0.0,0.0,0.0
1771502461.9748223,80.0,108.0,0.0,0.0,0.0,0.0,0.0
1771502462.0058198,80.0,108.0,0.0,0.0,0.0,0.0,0.0
1771502462.0366597,80.0,108.0,0.0,0.0,0.0,0.0,0.0
1771502462.0676613,80.0,108.0,0.0,0.0,0.0,0.0,0.0
1771502462.100662,80.0,108.0,0.0,0.0,0.0,0.0,0.0
1771502462.1316624,80.0,108.0,0.0,0.0,0.0,0.0,0.0
1771502462.1626868,80.0,108.0,0.0,0.0,0.0,0.0,0.0
1771502462.1936872,80.0,108.0,0.0,0.0,0.0,0.0,0.0
1771502462.2246895,80.0,108.0,0.0,0.0,0.0,0.0,0.0
1771502462.2730849,80.0,108.0,0.0,0.0,0.0,0.0,0.0
1771502462.3060772,80.0,108.0,0.0,0.0,0.0,0.0,0.0
1771502462.3330903,80.0,108.0,0.0,0.0,0.0,0.0,0.0
1771502462.3651717,80.0,108.0,0.0,0.0,0.0,0.0,0.0
1771502462.39617,80.0,108.0,0.0,0.0,0.0,0.0,0.0
1771502462.4261832,80.0,109.0,0.0,0.0,0.0,0.0,0.0
1771502462.459718,80.0,108.0,0.0,0.0,0.0,0.0,0.0
1771502462.4896977,80.0,108.0,0.0,0.0,0.0,0.0,0.0
1771502462.5207207,80.0,108.0,0.0,0.0,0.0,0.0,0.0
1771502462.5605943,80.0,108.0,0.0,0.0,0.0,0.0,0.0
1771502462.5925915,80.0,109.0,0.0,0.0,0.0,0.0,0.0
1771502462.624614,80.0,109.0,0.0,0.0,0.0,0.0,0.0
1771502462.6561396,81.0,109.0,0.0,0.0,0.0,0.0,0.0
1771502462.7062092,81.0,109.0,0.0,0.0,0.0,0.0,0.0
1771502462.737683,81.0,109.0,0.0,0.0,0.0,0.0,0.0
1771502462.768195,81.0,109.0,0.0,0.0,0.0,0.0,0.0
1771502462.7990036,81.0,109.0,0.0,0.0,0.0,0.0,0.0
1771502462.8311868,81.0,109.0,0.0,0.0,0.0,0.0,0.0
1771502462.8623884,81.0,110.0,0.0,0.0,0.0,0.0,0.0
1771502462.8964,82.0,111.0,0.0,0.0,0.0,0.0,0.0
1771502462.9243946,82.0,111.0,0.0,0.0,0.0,0.0,0.0
1771502462.9597342,82.0,112.0,0.0,0.0,0.0,0.0,0.0
1771502462.9917378,82.0,113.0,0.0,0.0,0.0,0.0,0.0
1771502463.0238178,83.0,113.0,0.0,0.0,0.0,0.0,0.0
1771502463.0583305,82.0,113.0,0.0,0.0,0.0,0.0,0.0
1771502463.0873306,82.0,113.0,0.0,0.0,0.0,0.0,0.0
1771502463.139855,82.0,114.0,0.0,0.0,0.0,0.0,0.0
1771502463.172843,83.0,114.0,0.0,0.0,0.0,0.0,0.0
1771502463.204844,83.0,115.0,0.0,0.0,0.0,0.0,0.0
1771502463.2348826,83.0,115.0,0.0,0.0,0.0,0.0,0.0
1771502463.2817013,83.0,115.0,0.0,0.0,0.0,0.0,0.0
1771502463.3127074,82.0,114.0,0.0,0.0,0.0,0.0,0.0
1771502463.3452234,83.0,115.0,0.0,0.0,0.0,0.0,0.0
1771502463.3762217,83.0,115.0,0.0,0.0,0.0,0.0,0.0
1771502463.4072282,83.0,115.0,0.0,0.0,0.0,0.0,0.0
1771502463.4362347,83.0,115.0,0.0,0.0,0.0,0.0,0.0
1771502463.4683936,83.0,115.0,0.0,0.0,0.0,0.0,0.0
1771502463.5003953,83.0,115.0,0.0,0.0,0.0,0.0,0.0
1771502463.5323935,83.0,116.0,0.0,0.0,0.0,0.0,0.0
1771502463.5709279,83.0,116.0,0.0,0.0,0.0,0.0,0.0
1771502463.6009328,83.0,117.0,0.0,0.0,0.0,0.0,0.0
1771502463.6249475,83.0,117.0,0.0,0.0,0.0,0.0,0.0
1771502463.6574678,83.0,118.0,0.0,0.0,0.0,0.0,0.0
1771502463.6884935,84.0,118.0,0.0,0.0,0.0,0.0,0.0
1771502463.7201025,84.0,119.0,0.0,0.0,0.0,0.0,0.0
1771502463.762736,85.0,119.0,0.0,0.0,0.0,0.0,0.0
1771502463.7927682,85.0,120.0,0.0,0.0,0.0,0.0,0.0
1771502463.8237407,84.0,119.0,0.0,0.0,0.0,0.0,0.0
1771502463.8555727,84.0,119.0,0.0,0.0,0.0,0.0,0.0
1771502463.8886633,84.0,119.0,0.0,0.0,0.0,0.0,0.0
1771502463.9197545,84.0,119.0,0.0,0.0,0.0,0.0,0.0
1771502463.9514475,84.0,119.0,0.0,0.0,0.0,0.0,0.0
1771502464.0034487,84.0,118.0,0.0,0.0,0.0,0.0,0.0
1771502464.0351663,84.0,118.0,0.0,0.0,0.0,0.0,0.0
1771502464.0638113,83.0,117.0,0.0,0.0,0.0,0.0,0.0
1771502464.0959098,83.0,117.0,0.0,0.0,0.0,0.0,0.0
1771502464.126915,83.0,117.0,5.0,0.0,0.0,0.0,0.0
1771502464.1624403,81.0,114.0,15.0,0.0,0.0,0.0,0.0
1771502464.193441,80.0,111.0,22.0,0.0,0.0,0.0,0.0
1771502464.2264464,78.0,109.0,32.0,0.0,0.0,1.0,0.0
1771502464.2569082,77.0,106.0,40.0,0.0,0.0,7.0,4.0
1771502464.289095,76.0,105.0,52.0,0.0,0.0,10.0,10.0
1771502464.3200948,76.0,104.0,64.0,0.0,0.0,18.0,15.0
1771502464.3523567,72.0,100.0,68.0,0.0,4.0,22.0,14.0
1771502464.3835564,69.0,98.0,68.0,0.0,11.0,25.0,14.0
1771502464.4345078,65.0,97.0,74.0,0.0,21.0,33.0,19.0
1771502464.4650617,63.0,96.0,74.0,0.0,28.0,42.0,25.0
1771502464.4860618,62.0,96.0,75.0,0.0,30.0,45.0,27.0
1771502464.5170624,61.0,94.0,77.0,21.0,39.0,55.0,34.0
1771502464.5597725,63.0,96.0,78.0,61.0,58.0,78.0,50.0
1771502464.5927882,64.0,97.0,73.0,76.0,66.0,87.0,56.0
1771502464.640292,66.0,98.0,74.0,89.0,76.0,101.0,65.0
1771502464.6742969,70.0,98.0,73.0,97.0,85.0,110.0,75.0
1771502464.7062993,73.0,99.0,83.0,99.0,89.0,110.0,79.0
1771502464.7373004,77.0,99.0,95.0,103.0,90.0,110.0,82.0
1771502464.7673187,79.0,98.0,100.0,105.0,90.0,110.0,85.0
1771502464.7993193,79.0,98.0,100.0,104.0,90.0,110.0,90.0
1771502464.831342,78.0,96.0,100.0,105.0,90.0,110.0,90.0
1771502464.867841,77.0,95.0,100.0,105.0,90.0,110.0,90.0
1771502464.8968415,76.0,93.0,96.0,107.0,90.0,110.0,90.0
1771502464.9237595,76.0,93.0,82.0,106.0,90.0,110.0,91.0
1771502464.961968,75.0,92.0,75.0,106.0,90.0,110.0,91.0
1771502464.9920814,74.0,90.0,67.0,108.0,90.0,110.0,92.0
1771502465.0235934,73.0,90.0,61.0,108.0,90.0,110.0,92.0
1771502465.0566819,73.0,89.0,59.0,109.0,90.0,110.0,93.0
1771502465.0882149,73.0,88.0,54.0,110.0,90.0,110.0,93.0
1771502465.120213,73.0,88.0,55.0,110.0,90.0,110.0,94.0
1771502465.151746,73.0,88.0,56.0,110.0,90.0,110.0,94.0
1771502465.1847427,73.0,88.0,64.0,110.0,90.0,110.0,94.0
1771502465.2157884,73.0,88.0,69.0,110.0,90.0,110.0,95.0
1771502465.2502923,74.0,88.0,71.0,110.0,90.0,110.0,95.0
1771502465.2983077,74.0,89.0,69.0,110.0,90.0,110.0,94.0
1771502465.3323295,74.0,91.0,67.0,110.0,90.0,110.0,92.0
1771502465.3599148,74.0,92.0,74.0,107.0,90.0,110.0,89.0
1771502465.393029,73.0,92.0,63.0,98.0,87.0,110.0,81.0
1771502465.4250684,67.0,91.0,50.0,82.0,72.0,89.0,56.0
1771502465.456042,64.0,91.0,42.0,60.0,51.0,58.0,33.0
1771502465.4910743,62.0,89.0,32.0,33.0,34.0,37.0,22.0
1771502465.520077,64.0,92.0,49.0,11.0,13.0,15.0,13.0
1771502465.552599,66.0,94.0,72.0,5.0,6.0,11.0,9.0
1771502465.583431,69.0,96.0,75.0,6.0,5.0,8.0,5.0
1771502465.6164362,74.0,99.0,65.0,5.0,5.0,5.0,3.0
1771502465.6479368,78.0,103.0,52.0,3.0,4.0,0.0,1.0
1771502465.679939,81.0,108.0,41.0,2.0,2.0,0.0,0.0
1771502465.7319498,85.0,116.0,27.0,0.0,0.0,0.0,0.0
1771502465.7631798,86.0,119.0,21.0,0.0,0.0,0.0,0.0
1771502465.7962804,86.0,120.0,16.0,0.0,0.0,0.0,0.0
1771502465.8275347,86.0,120.0,13.0,0.0,0.0,0.0,0.0
1771502465.858723,87.0,121.0,10.0,0.0,0.0,0.0,0.0
1771502465.891686,88.0,121.0,8.0,0.0,0.0,0.0,0.0
1771502465.9237123,88.0,120.0,6.0,0.0,0.0,0.0,0.0
1771502465.9533238,88.0,120.0,5.0,0.0,0.0,0.0,0.0
1771502466.000271,87.0,119.0,4.0,0.0,0.0,0.0,0.0
1771502466.0333405,87.0,118.0,3.0,0.0,0.0,0.0,0.0
1771502466.064315,87.0,118.0,2.0,0.0,0.0,0.0,0.0
1771502466.0964012,87.0,118.0,2.0,0.0,0.0,0.0,0.0
1771502466.1259146,87.0,117.0,1.0,0.0,0.0,0.0,0.0
1771502466.1624606,86.0,117.0,1.0,0.0,0.0,0.0,0.0
1771502466.1924536,86.0,117.0,1.0,0.0,0.0,0.0,0.0
1771502466.2264655,87.0,117.0,1.0,0.0,0.0,0.0,0.0
1771502466.2574801,86.0,117.0,1.0,0.0,0.0,0.0,0.0
1771502466.2874782,86.0,116.0,1.0,0.0,0.0,0.0,0.0
1771502466.3193634,87.0,117.0,0.0,0.0,0.0,0.0,0.0
1771502466.3544662,87.0,117.0,0.0,0.0,0.0,0.0,0.0
1771502466.3834815,87.0,117.0,0.0,0.0,0.0,0.0,0.0
1771502466.4154487,87.0,118.0,0.0,0.0,0.0,0.0,0.0
1771502466.4479883,87.0,118.0,0.0,0.0,0.0,0.0,0.0
1771502466.4799855,86.0,118.0,0.0,0.0,0.0,0.0,0.0
1771502466.5130708,85.0,116.0,0.0,0.0,0.0,0.0,0.0
1771502466.544586,83.0,113.0,11.0,0.0,0.0,0.0,0.0
1771502466.593576,81.0,110.0,41.0,0.0,0.0,2.0,2.0
1771502466.6286342,80.0,108.0,58.0,0.0,0.0,10.0,9.0
1771502466.6590905,79.0,108.0,79.0,0.0,0.0,14.0,12.0
1771502466.6900938,74.0,104.0,94.0,0.0,0.0,19.0,13.0
1771502466.7210915,70.0,100.0,100.0,0.0,5.0,26.0,15.0
1771502466.7526474,68.0,98.0,100.0,0.0,13.0,33.0,20.0
1771502466.7836459,66.0,95.0,100.0,0.0,21.0,41.0,27.0
1771502466.8166487,64.0,92.0,88.0,6.0,30.0,51.0,33.0
1771502466.8482327,64.0,90.0,74.0,13.0,39.0,58.0,38.0
1771502466.8792021,63.0,89.0,67.0,20.0,44.0,62.0,42.0
1771502466.913206,63.0,89.0,68.0,31.0,51.0,68.0,45.0
1771502466.9447098,64.0,92.0,67.0,54.0,64.0,81.0,53.0
1771502466.9927418,66.0,94.0,64.0,74.0,76.0,94.0,63.0
1771502467.0317802,67.0,96.0,53.0,90.0,83.0,104.0,69.0
1771502467.0556486,69.0,97.0,47.0,99.0,86.0,110.0,74.0
1771502467.0893412,74.0,99.0,45.0,105.0,88.0,109.0,88.0
1771502467.121336,78.0,100.0,47.0,107.0,90.0,109.0,92.0
1771502467.1514187,78.0,100.0,41.0,107.0,90.0,110.0,92.0
1771502467.1865075,76.0,99.0,28.0,107.0,90.0,110.0,90.0
1771502467.216758,76.0,98.0,22.0,109.0,90.0,110.0,89.0
1771502467.2489882,75.0,97.0,17.0,109.0,90.0,110.0,87.0
1771502467.279983,75.0,97.0,13.0,109.0,90.0,110.0,88.0
1771502467.3109818,74.0,97.0,10.0,109.0,90.0,110.0,87.0
1771502467.3650608,74.0,96.0,8.0,109.0,90.0,110.0,87.0
1771502467.3963494,73.0,96.0,6.0,110.0,90.0,110.0,87.0
1771502467.427353,73.0,96.0,4.0,110.0,90.0,110.0,87.0
1771502467.4593663,73.0,95.0,4.0,110.0,90.0,110.0,87.0
1771502467.4903657,73.0,95.0,3.0,110.0,90.0,110.0,87.0
1771502467.5217252,73.0,95.0,2.0,110.0,90.0,110.0,87.0
1771502467.553257,73.0,95.0,2.0,110.0,90.0,110.0,86.0
1771502467.583263,73.0,95.0,2.0,110.0,90.0,110.0,86.0
1771502467.6152585,73.0,95.0,1.0,110.0,90.0,110.0,86.0
1771502467.649797,73.0,95.0,1.0,110.0,90.0,110.0,86.0
1771502467.683805,73.0,95.0,1.0,110.0,90.0,110.0,86.0
1771502467.7127998,73.0,95.0,2.0,110.0,90.0,110.0,86.0
1771502467.7443278,73.0,95.0,2.0,107.0,90.0,110.0,83.0
1771502467.7761908,73.0,96.0,2.0,106.0,90.0,110.0,82.0
1771502467.8120472,69.0,94.0,2.0,86.0,72.0,87.0,56.0
1771502467.8555555,66.0,93.0,14.0,49.0,47.0,52.0,33.0
1771502467.891558,66.0,93.0,39.0,3.0,12.0,18.0,18.0
1771502467.9205813,68.0,95.0,84.0,2.0,4.0,9.0,14.0
1771502467.9521437,72.0,99.0,72.0,1.0,2.0,5.0,9.0
1771502467.9841452,78.0,106.0,57.0,3.0,2.0,2.0,5.0
1771502468.01614,83.0,112.0,48.0,3.0,2.0,0.0,3.0
1771502468.0496686,86.0,117.0,39.0,0.0,0.0,0.0,0.0
1771502468.0830252,87.0,121.0,31.0,0.0,0.0,0.0,0.0
1771502468.115026,88.0,123.0,24.0,0.0,0.0,0.0,0.0
1771502468.147546,88.0,123.0,19.0,0.0,0.0,0.0,0.0
1771502468.1785483,88.0,123.0,15.0,0.0,0.0,0.0,0.0
1771502468.210576,87.0,122.0,12.0,0.0,0.0,0.0,0.0
1771502468.243096,87.0,121.0,9.0,0.0,0.0,0.0,0.0
1771502468.2866757,86.0,120.0,7.0,0.0,0.0,0.0,0.0
1771502468.3224454,85.0,119.0,5.0,0.0,0.0,0.0,0.0
1771502468.3510935,85.0,119.0,4.0,0.0,0.0,0.0,0.0
1771502468.3849525,85.0,119.0,3.0,0.0,0.0,0.0,0.0
1771502468.4163222,85.0,119.0,3.0,0.0,0.0,0.0,0.0
1771502468.4495237,85.0,119.0,2.0,0.0,0.0,0.0,0.0
1771502468.4805155,85.0,119.0,2.0,0.0,0.0,0.0,0.0
1771502468.5125349,85.0,119.0,1.0,0.0,0.0,0.0,0.0
1771502468.5460596,85.0,119.0,1.0,0.0,0.0,0.0,0.0
1771502468.5760627,85.0,119.0,1.0,0.0,0.0,0.0,0.0
1771502468.608054,85.0,119.0,1.0,0.0,0.0,0.0,0.0
1771502468.6400576,85.0,119.0,1.0,0.0,0.0,0.0,0.0
1771502468.671567,85.0,119.0,1.0,0.0,0.0,0.0,0.0
1771502468.725818,85.0,119.0,0.0,0.0,0.0,0.0,0.0
1771502468.7583406,86.0,119.0,0.0,0.0,0.0,0.0,0.0
1771502468.7873425,86.0,119.0,0.0,0.0,0.0,0.0,0.0
1771502468.8193398,86.0,120.0,0.0,0.0,0.0,0.0,0.0
1771502468.8508654,87.0,121.0,0.0,0.0,0.0,0.0,0.0
1771502468.8818765,88.0,123.0,0.0,0.0,0.0,0.0,0.0
1771502468.9128902,88.0,124.0,0.0,0.0,0.0,0.0,0.0
1771502468.9434073,88.0,123.0,0.0,0.0,0.0,0.0,0.0
1771502468.9764082,89.0,122.0,0.0,0.0,0.0,0.0,0.0
1771502469.0074024,89.0,121.0,0.0,0.0,5.0,8.0,2.0
1771502469.0394037,89.0,121.0,12.0,0.0,11.0,21.0,12.0
1771502469.0711944,89.0,122.0,13.0,6.0,13.0,28.0,17.0
1771502469.1041937,88.0,123.0,19.0,9.0,13.0,31.0,19.0
1771502469.1527243,82.0,123.0,13.0,10.0,19.0,39.0,21.0
1771502469.1882367,80.0,122.0,11.0,10.0,24.0,44.0,26.0
1771502469.2162383,77.0,119.0,9.0,13.0,31.0,51.0,31.0
1771502469.2477558,73.0,116.0,8.0,14.0,35.0,55.0,35.0
1771502469.2797568,71.0,112.0,6.0,17.0,39.0,60.0,39.0
1771502469.3117561,69.0,109.0,5.0,24.0,43.0,64.0,41.0
1771502469.3442678,69.0,106.0,4.0,34.0,50.0,71.0,45.0
1771502469.3762648,68.0,105.0,5.0,40.0,55.0,75.0,46.0
1771502469.4082675,66.0,104.0,4.0,56.0,62.0,79.0,49.0
1771502469.4402723,66.0,105.0,3.0,68.0,69.0,86.0,54.0
1771502469.4713326,67.0,106.0,3.0,84.0,76.0,96.0,60.0
1771502469.5041442,68.0,107.0,2.0,93.0,82.0,104.0,66.0
1771502469.5351567,70.0,107.0,2.0,98.0,87.0,110.0,72.0
1771502469.5836844,74.0,108.0,3.0,104.0,90.0,110.0,81.0
1771502469.6196837,77.0,108.0,7.0,107.0,90.0,110.0,86.0
1771502469.6502256,80.0,108.0,19.0,108.0,90.0,110.0,88.0
1771502469.6822267,80.0,108.0,31.0,109.0,90.0,110.0,87.0
1771502469.712481,81.0,107.0,54.0,109.0,90.0,110.0,87.0
1771502469.744968,82.0,107.0,91.0,110.0,90.0,110.0,87.0
1771502469.7759693,83.0,106.0,100.0,110.0,90.0,110.0,87.0
1771502469.807967,84.0,105.0,100.0,110.0,90.0,109.0,89.0
1771502469.8431678,83.0,105.0,100.0,110.0,90.0,107.0,92.0
1771502469.8711421,82.0,104.0,100.0,110.0,90.0,106.0,92.0
1771502469.9041398,81.0,104.0,100.0,110.0,90.0,106.0,92.0
1771502469.9351556,80.0,103.0,100.0,110.0,90.0,106.0,92.0
1771502469.9687486,79.0,103.0,100.0,110.0,90.0,106.0,92.0
1771502470.0156646,78.0,102.0,94.0,110.0,90.0,106.0,92.0
1771502470.0516577,77.0,102.0,87.0,110.0,90.0,106.0,92.0
1771502470.0805728,77.0,102.0,80.0,110.0,90.0,107.0,92.0
1771502470.1115725,76.0,102.0,75.0,110.0,90.0,107.0,91.0
1771502470.146006,76.0,101.0,72.0,110.0,90.0,107.0,91.0
1771502470.1770222,76.0,101.0,69.0,110.0,90.0,108.0,91.0
1771502470.208003,76.0,101.0,70.0,110.0,90.0,108.0,91.0
1771502470.239008,76.0,101.0,65.0,110.0,90.0,108.0,91.0
1771502470.2727067,76.0,101.0,68.0,110.0,90.0,108.0,91.0
1771502470.3037102,77.0,101.0,75.0,110.0,90.0,108.0,90.0
1771502470.3357203,77.0,102.0,76.0,110.0,90.0,109.0,87.0
1771502470.367249,74.0,101.0,60.0,104.0,87.0,104.0,72.0
1771502470.3993802,69.0,99.0,54.0,75.0,63.0,74.0,44.0
1771502470.447805,64.0,99.0,69.0,43.0,38.0,42.0,27.0
1771502470.482823,65.0,99.0,76.0,14.0,13.0,20.0,17.0
1771502470.5158038,68.0,102.0,100.0,11.0,7.0,14.0,15.0
1771502470.5473857,70.0,104.0,100.0,10.0,6.0,14.0,15.0
1771502470.5780423,76.0,107.0,100.0,13.0,8.0,13.0,12.0
1771502470.608059,82.0,112.0,88.0,15.0,10.0,12.0,10.0
1771502470.6400738,87.0,117.0,68.0,14.0,11.0,10.0,7.0
1771502470.671228,90.0,122.0,51.0,12.0,9.0,6.0,3.0
1771502470.7082326,90.0,124.0,38.0,8.0,6.0,2.0,0.0
1771502470.7362363,90.0,125.0,28.0,5.0,4.0,0.0,0.0
1771502470.7672179,90.0,124.0,21.0,1.0,1.0,0.0,0.0
1771502470.8003016,88.0,123.0,15.0,0.0,0.0,0.0,0.0
1771502470.8313987,88.0,122.0,12.0,0.0,0.0,0.0,0.0
1771502470.8794107,87.0,121.0,8.0,0.0,0.0,0.0,0.0
1771502470.9134119,87.0,121.0,6.0,0.0,0.0,0.0,0.0
1771502470.9434142,87.0,121.0,5.0,0.0,0.0,0.0,0.0
1771502470.9765377,87.0,121.0,4.0,0.0,0.0,0.0,0.0
1771502471.0075397,87.0,121.0,3.0,0.0,0.0,0.0,0.0
1771502471.03941,87.0,120.0,2.0,0.0,0.0,0.0,0.0
1771502471.071823,87.0,121.0,2.0,0.0,0.0,0.0,0.0
1771502471.103822,87.0,121.0,2.0,0.0,0.0,0.0,0.0
1771502471.1378496,88.0,121.0,1.0,0.0,0.0,0.0,0.0
1771502471.1701908,88.0,121.0,1.0,0.0,0.0,0.0,0.0
1771502471.200226,88.0,121.0,1.0,0.0,0.0,0.0,0.0
1771502471.2332866,87.0,121.0,1.0,0.0,0.0,0.0,0.0
1771502471.2649117,87.0,121.0,1.0,0.0,0.0,0.0,0.0
1771502471.3119087,88.0,121.0,0.0,0.0,0.0,0.0,0.0
1771502471.3474517,88.0,122.0,0.0,0.0,0.0,0.0,0.0
1771502471.3764358,88.0,122.0,0.0,0.0,0.0,0.0,0.0
1771502471.4079163,88.0,123.0,0.0,0.0,0.0,0.0,0.0
1771502471.4522939,88.0,122.0,0.0,0.0,0.0,0.0,0.0
1771502471.484303,87.0,123.0,0.0,0.0,0.0,0.0,0.0
1771502471.517321,87.0,123.0,0.0,0.0,0.0,0.0,0.0
1771502471.5483181,87.0,123.0,0.0,0.0,0.0,0.0,0.0
1771502471.5793579,87.0,123.0,0.0,0.0,0.0,0.0,0.0
1771502471.6097956,87.0,124.0,0.0,0.0,0.0,0.0,0.0
1771502471.640192,88.0,123.0,0.0,0.0,0.0,0.0,0.0
1771502471.6713004,88.0,122.0,0.0,0.0,0.0,0.0,1.0
1771502471.7029848,89.0,117.0,0.0,0.0,4.0,13.0,13.0
1771502471.7796829,87.0,115.0,0.0,0.0,11.0,37.0,30.0
1771502471.8116815,88.0,115.0,0.0,0.0,16.0,49.0,36.0
1771502471.8446887,85.0,110.0,0.0,1.0,30.0,60.0,44.0
1771502471.875278,80.0,107.0,0.0,7.0,40.0,68.0,51.0
1771502471.905764,75.0,105.0,0.0,18.0,48.0,75.0,56.0
1771502471.9377692,70.0,104.0,0.0,33.0,56.0,83.0,61.0
1771502471.9692829,69.0,106.0,0.0,45.0,65.0,92.0,67.0
1771502472.0002751,70.0,107.0,0.0,63.0,78.0,103.0,74.0
1771502472.029395,73.0,108.0,0.0,74.0,88.0,109.0,79.0
1771502472.0624177,74.0,109.0,0.0,86.0,90.0,110.0,82.0
1771502472.0932577,74.0,110.0,0.0,96.0,90.0,110.0,85.0
1771502472.1242583,75.0,110.0,0.0,108.0,90.0,110.0,89.0
1771502472.1767664,78.0,111.0,0.0,110.0,90.0,106.0,95.0
1771502472.2107666,80.0,111.0,0.0,110.0,88.0,104.0,97.0
1771502472.233123,81.0,111.0,0.0,110.0,88.0,103.0,98.0
1771502472.2636292,82.0,111.0,0.0,110.0,87.0,102.0,98.0
1771502472.2956307,82.0,110.0,2.0,110.0,88.0,103.0,97.0
1771502472.3266363,82.0,109.0,5.0,110.0,88.0,102.0,97.0
1771502472.3581905,82.0,108.0,4.0,110.0,89.0,103.0,96.0
1771502472.3891797,82.0,107.0,4.0,110.0,89.0,103.0,96.0
1771502472.4231837,82.0,106.0,3.0,110.0,90.0,103.0,95.0
1771502472.4537163,82.0,105.0,3.0,110.0,90.0,103.0,95.0
1771502472.4847202,82.0,105.0,2.0,110.0,90.0,103.0,95.0
1771502472.5177166,82.0,104.0,2.0,110.0,90.0,103.0,95.0
1771502472.5598958,82.0,105.0,4.0,110.0,90.0,103.0,94.0
1771502472.6088977,81.0,104.0,15.0,110.0,90.0,103.0,94.0
1771502472.639942,81.0,104.0,20.0,110.0,90.0,103.0,93.0
1771502472.6695313,82.0,103.0,27.0,110.0,90.0,103.0,92.0
1771502472.7014961,82.0,103.0,44.0,110.0,90.0,102.0,91.0
1771502472.733043,83.0,103.0,64.0,110.0,90.0,101.0,91.0
1771502472.7646503,84.0,103.0,88.0,110.0,89.0,101.0,91.0
1771502472.816427,85.0,103.0,100.0,110.0,88.0,99.0,91.0
1771502472.8415055,88.0,104.0,100.0,110.0,85.0,95.0,92.0
1771502472.8720217,89.0,104.0,100.0,110.0,84.0,94.0,92.0
1771502472.904015,90.0,104.0,100.0,110.0,83.0,93.0,93.0
1771502472.9370215,90.0,104.0,100.0,110.0,83.0,93.0,94.0
1771502472.9680872,90.0,104.0,100.0,109.0,83.0,93.0,94.0
1771502473.009094,89.0,104.0,100.0,109.0,83.0,93.0,94.0
1771502473.0394313,89.0,104.0,100.0,108.0,84.0,94.0,94.0
1771502473.065163,89.0,104.0,100.0,108.0,84.0,94.0,94.0
1771502473.0961607,89.0,104.0,100.0,108.0,84.0,94.0,94.0
1771502473.1271605,88.0,104.0,100.0,109.0,87.0,97.0,94.0
1771502473.1596847,87.0,105.0,100.0,110.0,88.0,99.0,93.0
1771502473.190689,79.0,105.0,100.0,105.0,86.0,99.0,81.0
1771502473.2212262,73.0,104.0,76.0,93.0,75.0,84.0,55.0
1771502473.252771,70.0,103.0,79.0,52.0,52.0,61.0,37.0
1771502473.2857704,74.0,107.0,95.0,25.0,29.0,39.0,28.0
1771502473.3157706,76.0,111.0,69.0,22.0,23.0,29.0,20.0
1771502473.3602948,81.0,114.0,44.0,8.0,11.0,10.0,5.0
1771502473.3943012,83.0,116.0,32.0,0.0,3.0,0.0,0.0
1771502473.4395838,86.0,119.0,20.0,0.0,0.0,0.0,0.0
1771502473.4741054,87.0,120.0,15.0,0.0,0.0,0.0,0.0
1771502473.505106,88.0,121.0,11.0,0.0,0.0,0.0,0.0
1771502473.5341094,88.0,122.0,8.0,0.0,0.0,0.0,0.0
1771502473.565727,88.0,122.0,6.0,0.0,0.0,0.0,0.0
1771502473.5975628,88.0,121.0,5.0,0.0,0.0,0.0,0.0
1771502473.6286662,88.0,121.0,4.0,0.0,0.0,0.0,0.0
1771502473.6599698,88.0,120.0,3.0,0.0,0.0,0.0,0.0
1771502473.6910484,87.0,120.0,2.0,0.0,0.0,0.0,0.0
1771502473.7230492,88.0,120.0,2.0,0.0,0.0,0.0,0.0
1771502473.7607217,87.0,120.0,2.0,0.0,0.0,0.0,0.0
1771502473.7925467,88.0,121.0,1.0,0.0,0.0,0.0,0.0
1771502473.825821,87.0,121.0,1.0,0.0,0.0,0.0,0.0
1771502473.8719532,87.0,121.0,1.0,0.0,0.0,0.0,0.0
1771502473.9043806,87.0,120.0,1.0,0.0,0.0,0.0,0.0
1771502473.9263809,87.0,120.0,1.0,0.0,0.0,0.0,0.0
1771502473.9571857,87.0,121.0,52.0,0.0,3.0,5.0,7.0
1771502473.9871647,85.0,122.0,100.0,0.0,3.0,13.0,14.0
1771502474.0190578,79.0,122.0,100.0,0.0,9.0,24.0,17.0
1771502474.0500658,76.0,121.0,100.0,8.0,28.0,47.0,30.0
1771502474.0801377,75.0,121.0,100.0,23.0,39.0,65.0,43.0
1771502474.111136,72.0,120.0,100.0,50.0,53.0,78.0,51.0
1771502474.1626647,77.0,117.0,100.0,92.0,84.0,103.0,75.0
1771502474.1916635,80.0,114.0,100.0,101.0,89.0,110.0,80.0
1771502474.2236629,83.0,113.0,100.0,106.0,88.0,109.0,85.0
1771502474.2562513,85.0,110.0,100.0,110.0,89.0,110.0,85.0
1771502474.3042743,86.0,107.0,100.0,110.0,90.0,108.0,86.0
1771502474.336275,86.0,105.0,100.0,110.0,90.0,108.0,86.0
1771502474.3637369,85.0,103.0,100.0,110.0,90.0,108.0,86.0
1771502474.3945847,85.0,102.0,100.0,110.0,90.0,109.0,86.0
1771502474.423669,85.0,102.0,100.0,110.0,90.0,108.0,86.0
1771502474.4568074,84.0,101.0,100.0,110.0,90.0,109.0,86.0
1771502474.4867952,84.0,101.0,100.0,110.0,90.0,109.0,86.0
1771502474.519735,84.0,100.0,100.0,110.0,90.0,109.0,86.0
1771502474.5617638,83.0,100.0,90.0,110.0,90.0,110.0,85.0
1771502474.5937629,83.0,100.0,85.0,110.0,90.0,110.0,86.0
1771502474.6247842,83.0,100.0,84.0,110.0,90.0,110.0,86.0
1771502474.6562977,83.0,100.0,91.0,110.0,90.0,110.0,85.0
1771502474.6887014,81.0,101.0,83.0,110.0,90.0,110.0,81.0
1771502474.7357,73.0,101.0,86.0,68.0,62.0,72.0,50.0
1771502474.7714186,72.0,101.0,97.0,20.0,25.0,34.0,30.0
1771502474.801439,70.0,101.0,100.0,6.0,14.0,22.0,21.0
1771502474.831381,73.0,105.0,100.0,7.0,10.0,15.0,16.0
1771502474.8629444,77.0,109.0,95.0,9.0,10.0,11.0,10.0
1771502474.8939288,81.0,114.0,73.0,5.0,6.0,3.0,2.0
1771502474.9244714,85.0,118.0,54.0,0.0,2.0,0.0,0.0
1771502474.9601536,86.0,118.0,40.0,0.0,0.0,0.0,0.0
1771502474.992807,87.0,118.0,29.0,0.0,0.0,0.0,0.0
1771502475.0267706,88.0,119.0,21.0,0.0,0.0,0.0,0.0
1771502475.0573266,88.0,119.0,16.0,0.0,0.0,0.0,0.0
1771502475.0876417,88.0,119.0,12.0,0.0,0.0,0.0,0.0
1771502475.1196394,88.0,118.0,9.0,0.0,0.0,0.0,0.0
1771502475.168159,87.0,118.0,6.0,0.0,0.0,0.0,0.0
1771502475.2001555,87.0,118.0,4.0,0.0,0.0,0.0,0.0
1771502475.2262523,87.0,118.0,4.0,0.0,0.0,0.0,0.0
1771502475.2567744,87.0,118.0,3.0,0.0,0.0,0.0,0.0
1771502475.2887757,87.0,118.0,2.0,0.0,0.0,0.0,0.0
1771502475.3187819,87.0,118.0,2.0,0.0,0.0,0.0,0.0
1771502475.3603468,87.0,119.0,1.0,0.0,0.0,0.0,0.0
1771502475.392378,90.0,119.0,6.0,0.0,10.0,7.0,6.0
1771502475.4233782,88.0,125.0,22.0,2.0,15.0,19.0,15.0
1771502475.4560905,86.0,125.0,23.0,17.0,33.0,48.0,32.0
1771502475.4871693,81.0,123.0,27.0,38.0,49.0,68.0,44.0
1771502475.520088,79.0,122.0,27.0,65.0,65.0,87.0,57.0
1771502475.5538225,78.0,122.0,31.0,87.0,81.0,104.0,72.0
1771502475.6019223,81.0,121.0,71.0,102.0,89.0,108.0,85.0
1771502475.6359754,82.0,119.0,100.0,107.0,90.0,107.0,89.0
1771502475.6635778,84.0,118.0,100.0,110.0,90.0,107.0,90.0
1771502475.6956089,87.0,116.0,100.0,110.0,90.0,102.0,91.0
1771502475.7255955,87.0,114.0,100.0,110.0,90.0,103.0,90.0
1771502475.7601657,88.0,111.0,100.0,110.0,90.0,101.0,92.0
1771502475.7931433,87.0,108.0,100.0,110.0,90.0,102.0,90.0
1771502475.8241618,87.0,107.0,100.0,110.0,90.0,102.0,90.0
1771502475.8548274,86.0,106.0,100.0,110.0,90.0,101.0,90.0
1771502475.8888342,86.0,105.0,100.0,110.0,90.0,101.0,91.0
1771502475.9208739,86.0,105.0,100.0,110.0,90.0,101.0,91.0
1771502475.952446,85.0,105.0,100.0,110.0,90.0,101.0,91.0
1771502475.98346,85.0,105.0,100.0,110.0,90.0,101.0,91.0
1771502476.0321326,85.0,105.0,100.0,110.0,90.0,100.0,91.0
1771502476.0635355,85.0,105.0,100.0,110.0,90.0,100.0,91.0
1771502476.0874848,85.0,105.0,100.0,110.0,90.0,100.0,91.0
1771502476.118484,85.0,105.0,100.0,110.0,90.0,101.0,91.0
1771502476.159999,79.0,106.0,100.0,100.0,80.0,93.0,76.0
1771502476.192999,76.0,105.0,100.0,51.0,51.0,66.0,51.0
1771502476.2239988,78.0,107.0,100.0,25.0,25.0,35.0,32.0
1771502476.2560432,79.0,111.0,78.0,17.0,17.0,19.0,17.0
1771502476.2880611,82.0,114.0,57.0,6.0,10.0,8.0,6.0
1771502476.3230424,84.0,118.0,41.0,1.0,6.0,0.0,0.0
1771502476.3545866,86.0,120.0,30.0,0.0,2.0,0.0,0.0
1771502476.3865788,88.0,121.0,19.0,0.0,0.0,0.0,0.0
1771502476.4176085,88.0,121.0,16.0,0.0,0.0,0.0,0.0
1771502476.463257,89.0,122.0,11.0,0.0,0.0,0.0,0.0
1771502476.4972963,89.0,122.0,7.0,0.0,0.0,0.0,0.0
1771502476.5272436,90.0,122.0,6.0,0.0,0.0,0.0,0.0
1771502476.559882,90.0,122.0,4.0,0.0,0.0,0.0,0.0
1771502476.5919626,90.0,122.0,3.0,0.0,0.0,0.0,0.0
1771502476.6249118,90.0,122.0,3.0,0.0,0.0,0.0,0.0
1771502476.6565726,90.0,122.0,2.0,0.0,0.0,0.0,0.0
1771502476.687572,90.0,122.0,2.0,0.0,0.0,0.0,0.0
1771502476.7195702,90.0,122.0,1.0,0.0,0.0,0.0,0.0
1771502476.7541065,90.0,122.0,1.0,0.0,0.0,0.0,0.0
1771502476.783548,90.0,122.0,1.0,0.0,0.0,0.0,0.0
1771502476.8155477,90.0,122.0,1.0,0.0,0.0,0.0,0.0
1771502476.8485532,90.0,122.0,1.0,0.0,0.0,0.0,0.0
1771502476.9155736,91.0,123.0,0.0,0.0,2.0,0.0,0.0
1771502476.9485846,92.0,122.0,0.0,2.0,12.0,16.0,10.0
1771502476.9790964,92.0,125.0,0.0,10.0,19.0,28.0,19.0
1771502477.011095,91.0,128.0,7.0,14.0,22.0,32.0,24.0
1771502477.0422337,90.0,132.0,18.0,21.0,29.0,41.0,30.0
1771502477.0737581,86.0,129.0,14.0,29.0,39.0,55.0,35.0
1771502477.1047614,82.0,126.0,12.0,43.0,55.0,71.0,45.0
1771502477.135798,80.0,121.0,10.0,58.0,67.0,82.0,51.0
1771502477.167471,78.0,120.0,8.0,76.0,78.0,98.0,63.0
1771502477.19898,78.0,118.0,7.0,91.0,87.0,110.0,74.0
1771502477.228982,81.0,119.0,11.0,102.0,89.0,107.0,87.0
1771502477.2613928,84.0,119.0,25.0,108.0,86.0,101.0,93.0
1771502477.292387,87.0,118.0,48.0,110.0,84.0,97.0,96.0
1771502477.3284478,90.0,117.0,83.0,110.0,82.0,93.0,95.0
1771502477.3610315,90.0,116.0,99.0,110.0,81.0,91.0,95.0
1771502477.3950074,90.0,113.0,100.0,110.0,83.0,92.0,94.0
1771502477.4231086,89.0,111.0,100.0,110.0,85.0,92.0,93.0
1771502477.4556415,89.0,109.0,100.0,110.0,85.0,92.0,92.0
1771502477.4886682,89.0,108.0,100.0,110.0,85.0,92.0,92.0
1771502477.5196679,89.0,107.0,100.0,110.0,85.0,92.0,91.0
1771502477.553174,88.0,106.0,100.0,110.0,86.0,93.0,91.0
1771502477.583174,87.0,106.0,100.0,110.0,86.0,93.0,91.0
1771502477.6171834,87.0,106.0,100.0,110.0,86.0,93.0,91.0
1771502477.6471777,87.0,106.0,100.0,110.0,86.0,94.0,91.0
1771502477.679683,86.0,106.0,100.0,110.0,86.0,94.0,91.0
1771502477.7126863,86.0,106.0,100.0,110.0,86.0,94.0,91.0
1771502477.760082,85.0,106.0,97.0,110.0,86.0,94.0,91.0
1771502477.7931418,85.0,106.0,99.0,110.0,85.0,93.0,91.0
1771502477.8281078,85.0,106.0,99.0,110.0,85.0,93.0,91.0
1771502477.8556376,85.0,106.0,98.0,110.0,85.0,93.0,91.0
1771502477.8886354,85.0,106.0,100.0,110.0,85.0,93.0,91.0
1771502477.9196568,85.0,106.0,100.0,110.0,85.0,93.0,91.0
1771502477.9511976,85.0,106.0,99.0,110.0,85.0,93.0,91.0
1771502477.984198,85.0,106.0,98.0,110.0,86.0,93.0,91.0
1771502478.0161974,85.0,106.0,95.0,110.0,86.0,93.0,91.0
1771502478.0502627,85.0,106.0,94.0,110.0,86.0,93.0,91.0
1771502478.0801885,85.0,106.0,91.0,110.0,86.0,94.0,91.0
1771502478.1121888,85.0,106.0,89.0,110.0,86.0,94.0,91.0
1771502478.1432045,85.0,106.0,89.0,110.0,86.0,94.0,91.0
1771502478.19171,85.0,106.0,92.0,110.0,86.0,94.0,91.0
1771502478.2252376,85.0,105.0,95.0,110.0,86.0,94.0,91.0
1771502478.275286,85.0,105.0,100.0,110.0,87.0,95.0,91.0
1771502478.3082917,84.0,106.0,100.0,110.0,89.0,98.0,91.0
1771502478.339303,85.0,107.0,100.0,110.0,88.0,101.0,91.0
1771502478.37082,83.0,107.0,82.0,110.0,90.0,105.0,88.0
1771502478.40282,79.0,107.0,62.0,106.0,89.0,102.0,76.0
1771502478.4328187,76.0,107.0,46.0,99.0,85.0,98.0,63.0
1771502478.4624157,74.0,107.0,42.0,93.0,77.0,85.0,52.0
1771502478.4935052,73.0,109.0,60.0,77.0,64.0,69.0,43.0
1771502478.526378,72.0,110.0,63.0,64.0,52.0,58.0,35.0
1771502478.5579166,73.0,111.0,69.0,55.0,39.0,42.0,29.0
1771502478.5888872,75.0,115.0,95.0,45.0,27.0,30.0,28.0
1771502478.624885,80.0,118.0,100.0,39.0,20.0,27.0,29.0
1771502478.6604097,84.0,119.0,100.0,39.0,21.0,27.0,26.0
1771502478.691411,86.0,120.0,96.0,33.0,18.0,22.0,20.0
1771502478.720416,88.0,120.0,75.0,29.0,17.0,18.0,16.0
1771502478.751919,90.0,122.0,57.0,23.0,16.0,15.0,13.0
1771502478.7839205,90.0,122.0,42.0,16.0,13.0,10.0,8.0
1771502478.8161495,91.0,124.0,31.0,13.0,11.0,6.0,5.0
1771502478.8470018,91.0,124.0,23.0,8.0,8.0,3.0,2.0
1771502478.880506,91.0,125.0,17.0,5.0,5.0,1.0,1.0
1771502478.912504,90.0,124.0,13.0,1.0,2.0,0.0,0.0
1771502478.9435067,90.0,124.0,10.0,0.0,0.0,0.0,0.0
1771502478.977017,90.0,124.0,7.0,0.0,0.0,0.0,0.0
1771502479.0240178,90.0,123.0,5.0,0.0,0.0,0.0,0.0
1771502479.0587113,90.0,123.0,4.0,0.0,0.0,0.0,0.0
1771502479.092488,90.0,122.0,3.0,0.0,0.0,0.0,0.0
1771502479.12249,90.0,121.0,2.0,0.0,0.0,0.0,0.0
1771502479.155,89.0,119.0,2.0,0.0,0.0,0.0,0.0
1771502479.183418,89.0,119.0,2.0,0.0,0.0,0.0,0.0
1771502479.2165344,89.0,118.0,1.0,0.0,0.0,0.0,0.0
1771502479.2485428,89.0,117.0,1.0,0.0,0.0,0.0,0.0
1771502479.2809675,88.0,117.0,1.0,0.0,0.0,0.0,0.0
1771502479.3125882,88.0,116.0,1.0,0.0,0.0,0.0,0.0
1771502479.3453825,88.0,116.0,1.0,0.0,0.0,0.0,0.0
1771502479.3761313,88.0,116.0,0.0,0.0,0.0,0.0,0.0
1771502479.4081392,88.0,116.0,0.0,0.0,0.0,0.0,0.0
1771502479.4558558,87.0,116.0,0.0,0.0,0.0,0.0,0.0
1771502479.488898,87.0,116.0,0.0,0.0,0.0,0.0,0.0
1771502479.5218558,87.0,116.0,0.0,0.0,0.0,0.0,0.0
1771502479.5535157,87.0,116.0,0.0,0.0,0.0,0.0,0.0
1771502479.5835252,87.0,116.0,0.0,0.0,0.0,0.0,0.0
1771502479.61635,87.0,117.0,0.0,0.0,0.0,0.0,0.0
1771502479.650322,87.0,117.0,0.0,0.0,0.0,0.0,0.0
1771502479.6835861,87.0,117.0,0.0,0.0,0.0,0.0,0.0
1771502479.714621,87.0,117.0,0.0,0.0,0.0,0.0,0.0
1771502479.7465072,87.0,117.0,0.0,0.0,0.0,0.0,0.0
1771502479.7780173,87.0,117.0,0.0,0.0,0.0,0.0,0.0
1771502479.8110168,87.0,117.0,0.0,0.0,0.0,0.0,0.0
1771502479.8410182,87.0,117.0,0.0,0.0,0.0,0.0,0.0
1771502479.887524,87.0,117.0,0.0,0.0,0.0,0.0,0.0
1771502479.9215508,87.0,117.0,0.0,0.0,0.0,0.0,0.0
