t,wrist_pitch,wrist_roll,THUMB_angle,INDEX_angle,MIDDLE_angle,RING_angle,PINKY_angle
1771502368.5275252,-44.84138107299805,0.4661189317703247,17.68497657775879,0.0,0.0,0.0,0.0
1771502368.5610783,-42.95766830444336,-0.481502503156662,17.868654251098633,0.0,0.0,0.0,0.0
1771502368.6182673,-40.05085754394531,-0.3212156593799591,15.849417686462402,0.0,0.0,0.0,0.0
1771502368.64999,-28.433406829833984,2.5077366828918457,9.857529640197754,0.0,0.0,0.0,0.0
1771502368.6799953,-18.83537483215332,2.887627124786377,5.6572723388671875,0.0,0.0,0.0,0.0
1771502368.7109952,-10.701573371887207,4.7567853927612305,3.1978888511657715,0.0,2.258863925933838,0.8460364937782288,0.0
1771502368.741074,-9.007892608642578,4.885486602783203,1.815015435218811,0.0,2.894918441772461,0.9112339615821838,0.0
1771502368.77308,-9.884212493896484,5.272881031036377,1.07607102394104,0.0,4.260200500488281,1.423966646194458,0.0
1771502368.8050797,-9.942123413085938,6.785313606262207,0.6607523560523987,2.162476062774658,9.13133430480957,4.030837535858154,0.0
1771502368.8361385,-10.964838981628418,7.1310014724731445,0.4204932451248169,5.526762962341309,13.355069160461426,7.259669303894043,0.0
1771502368.8636718,-10.681618690490723,7.633142471313477,0.27419158816337585,8.667545318603516,17.6440486907959,10.830492973327637,0.0
1771502368.8972933,-11.213797569274902,8.29442024230957,0.1865244358778,9.856035232543945,19.168277740478516,12.118106842041016,0.0
1771502368.9262733,-11.606914520263672,9.053436279296875,0.1305319368839264,10.293505668640137,19.133642196655273,12.103190422058105,0.0
1771502368.963815,-12.013555526733398,9.611403465270996,0.09367511421442032,10.074305534362793,18.909820556640625,11.731693267822266,0.0
1771502368.992778,-11.287786483764648,10.469890594482422,0.06818762421607971,11.257867813110352,19.936790466308594,12.59400749206543,0.0
1771502369.0407825,-9.943023681640625,11.14551830291748,0.045668087899684906,12.399032592773438,21.475481033325195,13.907272338867188,0.0
1771502369.0713675,-8.372377395629883,11.84663200378418,0.034997083246707916,13.29893684387207,22.488544464111328,15.035139083862305,0.0
1771502369.100907,-7.657802581787109,12.678274154663086,0.027178529649972916,14.09046745300293,23.073524475097656,15.692363739013672,0.0
1771502369.1311185,-6.630622863769531,12.828146934509277,0.021348534151911736,14.766471862792969,24.08401107788086,17.13128089904785,0.0
1771502369.1601398,-4.987276554107666,13.321931838989258,0.016825595870614052,16.13071632385254,25.609966278076172,19.08690071105957,0.2907601594924927
1771502369.1927037,-3.420506000518799,13.581750869750977,0.013459860347211361,17.766380310058594,27.704313278198242,21.86990737915039,1.4115495681762695
1771502369.2247114,-1.9214811325073242,13.983078002929688,0.010843172669410706,19.285846710205078,29.796733856201172,24.628124237060547,2.714909553527832
1771502369.2542377,-0.2769961953163147,14.385462760925293,0.008787326514720917,20.6584529876709,31.892559051513672,27.060867309570312,4.258284568786621
1771502369.2857618,0.032253697514534,14.447089195251465,0.0071157184429466724,21.070022583007812,32.75694274902344,28.001136779785156,5.032559871673584
1771502369.3168926,0.4151214063167572,14.608007431030273,0.005821221973747015,21.414005279541016,33.23842239379883,28.485130310058594,5.669264793395996
1771502369.3599272,-0.6936759352684021,14.37076187133789,0.004384184256196022,20.675559997558594,32.15672302246094,27.324451446533203,5.1118011474609375
1771502369.3935184,-1.1349916458129883,14.284567832946777,0.003614949993789196,20.19915008544922,31.558609008789062,26.67780113220215,4.6587300300598145
1771502369.4245172,-1.380003571510315,14.19710922241211,0.002987735206261277,19.758228302001953,30.936241149902344,26.028438568115234,4.349759101867676
1771502369.472083,-1.2645071744918823,14.299578666687012,0.00227527879178524,19.607439041137695,30.554149627685547,25.778274536132812,4.1219658851623535
1771502369.5051653,-1.0189440250396729,14.525886535644531,0.0018887269543483853,19.475427627563477,30.3026123046875,25.501354217529297,4.0515851974487305
1771502369.5349164,-0.41131338477134705,14.84181022644043,0.0015614521689713001,19.642051696777344,30.326614379882812,25.530031204223633,4.159702301025391
1771502369.5662048,0.19768422842025757,15.186812400817871,0.0012993362033739686,19.729400634765625,30.188718795776367,25.2926025390625,4.102682590484619
1771502369.5982687,0.3374253511428833,15.498283386230469,0.0010822174372151494,19.718124389648438,29.914840698242188,24.87665557861328,3.8899850845336914
1771502369.6292052,0.530924916267395,15.648805618286133,0.0009020785219036043,19.709774017333984,29.625381469726562,24.54974365234375,3.6855359077453613
1771502369.659745,1.1454520225524902,16.019546508789062,0.0007484236848540604,20.012378692626953,29.681827545166016,24.555294036865234,3.7472054958343506
1771502369.6907294,1.6849488019943237,16.395977020263672,0.0006246055709198117,20.22551727294922,29.636037826538086,24.36235237121582,3.6494176387786865
1771502369.7222643,1.8689911365509033,16.456769943237305,0.0005215113051235676,20.346622467041016,29.65770149230957,24.33334732055664,3.7493040561676025
1771502369.763828,1.6750688552856445,16.30378532409668,0.00040155649185180664,20.598709106445312,29.751689910888672,24.555448532104492,4.124044418334961
1771502369.7918057,1.7284390926361084,16.25363540649414,0.00036452378844842315,20.85527229309082,29.866214752197266,24.718936920166016,4.336277008056641
1771502369.8238044,1.8772013187408447,16.152616500854492,0.00030465671443380415,21.445741653442383,30.222618103027344,25.26873779296875,5.030648708343506
1771502369.8563445,2.024679183959961,15.943053245544434,0.0002348316484130919,21.99908447265625,30.867965698242188,26.215742111206055,6.0920562744140625
1771502369.904379,2.97625470161438,16.20359992980957,0.00018107365758623928,22.970516204833984,31.793663024902344,27.535568237304688,7.19539213180542
1771502369.9394112,3.349168300628662,16.368183135986328,0.0001514434552518651,23.2207088470459,32.17267990112305,28.09645652770996,7.567885398864746
1771502369.97215,4.404937744140625,16.675016403198242,0.00012667657574638724,23.9805965423584,33.0546760559082,28.903060913085938,8.074039459228516
1771502370.003398,4.747154235839844,16.73822784423828,0.0001059704227373004,24.170970916748047,33.39408493041992,29.25190544128418,8.371670722961426
1771502370.0365486,5.025877952575684,16.83014488220215,8.81915184436366e-05,24.354835510253906,33.63365936279297,29.49959945678711,8.673988342285156
1771502370.0681033,4.980603218078613,16.74947738647461,7.378732698271051e-05,24.313745498657227,33.649749755859375,29.679777145385742,8.835508346557617
1771502370.100069,5.142833709716797,16.833112716674805,6.173933070385829e-05,24.485383987426758,33.947967529296875,29.980884552001953,9.13011360168457
1771502370.132214,5.024992942810059,16.713176727294922,5.166104165255092e-05,24.357465744018555,33.8731689453125,30.08102798461914,9.146756172180176
1771502370.1633523,5.188580513000488,16.709606170654297,4.300334330764599e-05,24.56731414794922,34.02305603027344,30.450321197509766,9.384199142456055
1771502370.1953502,5.1718950271606445,16.735950469970703,3.5986246075481176e-05,24.649524688720703,34.04825973510742,30.543899536132812,9.381040573120117
1771502370.2263584,5.143237113952637,16.715526580810547,3.0115032132016495e-05,24.553340911865234,33.97413635253906,30.479412078857422,9.347180366516113
1771502370.2578158,5.228921890258789,16.776968002319336,2.5202325559803285e-05,24.656604766845703,34.05654525756836,30.581937789916992,9.481634140014648
1771502370.2898173,5.192056179046631,16.770463943481445,2.0981078705517575e-05,24.653892517089844,34.0462760925293,30.59955596923828,9.379261016845703
1771502370.3358324,5.090014934539795,16.698165893554688,1.627483288757503e-05,24.53030776977539,33.99102020263672,30.611026763916016,9.36187744140625
1771502370.368463,5.355866432189941,16.886611938476562,1.3549406503443606e-05,24.723522186279297,34.149803161621094,30.72351837158203,9.452251434326172
1771502370.399463,5.443354606628418,16.971755981445312,1.1339855518599506e-05,24.725597381591797,34.17991638183594,30.721101760864258,9.454766273498535
1771502370.4274628,5.374310493469238,16.879976272583008,9.49071272771107e-06,24.638771057128906,34.12802505493164,30.71640968322754,9.446316719055176
1771502370.4597878,5.309231281280518,16.783109664916992,7.943162927404046e-06,24.62045669555664,34.159183502197266,30.723426818847656,9.458719253540039
1771502370.491791,5.032377243041992,16.616764068603516,6.613216555706458e-06,24.536705017089844,34.08376693725586,30.62370491027832,9.377222061157227
1771502370.5218387,4.856972694396973,16.471656799316406,5.534937372431159e-06,24.515623092651367,34.04411315917969,30.55550765991211,9.239497184753418
1771502370.5606942,3.7924695014953613,15.907855987548828,4.272927071724553e-06,23.996238708496094,33.421688079833984,30.02802085876465,8.822991371154785
1771502370.6181664,3.1057605743408203,15.581653594970703,3.2986888527375413e-06,23.675983428955078,33.06234359741211,29.567665100097656,8.518518447875977
1771502370.6493213,3.108394145965576,15.56428050994873,2.7608798518485855e-06,23.522424697875977,32.95262145996094,29.444204330444336,8.384605407714844
1771502370.6809874,3.1936073303222656,15.63232707977295,2.3107593278837157e-06,23.439722061157227,32.826236724853516,29.22356414794922,8.203648567199707
1771502370.712963,2.898080825805664,15.53282356262207,1.9340279777679825e-06,23.16236114501953,32.58617401123047,28.825862884521484,7.890495300292969
1771502370.743601,2.7169787883758545,15.461097717285156,1.6102508197946008e-06,22.94594955444336,32.40044021606445,28.593116760253906,7.7410101890563965
1771502370.773226,2.596207618713379,15.409075736999512,1.3477300626618671e-06,22.75574493408203,32.22443771362305,28.420087814331055,7.646969318389893
1771502370.8051965,2.227992057800293,15.251266479492188,1.1280095577603788e-06,22.27816390991211,31.79202651977539,27.995237350463867,7.408360958099365
1771502370.8362787,1.9969849586486816,15.139909744262695,9.441110933039454e-07,21.96844482421875,31.55130386352539,27.742015838623047,7.280643939971924
1771502370.868028,1.7816917896270752,15.035813331604004,7.860601272113854e-07,21.735227584838867,31.405319213867188,27.566930770874023,7.16383171081543
1771502370.8989031,1.7334699630737305,14.967849731445312,6.579103342119197e-07,21.692665100097656,31.342334747314453,27.545543670654297,7.14531946182251
1771502370.9309225,1.38815438747406,14.790481567382812,5.506528850673931e-07,21.495569229125977,31.131549835205078,27.36451530456543,6.973916053771973
1771502370.962431,1.0556472539901733,14.655960083007812,4.608815800111188e-07,21.256851196289062,30.929738998413086,27.13387107849121,6.688252925872803
1771502370.994713,1.1207821369171143,14.792771339416504,3.837275812657026e-07,21.330076217651367,30.949514389038086,27.08584976196289,6.461662769317627
1771502371.0267136,1.1923948526382446,14.802059173583984,3.211698356153647e-07,21.591236114501953,30.991283416748047,27.140344619750977,6.504018783569336
1771502371.0592384,1.2573741674423218,14.868971824645996,2.68810737225067e-07,21.627153396606445,31.027467727661133,27.185951232910156,6.475996494293213
1771502371.0887487,1.3343749046325684,14.805035591125488,2.2498760188227607e-07,21.723215103149414,31.176673889160156,27.36516571044922,6.70590353012085
1771502371.1218207,1.1821845769882202,14.610450744628906,1.7369382021570345e-07,21.732133865356445,31.144641876220703,27.369972229003906,6.849282741546631
1771502371.1549854,0.6452416777610779,14.335558891296387,1.4461674879839848e-07,21.440580368041992,30.870349884033203,27.119537353515625,6.732518672943115
1771502371.2009776,0.17947351932525635,14.03915023803711,1.1219057682865241e-07,21.161062240600586,30.624183654785156,26.879884719848633,6.644824981689453
1771502371.2349842,0.25869983434677124,14.034780502319336,9.340943307734051e-08,21.29207992553711,30.75247573852539,26.96358871459961,6.688833236694336
1771502371.260811,0.1376950591802597,13.971242904663086,8.536403584002983e-08,21.288005828857422,30.733505249023438,26.896459579467773,6.6125688552856445
1771502371.2907815,-0.15208736062049866,13.791902542114258,7.107377086867928e-08,21.210290908813477,30.60474395751953,26.752593994140625,6.426277160644531
1771502371.3238583,-0.22340276837348938,13.806336402893066,5.948695047663932e-08,21.228227615356445,30.528337478637695,26.639108657836914,6.263233184814453
1771502371.3593311,-0.12042447924613953,13.979267120361328,4.5924867464464114e-08,21.419801712036133,30.467758178710938,26.45407485961914,6.088248252868652
1771502371.3903453,-0.6155706644058228,13.702960968017578,3.843796037017455e-08,20.961666107177734,30.111202239990234,26.091289520263672,5.7782182693481445
1771502371.4240015,-0.6361420154571533,13.654703140258789,3.2171605823805294e-08,20.752840042114258,30.035293579101562,25.887537002563477,5.537714004516602
1771502371.4547238,-0.7221053838729858,13.735708236694336,2.6926826990347763e-08,20.62122344970703,29.907047271728516,25.57465362548828,4.955928325653076
1771502371.4880798,-1.0704389810562134,13.856195449829102,2.2419179401822475e-08,20.546375274658203,29.561132431030273,24.70951271057129,3.746041774749756
1771502371.5196488,-1.8293678760528564,13.740485191345215,1.876429145397651e-08,20.432857513427734,28.995746612548828,23.85317611694336,2.733336925506592
1771502371.5506377,-2.7175521850585938,13.541837692260742,1.5705241551700055e-08,19.92778205871582,28.2918643951416,22.901222229003906,1.8969277143478394
1771502371.5841575,-3.1652655601501465,13.426824569702148,0.06312167644500732,19.599300384521484,28.023853302001953,22.337697982788086,1.3389911651611328
1771502371.6311793,-3.5524840354919434,13.07203197479248,0.048462286591529846,19.458133697509766,28.02888298034668,22.360042572021484,1.6110836267471313
1771502371.6675854,-3.110982894897461,13.115331649780273,0.04024728387594223,19.643028259277344,28.404895782470703,22.84827423095703,2.18074107170105
1771502371.6966097,-2.6353890895843506,13.299572944641113,0.03363953158259392,20.045143127441406,28.810022354125977,23.3403263092041,2.6269643306732178
1771502371.7266216,-2.061835527420044,13.451003074645996,0.028139162808656693,20.299467086791992,29.44770622253418,24.064590454101562,3.26771879196167
1771502371.760286,-1.5895074605941772,13.577780723571777,0.023551734164357185,20.402145385742188,29.836280822753906,24.787433624267578,4.010680675506592
1771502371.7942812,-0.7925114035606384,13.8226957321167,0.018172888085246086,20.874244689941406,30.717796325683594,25.982803344726562,4.956206321716309
1771502371.8242817,-0.35434186458587646,13.781118392944336,0.015200796537101269,20.91522979736328,31.228796005249023,27.041810989379883,6.0037126541137695
1771502371.8558414,-0.252380907535553,13.735565185546875,0.013805676251649857,20.84712028503418,31.427749633789062,27.39484405517578,6.390293121337891
1771502371.8878582,0.32886117696762085,13.759589195251465,0.010645205155014992,20.714258193969727,32.091976165771484,28.247283935546875,7.271689414978027
1771502371.9207113,0.9617220163345337,13.79104232788086,0.008901640772819519,21.03646469116211,32.916358947753906,29.30576515197754,8.363948822021484
1771502371.9516957,2.0890090465545654,13.967670440673828,0.007443624082952738,21.43850326538086,33.783355712890625,30.665983200073242,9.264183044433594
1771502371.9862602,2.9990038871765137,14.313207626342773,0.006191872991621494,22.145870208740234,34.46812438964844,31.345134735107422,9.71423053741455
1771502372.0162568,3.8794167041778564,14.492762565612793,0.0051780338399112225,22.481590270996094,34.65113830566406,31.706058502197266,9.948525428771973
1771502372.0638328,4.015888690948486,14.445087432861328,0.0039933971129357815,22.59305763244629,34.62615203857422,31.796838760375977,9.945490837097168
1771502372.0965445,3.624943256378174,14.469985961914062,0.003340078517794609,22.378257751464844,33.984561920166016,31.136066436767578,9.387117385864258
1771502372.1195126,3.4809770584106445,14.542482376098633,0.003033802844583988,22.314884185791016,33.73419189453125,30.816621780395508,9.128276824951172
1771502372.1596792,2.8025155067443848,14.429939270019531,0.0023402527440339327,21.83629608154297,32.636810302734375,30.065242767333984,8.922578811645508
1771502372.1922007,2.3535983562469482,14.339119911193848,0.0019577075727283955,21.496929168701172,32.031028747558594,29.403263092041016,8.569830894470215
1771502372.2242641,2.069570779800415,14.323596954345703,0.001637779176235199,21.283138275146484,31.49095344543457,28.696638107299805,8.056840896606445
1771502372.2563112,1.0042424201965332,14.271039962768555,0.0013702003052458167,20.78369903564453,30.253192901611328,26.967864990234375,6.787301540374756
1771502372.2903042,0.16102969646453857,14.284225463867188,0.001140384003520012,20.58778953552246,29.535076141357422,25.886293411254883,5.876686096191406
1771502372.3213084,-0.24466685950756073,14.315468788146973,0.0009541542385704815,20.687034606933594,29.342334747314453,25.380573272705078,5.217243194580078
1771502372.3559153,-0.4175001382827759,14.281218528747559,0.0007983670220710337,20.691862106323242,29.530029296875,25.441814422607422,5.065805435180664
1771502372.3835611,-0.3110738694667816,14.299205780029297,0.0006680386723019183,20.80613899230957,29.841554641723633,25.758426666259766,5.1525774002075195
1771502372.4155986,-0.09675006568431854,14.405669212341309,0.0005560759454965591,20.932607650756836,30.061992645263672,25.93145751953125,5.127998352050781
1771502372.447692,-0.024042189121246338,14.38912296295166,0.00046532804844900966,21.140277862548828,30.267513275146484,26.12640953063965,5.172549247741699
1771502372.497259,-0.18323509395122528,14.180790901184082,0.0003347876772750169,21.140613555908203,30.267108917236328,26.048927307128906,5.022502899169922
1771502372.523293,-0.10186842083930969,14.112807273864746,0.0003041810414288193,21.190523147583008,30.318544387817383,26.17409324645996,5.186376571655273
1771502372.561857,0.016016751527786255,14.053223609924316,0.00023479457013309002,21.241230010986328,30.362140655517578,26.231460571289062,5.204753875732422
1771502372.5918467,0.13796904683113098,13.93098258972168,0.0001964973344001919,21.280555725097656,30.508224487304688,26.517004013061523,5.50175666809082
1771502372.6248474,0.5526841878890991,13.890149116516113,0.0001644488947931677,21.314382553100586,30.887378692626953,27.12512969970703,6.0694169998168945
1771502372.6564045,0.7184499502182007,13.751636505126953,0.00013690887135453522,21.17213249206543,31.075206756591797,27.5620174407959,6.537513256072998
1771502372.6873982,0.7410049438476562,13.601585388183594,0.00011458174412837252,21.03494644165039,31.16933822631836,27.865097045898438,6.9590840339660645
1771502372.7194,0.810881495475769,13.512153625488281,9.589657565811649e-05,21.072452545166016,31.3692569732666,28.23067283630371,7.323724746704102
1771502372.7514043,0.5468909740447998,13.291306495666504,8.025906572584063e-05,20.935043334960938,31.18596649169922,28.106721878051758,7.3143815994262695
1771502372.7849295,0.36114463210105896,13.207499504089355,6.682049570372328e-05,20.858169555664062,31.099483489990234,27.98568344116211,7.19944429397583
1771502372.8159413,0.19008119404315948,13.077942848205566,5.592502930085175e-05,20.740345001220703,31.04582405090332,27.88936424255371,7.084471702575684
1771502372.8479345,0.26237753033638,13.068605422973633,4.6806366299279034e-05,20.866355895996094,31.09344482421875,27.956382751464844,7.207057476043701
1771502372.8954463,0.29241907596588135,13.192648887634277,3.613399530877359e-05,20.90257453918457,31.008562088012695,27.81075096130371,7.116329193115234
1771502372.9314742,0.20040902495384216,13.105758666992188,3.0242596039897762e-05,20.89265251159668,30.873165130615234,27.679595947265625,7.0135498046875
1771502372.9652774,0.025803707540035248,12.944396018981934,2.3347209207713604e-05,20.75248908996582,30.644319534301758,27.512073516845703,6.954544544219971
1771502372.995411,-0.1797550767660141,12.847384452819824,2.1214304069872014e-05,20.715991973876953,30.485374450683594,27.330852508544922,6.8267822265625
1771502373.0244122,-0.4615858793258667,12.751784324645996,1.7755595763446763e-05,20.587610244750977,30.252004623413086,27.07697296142578,6.642854690551758
1771502373.0579484,-0.7985789775848389,12.69752311706543,1.4860813280392904e-05,20.427886962890625,29.8913516998291,26.738290786743164,6.416835784912109
1771502373.087938,-1.1609554290771484,12.649836540222168,1.2438003068382386e-05,20.23222541809082,29.6928768157959,26.519405364990234,6.283343315124512
1771502373.11995,-0.9847743511199951,12.754514694213867,1.0355745871493127e-05,20.362140655517578,29.93703269958496,26.677104949951172,6.444469928741455
1771502373.1524076,-0.6142106056213379,12.973217010498047,8.667436304676812e-06,20.592451095581055,30.235258102416992,26.86133575439453,6.641737461090088
1771502373.1836433,-0.5064104199409485,12.963949203491211,6.691345333820209e-06,20.470996856689453,30.34943389892578,27.126802444458008,6.815352439880371
1771502373.2166436,-0.5892141461372375,12.963791847229004,5.600460553978337e-06,20.365842819213867,30.348670959472656,27.117671966552734,6.841429710388184
1771502373.247672,-0.28531667590141296,13.101424217224121,4.687425189331407e-06,20.558698654174805,30.567455291748047,27.326702117919922,6.988103866577148
1771502373.2787914,-0.04479832947254181,13.133419036865234,3.902719072357286e-06,20.64768409729004,30.70513343811035,27.50756072998047,7.221884727478027
1771502373.3373196,-0.4255620241165161,12.96833610534668,3.027636466867989e-06,20.32753562927246,30.480731964111328,27.32135772705078,7.111118793487549
1771502373.3684125,-0.6656593084335327,12.854238510131836,2.5207932594639715e-06,20.102874755859375,30.319000244140625,27.19304656982422,7.014214515686035
1771502373.4002745,-0.5531851053237915,12.967567443847656,2.109836714225821e-06,20.119918823242188,30.346567153930664,27.171932220458984,6.995917320251465
1771502373.431167,-0.31355714797973633,13.178825378417969,1.765877527759585e-06,20.3115234375,30.42912483215332,27.158349990844727,6.975824356079102
1771502373.4626932,-0.028805211186408997,13.373123168945312,1.477993123444321e-06,20.48406219482422,30.662174224853516,27.351484298706055,7.119135856628418
1771502373.4946847,-0.0993615984916687,13.347431182861328,1.2305702057346934e-06,20.391145706176758,30.710617065429688,27.36578369140625,7.187278747558594
1771502373.5267982,-0.11536969244480133,13.352087020874023,1.0299553423465113e-06,20.348552703857422,30.764108657836914,27.424976348876953,7.31856632232666
1771502373.5603254,-0.017695941030979156,13.495203018188477,7.951412044349127e-07,20.445646286010742,30.87189483642578,27.472627639770508,7.385230541229248
1771502373.5893347,0.007948152720928192,13.503582000732422,7.266551733664528e-07,20.51803207397461,30.864891052246094,27.441802978515625,7.375148773193359
1771502373.621326,-0.09453226625919342,13.488465309143066,6.050101433174859e-07,20.55904769897461,30.75629234313965,27.268945693969727,7.194665431976318
1771502373.6523335,-0.3793492019176483,13.46696662902832,5.063781145508983e-07,20.49903106689453,30.579151153564453,26.984375,6.8160247802734375
1771502373.6820397,-0.2813628017902374,13.645662307739258,4.2382563947285234e-07,20.66028594970703,30.555370330810547,26.794357299804688,6.545344352722168
1771502373.7130194,-0.2931513786315918,13.665897369384766,3.54731326979163e-07,20.792436599731445,30.542665481567383,26.715147018432617,6.446406841278076
1771502373.7605321,-0.6067273616790771,13.664321899414062,2.738582054462313e-07,20.77142906188965,30.38089370727539,26.461071014404297,5.930230617523193
1771502373.7925317,-0.5622733235359192,13.738401412963867,2.2801333443567273e-07,20.8475341796875,30.394977569580078,26.49834442138672,5.864480018615723
1771502373.823565,-0.37468430399894714,13.779996871948242,1.9084143332293024e-07,20.971595764160156,30.597700119018555,26.67523956298828,5.99098014831543
1771502373.8580515,-0.552280843257904,13.694860458374023,1.4733262787558488e-07,20.912715911865234,30.535877227783203,26.589006423950195,5.878005027770996
1771502373.8880544,-0.31586819887161255,13.674171447753906,1.2331371124219004e-07,20.964279174804688,30.76801109313965,26.884803771972656,6.10140323638916
1771502373.9200542,-0.17389096319675446,13.584148406982422,1.0321048193873139e-07,20.814411163330078,30.862258911132812,27.081439971923828,6.232766151428223
1771502373.9517026,-0.2041793167591095,13.397096633911133,8.638458837140206e-08,20.495635986328125,30.787569046020508,27.19332504272461,6.330898284912109
1771502373.9872618,-0.2753063440322876,13.306346893310547,7.192350182094742e-08,20.289236068725586,30.72246551513672,27.110973358154297,6.357155799865723
1771502374.0162616,-0.5256842374801636,13.248574256896973,6.01981682279984e-08,20.21784019470215,30.514142990112305,26.9449462890625,6.2552595138549805
1771502374.047265,-0.5058467984199524,13.321279525756836,5.038436157178694e-08,20.219684600830078,30.51046371459961,26.949722290039062,6.211992263793945
1771502374.0807786,-0.5785024166107178,13.28276252746582,4.2170448466549715e-08,20.1292724609375,30.429603576660156,27.01163673400879,6.188610076904297
1771502374.111396,-0.8354243040084839,13.251754760742188,3.511096835495664e-08,19.876068115234375,30.271677017211914,26.946834564208984,6.206337928771973
1771502374.1434119,-0.9798873662948608,13.280584335327148,2.9387004829573016e-08,19.74294090270996,30.225067138671875,26.931419372558594,6.192314624786377
1771502374.1919367,-1.4355006217956543,13.159788131713867,2.268724053067217e-08,19.44161033630371,30.018003463745117,26.738651275634766,6.087451934814453
1771502374.2259357,-1.5202562808990479,13.165471076965332,1.898865420457696e-08,19.447174072265625,29.992706298828125,26.6706600189209,6.100502967834473
1771502374.2565088,-1.5008385181427002,13.255260467529297,1.5893029114977253e-08,19.494874954223633,30.000709533691406,26.728214263916016,6.203065395355225
1771502374.2895103,-1.5404441356658936,13.209650993347168,1.3232480000624491e-08,19.51675796508789,29.99651527404785,26.826045989990234,6.341470241546631
1771502374.320515,-1.5915749073028564,13.239324569702148,1.1075255379466853e-08,19.421632766723633,29.98561668395996,26.80206871032715,6.440126895904541
1771502374.3515193,-1.8714830875396729,13.080146789550781,9.269712109016837e-09,19.340333938598633,29.898174285888672,26.808311462402344,6.427732944488525
1771502374.3826578,-1.7950382232666016,13.068025588989258,7.75851738410438e-09,19.324356079101562,29.943845748901367,26.805500030517578,6.546863555908203
1771502374.4157045,-1.7355313301086426,13.11215877532959,6.459714096962443e-09,19.399459838867188,30.001972198486328,26.86748504638672,6.624026775360107
1771502374.4477134,-1.6517279148101807,13.109543800354004,5.4066195964708186e-09,19.4465274810791,30.076059341430664,26.97633171081543,6.789999008178711
1771502374.4800181,-1.6697587966918945,13.004883766174316,4.5252055436151295e-09,19.378145217895508,30.038219451904297,27.046218872070312,6.8417067527771
1771502374.5126302,-1.653184413909912,13.020902633666992,3.4935319082052274e-09,19.31111717224121,29.95159149169922,26.898372650146484,6.830512523651123
1771502374.5436432,-1.6962270736694336,13.03345012664795,2.923999042891978e-09,19.325979232788086,29.948219299316406,26.852672576904297,6.813290596008301
1771502374.5749795,-1.705155849456787,12.905420303344727,2.447314129128131e-09,19.19150733947754,29.82392692565918,26.864046096801758,6.917681694030762
1771502374.6244872,-1.77980375289917,12.941761016845703,1.8893659969876353e-09,19.173709869384766,29.636632919311523,26.723237991333008,6.913626670837402
1771502374.657005,-1.6177798509597778,12.995594024658203,1.5730795555057853e-09,19.37389373779297,29.899858474731445,27.077442169189453,7.233036041259766
1771502374.688017,-1.4271576404571533,13.107580184936523,1.3166283618915031e-09,19.49781036376953,30.03925323486328,27.246713638305664,7.349180221557617
1771502374.7210066,-1.2781845331192017,13.15105152130127,1.1019850587601354e-09,19.515962600708008,30.096132278442383,27.446754455566406,7.46600341796875
1771502374.7520149,-0.9471185207366943,13.458342552185059,9.223339869635083e-10,19.752479553222656,30.300451278686523,27.594470977783203,7.475407123565674
1771502374.7836323,-1.0234626531600952,13.427634239196777,7.679321067932676e-10,19.72456932067871,30.334197998046875,27.657283782958984,7.544144630432129
1771502374.8156364,-0.9687079787254333,13.46202278137207,6.427400278674611e-10,19.815324783325195,30.370025634765625,27.64277458190918,7.618517875671387
1771502374.8477087,-0.8893188238143921,13.451593399047852,5.379573453367925e-10,19.820659637451172,30.39592170715332,27.6610107421875,7.6222076416015625
1771502374.8792448,-0.7055215239524841,13.511757850646973,4.5025685957433836e-10,19.89755630493164,30.391277313232422,27.754337310791016,7.6825761795043945
1771502374.9122128,-0.7802213430404663,13.413504600524902,3.7488229187587763e-10,19.74051284790039,30.328739166259766,27.71695327758789,7.652997970581055
1771502374.9487226,-0.6637520790100098,13.452027320861816,3.1376712339437063e-10,19.766159057617188,30.3800106048584,27.803926467895508,7.76720666885376
1771502374.9786286,-0.7755210399627686,13.406314849853516,2.626152628693035e-10,19.681123733520508,30.424861907958984,27.853500366210938,7.791672229766846
1771502375.0096276,-0.7356206774711609,13.491957664489746,2.1980242626007396e-10,19.68886375427246,30.454864501953125,27.787822723388672,7.684085845947266
1771502375.0556455,-0.39824116230010986,13.648151397705078,1.6969102512032208e-10,20.020278930664062,30.797388076782227,28.04998779296875,7.821371078491211
1771502375.089659,-0.5109931826591492,13.716185569763184,1.310042213598095e-10,19.902463912963867,30.65646743774414,27.878009796142578,7.590357780456543
1771502375.119172,-0.49497485160827637,13.68704605102539,1.1903729391082862e-10,19.90296745300293,30.63036346435547,27.878063201904297,7.60172700881958
1771502375.153173,-0.5974462032318115,13.597057342529297,9.189871780224124e-11,19.826465606689453,30.459148406982422,27.965532302856445,7.564276695251465
1771502375.183683,-0.5232612490653992,13.571186065673828,7.691693115763343e-11,19.887332916259766,30.54891014099121,28.051109313964844,7.678492069244385
1771502375.2186856,-0.544173538684845,13.567953109741211,6.437755190047412e-11,19.94293212890625,30.459911346435547,28.035003662109375,7.71469783782959
1771502375.2476974,-0.6523842811584473,13.566190719604492,5.3882405481875395e-11,19.953765869140625,30.382156372070312,27.972496032714844,7.599769592285156
1771502375.279739,-0.426538348197937,13.635525703430176,4.486230484324061e-11,20.192081451416016,30.649158477783203,28.27334976196289,7.758371829986572
1771502375.311743,-0.29797467589378357,13.739805221557617,3.7548630871242494e-11,20.415672302246094,30.753746032714844,28.408649444580078,7.847064971923828
1771502375.3447576,-0.1121603399515152,13.846517562866211,3.142726703875276e-11,20.5925350189209,30.940855026245117,28.58125877380371,7.9751763343811035
1771502375.3768036,-0.07563932240009308,13.926633834838867,2.6303837580288203e-11,20.614665985107422,30.827205657958984,28.473857879638672,7.9033708572387695
1771502375.4078004,0.29474589228630066,14.08888053894043,2.1900484897807715e-11,20.924938201904297,31.11327362060547,28.64289093017578,8.008377075195312
1771502375.4408028,0.19189684092998505,14.057626724243164,1.833015857155562e-11,20.796031951904297,31.028230667114258,28.569494247436523,7.973249435424805
1771502375.4867601,0.3045995831489563,13.946242332458496,1.4151178492904926e-11,20.792028427124023,31.303346633911133,28.852479934692383,8.089317321777344
1771502375.5213504,0.0759212076663971,13.860170364379883,1.184418275262944e-11,20.525896072387695,31.15924835205078,28.657670974731445,7.78695011138916
1771502375.5543578,-0.15000391006469727,13.813101768493652,9.913285470286581e-12,20.296539306640625,31.119548797607422,28.470998764038086,7.6233930587768555
1771502375.5858657,0.013104885816574097,14.110956192016602,8.29717284461795e-12,20.459888458251953,31.20138931274414,28.36359977722168,7.356076717376709
1771502375.6188636,-0.09223693609237671,14.24510383605957,6.90819753831895e-12,20.43094253540039,31.09408187866211,28.053220748901367,6.9842753410339355
1771502375.6488826,-0.08230134844779968,14.357369422912598,5.781989036862667e-12,20.562641143798828,31.062292098999023,27.901626586914062,6.699039459228516
1771502375.6813827,-0.16116303205490112,14.313480377197266,4.8393806323376864e-12,20.521902084350586,30.917509078979492,27.75568199157715,6.504092216491699
1771502375.7123923,-0.2412036955356598,14.301356315612793,4.0504409722086354e-12,20.555917739868164,30.87615966796875,27.634536743164062,6.290057182312012
1771502375.7433882,-0.30909717082977295,14.342440605163574,3.372383101940546e-12,20.651979446411133,30.82616424560547,27.514442443847656,6.106980323791504
1771502375.7759063,-0.1846623420715332,14.501442909240723,2.822600443305734e-12,20.786184310913086,30.926002502441406,27.495651245117188,6.05379581451416
1771502375.808904,-0.015082865953445435,14.750886917114258,2.179093277349109e-12,20.90727424621582,31.010330200195312,27.493396759033203,6.008906841278076
1771502375.8409047,-0.19401422142982483,14.61895751953125,1.8238466292785915e-12,20.683181762695312,30.783910751342773,27.34562873840332,5.994194984436035
1771502375.8714259,-0.2029142677783966,14.676104545593262,1.5265140497142116e-12,20.702701568603516,30.779617309570312,27.392370223999023,6.118195533752441
1771502375.9194245,-0.0002531111240386963,14.790249824523926,1.1784935007030928e-12,20.840696334838867,30.844989776611328,27.44044303894043,6.264856815338135
1771502375.9525423,-0.12049903720617294,14.50954818725586,9.86369623132144e-13,20.641094207763672,30.806591033935547,27.5494441986084,6.4255242347717285
1771502375.9842088,0.05417285114526749,14.321365356445312,8.212479090871638e-13,20.630451202392578,30.984100341796875,27.86854362487793,6.912426948547363
1771502376.0172076,-0.005016453564167023,14.114718437194824,6.873640111954016e-13,20.501068115234375,30.860496520996094,27.87750244140625,7.109340667724609
1771502376.047214,0.06320127844810486,14.048885345458984,5.753065124985968e-13,20.44845199584961,30.909889221191406,28.013328552246094,7.374001502990723
1771502376.0797215,0.07496446371078491,13.93106460571289,4.815171698868692e-13,20.48200035095215,30.95786476135254,28.149988174438477,7.603241920471191
1771502376.1127205,0.009110618382692337,13.837557792663574,4.009095301831661e-13,20.40321922302246,30.869783401489258,28.086572647094727,7.660982608795166
1771502376.1438053,-0.05592423304915428,13.842902183532715,3.3555127535063456e-13,20.361454010009766,30.85458755493164,28.10854721069336,7.625190734863281
1771502376.1753333,-0.15677300095558167,13.896470069885254,2.808480444732586e-13,20.21023941040039,30.77254867553711,27.996597290039062,7.455893039703369
1771502376.207322,-0.17819666862487793,13.948854446411133,2.3506281014544494e-13,20.16044044494629,30.703418731689453,27.967838287353516,7.446295738220215
1771502376.2403224,-0.3893834352493286,13.818346977233887,1.9571247834165861e-13,20.059720993041992,30.598228454589844,27.9163761138916,7.468615531921387
1771502376.2718446,-0.4519311189651489,13.811934471130371,1.6380645483701078e-13,19.998973846435547,30.593473434448242,27.96566390991211,7.529484748840332
1771502376.3038483,-0.4435120224952698,13.738609313964844,1.3710191835991647e-13,19.912242889404297,30.559053421020508,27.973182678222656,7.566367149353027
1771502376.3518515,-0.537107527256012,13.619012832641602,1.0584489827571847e-13,19.791622161865234,30.483306884765625,27.93173599243164,7.521121978759766
1771502376.383361,-0.6630704998970032,13.537666320800781,8.858953609754139e-14,19.65740966796875,30.341411590576172,27.80370330810547,7.470724105834961
1771502376.4153612,-0.5555312633514404,13.590935707092285,7.37593444438342e-14,19.753456115722656,30.531492233276367,28.000234603881836,7.56218957901001
1771502376.4493675,-0.423890620470047,13.577693939208984,5.722097193858536e-14,19.840791702270508,30.719688415527344,28.118255615234375,7.6342363357543945
1771502376.4798727,-0.37804847955703735,13.607439041137695,5.199396889052875e-14,19.88376235961914,30.787353515625,28.155961990356445,7.627643585205078
1771502376.5132003,-0.6259099245071411,13.354217529296875,4.014018325083739e-14,19.640005111694336,30.617826461791992,28.018630981445312,7.56635046005249
1771502376.5444756,-0.749564528465271,13.271455764770508,3.359633196100241e-14,19.6036319732666,30.57404327392578,28.018253326416016,7.632576942443848
1771502376.576049,-0.8606759309768677,13.21794605255127,2.811929156317991e-14,19.513652801513672,30.53014373779297,27.968103408813477,7.598003387451172
1771502376.607795,-0.9346426725387573,13.2899169921875,2.341202454342675e-14,19.4928035736084,30.469301223754883,27.865848541259766,7.504739284515381
1771502376.639807,-0.7356821298599243,13.501442909240723,1.9595280530571718e-14,19.667312622070312,30.626548767089844,27.900493621826172,7.497687816619873
1771502376.672441,-0.7385238409042358,13.540176391601562,1.6400760144506116e-14,19.62915802001953,30.56422996520996,27.754398345947266,7.311111927032471
1771502376.7034426,-0.6634950637817383,13.6937255859375,1.3727026954631506e-14,19.728511810302734,30.564029693603516,27.638870239257812,7.155171871185303
1771502376.735441,-0.3561977744102478,14.004531860351562,1.1429074849608582e-14,20.027128219604492,30.769359588623047,27.692626953125,7.053183555603027
1771502376.784671,-0.17541058361530304,14.314888000488281,8.823430403199009e-15,20.445131301879883,30.83735466003418,27.68332290649414,6.89471960067749
1771502376.8177006,-0.14431136846542358,14.332880020141602,7.384990581842284e-15,20.443574905395508,30.80577278137207,27.68613052368164,6.888051986694336
1771502376.8547003,-0.018711790442466736,14.304237365722656,6.181052678965859e-15,20.4085693359375,30.83541488647461,27.790082931518555,6.996541976928711
1771502376.8827932,0.20052239298820496,14.333633422851562,5.173386709528358e-15,20.405101776123047,30.90303611755371,27.87114906311035,7.147628307342529
1771502376.913796,0.12521840631961823,14.215262413024902,4.30734380183883e-15,20.306434631347656,30.841684341430664,27.88627052307129,7.181829929351807
1771502376.9458833,0.24732406437397003,14.192020416259766,3.605139089004911e-15,20.252111434936523,30.93585205078125,27.989574432373047,7.236824989318848
1771502376.9804022,0.3241947293281555,14.149568557739258,2.7832257508343845e-15,20.24424171447754,31.038915634155273,28.058143615722656,7.2407636642456055
1771502377.0093994,0.19057130813598633,13.995548248291016,2.543505897640761e-15,20.22795867919922,30.989933013916016,28.016183853149414,7.174139976501465
1771502377.041402,0.13988061249256134,14.032171249389648,2.1177142935172857e-15,20.291196823120117,30.977367401123047,27.90100860595703,6.8491411209106445
1771502377.0719218,-0.04661841690540314,14.02450942993164,1.7724740403700368e-15,20.270275115966797,30.8161563873291,27.65353775024414,6.439489841461182
1771502377.107941,0.20614849030971527,14.265554428100586,1.3683786557948884e-15,20.47150230407715,30.876747131347656,27.614580154418945,6.203737258911133
1771502377.1359394,0.15162548422813416,14.249346733093262,1.2505199504150833e-15,20.473445892333984,30.879350662231445,27.578384399414062,6.116976737976074
1771502377.1684933,0.08771771192550659,14.29593563079834,1.04117861623738e-15,20.470243453979492,30.8363037109375,27.37542724609375,5.816442489624023
1771502377.2155316,-0.03182549029588699,14.332244873046875,7.492878862399958e-16,20.58758544921875,30.845626831054688,27.154613494873047,5.569002628326416
1771502377.2485347,-0.3268875181674957,14.241168975830078,6.271352532132035e-16,20.500524520874023,30.67263412475586,26.931198120117188,5.390492916107178
1771502377.2790487,-0.48088306188583374,14.188447952270508,5.221506545382757e-16,20.46306610107422,30.562152862548828,26.82883071899414,5.295832633972168
1771502377.3130414,-0.5169802904129028,14.172310829162598,4.370270726523299e-16,20.418428421020508,30.456357955932617,26.7004337310791,5.200268745422363
1771502377.3430412,-0.5557331442832947,14.209607124328613,3.6578074917860653e-16,20.45237159729004,30.37693977355957,26.684322357177734,5.153491973876953
1771502377.3738594,-0.4581211805343628,14.297626495361328,3.0614936499410777e-16,20.555316925048828,30.40577507019043,26.674585342407227,5.141706466674805
1771502377.433266,-0.3934418559074402,14.400705337524414,2.363522619535773e-16,20.603801727294922,30.408727645874023,26.584388732910156,5.021668910980225
1771502377.4633348,-0.36997494101524353,14.482919692993164,1.9782094494121601e-16,20.660165786743164,30.479116439819336,26.612194061279297,5.038799285888672
1771502377.4953275,-0.5808014869689941,14.421550750732422,1.6470504043289647e-16,20.551959991455078,30.343891143798828,26.503442764282227,4.915333271026611
1771502377.5276775,-0.8483388423919678,14.269142150878906,1.2715495815037006e-16,20.44843292236328,30.20257568359375,26.370140075683594,4.781335830688477
1771502377.5581772,-0.9113718271255493,14.263225555419922,1.1620307360527818e-16,20.39585304260254,30.157649993896484,26.310224533081055,4.712587833404541
1771502377.5929291,-1.1801526546478271,14.205507278442383,8.971064910713204e-17,20.25911521911621,29.96792221069336,25.9974308013916,4.474623680114746
1771502377.6250067,-1.2233397960662842,14.172409057617188,7.508557309904738e-17,20.22096824645996,29.852027893066406,25.981698989868164,4.470273017883301
1771502377.6525118,-1.0620977878570557,14.251380920410156,6.822667748654138e-17,20.316110610961914,29.913785934448242,26.048250198364258,4.545349597930908
1771502377.6825333,-0.7755173444747925,14.3938627243042,5.710402315834914e-17,20.488143920898438,30.049121856689453,26.198352813720703,4.647466659545898
1771502377.7131324,-0.6256352066993713,14.442466735839844,4.779464137710175e-17,20.57487678527832,30.128854751586914,26.31040382385254,4.694889545440674
1771502377.7464705,-0.6172699928283691,14.524421691894531,3.979365418412133e-17,20.563276290893555,30.111671447753906,26.282339096069336,4.582126140594482
1771502377.77571,-0.774387001991272,14.400184631347656,3.330629501554965e-17,20.502670288085938,29.98402976989746,26.17664909362793,4.471004486083984
1771502377.8098857,-1.415727138519287,14.240955352783203,2.571299867671702e-17,20.309701919555664,29.531118392944336,25.639373779296875,3.9878509044647217
1771502377.84322,-1.7172545194625854,14.179688453674316,2.1521138499873895e-17,20.290193557739258,29.441987991333008,25.51986312866211,3.822840452194214
1771502377.8747072,-2.035548686981201,14.102385520935059,1.801265524045268e-17,20.28701400756836,29.289730072021484,25.292940139770508,3.6403324604034424
1771502377.903594,-2.1186938285827637,14.127305030822754,1.4997274196509023e-17,20.390775680541992,29.32696533203125,25.241029739379883,3.5406837463378906
1771502377.9362009,-2.2349789142608643,14.082958221435547,1.255234419994215e-17,20.34966278076172,29.335832595825195,25.255287170410156,3.53314471244812
1771502377.9738345,-2.216655969619751,14.137443542480469,1.0505998626159466e-17,20.50612449645996,29.42083168029785,25.264301300048828,3.480729579925537
1771502378.000215,-2.391535758972168,14.027139663696289,8.793258302141868e-18,20.434823989868164,29.396099090576172,25.26753807067871,3.4283852577209473
1771502378.033483,-2.420569896697998,14.025146484375,7.321236635363939e-18,20.480398178100586,29.38646697998047,25.232343673706055,3.372478723526001
1771502378.082056,-2.4266459941864014,14.01865005493164,5.6796636225279535e-18,20.420658111572266,29.340900421142578,25.192914962768555,3.382498025894165
1771502378.1133819,-2.085702657699585,14.169910430908203,4.728868312054389e-18,20.559829711914062,29.460752487182617,25.340599060058594,3.6151628494262695
1771502378.1433806,-1.717011570930481,14.251616477966309,3.957944666551399e-18,20.650981903076172,29.58650779724121,25.533935546875,3.8704378604888916
1771502378.1770113,-1.550511121749878,14.232392311096191,3.3127009821633376e-18,20.649023056030273,29.635976791381836,25.648849487304688,4.125288963317871
1771502378.2110126,-1.3327834606170654,14.222688674926758,2.7726479951172667e-18,20.67852210998535,29.735992431640625,25.83833122253418,4.3806257247924805
1771502378.2425842,-1.1542136669158936,14.216787338256836,2.3084971010790616e-18,20.71564483642578,29.797983169555664,25.927595138549805,4.5034589767456055
1771502378.2760952,-0.8204691410064697,14.305095672607422,1.9321545309906575e-18,20.932098388671875,29.97454833984375,26.144588470458984,4.761269569396973
1771502378.3070943,-0.5251326560974121,14.337815284729004,1.6171650843086536e-18,21.046451568603516,30.14154624938965,26.391008377075195,5.076403617858887
1771502378.3380969,-0.40280580520629883,14.255892753601074,1.3535268032587887e-18,21.050662994384766,30.225818634033203,26.521610260009766,5.274487018585205
1771502378.3701067,-0.32605060935020447,14.21628475189209,1.1269417675555068e-18,21.021343231201172,30.282085418701172,26.665678024291992,5.48464298248291
1771502378.4019098,-0.27292579412460327,14.20568561553955,9.43222161772912e-19,21.021028518676758,30.36178207397461,26.858219146728516,5.608899116516113
1771502378.4331036,-0.46928080916404724,14.179256439208984,7.894534218023669e-19,20.917984008789062,30.278453826904297,26.824796676635742,5.660569190979004
1771502378.4656224,-0.53705894947052,14.071237564086914,6.094708112321336e-19,20.807287216186523,30.347654342651367,27.029996871948242,5.948422908782959
1771502378.5136225,-0.6244170069694519,14.013797760009766,4.705213221282057e-19,20.536237716674805,30.30915069580078,27.04282569885254,5.8603997230529785
1771502378.5437315,-0.6241675615310669,14.009154319763184,3.938145891794789e-19,20.427648544311523,30.31930923461914,27.091699600219727,5.844570636749268
1771502378.5762916,-0.5303106307983398,14.03679084777832,3.296129917855698e-19,20.42190933227539,30.344491958618164,27.086488723754883,5.815723896026611
1771502378.6104817,-0.34210553765296936,14.107156753540039,2.744346424049071e-19,20.534645080566406,30.432851791381836,27.11736297607422,5.836726188659668
1771502378.6434917,-0.09624408185482025,14.33774185180664,2.2969495046314565e-19,20.679248809814453,30.485576629638672,27.075817108154297,5.7298970222473145
1771502378.6720402,0.040769852697849274,14.448577880859375,1.9224893649726758e-19,20.80234718322754,30.560604095458984,27.07948875427246,5.7054033279418945
1771502378.7040381,0.2611881196498871,14.575155258178711,1.6090756715081913e-19,20.997997283935547,30.71207046508789,27.199260711669922,5.728704929351807
1771502378.735854,0.22408442199230194,14.595189094543457,1.3397108966258041e-19,20.979793548583984,30.664831161499023,27.18536949157715,5.631279468536377
1771502378.7916117,0.30130255222320557,14.560376167297363,1.0342784620966907e-19,21.00608253479004,30.741838455200195,27.290382385253906,5.739975452423096
1771502378.8228478,0.34196528792381287,14.53293228149414,8.656652551755426e-20,21.105947494506836,30.786579132080078,27.350177764892578,5.738765716552734
1771502378.8518515,0.06351074576377869,14.339276313781738,7.24540229361812e-20,20.880300521850586,30.64986801147461,27.260042190551758,5.663312911987305
1771502378.8829076,-0.08994413912296295,14.301421165466309,6.064220690635074e-20,20.883211135864258,30.606361389160156,27.185009002685547,5.603423118591309
1771502378.9135687,-0.04470350593328476,14.340604782104492,5.049049066712593e-20,20.974132537841797,30.63965606689453,27.233753204345703,5.623116493225098
1771502378.9485736,0.18342384696006775,14.475197792053223,4.225928101509611e-20,21.20311164855957,30.807601928710938,27.330623626708984,5.699951171875
1771502378.9780695,0.08430074155330658,14.4757080078125,3.5369961880606166e-20,21.161285400390625,30.750755310058594,27.162513732910156,5.615976333618164
1771502379.0104413,0.08946479111909866,14.50928020477295,2.960377630337851e-20,21.213972091674805,30.800771713256836,27.151235580444336,5.617414951324463
1771502379.0434582,0.1083601713180542,14.497908592224121,2.2854593196882414e-20,21.355716705322266,30.98105812072754,27.363784790039062,5.861189365386963
1771502379.0719562,0.12694425880908966,14.470571517944336,2.0766878188090936e-20,21.376237869262695,31.05512237548828,27.471885681152344,6.01116943359375
1771502379.1091278,0.617072582244873,14.695826530456543,1.6032366164888766e-20,21.61213493347168,31.404634475708008,27.77259063720703,6.271552085876465
1771502379.1371386,0.6416621208190918,14.699188232421875,1.4651494760982323e-20,21.66556739807129,31.474685668945312,27.803823471069336,6.242177486419678
1771502379.1686726,0.7350294589996338,14.741296768188477,1.1311190813476879e-20,21.736879348754883,31.498929977416992,27.933612823486328,6.313258171081543
1771502379.2026725,0.6065577864646912,14.678465843200684,9.467184700452404e-21,21.543716430664062,31.344900131225586,27.768835067749023,6.180261611938477
1771502379.2316513,0.5866528153419495,14.725015640258789,7.882345420892016e-21,21.595367431640625,31.337482452392578,27.741857528686523,6.05446720123291
1771502379.269163,0.4592307209968567,14.69568157196045,6.59732639774264e-21,21.624378204345703,31.26193618774414,27.698646545410156,6.008639812469482
1771502379.2951634,0.12733159959316254,14.555719375610352,5.521797327070853e-21,21.50190544128418,31.075197219848633,27.49997901916504,5.8749918937683105
1771502379.377685,-0.9494163990020752,14.102397918701172,3.7056843259130346e-21,20.75687026977539,30.28512191772461,26.62283706665039,5.2834696769714355
1771502379.3986878,-0.9501124620437622,14.127739906311035,3.3671786336325726e-21,20.74700164794922,30.297163009643555,26.625085830688477,5.252777576446533
1771502379.429687,-1.045966386795044,14.138957977294922,2.818244534698121e-21,20.742040634155273,30.228702545166016,26.561586380004883,5.182079315185547
1771502379.4611986,-0.8086195588111877,14.323954582214355,2.358800230490683e-21,20.93535041809082,30.309459686279297,26.67511749267578,5.232186317443848
1771502379.491091,-0.6246174573898315,14.422904968261719,1.963928924541016e-21,21.09385108947754,30.435453414916992,26.787567138671875,5.3429670333862305
1771502379.523653,-0.2480434775352478,14.678571701049805,1.6437594394108643e-21,21.488147735595703,30.68941879272461,26.957862854003906,5.478122711181641
1771502379.553657,0.05023184418678284,14.774534225463867,1.3757856365831447e-21,21.81607437133789,31.027801513671875,27.272144317626953,5.734718322753906
1771502379.5861664,0.4881727695465088,14.946891784667969,1.1514982186236446e-21,22.0349178314209,31.320207595825195,27.57402801513672,5.928352355957031
1771502379.6191788,0.4287695288658142,14.870658874511719,9.587334300012865e-22,21.937328338623047,31.34496307373047,27.577640533447266,5.941761016845703
1771502379.6491897,0.6799574494361877,15.025641441345215,8.024359266006426e-22,22.09367561340332,31.66023826599121,27.822132110595703,6.134066581726074
1771502379.6807377,0.7680289149284363,15.131195068359375,6.71618857630578e-22,22.087583541870117,31.732666015625,27.871501922607422,6.127715587615967
1771502379.7107382,0.709471583366394,15.047699928283691,5.621281951601694e-22,21.976150512695312,31.67683219909668,27.86040496826172,6.067562103271484
1771502379.7752588,0.5633642077445984,14.90578842163086,4.027165718283005e-22,21.896682739257812,31.737394332885742,28.00572967529297,6.105859756469727
1771502379.8097813,0.8063875436782837,15.146215438842773,3.1090371426404297e-22,22.164058685302734,31.78626251220703,28.07352066040039,6.07537317276001
1771502379.8393006,1.0274649858474731,15.289315223693848,2.841255089810664e-22,22.30544662475586,31.914737701416016,28.196582794189453,6.165130138397217
1771502379.8693416,1.012094497680664,15.366039276123047,2.3656191693989623e-22,22.291439056396484,31.861576080322266,28.125452041625977,6.108325958251953
1771502379.9013588,0.6272972822189331,15.113388061523438,1.9799641317158797e-22,22.045940399169922,31.65705108642578,27.936595916748047,5.961095333099365
1771502379.9323585,0.5432906150817871,15.080361366271973,1.6571805508724428e-22,21.902631759643555,31.551366806030273,27.8198299407959,5.871189594268799
1771502379.9646332,0.32642972469329834,14.931175231933594,1.3870187886815512e-22,21.712646484375,31.39931297302246,27.729188919067383,5.838251113891602
1771502379.9945054,0.442582368850708,14.976957321166992,1.1548269844517366e-22,21.74614715576172,31.461624145507812,27.8189640045166,5.902298927307129
1771502380.0265043,0.5920109152793884,15.065153121948242,9.665613535617798e-23,21.85421371459961,31.56321144104004,27.914886474609375,5.937241077423096
1771502380.0565114,0.6476298570632935,15.113520622253418,8.089877130302034e-23,21.98302459716797,31.56633186340332,27.947500228881836,5.937260627746582
1771502380.089043,0.9228143095970154,15.228095054626465,6.771025390162441e-23,22.16564178466797,31.67520523071289,28.061542510986328,6.078588485717773
1771502380.1210432,1.301756501197815,15.285024642944336,5.227341034514532e-23,22.43909454345703,31.961814880371094,28.473281860351562,6.384746551513672
1771502380.1605575,1.418937087059021,15.325271606445312,4.35226615205064e-23,22.398181915283203,32.01042175292969,28.530744552612305,6.433011531829834
1771502380.2075896,1.4613865613937378,15.356409072875977,3.376397880637935e-23,22.36257553100586,31.9998779296875,28.448856353759766,6.437843322753906
1771502380.2405832,1.5251691341400146,15.612363815307617,2.8111771487809075e-23,22.51849937438965,32.08098602294922,28.4117431640625,6.359239101409912
1771502380.2610888,1.5794639587402344,15.69629192352295,2.5690498623308878e-23,22.596431732177734,32.127052307128906,28.440298080444336,6.366113662719727
1771502380.2924073,1.3316270112991333,15.582789421081543,2.1389819872382985e-23,22.546417236328125,31.926355361938477,28.259239196777344,6.2748332023620605
1771502380.3255558,1.557274580001831,15.639923095703125,1.6593779071467179e-23,22.726261138916016,32.13254928588867,28.447628021240234,6.404291152954102
1771502380.3555868,1.6539796590805054,15.668371200561523,1.5077974953475952e-23,22.71688461303711,32.15414047241211,28.48729705810547,6.408993721008301
1771502380.386111,1.480851173400879,15.603321075439453,1.2619888317111805e-23,22.546844482421875,32.04731750488281,28.279815673828125,6.237686634063721
1771502380.4181097,0.9249519109725952,15.341121673583984,9.742757979033352e-24,22.244888305664062,31.758556365966797,27.999357223510742,5.9966559410095215
1771502380.450115,0.8106184005737305,15.35369873046875,8.154444922077831e-24,22.135398864746094,31.57990264892578,27.847423553466797,5.902319431304932
1771502380.4816835,0.8061248064041138,15.38033390045166,6.789362935220847e-24,22.112899780273438,31.506553649902344,27.790237426757812,5.868157863616943
1771502380.5136263,0.8864591121673584,15.444622039794922,5.6825271874624445e-24,22.177291870117188,31.519397735595703,27.79895782470703,5.855184555053711
1771502380.5606313,1.2041397094726562,15.697546005249023,4.387003010923323e-24,22.37978172302246,31.68646812438965,27.921772003173828,5.955721378326416
1771502380.5923417,1.2026561498641968,15.745260238647461,3.6718118534886384e-24,22.387908935546875,31.726261138916016,27.95760154724121,5.9841532707214355
1771502380.640349,1.5268855094909668,16.044921875,2.834698101632294e-24,22.726688385009766,31.895418167114258,28.040794372558594,6.0807204246521
1771502380.6718645,1.664413571357727,16.082487106323242,2.372571550440247e-24,22.90812110900879,32.022945404052734,28.212169647216797,6.218568801879883
1771502380.7018518,1.8046441078186035,16.037111282348633,1.9857831878490697e-24,23.05742835998535,32.17724609375,28.378936767578125,6.387728691101074
1771502380.7348526,1.82174551486969,16.0327205657959,1.6533562163128038e-24,22.914257049560547,32.200538635253906,28.36198616027832,6.372372150421143
1771502380.7652824,1.7119402885437012,15.945049285888672,1.383817926394049e-24,22.751405715942383,32.17001724243164,28.352497100830078,6.424707889556885
1771502380.796282,1.7864552736282349,15.877798080444336,1.1582210624407545e-24,22.683155059814453,32.25635528564453,28.50552749633789,6.590089797973633
1771502380.8282833,1.712193489074707,15.910444259643555,9.694020771802214e-25,22.642066955566406,32.215972900390625,28.411699295043945,6.451944351196289
1771502380.860296,1.5481656789779663,15.800027847290039,8.071208165055823e-25,22.435792922973633,32.17430877685547,28.42695426940918,6.356149196624756
1771502380.890805,1.1594979763031006,15.616764068603516,6.755399515022688e-25,22.10672378540039,32.067928314208984,28.349910736083984,6.183969020843506
1771502380.9238143,1.10569167137146,15.626246452331543,5.654100880565645e-25,21.955646514892578,32.02007293701172,28.199934005737305,5.941867828369141
1771502380.9592986,0.8132688999176025,15.468095779418945,4.732341071680115e-25,21.752426147460938,31.839033126831055,27.888015747070312,5.690321922302246
1771502380.9958904,0.08212202787399292,15.201798439025879,3.6534438682600526e-25,21.41268539428711,31.435928344726562,27.194244384765625,5.235743522644043
1771502381.0258963,-0.33413630723953247,15.010056495666504,3.3197100993304816e-25,21.298450469970703,31.2203426361084,26.9019718170166,5.038874626159668
1771502381.0724168,-1.6203721761703491,14.36374282836914,2.5628697978094893e-25,20.644020080566406,30.423480987548828,25.9117431640625,4.240410327911377
1771502381.1094136,-1.7024638652801514,14.4105224609375,1.9785769188279725e-25,20.81635856628418,30.4146728515625,25.743419647216797,4.08091926574707
1771502381.1294167,-1.658227562904358,14.458098411560059,1.8081616394038896e-25,20.91031265258789,30.494670867919922,25.809696197509766,4.136307239532471
1771502381.1604214,-1.4828031063079834,14.519207000732422,1.505469177316216e-25,21.04738426208496,30.59504508972168,26.04034423828125,4.321528434753418
1771502381.192024,-1.2959785461425781,14.60818862915039,1.2600401283385357e-25,21.207128524780273,30.72471046447754,26.25174331665039,4.493629455566406
1771502381.2228632,-1.007025957107544,14.705916404724121,1.054622104473665e-25,21.456043243408203,31.011272430419922,26.656042098999023,4.7092976570129395
1771502381.252934,-0.736263632774353,15.000651359558105,8.826923970008326e-26,21.64501953125,31.141599655151367,26.777055740356445,4.71392822265625
1771502381.2854073,-0.6627200841903687,15.125602722167969,7.349266083905677e-26,21.691083908081055,31.155616760253906,26.79692268371582,4.744261264801025
1771502381.3174016,-0.521081805229187,15.342816352844238,6.151152152924573e-26,21.874683380126953,31.327411651611328,26.86648941040039,4.710843563079834
1771502381.3614419,-0.34838539361953735,15.399991989135742,4.748788883183731e-26,21.958209991455078,31.490997314453125,27.095792770385742,4.764317512512207
1771502381.393037,-0.1545252799987793,15.55068588256836,3.974617738983341e-26,22.04352378845215,31.54070281982422,27.172327041625977,4.821878433227539
1771502381.4280467,0.03472617268562317,15.760917663574219,3.3266557114521615e-26,22.200788497924805,31.666372299194336,27.168834686279297,4.851447105407715
1771502381.4580524,0.16340099275112152,15.754430770874023,2.7843277058083154e-26,22.336658477783203,31.816516876220703,27.380451202392578,5.065845012664795
1771502381.5208051,-0.040832117199897766,15.596115112304688,1.9947315575717344e-26,22.100688934326172,31.708772659301758,27.26756477355957,5.069947242736816
1771502381.5518632,0.27898937463760376,15.749963760375977,1.6695405975778829e-26,22.25446319580078,31.776992797851562,27.361663818359375,5.190275192260742
1771502381.5834563,0.9464467763900757,16.03864097595215,1.3973638637540033e-26,22.53965187072754,32.0363883972168,27.718698501586914,5.620443344116211
1771502381.6014206,1.0630453824996948,16.039873123168945,1.2697179263090816e-26,22.445249557495117,32.01100540161133,27.769372940063477,5.737045764923096
1771502381.6354263,1.4403932094573975,16.163700103759766,1.062722211448648e-26,22.383153915405273,32.15818786621094,27.886804580688477,5.835436820983887
1771502381.664524,1.5952121019363403,16.134521484375,8.848188239561503e-27,22.307437896728516,32.2361946105957,28.005653381347656,5.916204929351807
1771502381.6955175,1.699398159980774,16.077014923095703,7.405712933534129e-27,22.1110897064209,32.315155029296875,28.10961151123047,6.053982257843018
1771502381.7275152,2.104280948638916,16.182226181030273,6.198396755204347e-27,22.158302307128906,32.56296157836914,28.361366271972656,6.2783427238464355
1771502381.759546,2.0023446083068848,16.111736297607422,5.187903298657152e-27,21.991683959960938,32.39433288574219,28.160017013549805,6.278964996337891
1771502381.7905924,2.2911062240600586,16.271343231201172,4.319430227325005e-27,22.017824172973633,32.37848663330078,28.113872528076172,6.497976303100586
1771502381.8236196,2.086592435836792,16.148853302001953,3.615255158060622e-27,21.83078956604004,32.291072845458984,27.99737548828125,6.577905178070068
1771502381.8565972,1.619192361831665,15.939570426940918,2.7910355272116217e-27,21.433164596557617,32.03043746948242,27.675823211669922,6.519618034362793
1771502381.888092,1.6791865825653076,16.01115608215332,2.336027066723354e-27,21.508529663085938,32.00645065307617,27.54018211364746,6.488522529602051
1771502381.9371228,1.5368552207946777,15.883711814880371,1.803450622166924e-27,21.568038940429688,31.926467895507812,27.257970809936523,6.421286106109619
1771502381.9709604,1.2995693683624268,15.645552635192871,1.509443164274624e-27,21.27073097229004,31.62030792236328,26.89470672607422,6.267653465270996
1771502381.996854,1.2324062585830688,15.528717041015625,1.3715590025046392e-27,21.13811683654785,31.5223388671875,26.78499984741211,6.225504398345947
1771502382.027858,1.3662747144699097,15.489293098449707,1.14796065448422e-27,21.10953140258789,31.54623794555664,26.82404899597168,6.218597412109375
1771502382.0573692,1.5335679054260254,15.462916374206543,9.60814382521218e-28,21.149673461914062,31.54234504699707,26.841018676757812,6.235958099365234
1771502382.088677,1.7252798080444336,15.320786476135254,8.0417763347572905e-28,21.14655113220215,31.664268493652344,27.09657096862793,6.394927024841309
1771502382.119815,1.7155064344406128,15.238521575927734,6.695555155490501e-28,21.089683532714844,31.66728401184082,27.189455032348633,6.311629295349121
1771502382.159815,1.7663226127624512,15.012237548828125,5.169077044561275e-28,21.137231826782227,32.07129669189453,27.845855712890625,6.292403221130371
1771502382.1913266,1.8306143283843994,14.75587272644043,4.3263883233245845e-28,21.198575973510742,32.82151794433594,29.067535400390625,6.721697807312012
1771502382.2233236,2.196841239929199,14.628070831298828,3.621079073915952e-28,21.3896427154541,34.118412017822266,31.064987182617188,7.494777679443359
1771502382.255332,2.2747089862823486,14.38621711730957,3.0307528977533414e-28,21.48272705078125,35.24944305419922,33.09831237792969,8.479782104492188
1771502382.291842,2.041079044342041,13.903595924377441,2.5233943391474746e-28,21.411453247070312,35.91375732421875,34.457645416259766,9.295944213867188
1771502382.319874,1.7254492044448853,13.543474197387695,2.1120181104387915e-28,21.300378799438477,36.439353942871094,35.73092269897461,9.933890342712402
1771502382.3674235,0.23145276308059692,12.674646377563477,1.6305121520707854e-28,20.680112838745117,36.354827880859375,36.69001007080078,10.739012718200684
1771502382.4004164,-0.7494165897369385,12.276477813720703,1.3646979493001326e-28,20.320219039916992,36.272674560546875,37.32048034667969,11.495613098144531
1771502382.428983,-1.457542061805725,12.006211280822754,1.1422181332431648e-28,19.976825714111328,36.19813537597656,37.68620300292969,11.981561660766602
1771502382.4599879,-2.42437744140625,11.697455406188965,9.560080919373159e-29,19.611976623535156,35.98075485229492,37.87690734863281,12.45612621307373
1771502382.480566,-2.8920555114746094,11.619258880615234,8.686789652802641e-29,19.517736434936523,35.93349838256836,38.16062927246094,13.062949180603027
1771502382.5066333,-3.059968948364258,11.630697250366211,7.270626281304864e-29,19.604297637939453,36.011268615722656,39.136260986328125,14.394588470458984
1771502382.5607362,-2.5041046142578125,12.279169082641602,5.208779247770467e-29,20.515432357788086,36.97347640991211,41.50502014160156,17.535703659057617
1771502382.5922456,-2.332587718963623,12.549314498901367,4.359618077843799e-29,21.005142211914062,37.36378479003906,42.42219161987305,18.672510147094727
1771502382.624405,-2.6366732120513916,12.811589241027832,3.6488915486134695e-29,21.378328323364258,37.311920166015625,42.6075553894043,19.419742584228516
1771502382.6569843,-2.8897247314453125,13.16573715209961,3.0380545796549995e-29,21.79718780517578,37.55026626586914,42.85505676269531,20.3313045501709
1771502382.687498,-3.046471118927002,13.443441390991211,2.542775814772194e-29,22.05890655517578,37.75115966796875,43.38278579711914,21.280467987060547
1771502382.7205126,-3.01720929145813,13.820308685302734,2.1282398572485007e-29,22.431447982788086,38.31126403808594,43.7637939453125,22.535327911376953
1771502382.751496,-2.51633358001709,14.06678295135498,1.78128357776714e-29,23.557607650756836,40.99957275390625,44.76518630981445,23.928903579711914
1771502382.8000178,-1.8867993354797363,14.48861312866211,1.375179732744494e-29,24.820518493652344,43.3421516418457,45.4946174621582,25.178951263427734
1771502382.833299,-1.4518589973449707,14.748146057128906,1.1509911052517133e-29,25.940109252929688,44.65208435058594,45.82311248779297,25.62804412841797
1771502382.881354,-0.9465846419334412,15.041247367858887,8.8858375218206e-30,26.792266845703125,45.664085388183594,46.149696350097656,26.011899948120117
1771502382.9123554,-0.8702362775802612,15.191787719726562,7.398317693566891e-30,27.33407211303711,45.7651481628418,46.16625213623047,26.16645050048828
1771502382.9433546,-0.9751629829406738,15.35464096069336,6.192207075159923e-30,27.820058822631836,45.29346466064453,45.798500061035156,25.918506622314453
1771502382.976868,-1.0416028499603271,15.417047500610352,5.182722619329123e-30,28.573396682739258,44.88528060913086,45.66622543334961,25.90583610534668
1771502383.005887,-1.1986186504364014,15.194747924804688,4.3378096295625976e-30,29.265512466430664,44.69104766845703,45.79413986206055,26.367719650268555
1771502383.0378883,-1.0284932851791382,15.321531295776367,3.6116452671952356e-30,30.874164581298828,45.043094635009766,46.546714782714844,26.89347267150879
1771502383.0704048,-1.1749203205108643,15.795438766479492,3.0228568859079075e-30,31.525314331054688,45.36076354980469,47.37242126464844,27.019638061523438
1771502383.1014051,-1.270406723022461,16.214881896972656,2.530055799805901e-30,32.26404571533203,45.79901123046875,48.21210479736328,27.16187286376953
1771502383.132914,-1.8073331117630005,16.26068878173828,2.1175936400119734e-30,32.78287124633789,46.235939025878906,48.83677291870117,26.905689239501953
1771502383.1664515,-2.8732833862304688,16.3090877532959,1.763101219227717e-30,33.49756622314453,47.13508605957031,49.405479431152344,26.554874420166016
1771502383.1969666,-3.2540788650512695,16.682010650634766,1.475671691553353e-30,34.71598815917969,48.55991744995117,50.498077392578125,26.80975341796875
1771502383.2319684,-4.278471946716309,17.114845275878906,1.1392423871615724e-30,35.321773529052734,49.880943298339844,50.992523193359375,26.917978286743164
1771502383.267509,-5.009207725524902,17.378467559814453,9.535174770762852e-31,35.21694564819336,50.57673645019531,51.18147277832031,26.987491607666016
1771502383.2895117,-5.252802848815918,17.534645080566406,8.664158847481514e-31,35.12809371948242,50.990936279296875,51.27227020263672,27.132089614868164
1771502383.319529,-4.833381652832031,18.022186279296875,7.251684835533454e-31,35.43731689453125,52.537818908691406,52.47303009033203,28.066110610961914
1771502383.35953,-4.795941352844238,18.026561737060547,5.598417858785552e-31,35.111053466796875,54.51538848876953,54.27647399902344,30.02593231201172
1771502383.3920474,-4.451059818267822,18.083948135375977,4.685735832942709e-31,35.45614242553711,56.44596862792969,56.6123046875,32.61542510986328
1771502383.4240415,-4.176588535308838,18.09103775024414,3.9218438853461573e-31,35.71917724609375,58.1813850402832,59.20155334472656,35.06763458251953
1771502383.4559987,-4.051941871643066,18.057815551757812,3.28248545496781e-31,35.79432678222656,59.165653228759766,61.1712760925293,36.93752670288086
1771502383.4875069,-4.028713226318359,17.830947875976562,2.7329860445459816e-31,35.89963912963867,60.230133056640625,63.038841247558594,38.76482391357422
1771502383.5195198,-4.334312915802002,17.344955444335938,2.287441006841382e-31,36.03649139404297,61.062599182128906,64.3668212890625,39.53266143798828
1771502383.5525265,-5.254119873046875,16.653194427490234,1.914531058117877e-31,36.129432678222656,61.50945281982422,64.92568969726562,39.94941711425781
1771502383.5873895,-6.84855842590332,15.459294319152832,1.602414738483024e-31,36.46942138671875,62.48189163208008,65.63441467285156,40.231964111328125
1771502383.620471,-8.844745635986328,13.696064949035645,1.3341649292849815e-31,36.72279739379883,63.62018585205078,65.95054626464844,40.40467834472656
1771502383.6640115,-11.106759071350098,11.836065292358398,1.0299969498020835e-31,37.60939407348633,65.48812866210938,66.99063110351562,42.07473373413086
1771502383.6970036,-12.140951156616211,11.200533866882324,8.620817547920651e-32,38.478450775146484,67.36186981201172,68.62178039550781,44.26278305053711
1771502383.7230067,-13.627447128295898,10.3653564453125,7.215408844768208e-32,38.24298095703125,67.68740844726562,68.95819854736328,45.009422302246094
1771502383.7591522,-13.948404312133789,10.37348461151123,6.039116921028887e-32,41.00995635986328,69.42793273925781,70.28984069824219,46.263160705566406
1771502383.7932441,-15.212078094482422,9.795694351196289,4.6622959466148544e-32,42.95203399658203,70.7288818359375,70.67581176757812,47.22862243652344
1771502383.823242,-16.054044723510742,9.574220657348633,4.236405820977896e-32,43.650638580322266,70.9709701538086,70.74835968017578,47.39192581176758
1771502383.8554914,-17.157913208007812,8.919523239135742,3.2705738180626227e-32,45.71049880981445,71.86820983886719,71.41206359863281,48.275978088378906
1771502383.888035,-18.37771224975586,8.56432819366455,2.737388682312834e-32,46.814483642578125,72.13462829589844,71.52670288085938,48.39244842529297
1771502383.9200394,-19.063047409057617,8.475492477416992,2.2911260640817746e-32,47.948726654052734,72.60955810546875,71.84803009033203,48.7999153137207
1771502383.9524703,-19.042909622192383,8.60761833190918,1.917615378970282e-32,49.990203857421875,73.84901428222656,72.88006591796875,49.993160247802734
1771502383.984185,-18.620637893676758,8.544358253479004,1.5965999205778113e-32,51.76404571533203,75.48585510253906,74.11781311035156,51.67255783081055
1771502384.0171838,-18.428319931030273,8.644065856933594,1.33631432070546e-32,52.103641510009766,76.61860656738281,75.20259094238281,52.77423858642578
1771502384.048184,-18.289134979248047,8.655669212341309,1.1184617159090918e-32,51.232383728027344,77.09320068359375,75.67022705078125,53.414146423339844
1771502384.0967278,-17.919504165649414,8.795097351074219,8.634705425928441e-33,52.59185028076172,78.75514221191406,77.10432434082031,55.63349151611328
1771502384.1177235,-17.859682083129883,8.891051292419434,7.84594504310684e-33,53.08728790283203,79.26556396484375,77.51507568359375,56.23845672607422
1771502384.1607165,-17.4952449798584,9.02231216430664,6.057196391486519e-33,54.6609992980957,80.22581481933594,78.32577514648438,57.540069580078125
1771502384.19355,-17.5845890045166,9.023978233337402,5.069722362078256e-33,54.783390045166016,80.4992904663086,78.4635009765625,58.08450698852539
1771502384.2280812,-17.344829559326172,9.094292640686035,4.243231181989152e-33,55.28513717651367,81.16024780273438,78.85769653320312,58.88264465332031
1771502384.2591069,-17.366840362548828,9.216622352600098,3.55147847046916e-33,55.29694366455078,81.52427673339844,78.92668151855469,59.29414367675781
1771502384.2907212,-17.10048484802246,9.317779541015625,2.9569486926537716e-33,55.3160285949707,82.35883331298828,79.51318359375,60.616844177246094
1771502384.324064,-17.033092498779297,9.295949935913086,2.4748922347059752e-33,55.8123893737793,83.1734619140625,79.92245483398438,61.88651657104492
1771502384.3537664,-17.114194869995117,9.281058311462402,2.071423084240418e-33,55.87378692626953,83.50006103515625,80.11064147949219,62.57518768310547
1771502384.3852782,-17.090497970581055,9.34374713897705,1.7337294548590915e-33,56.25267028808594,83.88896179199219,80.1810302734375,63.12177276611328
1771502384.4172769,-17.604726791381836,9.312149047851562,1.443497144576184e-33,56.42121124267578,83.58551025390625,80.09403228759766,63.08535385131836
1771502384.449279,-17.748422622680664,9.567293167114258,1.119835152488333e-33,57.6624755859375,83.9537582397461,80.8001708984375,63.48075866699219
1771502384.480668,-18.020549774169922,9.641499519348145,1.0175407871793966e-33,58.523189544677734,83.98926544189453,81.19708251953125,63.55393600463867
1771502384.529211,-19.687868118286133,9.625249862670898,7.289805716927857e-34,59.55611038208008,83.32426452636719,81.60336303710938,62.86343765258789
1771502384.5592184,-21.057510375976562,9.69416618347168,6.1013855200213325e-34,60.109291076660156,82.8783950805664,81.48452758789062,62.0287971496582
1771502384.5913374,-22.263511657714844,9.758576393127441,5.106707455116956e-34,60.3212890625,82.22146606445312,81.60435485839844,61.20625305175781
1771502384.62435,-23.2583065032959,9.684893608093262,4.274186540021111e-34,60.69043731689453,81.7539291381836,81.67550659179688,60.630455017089844
1771502384.6564634,-24.033050537109375,9.606731414794922,3.558673000991421e-34,61.26958084106445,81.39659118652344,81.75914764404297,60.026519775390625
1771502384.6869903,-24.766704559326172,9.48249340057373,2.978520391523803e-34,62.244590759277344,81.16891479492188,81.87035369873047,59.55523681640625
1771502384.7200103,-24.72113800048828,9.367705345153809,2.4929473228393766e-34,63.709075927734375,81.336181640625,82.07452392578125,59.58048629760742
1771502384.7520201,-24.28652000427246,9.178701400756836,2.0865346151332156e-34,66.22518157958984,81.63848876953125,82.55829620361328,59.885658264160156
1771502384.7835374,-23.800121307373047,8.959878921508789,1.7372415197386616e-34,68.60624694824219,81.8313217163086,83.052734375,60.14479446411133
1771502384.8145738,-23.550403594970703,8.798442840576172,1.4540277372496285e-34,70.21849060058594,81.91239166259766,83.55957794189453,60.353546142578125
1771502384.8475742,-23.488479614257812,8.544486045837402,1.2169849392202468e-34,71.3488998413086,81.96742248535156,83.74812316894531,60.31631088256836
1771502384.879088,-23.242324829101562,8.39124584197998,1.0185860587966669e-34,72.38438415527344,82.29557800292969,83.76177978515625,60.48904037475586
1771502384.9290783,-21.959548950195312,8.546563148498535,7.863649113015051e-35,72.60505676269531,83.31217193603516,83.73779296875,61.881980895996094
1771502384.9633517,-21.750564575195312,8.509090423583984,6.581677818087934e-35,72.74878692626953,83.61372375488281,83.72026824951172,62.275726318359375
1771502384.9968104,-20.80577850341797,8.651479721069336,5.479882026904285e-35,74.29484558105469,84.14673614501953,83.60982513427734,63.41846466064453
1771502385.026812,-19.51165199279785,8.857630729675293,4.586524400392653e-35,75.88105773925781,84.48822784423828,83.50041961669922,64.907470703125
1771502385.0588155,-18.094715118408203,9.070015907287598,3.5408710918414903e-35,77.28150177001953,84.87223052978516,83.41763305664062,66.43211364746094
1771502385.0903268,-17.208127975463867,9.313629150390625,2.963620713641205e-35,77.61405944824219,84.86534881591797,83.34584045410156,67.408203125
1771502385.1233194,-16.122966766357422,9.57102108001709,2.480476464241417e-35,78.18828582763672,85.02892303466797,83.12753295898438,68.26713562011719
1771502385.153344,-15.80107307434082,9.808798789978027,2.0652360981656618e-35,78.74119567871094,85.19271087646484,83.01172637939453,68.73041534423828
1771502385.1848605,-15.43346118927002,9.982612609863281,1.7285510980386383e-35,78.85076141357422,85.15435791015625,82.90415954589844,69.22628784179688
1771502385.217852,-15.738758087158203,10.059840202331543,1.4467541650637678e-35,78.66049194335938,85.15032196044922,82.96627807617188,69.00502014160156
1771502385.2488513,-15.472014427185059,10.203081130981445,1.210897078084156e-35,78.7467041015625,85.00999450683594,82.7446060180664,69.56266021728516
1771502385.282382,-15.370943069458008,10.307750701904297,1.0081887309075846e-35,78.89057922363281,84.99850463867188,82.60228729248047,69.7506103515625
1771502385.3154132,-15.131009101867676,10.416396141052246,8.438288062786307e-36,78.92708587646484,84.88557434082031,82.3044662475586,70.07730865478516
1771502385.359811,-15.171483993530273,10.609267234802246,6.514495130394667e-36,78.96704864501953,84.72335815429688,82.1739501953125,70.35247802734375
1771502385.397265,-15.300363540649414,10.54478645324707,5.4524696335264946e-36,79.0175552368164,84.69920349121094,82.18293762207031,70.30963134765625
1771502385.4260106,-15.470443725585938,10.562338829040527,4.5635809518466504e-36,79.0572280883789,84.66905975341797,82.18321228027344,70.20092010498047
1771502385.4559839,-15.488991737365723,10.49099063873291,3.8196033021180134e-36,79.14041900634766,84.7120590209961,82.21744537353516,70.07926177978516
1771502385.487523,-15.541118621826172,10.413749694824219,3.180188615610607e-36,79.21165466308594,84.72943878173828,82.24520111083984,70.05472564697266
1771502385.5193865,-15.606461524963379,10.33790111541748,2.6617384966988052e-36,79.25863647460938,84.73684692382812,82.22660827636719,69.95941162109375
1771502385.5514069,-15.958606719970703,10.148733139038086,2.2278086027041594e-36,79.3806381225586,84.88289642333984,82.29767608642578,69.7607192993164
1771502385.5839283,-16.586633682250977,9.907485008239746,1.864620201245106e-36,79.64308166503906,85.13225555419922,82.3753662109375,69.28205108642578
1771502385.6167722,-17.596477508544922,9.432107925415039,1.55247637205779e-36,79.90225982666016,85.35652160644531,82.5231704711914,68.66419982910156
1771502385.6487055,-18.616548538208008,8.80988883972168,1.2993839327803846e-36,80.03157806396484,85.4229736328125,82.63927459716797,67.87876892089844
1771502385.6827931,-20.10939598083496,8.135392189025879,1.0875519084267204e-36,80.32245635986328,85.33621215820312,82.67622375488281,66.65388488769531
1771502385.7137926,-21.32347869873047,7.57343864440918,9.102537973187329e-37,80.38653564453125,85.25996398925781,82.67887878417969,65.57986450195312
1771502385.7457902,-22.14171600341797,7.2484917640686035,7.578741360227551e-37,80.694091796875,85.15078735351562,82.73436737060547,64.89959716796875
1771502385.7913697,-24.104225158691406,6.715431213378906,5.850910758291485e-37,80.10030364990234,84.39045715332031,82.50532531738281,63.33016586303711
1771502385.8253686,-25.66024398803711,6.96799898147583,4.539015135990591e-37,79.43017578125,82.93467712402344,82.30316162109375,61.66177749633789
1771502385.856438,-26.40595817565918,7.360330581665039,0.3782093822956085,78.19135284423828,82.32356262207031,82.21163940429688,61.408302307128906
1771502385.887889,-26.852880477905273,7.559845447540283,0.4380522072315216,76.5049057006836,82.25812530517578,81.70474243164062,60.52434539794922
1771502385.921897,-25.96686553955078,7.979674339294434,0.3593748211860657,76.73414611816406,83.11488342285156,81.43501281738281,60.79485321044922
1771502385.9529002,-25.0477237701416,8.408210754394531,0.2998718023300171,77.03144073486328,84.64340209960938,80.99996948242188,61.51018524169922
1771502385.984207,-23.934494018554688,9.047245025634766,0.402098149061203,77.33602142333984,85.77840423583984,80.75933074951172,62.244285583496094
1771502386.0172055,-23.148216247558594,9.772287368774414,0.6144074201583862,77.06844329833984,86.72700500488281,80.77951049804688,62.96392822265625
1771502386.047206,-22.49501609802246,10.436710357666016,0.7046234011650085,76.92015838623047,87.29328918457031,80.68539428710938,63.519020080566406
1771502386.0806663,-21.988645553588867,10.740531921386719,0.7790769338607788,77.0511245727539,87.69522094726562,80.67349243164062,64.11921691894531
1771502386.1116695,-22.302188873291016,10.801466941833496,1.1423262357711792,76.81828308105469,87.86465454101562,80.73445129394531,64.093017578125
1771502386.1437068,-22.922088623046875,10.524245262145996,1.1693297624588013,76.04118347167969,87.4306869506836,80.64847564697266,63.71162033081055
1771502386.1792293,-23.333110809326172,10.339795112609863,1.1053820848464966,75.58164978027344,87.18226623535156,80.7237548828125,63.43125534057617
1771502386.2242298,-24.67690658569336,9.885436058044434,1.1129937171936035,74.48370361328125,86.33782196044922,80.73263549804688,62.79481506347656
1771502386.2602363,-24.91118621826172,9.644888877868652,1.1541913747787476,75.08922576904297,86.14918518066406,80.97293853759766,62.913604736328125
1771502386.2877834,-26.1274471282959,9.476576805114746,1.2977839708328247,74.95584106445312,84.99964141845703,81.29574584960938,62.619163513183594
1771502386.3207855,-27.037643432617188,9.150840759277344,1.1473112106323242,75.059814453125,83.3989028930664,81.66775512695312,61.737430572509766
1771502386.3517876,-27.337099075317383,8.705028533935547,1.013725757598877,75.17965698242188,82.50139617919922,82.04824829101562,61.36235427856445
1771502386.3873558,-27.45534896850586,8.120494842529297,0.8797656893730164,74.52537536621094,82.18885040283203,82.48702239990234,61.644264221191406
1771502386.4148386,-27.63454818725586,7.846412658691406,0.8255093097686768,74.19499206542969,81.9061508178711,82.61382293701172,61.69041061401367
1771502386.4478815,-27.963333129882812,7.482131481170654,0.6973744034767151,73.62474822998047,81.36885070800781,82.74078369140625,61.56350326538086
1771502386.4805186,-28.127044677734375,7.035825729370117,0.6451146006584167,72.91609954833984,80.82066345214844,82.89222717285156,61.470130920410156
1771502386.512104,-28.207138061523438,6.689713478088379,0.6566370725631714,72.73855590820312,80.70455932617188,82.95955657958984,61.39177322387695
1771502386.5448139,-27.975727081298828,6.383345603942871,0.7195549011230469,72.84518432617188,80.93709564208984,83.1189956665039,61.49338912963867
1771502386.5773203,-27.771177291870117,5.988267421722412,0.8390037417411804,72.93426513671875,81.20519256591797,83.21495819091797,61.59649658203125
1771502386.6103296,-27.5051212310791,6.110650539398193,1.0645618438720703,73.32691192626953,81.6436767578125,83.33837890625,61.928157806396484
1771502386.6553257,-27.173452377319336,6.446896553039551,1.4495723247528076,73.55403900146484,82.02564239501953,83.51202392578125,62.39373779296875
1771502386.687316,-26.56723403930664,6.73560905456543,1.7370939254760742,73.83145141601562,82.59007263183594,83.58943939208984,62.918609619140625
1771502386.7193632,-26.12284278869629,7.0033650398254395,2.104691982269287,74.05340576171875,83.04835510253906,83.5712661743164,63.35966491699219
1771502386.7513587,-25.786699295043945,7.302171230316162,2.507401466369629,74.1540756225586,83.20738983154297,83.59253692626953,63.665740966796875
1771502386.7848983,-25.13920021057129,7.540576457977295,2.9181013107299805,74.27529907226562,83.4294662475586,83.50544738769531,64.12983703613281
1771502386.8169217,-24.7470645904541,7.554689407348633,3.3042125701904297,74.2496337890625,83.57490539550781,83.62664794921875,64.41918182373047
1771502386.8479214,-24.42445945739746,7.546474933624268,3.6486144065856934,74.16232299804688,83.67911529541016,83.79685974121094,64.5899429321289
1771502386.8804393,-24.033477783203125,7.565274238586426,3.8871185779571533,74.0977783203125,83.71516418457031,83.95482635498047,64.76729583740234
1771502386.9124315,-23.869897842407227,7.591547012329102,3.9772114753723145,73.94017791748047,83.56910705566406,84.23211669921875,64.76559448242188
1771502386.9436905,-23.970605850219727,7.615663528442383,4.043959617614746,73.81903076171875,83.3667221069336,84.67181396484375,64.73341369628906
1771502386.9797807,-23.933975219726562,7.593750953674316,4.117115497589111,73.70592498779297,83.24524688720703,84.87503814697266,64.87886047363281
1771502387.01178,-23.87759780883789,7.562743186950684,4.187641143798828,73.58916473388672,83.18328094482422,85.05563354492188,64.95878601074219
1771502387.042779,-23.88232421875,7.514967441558838,4.038118362426758,73.13208770751953,82.92686462402344,85.22264862060547,64.91145324707031
1771502387.0875745,-24.07309341430664,7.582005500793457,3.837236166000366,72.87139129638672,82.7200927734375,85.43675231933594,64.5625228881836
1771502387.1205688,-24.009357452392578,7.5878801345825195,3.8089189529418945,72.68462371826172,82.5757064819336,85.55089569091797,64.44076538085938
1771502387.1525757,-24.028003692626953,7.611217975616455,3.725128650665283,72.5657958984375,82.42352294921875,85.59574127197266,64.32157135009766
1771502387.184098,-23.904518127441406,7.673346996307373,3.662200450897217,72.75127410888672,82.4210205078125,85.57939910888672,64.39271545410156
1771502387.2161043,-23.73572540283203,7.726091384887695,3.6199803352355957,72.98247528076172,82.49195861816406,85.46517181396484,64.4408950805664
1771502387.2511246,-23.616809844970703,7.746440887451172,3.6033754348754883,73.08795166015625,82.50698852539062,85.31806945800781,64.56038665771484
1771502387.282254,-23.428733825683594,7.760965347290039,3.5147855281829834,73.15094757080078,82.56261444091797,85.16924285888672,64.54947662353516
1771502387.3122444,-23.271007537841797,7.788498878479004,3.4715230464935303,73.23194885253906,82.62001037597656,85.0506820678711,64.52751159667969
1771502387.3442433,-22.974218368530273,7.815774440765381,3.49513578414917,73.28569793701172,82.66402435302734,84.88693237304688,64.68791961669922
1771502387.3757534,-22.625635147094727,7.892041206359863,3.572298288345337,73.34386444091797,82.7396240234375,84.64312744140625,64.81403350830078
1771502387.4077547,-22.26593589782715,8.042861938476562,3.7076330184936523,73.52742004394531,82.8460922241211,84.4855728149414,64.8490219116211
1771502387.4397545,-22.028202056884766,8.091205596923828,3.8866147994995117,73.65337371826172,82.80498504638672,84.38963317871094,64.74287414550781
1771502387.4742756,-22.11620330810547,8.10322380065918,3.833061695098877,73.56307220458984,82.7243423461914,84.31259155273438,64.52928161621094
1771502387.5197928,-22.322750091552734,8.202528953552246,3.939667224884033,73.29684448242188,82.51407623291016,84.26338195800781,64.14974975585938
1771502387.552827,-22.84726333618164,8.16322135925293,4.025487422943115,72.61673736572266,82.27127075195312,84.04405212402344,63.31415557861328
1771502387.5839486,-24.111234664916992,7.8806233406066895,3.9541523456573486,70.69802856445312,81.42899322509766,83.48245239257812,61.71995544433594
1771502387.6169503,-25.313079833984375,7.633726596832275,3.945094585418701,69.01966857910156,80.7486572265625,82.88101196289062,60.590614318847656
1771502387.6469388,-26.472492218017578,7.374131679534912,3.978224039077759,66.91558837890625,79.89737701416016,82.07083892822266,59.4287109375
1771502387.6814644,-26.959897994995117,7.396636962890625,3.987272262573242,65.76200866699219,79.56300354003906,81.66844177246094,58.776451110839844
1771502387.711465,-26.76299476623535,7.537485599517822,4.114435195922852,66.40184020996094,79.68831634521484,81.8897705078125,58.879295349121094
1771502387.7444649,-26.251901626586914,7.696017742156982,4.338518142700195,68.06816101074219,79.9488525390625,82.27275085449219,59.06775665283203
1771502387.7759764,-25.753385543823242,7.779916763305664,4.6196088790893555,70.60287475585938,80.25619506835938,82.57554626464844,59.552513122558594
1771502387.808111,-25.146289825439453,7.783707141876221,4.698382377624512,72.59309387207031,80.62934875488281,82.841064453125,60.12845230102539
1771502387.8399775,-24.179224014282227,7.780730247497559,4.790811061859131,74.66593933105469,81.07980346679688,83.22219848632812,60.53596115112305
1771502387.8726346,-23.487974166870117,7.786732196807861,4.797519683837891,75.7588119506836,81.42637634277344,83.3406753540039,61.03715133666992
1771502387.9065065,-22.673429489135742,7.828089237213135,4.832549095153809,76.72113037109375,81.77783966064453,83.46981048583984,61.31364440917969
1771502387.951503,-21.523561477661133,7.8707356452941895,4.851912975311279,77.9693603515625,82.37091064453125,83.42022705078125,61.75006866455078
1771502387.986676,-21.308732986450195,7.930120468139648,4.725442409515381,78.87218475341797,82.5463638305664,83.4556655883789,61.95748519897461
1771502388.0196762,-20.98304557800293,8.016687393188477,4.699471473693848,79.4164810180664,82.85787963867188,83.39545440673828,62.118797302246094
1771502388.0516882,-20.89811897277832,8.07608699798584,4.616456031799316,79.93881225585938,83.0469741821289,83.31202697753906,62.314697265625
1771502388.0822072,-21.02704620361328,8.132345199584961,4.4566545486450195,80.11119842529297,83.07477569580078,83.27507781982422,62.49574279785156
1771502388.1152465,-21.239933013916016,8.169870376586914,4.226748466491699,80.29287719726562,83.1070327758789,83.24718475341797,62.29676818847656
1771502388.1452477,-21.38144874572754,8.20463752746582,4.110313892364502,80.31204223632812,83.181884765625,83.17123413085938,62.26738357543945
1771502388.1777794,-21.451141357421875,8.223607063293457,3.9519925117492676,80.19253540039062,83.24011993408203,83.1374282836914,62.263084411621094
1771502388.2087789,-21.508129119873047,8.289131164550781,3.8138680458068848,80.12234497070312,83.24851989746094,83.18144989013672,62.29135513305664
1771502388.23978,-21.46307373046875,8.390878677368164,3.730555772781372,80.13334655761719,83.29627990722656,83.20768737792969,62.208038330078125
1771502388.272382,-21.44480323791504,8.520485877990723,3.5313949584960938,80.00859832763672,83.27474975585938,83.25056457519531,62.169673919677734
1771502388.30497,-21.36357879638672,8.629375457763672,3.536464214324951,80.01216888427734,83.37825775146484,83.23292541503906,62.2238883972168
1771502388.337969,-21.247739791870117,8.746450424194336,3.5743625164031982,80.0302505493164,83.44976806640625,83.32635498046875,62.1077995300293
1771502388.3833635,-21.041095733642578,8.962324142456055,3.5200138092041016,79.94442749023438,83.49272155761719,83.46330261230469,61.945411682128906
1771502388.4180014,-20.857959747314453,9.482783317565918,3.5371766090393066,79.77507781982422,83.49268341064453,83.44857788085938,61.646278381347656
1771502388.4479918,-20.80701446533203,9.762407302856445,3.491619825363159,79.61871337890625,83.42062377929688,83.46963500976562,61.59697723388672
1771502388.4805014,-20.518444061279297,10.19096565246582,3.498350143432617,79.41726684570312,83.35604858398438,83.45037078857422,61.709903717041016
1771502388.5112448,-20.133777618408203,10.476597785949707,3.541800022125244,79.32032775878906,83.39322662353516,83.41950988769531,61.6696662902832
1771502388.5452845,-19.651586532592773,10.734396934509277,3.5422935485839844,79.11399841308594,83.39447021484375,83.40312194824219,61.609275817871094
1771502388.5757978,-19.177675247192383,10.861949920654297,3.509984254837036,79.07569885253906,83.41249084472656,83.43538665771484,61.64302062988281
1771502388.6078336,-18.428770065307617,11.010047912597656,3.484461784362793,79.08280181884766,83.54673767089844,83.43159484863281,61.78862380981445
1771502388.639861,-17.89328384399414,11.11023235321045,3.4721696376800537,79.07613372802734,83.72920227050781,83.35057067871094,61.93281555175781
1771502388.672412,-17.1661376953125,11.18513298034668,3.5647311210632324,79.08088684082031,84.04060363769531,83.10086059570312,62.025299072265625
1771502388.7044132,-16.163583755493164,11.42837905883789,3.828510046005249,79.2770767211914,84.58660888671875,82.52015686035156,62.22066116333008
1771502388.736492,-14.714618682861328,12.040626525878906,3.920496940612793,79.01652526855469,84.58377075195312,81.53569793701172,63.22811508178711
1771502388.7690012,-13.454595565795898,13.263503074645996,4.074580669403076,78.42234802246094,84.1363296508789,80.29240417480469,65.20775604248047
1771502388.8160088,-10.761938095092773,15.601938247680664,4.299750328063965,76.61103057861328,81.9119644165039,77.21745300292969,68.32621765136719
1771502388.8490076,-9.126313209533691,16.834407806396484,4.08635139465332,75.32918548583984,80.47551727294922,76.22950744628906,69.98025512695312
1771502388.88053,-8.716904640197754,17.26622772216797,3.753709077835083,75.21723175048828,80.1106185913086,76.33885955810547,70.30618286132812
1771502388.9115345,-9.83714771270752,17.50684356689453,3.7250137329101562,76.15116882324219,80.78548431396484,76.71318054199219,69.88642120361328
1771502388.9445283,-10.183368682861328,17.843215942382812,3.8517913818359375,76.77609252929688,80.96903991699219,76.66416931152344,69.87445068359375
1771502388.9792008,-10.416616439819336,17.800704956054688,3.8169193267822266,77.23622131347656,80.94673919677734,76.07813262939453,69.65172576904297
1771502389.0084252,-10.869294166564941,17.9914493560791,3.7928671836853027,77.6375732421875,81.09838104248047,75.89405822753906,69.54092407226562
1771502389.0394382,-11.189399719238281,18.04019546508789,3.8602232933044434,77.998046875,81.27606201171875,75.87760925292969,69.4397201538086
1771502389.0719442,-11.737788200378418,18.093196868896484,3.896528959274292,78.24629211425781,81.43132019042969,75.87297821044922,69.28083038330078
1771502389.1039464,-12.002347946166992,18.4162654876709,4.014850616455078,78.1743392944336,81.27391815185547,75.59516143798828,69.58203887939453
1771502389.1364758,-11.994465827941895,18.3944091796875,4.071262359619141,77.89978790283203,81.08761596679688,75.13924407958984,69.69184112548828
1771502389.167478,-12.029576301574707,18.609333038330078,4.2203288078308105,77.65402221679688,80.83924102783203,74.77694702148438,69.9202880859375
1771502389.2029884,-12.65377426147461,18.584104537963867,4.345582962036133,77.5521240234375,80.93189239501953,74.88003540039062,69.99293518066406
1771502389.2479904,-13.009653091430664,18.66152572631836,4.477155685424805,77.4810562133789,80.96150970458984,75.06698608398438,70.27935791015625
1771502389.2825396,-13.30711555480957,18.689664840698242,4.569057941436768,77.55288696289062,81.06146240234375,75.15323638916016,70.4173355102539
1771502389.311531,-13.520039558410645,18.57666778564453,4.614710330963135,77.81692504882812,81.21651458740234,75.24246215820312,70.30728149414062
1771502389.3435388,-13.299128532409668,18.515098571777344,4.612873077392578,78.21137237548828,81.27991485595703,75.1145248413086,70.39375305175781
1771502389.3760726,-13.47911262512207,18.33991050720215,4.49646520614624,78.50332641601562,81.48065185546875,75.0762939453125,70.37212371826172
1771502389.4110627,-13.210856437683105,18.404558181762695,4.598023891448975,78.1120376586914,81.23261260986328,74.77378845214844,70.69758605957031
1771502389.4400706,-13.550461769104004,18.3405704498291,4.58897590637207,78.22530364990234,81.41304779052734,75.02062225341797,70.56714630126953
1771502389.4725873,-15.477473258972168,18.02123260498047,4.622812747955322,79.05836486816406,82.2074203491211,75.86250305175781,69.9627685546875
1771502389.503587,-16.836498260498047,17.98223114013672,4.6288957595825195,80.84159088134766,83.17308044433594,76.11589050292969,69.43855285644531
1771502389.5356214,-17.237018585205078,17.342920303344727,4.1881585121154785,81.94517517089844,83.89529418945312,76.2762222290039,69.05227661132812
1771502389.567595,-17.39263153076172,16.739282608032227,3.2004313468933105,82.47132873535156,84.30300903320312,76.786376953125,68.44361114501953
1771502389.6010394,-17.326229095458984,16.462600708007812,2.360846757888794,82.68580627441406,84.35992431640625,77.20376586914062,68.2689208984375
1771502389.6340382,-15.969877243041992,17.01593780517578,1.7135260105133057,81.42591094970703,82.81820678710938,76.7568359375,68.67540740966797
1771502389.6988645,-14.243645668029785,17.275691986083984,0.9943106770515442,80.27925872802734,80.70110321044922,76.48150634765625,68.99830627441406
1771502389.7273822,-12.591864585876465,17.648487091064453,0.7365136742591858,78.70417785644531,78.83909606933594,76.14125061035156,69.22362518310547
1771502389.7594316,-12.4317626953125,17.897804260253906,0.5497178435325623,78.23762512207031,78.53831481933594,76.15447998046875,69.19380950927734
1771502389.789974,-11.964597702026367,18.105587005615234,0.41107532382011414,77.7281494140625,78.0413818359375,76.05635070800781,69.2839584350586
1771502389.820974,-12.216168403625488,18.14542579650879,0.3129287362098694,77.79978942871094,78.30388641357422,76.14878845214844,69.42156982421875
1771502389.853974,-12.350471496582031,18.116880416870117,0.24058999121189117,77.8719711303711,78.53717041015625,76.2658462524414,69.74687957763672
1771502389.8844879,-13.117328643798828,17.906864166259766,0.18674448132514954,78.1668701171875,79.6004638671875,76.99147033691406,69.46662902832031
1771502389.9144862,-13.909676551818848,17.4407901763916,0.14528121054172516,79.18952941894531,80.7509994506836,77.37565612792969,68.59011840820312
1771502389.9460666,-14.329520225524902,17.146587371826172,0.2748853862285614,80.02217864990234,81.40026092529297,77.63359069824219,67.99776458740234
1771502389.9766543,-15.016813278198242,17.04444122314453,0.3227992653846741,80.95257568359375,81.69375610351562,77.8497085571289,67.52717590332031
1771502390.007498,-16.58331298828125,16.65789031982422,0.5319562554359436,81.5643081665039,82.43157196044922,78.26451110839844,66.79351806640625
1771502390.0394974,-18.954030990600586,16.167842864990234,0.7856401205062866,82.17422485351562,83.68840026855469,78.82536315917969,65.89985656738281
1771502390.0690084,-21.057483673095703,15.406064987182617,0.952904462814331,82.50302124023438,84.80119323730469,79.26417541503906,65.15392303466797
1771502390.11654,-22.563213348388672,14.265031814575195,1.1667698621749878,82.85772705078125,85.78446197509766,79.78379821777344,64.55805969238281
1771502390.1485415,-23.042236328125,13.831757545471191,1.5034065246582031,83.00350952148438,86.26991271972656,79.8897933959961,64.53117370605469
1771502390.1790545,-23.573017120361328,13.554338455200195,1.9485785961151123,83.20594024658203,86.63727569580078,79.89543151855469,64.53585815429688
1771502390.2100577,-24.37979507446289,13.361459732055664,2.249087333679199,83.35581970214844,86.48995208740234,80.14904022216797,64.2000961303711
1771502390.243057,-25.349605560302734,13.041253089904785,2.395473003387451,83.60375213623047,86.15959930419922,80.44535827636719,63.72998046875
1771502390.2756114,-26.272348403930664,12.703265190124512,2.4944167137145996,83.67205810546875,85.82865142822266,81.0506362915039,63.27638244628906
1771502390.304612,-26.769428253173828,12.323726654052734,2.3918275833129883,83.71078491210938,85.61433410644531,81.47654724121094,62.66382598876953
1771502390.3386042,-26.837535858154297,12.136253356933594,2.404905319213867,83.65379333496094,85.44709014892578,81.83427429199219,62.616722106933594
1771502390.3711202,-26.82070541381836,12.103780746459961,2.389662981033325,83.71875,85.32808685302734,81.96888732910156,62.53386688232422
1771502390.4011192,-26.74525260925293,12.071524620056152,2.370525360107422,83.74243927001953,85.27690887451172,82.00338745117188,62.549049377441406
1771502390.4331174,-26.757488250732422,11.957344055175781,2.3737740516662598,83.7783432006836,85.18865966796875,82.02848052978516,62.63842010498047
1771502390.4652038,-26.990215301513672,11.657419204711914,2.3290741443634033,83.72235107421875,84.95625305175781,82.22599792480469,62.44256591796875
1771502390.5158694,-27.309120178222656,11.16749382019043,2.3194377422332764,83.88447570800781,84.77914428710938,82.41850280761719,62.49003601074219
1771502390.5458674,-27.247516632080078,11.206892967224121,2.359022855758667,83.7437744140625,84.74630737304688,82.43949890136719,62.71759796142578
1771502390.5756135,-27.144268035888672,11.194538116455078,2.5237507820129395,83.65208435058594,84.76170349121094,82.44332122802734,62.93422317504883
1771502390.6074278,-26.818313598632812,11.335555076599121,2.8000454902648926,83.55915069580078,84.90153503417969,82.378173828125,63.30349349975586
1771502390.6374304,-26.485322952270508,11.516244888305664,2.991934061050415,83.47675323486328,85.09370422363281,82.29986572265625,63.6220703125
1771502390.67094,-26.050273895263672,11.700830459594727,3.323878526687622,83.4697494506836,85.317138671875,82.3070297241211,63.81852722167969
1771502390.705455,-25.813190460205078,11.756397247314453,3.4498939514160156,83.25603485107422,85.37071990966797,82.26165771484375,64.01957702636719
1771502390.7354572,-25.496503829956055,11.824723243713379,3.6111831665039062,82.970947265625,85.41148376464844,82.11632537841797,64.13505554199219
1771502390.7684705,-25.072071075439453,11.821945190429688,3.7674834728240967,82.78633117675781,85.46064758300781,81.86984252929688,64.15908813476562
1771502390.7999942,-24.79224967956543,11.755769729614258,3.9164247512817383,82.58169555664062,85.38101959228516,81.78330993652344,63.96952438354492
1771502390.8320224,-24.73604393005371,11.613988876342773,3.9904675483703613,82.26667022705078,85.25923156738281,81.80404663085938,63.7444953918457
1771502390.8637547,-24.72014808654785,11.481779098510742,3.9362010955810547,82.24787902832031,85.14785766601562,81.83351135253906,63.318565368652344
1771502390.8969228,-24.510164260864258,11.494297981262207,3.876338005065918,82.21006774902344,85.1703109741211,81.65554809570312,63.25311279296875
1771502390.9778938,-24.250328063964844,11.669153213500977,3.89339542388916,81.91168975830078,85.21401977539062,81.19532775878906,63.490875244140625
1771502391.0098917,-24.08440399169922,11.720871925354004,3.889618158340454,81.9344253540039,85.26152038574219,80.97543334960938,63.517948150634766
1771502391.0408945,-23.866058349609375,11.87195110321045,3.9080371856689453,81.81938171386719,85.41788482666016,80.73716735839844,63.70098114013672
1771502391.0755079,-23.937084197998047,12.00523567199707,3.742208957672119,81.88898468017578,85.49494934082031,80.56796264648438,64.17791748046875
1771502391.1065106,-23.794389724731445,12.127586364746094,3.535747528076172,81.91162109375,85.49314880371094,80.39810180664062,64.57957458496094
1771502391.138572,-23.14463233947754,12.354355812072754,3.516578435897827,81.77888488769531,85.50577545166016,79.97775268554688,65.12745666503906
1771502391.1700678,-22.936012268066406,12.569751739501953,3.452808141708374,81.67241668701172,85.56217956542969,79.87251281738281,65.47293090820312
1771502391.200085,-22.93924331665039,12.628936767578125,3.279575824737549,81.52017211914062,85.53509521484375,79.9197769165039,66.10723114013672
1771502391.2300844,-23.03240394592285,12.647805213928223,3.173954963684082,81.58771514892578,85.58149719238281,79.9871826171875,66.35736083984375
1771502391.2610972,-23.205175399780273,13.01000690460205,2.934753894805908,81.59293365478516,85.55462646484375,80.03236389160156,66.9295654296875
1771502391.293735,-23.00823211669922,13.427104949951172,2.5244343280792236,81.69850158691406,85.5452880859375,80.03861999511719,67.59339904785156
1771502391.3257022,-23.13115119934082,13.717972755432129,2.3879079818725586,81.95540618896484,85.59601593017578,80.05484008789062,68.0372543334961
1771502391.3808906,-23.317121505737305,14.330846786499023,2.277083396911621,82.1133041381836,85.5702133178711,79.94483947753906,68.64744567871094
1771502391.4087677,-23.263622283935547,15.223129272460938,2.480931282043457,82.05156707763672,85.33216857910156,79.72039031982422,69.60246276855469
1771502391.4346988,-23.320159912109375,15.802030563354492,2.6601901054382324,81.99090576171875,85.1961441040039,79.61186981201172,70.36119079589844
1771502391.4667141,-23.360393524169922,16.339889526367188,2.78340744972229,81.94302368164062,85.0403823852539,79.3932113647461,70.8013687133789
1771502391.4974103,-23.490053176879883,16.682634353637695,2.9799420833587646,81.93610382080078,84.94001770019531,79.25919342041016,71.08700561523438
1771502391.5304174,-23.39573860168457,17.162742614746094,3.122826099395752,81.68222045898438,84.64764404296875,79.0580825805664,71.56364440917969
1771502391.562423,-22.7819881439209,17.797414779663086,3.4006948471069336,81.19073486328125,84.00961303710938,78.51506042480469,72.07728576660156
1771502391.593949,-21.88191795349121,18.304018020629883,3.935025453567505,80.52193450927734,83.2928695678711,77.89842224121094,72.9959487915039
1771502391.6259508,-21.140398025512695,18.573989868164062,4.2734527587890625,80.13773345947266,83.06571960449219,77.4830322265625,73.43106079101562
1771502391.656999,-20.919158935546875,18.733766555786133,4.397881031036377,79.97473907470703,83.15390014648438,77.20366668701172,73.15142059326172
1771502391.6900783,-21.261655807495117,18.80206298828125,4.465330600738525,80.11643981933594,83.3258056640625,77.14244079589844,72.85648345947266
1771502391.7211604,-21.575332641601562,18.682403564453125,4.632279396057129,80.34725952148438,83.56353759765625,77.18975830078125,72.73509216308594
1771502391.759618,-22.12945556640625,18.374113082885742,4.7822980880737305,80.8099594116211,83.94517517089844,77.25992584228516,72.1991958618164
1771502391.8101244,-23.496105194091797,17.897933959960938,4.988742828369141,81.82782745361328,84.55171966552734,77.71666717529297,70.92155456542969
1771502391.8411207,-24.18408203125,17.663915634155273,5.102288246154785,82.422607421875,84.81803131103516,77.90655517578125,70.34526062011719
1771502391.863125,-24.468982696533203,17.47370147705078,5.14166784286499,82.76354217529297,84.99803924560547,78.0362548828125,70.04224395751953
1771502391.8922958,-24.77617645263672,17.348308563232422,5.343618392944336,83.16958618164062,85.28768920898438,78.15369415283203,69.87713623046875
1771502391.9242988,-25.17650032043457,17.279626846313477,5.82289981842041,83.22254180908203,85.5443115234375,78.34306335449219,69.77934265136719
1771502391.9573672,-25.65323257446289,17.088891983032227,6.38809871673584,83.009521484375,85.64468383789062,78.67888641357422,69.789794921875
1771502391.9884946,-25.76104736328125,16.892929077148438,6.955834865570068,82.67977905273438,85.70674133300781,78.92813873291016,69.84390258789062
1771502392.0200183,-25.738086700439453,16.601085662841797,7.376110553741455,82.48147583007812,85.84646606445312,78.93270111083984,69.59806823730469
1771502392.053067,-25.70144271850586,16.305906295776367,7.687847137451172,82.04560089111328,85.82411193847656,79.0753173828125,69.50419616699219
1771502392.0861173,-25.55236053466797,16.109474182128906,7.959621429443359,81.4803466796875,85.71908569335938,79.16912841796875,69.16944122314453
1771502392.1161172,-25.615108489990234,15.817229270935059,8.03699016571045,80.87298583984375,85.50505828857422,79.51119995117188,68.88008880615234
1771502392.1593637,-25.39906120300293,15.581077575683594,8.010462760925293,79.81036376953125,85.26719665527344,79.4901351928711,68.77407836914062
1771502392.19288,-25.304725646972656,15.471061706542969,8.089296340942383,79.6737060546875,85.18599700927734,79.58515930175781,68.53870391845703
1771502392.2428794,-25.355236053466797,15.483043670654297,8.05125617980957,79.3377914428711,85.03895568847656,79.62850189208984,68.5150146484375
1771502392.275142,-25.33281707763672,15.447736740112305,8.099691390991211,79.17047882080078,85.002197265625,79.63607788085938,68.60650634765625
1771502392.3021371,-25.22940444946289,15.385551452636719,8.116830825805664,79.0738525390625,84.9842758178711,79.60081481933594,68.65611267089844
1771502392.3357906,-25.162647247314453,15.396408081054688,8.186262130737305,78.82301330566406,84.90483856201172,79.44890594482422,68.85409545898438
1771502392.3657973,-25.152740478515625,15.500877380371094,8.289518356323242,78.71302032470703,84.92101287841797,79.33633422851562,69.0412826538086
1771502392.431813,-24.98293113708496,15.629395484924316,8.436114311218262,78.62731170654297,85.05367279052734,79.07086181640625,69.27208709716797
1771502392.460817,-24.855932235717773,15.843332290649414,8.555868148803711,78.4304428100586,84.91964721679688,78.69203186035156,69.59138488769531
1771502392.4921727,-24.764984130859375,16.003816604614258,8.637094497680664,78.31301879882812,84.86692810058594,78.47888946533203,69.72649383544922
1771502392.5241594,-24.698698043823242,16.1077938079834,8.741131782531738,78.12537384033203,84.8064193725586,78.22354125976562,69.9651870727539
1771502392.5562153,-24.696529388427734,16.262758255004883,8.815058708190918,77.87400817871094,84.67904663085938,77.95046997070312,70.18321228027344
1771502392.5866437,-24.687944412231445,16.42441177368164,8.805563926696777,77.6702651977539,84.58747100830078,77.66461944580078,70.24452209472656
1771502392.6186345,-24.651580810546875,16.583038330078125,8.853931427001953,77.68604278564453,84.50904846191406,77.472412109375,70.31266021728516
1771502392.6486309,-24.626493453979492,16.732458114624023,8.920878410339355,77.6996841430664,84.44419860839844,77.19384765625,70.37007904052734
1771502392.6791492,-24.7025203704834,16.804471969604492,8.971532821655273,77.6881332397461,84.41718292236328,76.9392318725586,70.46294403076172
1771502392.7121506,-24.643491744995117,16.79879379272461,8.964998245239258,77.76152038574219,84.45067596435547,76.94932556152344,70.57157135009766
1771502392.743151,-24.57204818725586,16.804033279418945,8.961966514587402,77.8240737915039,84.47576904296875,76.98834228515625,70.6695785522461
1771502392.7746627,-24.596458435058594,16.74009895324707,8.961505889892578,77.97586059570312,84.59007263183594,77.08636474609375,70.65545654296875
1771502392.8048437,-24.664756774902344,16.741107940673828,9.015417098999023,77.97618103027344,84.63116455078125,77.101318359375,70.6242446899414
1771502392.8368425,-24.751310348510742,16.67607307434082,9.005646705627441,77.88670349121094,84.6375503540039,77.04283142089844,70.57599639892578
1771502392.8668845,-24.783679962158203,16.578392028808594,8.996343612670898,77.84276580810547,84.64635467529297,77.07270812988281,70.55640411376953
1771502392.8994856,-24.82717514038086,16.57187271118164,8.952908515930176,77.6803207397461,84.5029067993164,77.04576110839844,70.52166748046875
1771502392.9304876,-24.97455406188965,16.581165313720703,8.963388442993164,77.56377410888672,84.42674255371094,77.01610565185547,70.51838684082031
1771502392.9612074,-25.020206451416016,16.626073837280273,8.954299926757812,77.4145736694336,84.29852294921875,76.79175567626953,70.48796081542969
1771502392.9930506,-25.13103675842285,16.667409896850586,8.92794418334961,77.31742858886719,84.24402618408203,76.72366333007812,70.44935607910156
1771502393.0250497,-25.239212036132812,16.5986270904541,8.85211181640625,77.13665008544922,84.18433380126953,76.75678253173828,70.38587951660156
1771502393.0580566,-25.33852767944336,16.571941375732422,8.851962089538574,77.03604888916016,84.1246566772461,76.61279296875,70.38253784179688
1771502393.1045709,-25.412944793701172,16.40930938720703,8.856549263000488,76.92842102050781,84.1056137084961,76.66001892089844,70.23097229003906
1771502393.1376038,-25.55997085571289,16.297443389892578,8.79251766204834,76.9626235961914,84.06097412109375,76.71784210205078,70.2623291015625
1771502393.1661143,-25.628082275390625,16.36652183532715,8.808354377746582,76.8908920288086,83.96287536621094,76.61372375488281,70.31398010253906
1771502393.1967163,-25.704328536987305,16.219350814819336,8.828644752502441,76.73686218261719,83.93020629882812,76.58879089355469,70.31228637695312
1771502393.228717,-25.696781158447266,16.03921127319336,8.837032318115234,76.88897705078125,84.04331970214844,76.56514739990234,70.28285217285156
1771502393.2607355,-25.657392501831055,15.689881324768066,8.774171829223633,77.13978576660156,84.18462371826172,76.66288757324219,70.07988739013672
1771502393.2919843,-25.68375015258789,15.573202133178711,8.740877151489258,77.28551483154297,84.29914855957031,76.69393920898438,69.93620300292969
1771502393.321984,-25.694320678710938,15.636232376098633,8.732864379882812,77.41494750976562,84.30891418457031,76.47772216796875,69.79032135009766
1771502393.3599818,-25.707725524902344,16.005897521972656,8.883830070495605,77.34480285644531,84.1482925415039,75.80081176757812,69.76473999023438
1771502393.392235,-25.76705551147461,16.275527954101562,9.004762649536133,77.24259185791016,83.9097900390625,75.15061950683594,69.77598571777344
1771502393.4252224,-25.630414962768555,16.512409210205078,9.144708633422852,77.15638732910156,83.75653076171875,74.67716217041016,69.83350372314453
1771502393.456224,-25.529870986938477,16.81070899963379,9.373464584350586,77.0242691040039,83.55508422851562,74.23810577392578,69.82471466064453
1771502393.4887407,-25.560285568237305,16.969600677490234,9.555314064025879,76.87283325195312,83.41307067871094,74.00926971435547,69.8901138305664
1771502393.5377643,-25.589656829833984,17.255861282348633,9.65647029876709,76.83797454833984,83.39000701904297,73.98226928710938,69.87358093261719
1771502393.56883,-25.554718017578125,17.361316680908203,9.69521713256836,76.69935607910156,83.26995849609375,73.90072631835938,69.9233627319336
1771502393.5893116,-25.543045043945312,17.40053367614746,9.720090866088867,76.64579010009766,83.23103332519531,73.8575439453125,69.9380874633789
1771502393.6204035,-25.497583389282227,17.482101440429688,9.758588790893555,76.52136993408203,83.14635467529297,73.69293212890625,70.01607513427734
1771502393.6534083,-25.414539337158203,17.318159103393555,9.828160285949707,76.42535400390625,83.09632873535156,73.71726989746094,69.99466705322266
1771502393.6839132,-25.275360107421875,17.3681640625,9.84600830078125,76.3763198852539,83.07946014404297,73.65360260009766,70.05078887939453
1771502393.7159114,-25.120323181152344,17.374019622802734,9.887307167053223,76.29212188720703,83.02058410644531,73.51747131347656,70.1308364868164
1771502393.7592945,-24.975496292114258,17.35413360595703,9.9030179977417,76.2376708984375,82.98225402832031,73.58209228515625,70.17814636230469
1771502393.7924745,-24.957237243652344,17.24431037902832,9.864919662475586,76.21302032470703,82.9976577758789,73.70081329345703,70.14518737792969
1771502393.8234675,-24.867372512817383,17.17757225036621,9.784736633300781,76.14958953857422,82.99624633789062,73.87930297851562,70.19471740722656
1771502393.8564749,-24.518131256103516,17.123899459838867,9.701150894165039,76.26090240478516,83.00923919677734,74.1674575805664,70.16888427734375
1771502393.8874102,-24.46669578552246,17.00672721862793,9.61835765838623,76.34152221679688,83.03630065917969,74.33382415771484,70.1611328125
1771502393.9200296,-24.369367599487305,16.916513442993164,9.514137268066406,76.49111938476562,83.05784606933594,74.43052673339844,70.00797271728516
1771502393.9728382,-24.301250457763672,16.725223541259766,9.36715030670166,76.83503723144531,83.2498550415039,74.89762878417969,69.75745391845703
1771502394.0011377,-24.20441436767578,16.515975952148438,9.212835311889648,77.17863464355469,83.44847869873047,75.3394546508789,69.52589416503906
1771502394.0281367,-24.203262329101562,16.354427337646484,9.051908493041992,77.45771789550781,83.63969421386719,75.71202087402344,69.34959411621094
1771502394.0581388,-24.1956729888916,16.305736541748047,8.991403579711914,77.59684753417969,83.70195007324219,75.86648559570312,69.2342758178711
1771502394.0906565,-24.202890396118164,16.151607513427734,8.858434677124023,77.92362976074219,83.9523696899414,76.08538818359375,68.95875549316406
1771502394.1220496,-23.937114715576172,16.08363151550293,8.807828903198242,78.08180236816406,84.08345031738281,76.2141342163086,68.66498565673828
1771502394.1636906,-24.027523040771484,15.922492027282715,8.673091888427734,78.12454223632812,84.17932891845703,76.60691833496094,68.34589385986328
1771502394.191198,-24.203155517578125,15.838162422180176,8.509251594543457,78.10568237304688,84.19532775878906,76.84190368652344,68.13353729248047
1771502394.2247255,-24.24781608581543,15.62984848022461,8.31931209564209,78.17401123046875,84.17617797851562,77.0892562866211,68.00016021728516
1771502394.2557719,-24.429351806640625,15.540342330932617,8.169851303100586,78.60144805908203,84.29253387451172,77.36369323730469,67.90357971191406
1771502394.286871,-24.57535743713379,15.096396446228027,7.966856479644775,79.30400085449219,84.61029052734375,77.7021484375,67.55966186523438
1771502394.319871,-25.00327491760254,14.868995666503906,7.976052284240723,79.37319946289062,84.7883529663086,77.8265609741211,67.53158569335938
1771502394.3518682,-25.49110984802246,14.87984561920166,8.0171537399292,79.16154479980469,84.73330688476562,77.79212951660156,67.51580810546875
1771502394.4043863,-26.424888610839844,15.013144493103027,7.975803375244141,79.0459976196289,84.69802856445312,77.91148376464844,67.32828521728516
1771502394.4323828,-26.511953353881836,15.217891693115234,8.006842613220215,78.86796569824219,84.5761947631836,77.60906982421875,67.19542694091797
1771502394.4634025,-26.621109008789062,15.627331733703613,8.105481147766113,78.6332015991211,84.4007339477539,77.00965881347656,66.8938217163086
1771502394.494903,-26.61602210998535,16.061614990234375,8.272665023803711,78.29081726074219,84.08507537841797,76.04519653320312,66.66975402832031
1771502394.5259857,-26.606117248535156,16.3746395111084,8.432733535766602,77.79930877685547,83.71405792236328,75.27169799804688,66.694091796875
1771502394.5609462,-26.471637725830078,16.534957885742188,8.563282012939453,77.76573181152344,83.68965148925781,75.18830871582031,66.5572280883789
1771502394.594363,-26.332183837890625,16.51824951171875,8.668375015258789,77.67213439941406,83.62150573730469,75.14422607421875,66.7751235961914
1771502394.6243818,-26.139244079589844,16.67860221862793,8.824127197265625,77.43572998046875,83.39891052246094,74.77381134033203,67.03005981445312
1771502394.656387,-26.001319885253906,16.868858337402344,9.048813819885254,77.308837890625,83.17721557617188,74.37979125976562,67.14474487304688
1771502394.686898,-25.92839813232422,16.919994354248047,9.149286270141602,77.06013488769531,82.93934631347656,73.92161560058594,67.2958984375
1771502394.7198985,-26.048837661743164,16.948619842529297,9.03575325012207,77.10015869140625,83.02879333496094,74.21353149414062,67.29582977294922
1771502394.7518952,-26.160480499267578,17.048797607421875,9.046430587768555,77.17279052734375,83.04238891601562,74.18993377685547,67.22108459472656
1771502394.7835329,-26.305341720581055,17.05933380126953,8.973993301391602,77.20984649658203,83.08656311035156,74.1383056640625,67.05903625488281
1771502394.8315332,-26.394046783447266,17.319427490234375,8.969429016113281,76.95008850097656,82.90894317626953,73.76690673828125,66.83944702148438
1771502394.8645911,-26.503755569458008,17.66352081298828,9.07778549194336,76.95767211914062,82.77780151367188,73.54238891601562,66.82183074951172
1771502394.886108,-26.516735076904297,17.858783721923828,9.16196346282959,76.8534927368164,82.69109344482422,73.42146301269531,66.79615783691406
1771502394.9161959,-26.49260902404785,18.35623550415039,9.408068656921387,76.7798843383789,82.55120849609375,73.18122863769531,66.86052703857422
1771502394.9602692,-26.315645217895508,18.39431381225586,9.716739654541016,76.5166244506836,82.28147888183594,72.7677001953125,67.33894348144531
1771502394.9922385,-26.23586082458496,18.315513610839844,9.766115188598633,76.37957763671875,82.16836547851562,72.70265197753906,67.79606628417969
1771502395.0273314,-26.205331802368164,17.94493865966797,9.56997013092041,76.5901107788086,82.36590576171875,73.0311050415039,68.27416229248047
1771502395.0573306,-26.137863159179688,17.712810516357422,9.467557907104492,76.6380386352539,82.39051818847656,73.37583923339844,68.4734878540039
1771502395.087849,-25.964496612548828,16.927343368530273,9.090024948120117,76.9637680053711,82.55916595458984,74.75347900390625,68.62984466552734
1771502395.1198487,-25.78670310974121,16.511917114257812,8.793278694152832,76.96022033691406,82.64815521240234,75.53560638427734,68.5670394897461
1771502395.1518488,-25.771211624145508,16.15703010559082,8.565498352050781,76.96074676513672,82.64618682861328,75.87108612060547,68.65736389160156
1771502395.1843588,-25.69278907775879,15.913671493530273,8.290913581848145,76.73329162597656,82.53792572021484,76.19694519042969,68.95525360107422
1771502395.2173731,-25.633169174194336,15.611225128173828,8.070657730102539,76.69511413574219,82.5404281616211,76.73480224609375,68.86080932617188
1771502395.2663767,-25.279720306396484,14.496511459350586,7.562707901000977,77.10307312011719,82.76638793945312,78.55265808105469,68.8147964477539
1771502395.2968924,-24.10782814025879,12.887211799621582,6.618477821350098,77.19902801513672,82.71834564208984,80.11212921142578,68.62593841552734
1771502395.3259053,-22.356359481811523,11.6324462890625,6.067718505859375,77.38760375976562,82.8227310180664,80.86200714111328,68.5704345703125
1771502395.3599324,-19.111005783081055,10.142544746398926,5.524409294128418,76.61421966552734,82.513427734375,80.97999572753906,70.63505554199219
1771502395.3924444,-14.703110694885254,9.005464553833008,5.706192493438721,75.66509246826172,81.91275787353516,80.2212905883789,72.39147186279297
1771502395.4234421,-12.182558059692383,8.74752426147461,5.868610382080078,74.71003723144531,81.16207885742188,79.69670867919922,73.7519760131836
1771502395.4564452,-9.854453086853027,8.425917625427246,6.3545355796813965,74.17024993896484,80.50773620605469,78.94481658935547,74.51548767089844
1771502395.4869602,-8.449979782104492,8.24278450012207,6.59578275680542,73.48359680175781,79.74267578125,78.05679321289062,75.44686126708984
1771502395.518956,-9.111308097839355,7.999370574951172,6.608145713806152,73.08108520507812,79.6827621459961,78.16791534423828,75.76152801513672
1771502395.5519578,-9.509736061096191,7.841630935668945,6.560323715209961,72.75474548339844,79.60633850097656,78.2144546508789,75.90034484863281
1771502395.5844896,-9.318615913391113,7.754820823669434,6.614257335662842,72.47023010253906,79.45527648925781,78.10042572021484,76.04736328125
1771502395.6164877,-9.358839988708496,7.7372541427612305,6.651810646057129,72.48168182373047,79.51713562011719,78.18862915039062,76.12568664550781
1771502395.647488,-9.202155113220215,7.67962646484375,6.699934005737305,72.36554718017578,79.488525390625,78.18531799316406,76.19192504882812
1771502395.7004302,-9.656163215637207,7.6035051345825195,6.588510513305664,72.30183410644531,79.49100494384766,78.38529205322266,76.1629638671875
1771502395.7294307,-9.723526954650879,7.606321334838867,6.555234909057617,72.27462768554688,79.52584838867188,78.40613555908203,76.12382507324219
1771502395.7592192,-9.797942161560059,7.6815643310546875,6.485499858856201,72.32112121582031,79.62859344482422,78.49385070800781,75.95375061035156
1771502395.7907448,-10.143309593200684,7.6577348709106445,6.398366928100586,72.37091827392578,79.76351165771484,78.67786407470703,75.71475982666016
1771502395.8237379,-9.818364143371582,7.5829057693481445,6.50673246383667,72.46157836914062,79.78507995605469,78.5701904296875,75.58756256103516
1771502395.8557403,-9.853357315063477,7.609867095947266,6.534099578857422,72.74639129638672,79.98832702636719,78.65815734863281,75.25355529785156
1771502395.8911383,-10.056821823120117,7.591101169586182,6.52678918838501,73.01543426513672,80.19539642333984,78.81302642822266,74.90373229980469
1771502395.9241402,-10.571731567382812,7.497127532958984,6.456125736236572,73.4218978881836,80.5686264038086,79.1125259399414,74.45001220703125
1771502395.9571426,-11.480059623718262,7.440678596496582,6.317749977111816,73.59819793701172,80.84747314453125,79.48717498779297,74.16160583496094
1771502395.9877799,-12.528039932250977,7.352354049682617,6.174693584442139,73.83242797851562,81.10623931884766,79.77257537841797,74.01620483398438
1771502396.0195382,-13.343290328979492,7.232870101928711,5.971083164215088,74.13450622558594,81.48817443847656,80.13655090332031,73.76240539550781
1771502396.0505385,-14.067972183227539,7.238531589508057,5.779727935791016,74.30297088623047,81.6689682006836,80.47889709472656,73.54055786132812
1771502396.0820496,-14.508318901062012,7.079467296600342,5.5533223152160645,74.64181518554688,81.95496368408203,80.62454223632812,73.48372650146484
1771502396.1300437,-14.819892883300781,7.062309741973877,5.425949573516846,74.4839859008789,81.85252380371094,80.95549011230469,73.46406555175781
1771502396.162055,-15.113624572753906,6.982891082763672,5.360954761505127,74.61788940429688,81.93514251708984,81.01410675048828,73.5578384399414
1771502396.1915548,-15.417469024658203,6.93398380279541,5.2797441482543945,74.49674987792969,81.87496185302734,81.21464538574219,73.63253784179688
1771502396.2245526,-15.657840728759766,6.840780735015869,5.298715591430664,74.60328674316406,81.95723724365234,81.38941955566406,73.63028717041016
1771502396.255561,-15.951566696166992,6.823638916015625,5.239817142486572,74.56634521484375,81.99226379394531,81.68378448486328,73.55445098876953
1771502396.2870855,-16.47205924987793,6.679214000701904,5.101033687591553,74.5894546508789,82.02537536621094,82.05005645751953,73.54925537109375
1771502396.3200834,-16.492788314819336,6.6393537521362305,5.105508327484131,74.52983856201172,81.99577331542969,82.1710205078125,73.54082489013672
1771502396.353171,-16.457902908325195,6.704568386077881,5.060546398162842,74.57413482666016,81.98753356933594,82.17321014404297,73.3323974609375
1771502396.383686,-16.51950454711914,6.725469589233398,5.022127151489258,74.52861022949219,82.0405044555664,82.29908752441406,73.15692138671875
1771502396.4162068,-16.64301109313965,6.728296279907227,4.984178066253662,74.61308288574219,82.13890075683594,82.29237365722656,73.00074768066406
1771502396.448285,-16.728023529052734,6.762153148651123,4.922867298126221,74.79060363769531,82.2552719116211,82.42291259765625,72.79827880859375
1771502396.480294,-16.94207763671875,6.7840471267700195,4.822371959686279,74.88733673095703,82.37835693359375,82.62203216552734,72.56292724609375
1771502396.5283363,-17.19947052001953,6.800230979919434,4.780016899108887,74.90657043457031,82.42794799804688,82.78255462646484,72.291748046875
1771502396.5623393,-17.24717903137207,6.873729705810547,4.766702175140381,74.89057159423828,82.4090576171875,82.91012573242188,72.25493621826172
1771502396.5918713,-17.377994537353516,6.929638385772705,4.749924659729004,75.07935333251953,82.53459167480469,83.007568359375,72.10352325439453
1771502396.6248758,-17.72978973388672,6.903653621673584,4.695272445678711,75.4325942993164,82.71263885498047,83.03956604003906,71.86012268066406
1771502396.6558654,-17.919044494628906,6.880899429321289,4.6846089363098145,75.67059326171875,82.94293212890625,82.95832824707031,71.41766357421875
1771502396.6883903,-18.12075424194336,6.865584373474121,4.675076007843018,75.93899536132812,83.10912322998047,82.90211486816406,71.14413452148438
1771502396.7193859,-18.022287368774414,6.905696868896484,4.707202434539795,75.97747802734375,83.23953247070312,82.75865936279297,70.91481018066406
1771502396.750387,-17.971668243408203,6.8894453048706055,4.693363666534424,76.02404022216797,83.29296875,82.68490600585938,70.89617156982422
1771502396.7839057,-17.92148780822754,6.917200088500977,4.730740547180176,76.02430725097656,83.27113342285156,82.59896850585938,70.99583435058594
1771502396.8169062,-17.83286476135254,6.969997882843018,4.840584754943848,76.06452178955078,83.2692642211914,82.4443588256836,71.08858489990234
1771502396.8479073,-18.05221176147461,7.012197971343994,4.787927627563477,76.09519958496094,83.3708724975586,82.5405044555664,71.01109313964844
1771502396.880434,-18.304855346679688,7.052003860473633,4.681488037109375,76.1033935546875,83.38729095458984,82.67599487304688,70.8895263671875
1771502396.9114606,-18.48716926574707,7.075863838195801,4.612236499786377,76.0779800415039,83.45179748535156,82.84385681152344,70.80735778808594
1771502396.95946,-18.577823638916016,7.118903160095215,4.531631946563721,76.05667114257812,83.42383575439453,83.14970397949219,70.64945220947266
1771502396.9966743,-18.5006160736084,7.126366138458252,4.502081394195557,76.02433013916016,83.42314147949219,83.189697265625,70.58856964111328
1771502397.0246737,-18.455900192260742,7.040870666503906,4.536736965179443,75.92413330078125,83.34963989257812,83.10256958007812,70.6649169921875
1771502397.056681,-18.428449630737305,7.047441005706787,4.551146507263184,75.86151123046875,83.29894256591797,82.96468353271484,70.77725982666016
1771502397.0891912,-18.56619644165039,7.0889177322387695,4.572092533111572,75.79203796386719,83.22824096679688,83.00764465332031,70.76637268066406
1771502397.1191854,-18.54485321044922,7.128483295440674,4.5451154708862305,75.69280242919922,83.13816833496094,83.04015350341797,70.7240982055664
1771502397.1511855,-18.57286834716797,7.193720817565918,4.5409135818481445,75.74893951416016,83.15111541748047,83.12078094482422,70.63517761230469
1771502397.1838171,-18.678848266601562,7.201473236083984,4.44806432723999,75.66594696044922,83.05364227294922,83.1732406616211,70.62677001953125
1771502397.2188256,-18.853242874145508,7.242202281951904,4.427971363067627,75.49478912353516,82.90390014648438,83.20941162109375,70.69757843017578
1771502397.2478185,-18.875823974609375,7.254552841186523,4.447244167327881,75.45170593261719,82.87014770507812,83.13261413574219,70.77764892578125
1771502397.2793512,-18.826339721679688,7.240800857543945,4.398603916168213,75.53441619873047,82.95325469970703,83.0484390258789,70.7798843383789
1771502397.3103435,-18.873180389404297,7.222404479980469,4.418224811553955,75.56156158447266,83.0152587890625,82.98223876953125,70.80164337158203
1771502397.34335,-18.902252197265625,7.195235729217529,4.387337684631348,75.5976333618164,83.07693481445312,82.9157943725586,70.78543853759766
1771502397.3914986,-18.880741119384766,7.200676918029785,4.399410724639893,75.66825103759766,83.04022216796875,82.94702911376953,70.93350219726562
1771502397.4244924,-18.971065521240234,7.215640068054199,4.315742492675781,75.62943267822266,83.02080535888672,82.9958724975586,70.96293640136719
1771502397.4555018,-19.020336151123047,7.270736217498779,4.233351230621338,75.69863891601562,83.05316162109375,83.06851959228516,70.91146850585938
1771502397.4875338,-19.152559280395508,7.261810302734375,4.222524642944336,75.72029876708984,83.05240631103516,83.1058349609375,70.91993713378906
1771502397.5206017,-19.020130157470703,7.243043899536133,4.290775299072266,75.72779083251953,83.06684112548828,83.10801696777344,70.94343566894531
1771502397.5511217,-19.08427619934082,7.268980503082275,4.277864933013916,75.71842193603516,83.04534912109375,83.14654541015625,70.80570983886719
1771502397.5861435,-18.965192794799805,7.252378463745117,4.324972152709961,75.71634674072266,83.088623046875,83.14080810546875,70.68195343017578
1771502397.616145,-18.9532413482666,7.326480865478516,4.393362998962402,75.70714569091797,83.09356689453125,83.08356475830078,70.76842498779297
1771502397.6491423,-19.11151695251465,7.372268199920654,4.361758708953857,75.7381362915039,83.0489273071289,83.13121795654297,70.73802185058594
1771502397.67967,-18.980693817138672,7.421437740325928,4.376396656036377,75.75283813476562,83.05409240722656,83.09323120117188,70.76555633544922
1771502397.7116659,-18.976091384887695,7.477860927581787,4.324122428894043,75.71160125732422,83.04852294921875,83.11316680908203,70.71914672851562
1771502397.743663,-18.961467742919922,7.530854225158691,4.436534404754639,75.72188568115234,83.0477294921875,83.02408599853516,70.72988891601562
1771502397.776112,-19.019914627075195,7.559101104736328,4.422027587890625,75.63397979736328,82.99881744384766,83.10358428955078,70.59403991699219
1771502397.821446,-19.21194076538086,7.523592472076416,4.408085346221924,75.56893157958984,82.93855285644531,83.23588562011719,70.48286437988281
1771502397.8815382,-19.420978546142578,7.522241592407227,4.252053260803223,75.4705581665039,82.85723876953125,83.36672973632812,70.39169311523438
1771502397.9135373,-19.35795021057129,7.578007698059082,4.363584995269775,75.5146713256836,82.8754653930664,83.3200912475586,70.40240478515625
1771502397.9445388,-19.457439422607422,7.625518321990967,4.329982757568359,75.49027252197266,82.83733367919922,83.36177825927734,70.36896514892578
1771502397.9750454,-19.472625732421875,7.7119622230529785,4.380688190460205,75.45391082763672,82.79501342773438,83.32310485839844,70.46021270751953
1771502398.006053,-19.591720581054688,7.737001419067383,4.387450218200684,75.37211608886719,82.77837371826172,83.31220245361328,70.45472717285156
1771502398.0380504,-19.707441329956055,7.739925384521484,4.381804943084717,75.33342742919922,82.77852630615234,83.29366302490234,70.51871490478516
1771502398.0690577,-19.766324996948242,7.714836120605469,4.374624252319336,75.2984619140625,82.77803039550781,83.36546325683594,70.58771514892578
1771502398.0976355,-19.733661651611328,7.754068374633789,4.378882884979248,75.26266479492188,82.77457427978516,83.35362243652344,70.62841033935547
1771502398.1286356,-19.795034408569336,7.735739707946777,4.319631099700928,75.31639099121094,82.77734375,83.3399658203125,70.6991958618164
1771502398.1606426,-19.85169792175293,7.697267055511475,4.324416637420654,75.3553237915039,82.8197021484375,83.35513305664062,70.72479248046875
1771502398.1921513,-19.830368041992188,7.632701873779297,4.338830471038818,75.42422485351562,82.8469467163086,83.37955474853516,70.66939544677734
1771502398.22315,-19.677457809448242,7.544907569885254,4.360068321228027,75.35725402832031,82.8723373413086,83.3036117553711,70.7539291381836
1771502398.2561498,-19.612899780273438,7.513411521911621,4.256206035614014,75.30001831054688,82.7987060546875,83.16046142578125,70.78548431396484
1771502398.2896657,-19.400814056396484,7.422309875488281,4.2274394035339355,75.31420135498047,82.79783630371094,83.0669174194336,70.8559341430664
1771502398.321666,-19.003332138061523,7.331596851348877,4.294681549072266,75.32390594482422,82.84850311279297,82.77583312988281,70.92640686035156
1771502398.3516939,-18.885150909423828,7.28053092956543,4.259317398071289,75.27516174316406,82.82777404785156,82.57162475585938,71.12738037109375
1771502398.3872113,-18.895065307617188,7.359136581420898,4.1510210037231445,75.1812973022461,82.73724365234375,82.41361236572266,71.47581481933594
1771502398.4152112,-18.946889877319336,7.387242794036865,4.155767440795898,75.13694763183594,82.72718811035156,82.43260955810547,71.52525329589844
1771502398.447872,-18.963327407836914,7.458529472351074,4.231093406677246,75.17584228515625,82.79476165771484,82.33535766601562,71.66790771484375
1771502398.4804096,-19.067649841308594,7.260140895843506,4.194580554962158,75.2984848022461,83.05821228027344,82.21468353271484,71.72052764892578
1771502398.5134048,-19.061077117919922,7.202254295349121,4.100758075714111,75.20012664794922,83.08577728271484,82.23096466064453,71.63850402832031
1771502398.5444562,-18.780359268188477,7.101912498474121,4.011569023132324,75.23847961425781,83.1359634399414,82.21965026855469,71.61144256591797
1771502398.5759263,-18.778173446655273,7.127262592315674,3.940955638885498,75.23016357421875,83.14226531982422,82.30121612548828,71.51537322998047
1771502398.6074684,-18.891935348510742,7.198323726654053,3.849273681640625,75.06758117675781,83.02960205078125,82.44620513916016,71.47412109375
1771502398.640523,-19.094419479370117,7.338051795959473,3.7104759216308594,74.99793243408203,82.94457244873047,82.66839599609375,71.36822509765625
1771502398.688595,-19.94622802734375,7.696891784667969,3.5988729000091553,75.0709228515625,82.84611511230469,82.84307098388672,71.01351928710938
1771502398.7235873,-20.397825241088867,7.887744903564453,3.5601444244384766,75.12506103515625,82.72499084472656,82.45295715332031,71.05412292480469
1771502398.757589,-20.57638168334961,8.229080200195312,3.6301956176757812,75.3468017578125,82.87751770019531,82.20280456542969,70.61575317382812
1771502398.7881203,-20.806177139282227,8.840591430664062,3.8760509490966797,75.90277099609375,83.15117645263672,81.95758056640625,69.98716735839844
1771502398.8191097,-21.15646743774414,9.59019947052002,4.029924392700195,76.77268981933594,83.4175033569336,81.49930572509766,69.34107971191406
1771502398.8501163,-21.47433853149414,10.367420196533203,4.190152645111084,77.37106323242188,83.6193618774414,80.9686508178711,69.17068481445312
1771502398.8816364,-21.809452056884766,10.936849594116211,4.278216361999512,78.11156463623047,83.73587036132812,80.63005065917969,69.16678619384766
1771502398.9126437,-22.32117462158203,11.504629135131836,4.401266098022461,78.4062728881836,83.67889404296875,80.34347534179688,69.09403991699219
1771502398.9446359,-22.564342498779297,11.845789909362793,4.559754371643066,78.59361267089844,83.6539077758789,80.0582275390625,69.11241912841797
1771502398.9775836,-22.571971893310547,11.949621200561523,4.6616339683532715,78.86248779296875,83.706787109375,79.91803741455078,69.02677917480469
1771502399.0077658,-22.71355438232422,12.072102546691895,4.74954891204834,79.0516128540039,83.69036865234375,79.7354965209961,68.88997650146484
1771502399.041768,-22.813756942749023,12.051627159118652,4.855146408081055,79.09786987304688,83.6897964477539,79.73503875732422,68.86408996582031
1771502399.0727715,-22.945148468017578,12.00491714477539,4.823683738708496,79.08975982666016,83.66807556152344,79.83319091796875,68.76607513427734
1771502399.119315,-22.937408447265625,11.82957935333252,4.722875118255615,79.26219940185547,83.67759704589844,79.98709106445312,68.60883331298828
1771502399.155349,-23.068042755126953,11.72516918182373,4.656734943389893,79.20833587646484,83.67706298828125,80.14930725097656,68.24774169921875
1771502399.1838295,-23.13487434387207,11.693124771118164,4.620964527130127,79.25210571289062,83.70011901855469,80.18475341796875,68.07101440429688
1771502399.2414129,-23.341053009033203,11.703460693359375,4.524221420288086,79.39637756347656,83.7677230834961,80.34884643554688,67.52366638183594
1771502399.2734156,-23.291303634643555,11.676799774169922,4.516505241394043,79.43693542480469,83.85520935058594,80.39037322998047,67.35487365722656
1771502399.302968,-23.23379898071289,11.698257446289062,4.515059947967529,79.40543365478516,83.90751647949219,80.45889282226562,67.25726318359375
1771502399.3339746,-23.27686882019043,11.765928268432617,4.543552398681641,79.46308135986328,83.9959487915039,80.41706085205078,67.22512817382812
1771502399.3664865,-23.463123321533203,11.835331916809082,4.547243595123291,79.50471496582031,83.89337158203125,80.4063949584961,67.37345886230469
1771502399.3985982,-23.58475685119629,11.943979263305664,4.593045711517334,79.56925964355469,83.99527740478516,80.21659851074219,67.488037109375
1771502399.429547,-23.681442260742188,12.3505277633667,4.630393981933594,79.65286254882812,84.05699157714844,79.89415740966797,67.72688293457031
1771502399.460546,-23.854530334472656,13.200274467468262,4.735773086547852,79.58876037597656,84.03563690185547,79.4961929321289,68.01451110839844
1771502399.491116,-23.725255966186523,14.278878211975098,4.90895938873291,79.58863830566406,84.07127380371094,78.73562622070312,68.13908386230469
1771502399.5221045,-23.626487731933594,14.98779296875,5.059590816497803,79.72489929199219,84.21505737304688,78.24464416503906,68.28201293945312
1771502399.553102,-23.611127853393555,15.448084831237793,5.149065017700195,79.85701751708984,84.36772918701172,78.01396179199219,68.35958862304688
1771502399.589128,-23.59012794494629,15.952350616455078,5.243048667907715,79.95671844482422,84.36526489257812,77.66452026367188,68.4260482788086
1771502399.6151242,-23.476213455200195,16.55328369140625,5.546735763549805,79.8759994506836,84.23242950439453,77.08573913574219,68.62862396240234
1771502399.6480749,-23.392736434936523,16.74173927307129,5.660848617553711,80.04882049560547,84.37076568603516,76.99176788330078,68.75524139404297
1771502399.6805913,-23.234142303466797,16.771095275878906,5.6226701736450195,80.16345977783203,84.45660400390625,76.97193145751953,68.80146789550781
1771502399.7126675,-23.155277252197266,16.960281372070312,5.633896827697754,80.48416137695312,84.67850494384766,77.08287811279297,68.89070129394531
1771502399.7447035,-23.01999855041504,17.218107223510742,5.685111045837402,80.53074645996094,84.73280334472656,76.88645935058594,68.98198699951172
1771502399.774878,-22.924894332885742,17.615360260009766,5.7504777908325195,80.47636413574219,84.64897155761719,76.39602661132812,69.2156982421875
1771502399.808429,-22.726774215698242,18.016021728515625,5.90110445022583,80.44754791259766,84.52759552001953,75.84661102294922,69.66535949707031
1771502399.8395169,-22.67742156982422,18.256591796875,5.938249588012695,80.36984252929688,84.42933654785156,75.56703186035156,69.85563659667969
1771502399.8715508,-22.846004486083984,18.9482479095459,6.21591854095459,80.37723541259766,84.14179992675781,74.78114318847656,70.16304779052734
1771502399.903965,-22.987220764160156,19.179180145263672,6.4075422286987305,80.52483367919922,84.13385009765625,74.36067199707031,70.2110595703125
1771502399.9359608,-23.106935501098633,19.4143123626709,6.574975490570068,80.70325469970703,84.21822357177734,74.19575500488281,70.34810638427734
1771502399.9847586,-23.22774314880371,19.458297729492188,6.712929725646973,81.098876953125,84.29171752929688,74.31212615966797,70.5619888305664
1771502400.0204277,-23.276580810546875,19.430233001708984,6.746208190917969,81.1884536743164,84.30481719970703,74.35398864746094,70.59420776367188
1771502400.0534225,-23.343364715576172,19.52674102783203,6.739253520965576,81.12712097167969,84.23441314697266,74.29901123046875,70.6141128540039
1771502400.083941,-23.317054748535156,19.584882736206055,6.798336505889893,80.95474243164062,84.12283325195312,74.36636352539062,70.65348815917969
1771502400.1159396,-23.339860916137695,19.788707733154297,6.920010566711426,80.66761779785156,83.83419799804688,74.1487808227539,70.80294799804688
1771502400.146938,-23.347654342651367,19.84249496459961,6.985632419586182,80.41563415527344,83.6492919921875,74.00572204589844,70.88900756835938
1771502400.1770203,-23.549795150756836,19.76761245727539,6.893832206726074,80.33163452148438,83.62244415283203,73.98505401611328,70.86785888671875
1771502400.2110312,-23.683250427246094,19.79174041748047,6.890647888183594,80.05032348632812,83.44149017333984,73.93704223632812,70.86375427246094
1771502400.2420287,-23.714027404785156,19.82073211669922,6.924577713012695,79.8671875,83.252685546875,73.92042541503906,70.93766784667969
1771502400.2730405,-23.813922882080078,19.716352462768555,6.9696455001831055,79.86930084228516,83.19781494140625,73.95616912841797,70.96204376220703
1771502400.305148,-23.900388717651367,19.55377197265625,6.834565162658691,79.78341674804688,83.2406005859375,74.23917388916016,70.97954559326172
1771502400.336146,-23.863365173339844,19.490331649780273,6.773799419403076,79.67144012451172,83.16321563720703,74.44892883300781,70.91815185546875
1771502400.3681512,-23.988155364990234,19.27791404724121,6.692257404327393,79.63755798339844,83.2753677368164,74.65404510498047,70.76705169677734
1771502400.4156888,-23.84757423400879,19.23482894897461,6.65343713760376,79.5992660522461,83.20477294921875,74.65836334228516,70.682373046875
1771502400.453681,-24.039573669433594,19.24350929260254,6.664495944976807,79.50758361816406,83.20789337158203,74.63348388671875,70.48176574707031
1771502400.4802113,-23.96772575378418,19.275375366210938,6.721499443054199,79.4744873046875,83.19990539550781,74.68840026855469,70.46195220947266
1771502400.5122101,-23.965862274169922,19.363929748535156,6.765503883361816,79.33626556396484,83.13850402832031,74.7628173828125,70.5250015258789
1771502400.5440464,-23.908098220825195,19.425922393798828,6.9098663330078125,79.30806732177734,83.17445373535156,74.87174224853516,70.47999572753906
1771502400.6016421,-23.817676544189453,19.511375427246094,6.896500587463379,79.15899658203125,83.10112762451172,74.96261596679688,70.32772064208984
1771502400.6326506,-23.740917205810547,19.49916648864746,6.952981472015381,79.18199157714844,83.13848114013672,74.96610260009766,70.27935791015625
1771502400.6636505,-23.732725143432617,19.51471710205078,6.979218006134033,79.16810607910156,83.10265350341797,75.05342864990234,70.27429962158203
1771502400.6931596,-23.776395797729492,19.506160736083984,7.023093223571777,79.1376724243164,83.04242706298828,75.04647827148438,70.22337341308594
1771502400.7265608,-23.76413917541504,19.539695739746094,7.086219310760498,79.0609130859375,82.95423126220703,74.97974395751953,70.23336791992188
1771502400.7561653,-23.769594192504883,19.569515228271484,7.123193740844727,78.87704467773438,82.7790756225586,74.90275573730469,70.2320556640625
1771502400.7886815,-23.78070831298828,19.461999893188477,7.037781715393066,78.9410400390625,82.84327697753906,75.01544189453125,70.23336029052734
1771502400.819734,-23.765844345092773,19.607728958129883,7.025533199310303,78.81497955322266,82.70697021484375,74.9777603149414,70.07303619384766
1771502400.8512983,-23.79184913635254,19.551788330078125,7.047131538391113,78.96907806396484,82.85162353515625,75.1488265991211,70.06283569335938
1771502400.8838036,-23.662992477416992,19.574743270874023,7.055682182312012,78.99625396728516,82.810302734375,75.11601257324219,70.00593566894531
1771502400.9118102,-23.678735733032227,19.52529525756836,7.1792802810668945,79.16243743896484,82.89962768554688,75.16666412353516,70.13706970214844
1771502400.9438024,-23.6092529296875,19.562990188598633,7.177224159240723,79.27040100097656,82.9316635131836,75.2525634765625,70.21769714355469
1771502400.9787376,-23.51616096496582,19.509449005126953,7.123345851898193,79.52232360839844,83.16159057617188,75.40656280517578,70.18135070800781
1771502401.0090663,-23.412212371826172,19.471895217895508,7.046896934509277,79.63636016845703,83.23928833007812,75.56648254394531,70.22338104248047
1771502401.0417864,-23.339641571044922,19.39141273498535,7.034045696258545,79.77288818359375,83.34368133544922,75.64006042480469,70.2013168334961
1771502401.071791,-23.287540435791016,19.30476188659668,6.931806564331055,79.90426635742188,83.46186828613281,75.81358337402344,70.2822036743164
1771502401.1072993,-23.271215438842773,19.490463256835938,6.951827049255371,79.74136352539062,83.3494644165039,75.61994934082031,70.06714630126953
1771502401.1352997,-23.24850082397461,19.415103912353516,6.963907718658447,79.79244995117188,83.38263702392578,75.6496353149414,70.10161590576172
1771502401.167818,-23.20819664001465,19.3853816986084,6.725136756896973,79.66036987304688,83.2463607788086,75.58731079101562,69.97057342529297
1771502401.2043574,-23.42876434326172,19.346431732177734,6.729041576385498,79.79057312011719,83.39250183105469,75.64034271240234,69.94329071044922
1771502401.2343557,-23.548768997192383,19.45180892944336,6.748233795166016,79.66572570800781,83.3367919921875,75.49618530273438,69.95571899414062
1771502401.2798805,-23.699020385742188,19.479537963867188,6.85330867767334,79.53524780273438,83.31340026855469,75.37042236328125,69.90657806396484
1771502401.3148913,-23.7045841217041,19.541196823120117,6.830780506134033,79.56227111816406,83.31404113769531,75.27787017822266,69.90629577636719
1771502401.3478785,-23.69143295288086,19.590805053710938,6.880312919616699,79.52548217773438,83.28779602050781,75.18325805664062,69.86795806884766
1771502401.3784103,-23.644676208496094,19.6229305267334,6.866252899169922,79.50106811523438,83.24711608886719,75.15361785888672,69.9986801147461
1771502401.4094005,-23.61754608154297,19.74843406677246,6.9310760498046875,79.40096282958984,83.13701629638672,75.03238677978516,70.0947265625
1771502401.4414015,-23.611024856567383,19.776575088500977,7.048802852630615,79.38032531738281,83.16351318359375,75.0069351196289,70.06791687011719
1771502401.4744053,-23.486286163330078,19.844310760498047,7.064746856689453,79.30767059326172,83.07556915283203,74.87897491455078,70.10547637939453
1771502401.5059123,-23.55699920654297,19.77092170715332,7.0914306640625,79.62089538574219,83.27204895019531,75.04141235351562,70.03701782226562
1771502401.5396497,-23.50802993774414,19.752498626708984,7.029948711395264,79.68669128417969,83.301025390625,75.11520385742188,70.04637145996094
1771502401.5689716,-23.450319290161133,19.78929901123047,7.097373962402344,79.7138671875,83.2742919921875,75.15093231201172,70.0535659790039
1771502401.5994766,-23.44764518737793,19.72477912902832,7.024234294891357,79.80458068847656,83.38155364990234,75.31825256347656,70.04055786132812
1771502401.63148,-23.430465698242188,19.69017791748047,6.985300064086914,79.82661437988281,83.40634155273438,75.47628021240234,70.20145416259766
1771502401.663481,-23.374713897705078,19.71598243713379,7.0184712409973145,79.67106628417969,83.35733795166016,75.41983795166016,70.18716430664062
1771502401.7145405,-23.280750274658203,19.793071746826172,7.118522644042969,79.55207824707031,83.2844467163086,75.25360870361328,70.18633270263672
1771502401.7465484,-23.280607223510742,19.74286460876465,7.130707263946533,79.55378723144531,83.28617095947266,75.20541381835938,70.05341339111328
1771502401.7755563,-23.268306732177734,19.7542724609375,7.116812229156494,79.60725402832031,83.32276916503906,75.20387268066406,70.03196716308594
1771502401.808089,-23.269439697265625,19.68336296081543,7.070811748504639,79.79237365722656,83.45563507080078,75.29206848144531,70.06044006347656
1771502401.8400826,-23.337135314941406,19.549285888671875,7.0015764236450195,80.15738677978516,83.66649627685547,75.36088562011719,70.04737854003906
1771502401.8700936,-23.35177230834961,19.532352447509766,6.947080612182617,80.12429809570312,83.69983673095703,75.36386108398438,69.95879364013672
1771502401.9042113,-23.428417205810547,19.661285400390625,7.042694568634033,80.00924682617188,83.58301544189453,75.2424087524414,69.91333770751953
1771502401.9355626,-23.403186798095703,19.728069305419922,7.07281494140625,79.88139343261719,83.50637817382812,75.14915466308594,69.90234375
1771502401.9786496,-23.433881759643555,19.731040954589844,7.128030776977539,79.89012908935547,83.52165222167969,75.1806640625,69.98704528808594
1771502402.006649,-23.467193603515625,19.763675689697266,7.1359052658081055,79.90557861328125,83.51869201660156,75.13796997070312,69.9704360961914
1771502402.0366495,-23.48346710205078,19.76165199279785,7.083856582641602,79.92253875732422,83.5155029296875,75.17082214355469,69.92979431152344
1771502402.0686526,-23.448474884033203,19.78162384033203,7.069382667541504,79.85602569580078,83.43778991699219,75.02777862548828,69.77193450927734
1771502402.1005933,-23.455238342285156,19.775114059448242,7.092133522033691,79.88876342773438,83.50191497802734,74.99742889404297,69.73033905029297
1771502402.1471734,-23.330636978149414,19.658430099487305,7.131711006164551,79.8591079711914,83.499267578125,74.97691345214844,69.75712585449219
1771502402.1786897,-23.248455047607422,19.59746551513672,7.100252151489258,79.93003845214844,83.59090423583984,75.04643249511719,69.74856567382812
1771502402.2106888,-23.205467224121094,19.54155731201172,7.0629706382751465,79.9873275756836,83.59928131103516,75.08760833740234,69.77002716064453
1771502402.2426898,-23.183948516845703,19.490009307861328,7.052882194519043,79.93562316894531,83.54570007324219,75.01737213134766,69.70732879638672
1771502402.2727098,-23.179431915283203,19.598133087158203,7.091287136077881,79.77984619140625,83.39468383789062,74.81651306152344,69.57394409179688
1771502402.3067439,-23.105894088745117,19.57910919189453,7.141922950744629,79.81172943115234,83.47503662109375,74.853759765625,69.66118621826172
1771502402.3357434,-23.115434646606445,19.580909729003906,7.152597904205322,79.71478271484375,83.32377624511719,74.68356323242188,69.71265411376953
1771502402.3678362,-23.052820205688477,19.607036590576172,7.212332725524902,79.70339965820312,83.39945983886719,74.65518188476562,69.73439025878906
1771502402.4014337,-23.031911849975586,19.62328338623047,7.204895973205566,79.67412567138672,83.32921600341797,74.57752990722656,69.73506927490234
1771502402.431433,-23.041881561279297,19.670368194580078,7.244035720825195,79.58837890625,83.38829803466797,74.63169860839844,69.62686920166016
1771502402.4644337,-23.105960845947266,19.674312591552734,7.157089710235596,79.64949798583984,83.40254211425781,74.68718719482422,69.55221557617188
1771502402.4959466,-23.222408294677734,19.702503204345703,7.212922096252441,79.67404174804688,83.3882064819336,74.64598083496094,69.54896545410156
1771502402.5787337,-23.371334075927734,19.728912353515625,7.297329425811768,79.54833984375,83.35530090332031,74.65570068359375,69.55792236328125
1771502402.603743,-23.39804458618164,19.736385345458984,7.3120880126953125,79.53478240966797,83.3543472290039,74.65099334716797,69.5492172241211
1771502402.634742,-23.467750549316406,19.69520378112793,7.2745842933654785,79.38807678222656,83.32878875732422,74.6393814086914,69.4619140625
1771502402.6647465,-23.61698341369629,19.74321937561035,7.296090602874756,79.37891387939453,83.30162048339844,74.56930541992188,69.37670135498047
1771502402.6962755,-23.715803146362305,19.633081436157227,7.196474075317383,79.51502227783203,83.44991302490234,74.7136001586914,69.29586791992188
1771502402.7292864,-23.887882232666016,19.581119537353516,7.166219234466553,79.72870635986328,83.54901123046875,74.72886657714844,69.18348693847656
1771502402.7602851,-23.819807052612305,19.507179260253906,7.095183849334717,79.6126708984375,83.54759979248047,74.78251647949219,69.11707305908203
1771502402.7907846,-23.806228637695312,19.495712280273438,7.095577716827393,79.57555389404297,83.50300598144531,74.7251968383789,69.15277862548828
1771502402.8227873,-23.84905242919922,19.429386138916016,7.105160713195801,79.64167022705078,83.5644302368164,74.80450439453125,69.25494384765625
1771502402.8548021,-23.830615997314453,19.47675132751465,7.0967607498168945,79.5918960571289,83.47044372558594,74.75924682617188,69.26141357421875
1771502402.8853097,-23.82392120361328,19.46826171875,7.063901901245117,79.48851013183594,83.53433990478516,74.68989562988281,69.22010040283203
1771502402.9163208,-23.866979598999023,19.41394805908203,6.9987993240356445,79.59638977050781,83.54475402832031,74.76936340332031,69.21421813964844
1771502403.0080018,-23.879905700683594,19.486366271972656,7.073439598083496,79.69658660888672,83.60088348388672,74.6341552734375,69.22151184082031
1771502403.0293376,-23.827484130859375,19.484289169311523,7.064910888671875,79.66211700439453,83.58021545410156,74.5246353149414,69.15311431884766
1771502403.0599716,-23.7399959564209,19.514951705932617,7.109179496765137,79.48047637939453,83.5422134399414,74.35832977294922,69.09500122070312
1771502403.090062,-23.689746856689453,19.4757137298584,7.091331958770752,79.50472259521484,83.53768920898438,74.34105682373047,69.08197784423828
1771502403.1205928,-23.663768768310547,19.43880844116211,7.036397933959961,79.69718170166016,83.61029052734375,74.36302185058594,69.03636932373047
1771502403.151609,-23.59307861328125,19.450971603393555,7.072902202606201,79.61766052246094,83.58830261230469,74.3604736328125,69.09548950195312
1771502403.1837838,-23.49343490600586,19.529428482055664,7.117522239685059,79.38772583007812,83.42303466796875,74.12548828125,69.09308624267578
1771502403.2147832,-23.47332763671875,19.557077407836914,7.129262447357178,79.34554290771484,83.38421630859375,74.08930969238281,69.05936431884766
1771502403.2447839,-23.438159942626953,19.573148727416992,7.169819355010986,79.4073715209961,83.40877532958984,74.13533782958984,68.8987808227539
1771502403.2667892,-23.420894622802734,19.60770034790039,7.170883655548096,79.19217681884766,83.35641479492188,74.16435241699219,68.81880950927734
1771502403.2920587,-23.475021362304688,19.589500427246094,7.180078029632568,79.17082977294922,83.31144714355469,74.14888000488281,68.77259826660156
1771502403.322073,-23.582143783569336,19.5019588470459,7.149052143096924,78.95704650878906,83.28532409667969,74.09336853027344,68.74679565429688
1771502403.3620594,-23.838069915771484,18.344192504882812,6.930486679077148,79.27906036376953,83.4097671508789,74.95182800292969,68.70516204833984
1771502403.4072149,-23.875152587890625,16.23849868774414,6.547089576721191,79.16471862792969,83.55470275878906,76.24162292480469,68.80067443847656
1771502403.4402368,-23.765451431274414,14.244962692260742,5.878551483154297,79.10501098632812,83.7851333618164,77.55408477783203,68.62763977050781
1771502403.4632328,-23.731975555419922,13.441866874694824,5.586825847625732,79.12747955322266,83.8822250366211,78.12857055664062,68.54058074951172
1771502403.4917738,-22.975406646728516,11.785318374633789,4.875399112701416,79.04058074951172,84.17437744140625,78.97782135009766,68.42132568359375
1771502403.5237648,-22.068029403686523,10.475241661071777,3.9620211124420166,78.63275146484375,84.25424194335938,79.47589111328125,68.66366577148438
1771502403.5547712,-21.13408088684082,9.441455841064453,3.4005720615386963,78.08811950683594,84.17422485351562,79.98320007324219,69.07743072509766
1771502403.586293,-20.88656234741211,8.603283882141113,2.463186740875244,77.67729187011719,84.10123443603516,80.61027526855469,69.12667846679688
1771502403.6172915,-20.709300994873047,8.180977821350098,2.0329341888427734,77.12928771972656,83.9469223022461,81.00877380371094,69.487548828125
1771502403.6482923,-20.32943344116211,7.806336402893066,1.9120736122131348,76.92955780029297,83.9437255859375,81.38909149169922,69.76034545898438
1771502403.6838229,-19.99930191040039,7.448909759521484,1.6714657545089722,76.83673095703125,83.9732437133789,81.67807006835938,69.70509338378906
1771502403.7098584,-19.73704719543457,7.08636999130249,1.6627386808395386,76.7730484008789,84.03118896484375,81.91593933105469,69.69876861572266
1771502403.7598414,-19.30278205871582,6.8874735832214355,1.5892150402069092,76.35335540771484,83.93334197998047,81.87012481689453,69.80770874023438
1771502403.792493,-18.96413803100586,6.872308254241943,1.5657868385314941,76.21903228759766,83.88475036621094,81.91389465332031,69.99030303955078
1771502403.8394806,-18.73581314086914,6.636895179748535,1.7244048118591309,76.15829467773438,83.88885498046875,81.87153625488281,70.1261215209961
1771502403.8734968,-18.182626724243164,6.085156440734863,2.0754919052124023,76.5137939453125,84.08375549316406,81.72256469726562,70.36631774902344
1771502403.9009757,-18.032100677490234,5.8849687576293945,2.1054415702819824,76.54585266113281,84.14058685302734,81.70645904541016,70.40438079833984
1771502403.9280052,-17.040395736694336,5.538341999053955,2.342055320739746,76.64903259277344,84.03675079345703,81.37934875488281,71.00544738769531
1771502403.9589741,-15.819233894348145,5.265602111816406,2.3083224296569824,76.72887420654297,83.72907257080078,81.03193664550781,71.68466186523438
1771502403.9899583,-13.825905799865723,4.6038432121276855,2.465573787689209,76.66336059570312,83.36416625976562,80.56499481201172,72.94447326660156
1771502404.0223923,-11.899734497070312,4.189855575561523,2.6630003452301025,76.59180450439453,82.89773559570312,80.53226470947266,73.8812484741211
1771502404.05339,-10.472865104675293,3.553192377090454,2.9402618408203125,76.62147521972656,83.06443786621094,81.2522201538086,74.20750427246094
1771502404.0859056,-9.973762512207031,2.667208194732666,3.3223941326141357,76.00422668457031,82.65524291992188,81.92015075683594,74.6711196899414
1771502404.1174366,-6.127695560455322,2.5791079998016357,4.3414459228515625,75.6025619506836,81.40217590332031,81.44142150878906,76.60330963134766
1771502404.159995,-4.645792484283447,1.186848759651184,5.577291011810303,75.58480072021484,81.47062683105469,82.15778350830078,76.67851257324219
1771502404.1930878,-5.722164154052734,0.13705003261566162,5.746313095092773,75.30071258544922,81.0906753540039,82.4157943725586,76.5296630859375
1771502404.225055,-6.064546585083008,-1.0061691999435425,5.989394187927246,74.93513488769531,80.6380386352539,82.12506103515625,76.35414123535156
1771502404.273131,-6.595376014709473,-2.226872682571411,6.2378668785095215,74.34210205078125,80.50596618652344,82.21647644042969,75.64131164550781
1771502404.3046732,-7.386890411376953,-3.1765620708465576,6.0148186683654785,74.41238403320312,80.74383544921875,82.04586029052734,75.4598388671875
1771502404.3366554,-8.0781888961792,-4.0216803550720215,5.890732765197754,74.82241821289062,81.1301498413086,82.07856750488281,75.263671875
1771502404.3667152,-8.421539306640625,-4.850764274597168,5.857293128967285,75.1367416381836,81.55799865722656,82.18399810791016,75.0531234741211
1771502404.3998737,-8.909642219543457,-5.8132147789001465,5.632719039916992,75.63577270507812,82.38601684570312,82.52598571777344,74.4462661743164
1771502404.430852,-9.441335678100586,-6.662944793701172,5.380614280700684,75.98100280761719,83.13043975830078,82.60150146484375,74.286376953125
1771502404.462861,-9.085209846496582,-5.628604888916016,5.316142559051514,75.82963562011719,82.65666198730469,82.25249481201172,74.74517822265625
1771502404.4936602,-8.957996368408203,-4.973520755767822,5.587540149688721,75.77801513671875,82.50340270996094,82.02853393554688,74.89151000976562
1771502404.5276358,-10.288439750671387,-4.696465969085693,6.031504154205322,75.97561645507812,82.63470458984375,83.09284973144531,74.2571792602539
1771502404.5646577,-12.008376121520996,-4.534086227416992,5.993782043457031,76.72264862060547,82.95046997070312,83.01031494140625,75.35026550292969
1771502404.5912526,-14.054569244384766,-4.283363342285156,5.775097846984863,77.03630828857422,83.03337097167969,82.97555541992188,76.49652862548828
1771502404.6252782,-17.04195785522461,-4.115108013153076,5.504388809204102,77.37850189208984,83.09017944335938,83.29290771484375,76.85494995117188
1771502404.655089,-18.901844024658203,-4.02313232421875,5.603940010070801,76.8750991821289,82.97205352783203,83.94123077392578,76.74738311767578
1771502404.7045758,-21.71353530883789,-4.452989101409912,5.625442981719971,75.32046508789062,82.2394027709961,85.2393569946289,75.78380584716797
1771502404.7365549,-22.480144500732422,-4.374459743499756,5.518923759460449,75.25045776367188,82.32357025146484,84.82030487060547,76.23721313476562
1771502404.761564,-23.062335968017578,-4.487205505371094,5.478346824645996,75.16900634765625,82.31874084472656,84.8883285522461,76.27908325195312
1771502404.7898908,-22.569965362548828,-4.225674152374268,5.454769134521484,75.36444854736328,82.38261413574219,84.44688415527344,76.56906127929688
1771502404.8208747,-21.94902801513672,-3.9784486293792725,5.320179462432861,75.39558410644531,82.61583709716797,84.48600006103516,76.42619323730469
1771502404.8519168,-21.457473754882812,-3.686121702194214,5.128220081329346,75.58941650390625,82.88987731933594,84.42794799804688,76.234375
1771502404.884434,-21.370542526245117,-3.4194087982177734,4.928707122802734,75.61351013183594,82.77293395996094,84.28308868408203,76.59194946289062
1771502404.915456,-21.03850555419922,-3.220747947692871,4.453312873840332,75.36442565917969,82.31330871582031,84.57593536376953,76.28156280517578
1771502404.9594333,-21.301204681396484,-2.502885580062866,3.837541341781616,74.86621856689453,81.6949234008789,84.12857055664062,75.59074401855469
1771502404.9941075,-21.360275268554688,-2.8341798782348633,3.564653158187866,74.80726623535156,81.00359344482422,84.46742248535156,73.14207458496094
1771502405.0240927,-21.07103729248047,-2.9673166275024414,3.237339973449707,75.27263641357422,81.05956268310547,85.13487243652344,73.19758605957031
1771502405.0570922,-20.82896614074707,-2.7783501148223877,2.7382259368896484,76.28644561767578,81.46839904785156,85.37713623046875,72.79668426513672
1771502405.0886862,-20.513357162475586,-2.387446403503418,2.362525224685669,76.44132232666016,81.64352416992188,85.10603332519531,72.44764709472656
1771502405.136653,-20.21353530883789,-1.8632590770721436,1.6587255001068115,77.25187683105469,82.54505157470703,84.67630004882812,72.3038101196289
1771502405.1696763,-18.79465103149414,-1.1856040954589844,1.8408706188201904,78.00289916992188,83.56208801269531,83.12254333496094,73.35254669189453
1771502405.2011693,-18.44643783569336,-0.6175243854522705,1.3911633491516113,77.60908508300781,83.38025665283203,82.5418472290039,74.18549346923828
1771502405.2291698,-17.3668212890625,-0.4123377501964569,1.4606387615203857,77.60521697998047,83.45689392089844,81.54774475097656,74.50751495361328
1771502405.2611797,-15.856330871582031,-0.024069011211395264,1.5572489500045776,77.49104309082031,83.279052734375,80.18061828613281,74.74031829833984
1771502405.2912362,-14.830347061157227,0.4513217806816101,1.4460526704788208,77.09070587158203,82.96788787841797,79.13922119140625,75.41201782226562
1771502405.3228664,-14.679805755615234,0.6641016006469727,1.3996057510375977,76.95207214355469,82.99161529541016,78.7474365234375,75.5196533203125
1771502405.3593934,-13.47683334350586,0.7883808612823486,1.6649867296218872,77.20396423339844,83.14063262939453,77.54535675048828,76.18822479248047
1771502405.3919516,-13.3052978515625,1.0462839603424072,1.7011079788208008,77.1083755493164,83.26141357421875,77.43183135986328,76.0029296875
1771502405.4259236,-13.349045753479004,1.0285860300064087,1.8131860494613647,77.01048278808594,83.31343841552734,77.23565673828125,75.82730102539062
1771502405.4559386,-13.573363304138184,1.0414522886276245,1.9017939567565918,77.0449447631836,83.32437133789062,77.32473754882812,75.72900390625
1771502405.4886944,-13.854555130004883,0.9992274045944214,2.011270761489868,77.39601135253906,83.49884796142578,77.62425994873047,75.63239288330078
1771502405.5196762,-14.136700630187988,1.0015318393707275,1.926665186882019,77.41751098632812,83.4033203125,77.69386291503906,75.68009948730469
1771502405.5677087,-14.670039176940918,0.8826744556427002,1.9997535943984985,77.7378921508789,83.52110290527344,78.09234619140625,75.42972564697266
1771502405.6009436,-14.579980850219727,0.9241836667060852,2.134643316268921,77.97327423095703,83.5308837890625,78.03352355957031,75.17620086669922
1771502405.633947,-14.26185417175293,1.1016666889190674,2.540465831756592,77.83939361572266,83.38423156738281,77.7545166015625,75.12129211425781
1771502405.6649475,-14.089913368225098,1.073521614074707,2.7226366996765137,77.79365539550781,83.27042388916016,77.73604583740234,75.35932159423828
1771502405.699696,-14.007923126220703,1.0898557901382446,2.767495632171631,77.72296905517578,83.21412658691406,77.59593963623047,75.38600158691406
1771502405.7267258,-14.02637004852295,1.3147497177124023,2.747391700744629,77.55035400390625,83.22307586669922,77.69105529785156,75.24937438964844
1771502405.759638,-14.39968204498291,1.6312721967697144,2.745540142059326,77.1937255859375,83.49349975585938,77.64461517333984,74.8913345336914
1771502405.7913086,-14.826576232910156,2.3172168731689453,2.5309903621673584,76.74751281738281,83.42792510986328,77.23896026611328,74.63777923583984
1771502405.8233008,-15.637491226196289,2.7111666202545166,2.4056100845336914,76.34765625,83.65126037597656,77.4022445678711,74.30464935302734
1771502405.8602803,-16.680583953857422,2.950469970703125,1.9950501918792725,75.88343811035156,83.88011932373047,77.64341735839844,74.14593505859375
1771502405.8878918,-17.2095947265625,3.0103907585144043,1.9379793405532837,75.89752197265625,84.13343048095703,77.78135681152344,73.92530059814453
1771502405.9199,-17.746570587158203,3.2252771854400635,1.982035756111145,75.72631072998047,84.27421569824219,77.86724090576172,73.8105239868164
1771502405.9518917,-18.596454620361328,3.231171131134033,1.9304311275482178,75.70777893066406,84.48558044433594,78.11579895019531,73.80371856689453
1771502406.0003774,-19.74350357055664,3.1740524768829346,1.7706882953643799,75.72483825683594,84.68589782714844,78.41424560546875,73.82477569580078
1771502406.0363398,-20.643705368041992,3.0422170162200928,1.439475655555725,75.7741470336914,84.98031616210938,78.5992202758789,73.6775131225586
1771502406.0573394,-20.822179794311523,3.0558269023895264,1.3790054321289062,75.76974487304688,85.09437561035156,78.60142517089844,73.71633911132812
1771502406.0875683,-21.204376220703125,3.2362890243530273,1.0783902406692505,75.75680541992188,85.25965881347656,78.65473175048828,73.70773315429688
1771502406.1176994,-21.359272003173828,3.4248600006103516,0.832137405872345,75.87937927246094,85.50212097167969,78.716796875,73.59724426269531
1771502406.1596842,-22.812942504882812,4.587606430053711,0.5832527279853821,77.17330932617188,86.12625122070312,78.84283447265625,73.49644470214844
1771502406.1922765,-23.56696319580078,5.483987808227539,0.6942887306213379,78.28356170654297,86.37644958496094,78.62693786621094,73.33302307128906
1771502406.223275,-23.994304656982422,6.514249801635742,1.0433605909347534,79.2185287475586,86.3066635131836,78.41793060302734,73.18611907958984
1771502406.2563088,-24.17816162109375,7.4619140625,1.237785816192627,79.88423919677734,86.3309326171875,78.00090026855469,72.70008850097656
1771502406.2889512,-24.259803771972656,8.018444061279297,1.4826805591583252,80.20235443115234,86.35369873046875,77.58139038085938,72.40052795410156
1771502406.320009,-24.260122299194336,8.415094375610352,1.7610962390899658,80.62547302246094,86.41435241699219,77.33073425292969,72.1019058227539
1771502406.3519833,-24.481931686401367,8.702007293701172,1.9022111892700195,80.99456787109375,86.64268493652344,77.31654357910156,71.76958465576172
1771502406.383255,-24.438106536865234,8.897317886352539,2.128077507019043,81.24300384521484,86.71199798583984,77.13941192626953,71.59061431884766
1771502406.4335308,-24.426097869873047,8.9834623336792,2.1950981616973877,81.42033386230469,86.98328399658203,77.2313461303711,71.20174407958984
1771502406.4735758,-24.53007698059082,9.164082527160645,2.1493003368377686,81.43496704101562,87.14816284179688,77.28633117675781,70.81218719482422
1771502406.5070996,-24.613407135009766,9.197714805603027,2.053880214691162,81.46739959716797,87.32884979248047,77.3711929321289,70.48362731933594
1771502406.5361347,-24.791797637939453,9.221961975097656,1.9082708358764648,81.27711486816406,87.36479187011719,77.43095397949219,70.05427551269531
1771502406.5707135,-24.64187240600586,9.341219902038574,1.842515468597412,81.12066650390625,87.31123352050781,77.3040771484375,70.13827514648438
1771502406.6002557,-24.482929229736328,9.353883743286133,1.762696385383606,81.12938690185547,87.32405090332031,77.24930572509766,70.15760803222656
1771502406.6313357,-24.286413192749023,9.219526290893555,1.5525702238082886,81.1252670288086,87.39215087890625,77.08290100097656,70.01187133789062
1771502406.6632898,-24.06975555419922,9.018499374389648,1.425599455833435,81.15620422363281,87.35404968261719,77.01358795166016,70.20476531982422
1771502406.6936314,-23.754016876220703,8.864309310913086,1.340135097503662,81.20719909667969,87.28143310546875,76.75497436523438,70.30709838867188
1771502406.7256255,-23.354610443115234,8.696234703063965,1.290919542312622,81.15604400634766,87.10723114013672,76.5388412475586,70.40266418457031
1771502406.7565875,-22.578598022460938,8.668031692504883,1.268829345703125,80.99296569824219,86.77291107177734,76.28994750976562,70.48284912109375
1771502406.7872572,-21.542587280273438,8.748006820678711,1.147405982017517,80.62709045410156,86.28304290771484,75.7464828491211,70.60706329345703
1771502406.8182282,-20.11029624938965,8.830681800842285,1.1847472190856934,79.98370361328125,85.39453887939453,75.17933654785156,70.96592712402344
1771502406.8642516,-18.1475887298584,9.278487205505371,1.337601661682129,78.8041000366211,83.89292907714844,74.46333312988281,71.5246353149414
1771502406.8979118,-16.448162078857422,9.63221263885498,1.4472434520721436,78.12767028808594,82.96785736083984,74.04908752441406,71.76808166503906
1771502406.9269586,-15.534494400024414,9.952156066894531,1.5712881088256836,77.4462661743164,82.2839126586914,73.75443267822266,71.91161346435547
1771502406.9593344,-14.993119239807129,10.104846954345703,1.6747896671295166,77.25489807128906,81.91976928710938,73.5229721069336,72.01860046386719
1771502406.9917946,-15.077567100524902,10.196428298950195,1.8114197254180908,76.82357025146484,81.72644805908203,73.51126861572266,72.06790161132812
1771502407.0257618,-15.417350769042969,10.081658363342285,1.8303910493850708,76.95919036865234,81.94845581054688,73.74031829833984,72.03917694091797
1771502407.0567603,-15.752754211425781,9.991342544555664,1.8966138362884521,77.02175903320312,82.18793487548828,74.0125503540039,72.00019836425781
1771502407.0883107,-16.180017471313477,9.825215339660645,1.943591594696045,77.27031707763672,82.5684814453125,74.31782531738281,71.84657287597656
1771502407.119311,-16.571212768554688,9.366015434265137,2.065599203109741,77.51156616210938,82.91197967529297,74.62995910644531,71.92601776123047
1771502407.1553116,-17.211442947387695,8.76173210144043,1.9247790575027466,77.71964263916016,83.54063415527344,75.0965805053711,72.02938842773438
1771502407.1868527,-17.69865608215332,8.361764907836914,1.8236500024795532,77.89498901367188,83.93697357177734,75.45552825927734,71.90892028808594
1771502407.2168434,-18.157852172851562,7.995957851409912,1.734565258026123,78.21391296386719,84.54139709472656,75.92279815673828,71.57915496826172
1771502407.2478662,-18.54874610900879,7.680248260498047,1.512402057647705,78.4139633178711,85.06192016601562,76.42740631103516,71.50767517089844
1771502407.2960029,-18.460796356201172,7.628986358642578,1.2995127439498901,78.36544036865234,85.21401977539062,76.42542266845703,71.55683898925781
1771502407.331008,-18.60018539428711,7.48068904876709,1.1533350944519043,78.37860107421875,85.46048736572266,76.65484619140625,71.67422485351562
1771502407.363058,-18.783979415893555,7.409786224365234,1.1030466556549072,78.5516357421875,85.81819152832031,76.78935241699219,71.63887786865234
1771502407.3957844,-18.866710662841797,7.356155872344971,1.1927872896194458,78.75509643554688,86.06974792480469,76.82633972167969,71.65865325927734
1771502407.427483,-18.78314971923828,7.457457065582275,1.186546802520752,78.98831176757812,86.23504638671875,76.64933776855469,72.03630828857422
1771502407.457521,-18.654573440551758,7.349610328674316,1.2117060422897339,79.0845947265625,86.19000244140625,76.67854309082031,72.30028533935547
1771502407.489309,-18.425355911254883,7.056065559387207,1.1343740224838257,78.98400115966797,86.20733642578125,76.64105224609375,72.51823425292969
1771502407.5221982,-18.191268920898438,6.883917331695557,1.1044228076934814,78.86647033691406,85.93852233886719,76.63227081298828,72.73106384277344
1771502407.5517776,-16.928382873535156,6.516201019287109,1.2584174871444702,78.57388305664062,85.03924560546875,76.34735107421875,73.4310302734375
1771502407.5857785,-15.944948196411133,6.038458347320557,1.1574057340621948,78.00064086914062,84.31657409667969,76.62374114990234,73.85960388183594
1771502407.618251,-12.983415603637695,5.928579330444336,1.2326782941818237,77.73017120361328,82.66387176513672,76.09215545654297,74.97151184082031
1771502407.6486151,-10.6508207321167,5.802638053894043,1.3358525037765503,76.98994445800781,81.04561614990234,75.23978424072266,75.67098999023438
1771502407.682212,-9.090378761291504,5.457563400268555,1.5070741176605225,76.3276138305664,80.19105529785156,74.80366516113281,76.51547241210938
1771502407.7287788,-6.815211296081543,4.798608303070068,1.8791851997375488,75.96749877929688,79.32292175292969,74.001953125,76.95646667480469
1771502407.7597115,-7.493019104003906,3.757418155670166,2.19350528717041,75.58522033691406,79.56768798828125,74.66638946533203,76.98368072509766
1771502407.7947598,-7.685338020324707,3.21638560295105,2.637878179550171,74.91039276123047,79.02589416503906,74.83110046386719,77.81184387207031
1771502407.8236332,-7.894911766052246,2.934664011001587,2.9186553955078125,74.8487548828125,78.9453125,74.93338775634766,78.31035614013672
1771502407.8568616,-8.000621795654297,2.0498945713043213,3.819758176803589,74.55476379394531,79.02777099609375,75.36296081542969,79.24181365966797
1771502407.890196,-8.285822868347168,1.5357682704925537,4.42057991027832,73.8667221069336,78.92300415039062,75.45988464355469,80.543701171875
1771502407.9196913,-9.093594551086426,0.8746268153190613,4.389632701873779,73.35419464111328,79.01313781738281,76.08338165283203,80.9212875366211
1771502407.9521556,-9.880512237548828,0.4579886794090271,4.724890232086182,73.43156433105469,79.12936401367188,76.798828125,81.08000946044922
1771502407.9851592,-10.730710983276367,-0.13304701447486877,5.112199783325195,73.08743286132812,79.12588500976562,76.92237854003906,81.46027374267578
1771502408.0200021,-11.896892547607422,-0.8628515601158142,5.270974159240723,73.21376037597656,79.44690704345703,77.57647705078125,81.43098449707031
1771502408.0489883,-12.72552490234375,-1.8118927478790283,5.578256607055664,73.55303955078125,79.75767517089844,79.075439453125,81.05259704589844
1771502408.0810022,-15.091516494750977,-3.289595603942871,5.411759376525879,73.98793029785156,79.66825103759766,80.33506774902344,80.53400421142578
1771502408.1285532,-15.781960487365723,-4.493882179260254,5.705718994140625,77.15809631347656,81.12899780273438,81.45223236083984,80.76657104492188
1771502408.1620514,-17.798242568969727,-5.407354354858398,5.958515167236328,76.77035522460938,81.38349151611328,81.42466735839844,81.1230239868164
1771502408.1945677,-20.128097534179688,-5.099273204803467,5.5535478591918945,76.11610412597656,81.25753784179688,80.98368835449219,81.27072143554688
1771502408.2259378,-22.196720123291016,-4.568708419799805,5.493083953857422,75.09452056884766,80.82071685791016,80.455322265625,80.86528778076172
1771502408.2571874,-23.319429397583008,-4.530973434448242,5.339902877807617,74.135498046875,80.33656311035156,80.33497619628906,79.93710327148438
1771502408.289111,-23.03915023803711,-4.686194896697998,5.256906986236572,73.86544036865234,80.26799011230469,80.26624298095703,79.58556365966797
1771502408.323628,-22.948928833007812,-4.410522937774658,5.193167209625244,73.77890014648438,80.31009674072266,80.30685424804688,78.3958511352539
1771502408.352577,-23.088003158569336,-4.011610984802246,5.403049945831299,74.07466888427734,80.51321411132812,79.89997863769531,78.98744201660156
1771502408.3845577,-23.08216094970703,-3.6668314933776855,5.254124641418457,74.46652221679688,80.57189178466797,79.86747741699219,78.85372161865234
1771502408.4159274,-22.974674224853516,-3.256690263748169,5.049487113952637,74.68653869628906,80.69808959960938,79.4135971069336,79.37440490722656
1771502408.4507148,-22.772010803222656,-2.8272757530212402,4.891363620758057,74.64446258544922,80.7293472290039,79.0782470703125,80.04641723632812
1771502408.479769,-22.483375549316406,-2.7515780925750732,4.799334526062012,74.70166778564453,80.7214584350586,79.02116394042969,80.17111206054688
1771502408.5163288,-21.803720474243164,-2.492844581604004,4.4275360107421875,74.54264831542969,80.71324920654297,78.80122375488281,80.37039947509766
1771502408.5628462,-21.05698013305664,-2.024730682373047,4.128692626953125,74.11801147460938,80.5550537109375,78.48978424072266,80.50362396240234
1771502408.5973947,-19.851850509643555,-1.6263160705566406,4.133119106292725,73.88814544677734,80.34471893310547,78.26663208007812,80.82636260986328
1771502408.6269033,-19.109607696533203,-1.399430274963379,4.341913223266602,73.97770690917969,80.41566467285156,78.22500610351562,81.1005859375
1771502408.6619008,-17.309457778930664,-0.8398721814155579,4.644878387451172,74.17261505126953,80.44628143310547,78.30239868164062,81.54692077636719
1771502408.689411,-15.622410774230957,-0.49911779165267944,5.230397701263428,74.81549835205078,80.73178100585938,78.10111999511719,82.10786437988281
1771502408.7204108,-14.8689603805542,-0.4682353734970093,5.616884231567383,75.3635025024414,81.32464599609375,78.59957122802734,82.33181762695312
1771502408.7832868,-15.44970703125,-0.2478099763393402,5.655690670013428,74.99715423583984,81.33857727050781,79.40509033203125,82.06970977783203
1771502408.8162935,-15.672004699707031,-0.28770309686660767,5.506143569946289,74.98370361328125,81.62083435058594,79.56446838378906,81.96928405761719
1771502408.8482995,-16.566373825073242,-0.27563929557800293,5.290581226348877,74.43077850341797,81.4746322631836,79.69888305664062,81.85221099853516
1771502408.880526,-17.551483154296875,-0.33676716685295105,5.07996129989624,73.69688415527344,81.19407653808594,79.70550537109375,82.0787353515625
1771502408.92174,-19.680246353149414,-0.9720667600631714,4.791513442993164,72.878662109375,81.21937561035156,80.7281723022461,80.38809967041016
1771502408.9547074,-22.51398468017578,-1.4871609210968018,4.319817543029785,72.80613708496094,81.1390151977539,82.39441680908203,77.51374816894531
1771502408.9860275,-25.065580368041992,-1.7329977750778198,4.159771919250488,72.14510345458984,80.61154174804688,83.53502655029297,74.39154815673828
1771502409.0157516,-26.49634552001953,-2.0560970306396484,4.06452751159668,71.57128143310547,80.28687286376953,84.76702117919922,72.02471160888672
1771502409.046754,-27.397930145263672,-2.416356086730957,3.922691822052002,71.65083312988281,80.04942321777344,85.69808959960938,70.52336883544922
1771502409.0797584,-27.70771026611328,-2.855395793914795,3.696397066116333,70.9212875366211,79.690185546875,86.71552276611328,68.26634216308594
1771502409.10935,-28.060548782348633,-3.1649587154388428,3.429138660430908,70.5030517578125,79.71310424804688,86.98695373535156,68.34923553466797
1771502409.141403,-28.105621337890625,-3.2822184562683105,3.2452924251556396,70.32856750488281,79.91050720214844,87.05178833007812,68.55522155761719
1771502409.171374,-28.823604583740234,-3.651118755340576,3.1513402462005615,70.41979217529297,79.9686279296875,87.20623779296875,68.62882995605469
1771502409.203927,-29.218338012695312,-3.545034170150757,2.955684185028076,70.11973571777344,79.83782958984375,87.35523986816406,68.65856170654297
1771502409.235936,-29.558387756347656,-3.5935375690460205,2.8042030334472656,70.11018371582031,79.8513412475586,87.348388671875,68.50325775146484
1771502409.2659297,-29.964080810546875,-3.647740602493286,2.8083548545837402,70.0390853881836,79.76103973388672,87.63876342773438,68.02035522460938
1771502409.3000336,-30.048725128173828,-3.8495092391967773,2.9287586212158203,69.74626922607422,79.64216613769531,87.91677856445312,67.84720611572266
1771502409.328035,-29.965742111206055,-3.8464672565460205,2.907668113708496,69.69744873046875,79.622314453125,87.98117065429688,67.87152099609375
1771502409.359877,-29.93950080871582,-4.1338887214660645,2.832878589630127,69.39718627929688,79.55999755859375,88.44949340820312,67.33663940429688
1771502409.3915188,-29.716236114501953,-4.295104503631592,2.8282852172851562,69.13062286376953,79.6694564819336,88.5910415649414,67.02609252929688
1771502409.4245198,-29.30685043334961,-4.984954357147217,2.7743024826049805,64.95333099365234,79.17042541503906,88.07295989990234,66.37639617919922
1771502409.4565148,-28.96188735961914,-5.058565139770508,2.1622939109802246,65.69352722167969,79.47770690917969,87.81111145019531,65.94091796875
1771502409.488179,-29.135133743286133,-4.825445652008057,1.767821192741394,66.37530517578125,79.52970886230469,87.58988189697266,65.99224090576172
1771502409.5210922,-29.22235870361328,-4.516298770904541,1.925057291984558,67.08148956298828,79.60858917236328,87.2270736694336,66.16874694824219
1771502409.552135,-29.218103408813477,-3.6593666076660156,1.6800224781036377,67.21745300292969,79.48839569091797,87.0864028930664,65.76680755615234
1771502409.5831673,-29.329124450683594,-2.734006643295288,1.610440731048584,67.42521667480469,79.42308807373047,87.10063171386719,65.43282318115234
1771502409.6167362,-29.527753829956055,-2.121115207672119,1.5368754863739014,67.57845306396484,79.2179183959961,87.10935974121094,64.86334228515625
1771502409.6484299,-29.676654815673828,-2.227098226547241,1.7209842205047607,68.02458190917969,79.20341491699219,86.94154357910156,65.16454315185547
1771502409.6806066,-29.82318687438965,-2.876774311065674,1.5448267459869385,67.3431625366211,78.94054412841797,86.65335083007812,64.47210693359375
1771502409.7118316,-29.053232192993164,-3.497509717941284,1.6226564645767212,64.7762222290039,79.32479095458984,85.89099884033203,64.82371520996094
1771502409.7457836,-28.267526626586914,-4.086244583129883,2.2841873168945312,60.94453430175781,79.46011352539062,85.68040466308594,65.77168273925781
1771502409.7748296,-27.911577224731445,-4.1929473876953125,3.145599842071533,63.33452606201172,79.72639465332031,85.55870056152344,68.40164947509766
1771502409.807397,-27.369548797607422,-3.843928575515747,3.223817825317383,65.2451171875,79.73961639404297,84.45875549316406,71.75052642822266
1771502409.855378,-26.22833251953125,-2.8897316455841064,3.4803073406219482,70.42224884033203,80.18582153320312,82.45448303222656,76.86197662353516
1771502409.8910246,-26.018272399902344,-2.7206616401672363,3.5923914909362793,72.41239166259766,80.2325210571289,82.1409683227539,78.23137664794922
1771502409.9220247,-26.00365447998047,-2.68473482131958,3.7685365676879883,74.39903259277344,80.63046264648438,81.61868286132812,79.42189025878906
1771502409.9550343,-26.294307708740234,-2.3005335330963135,3.992236375808716,74.55467224121094,80.64617156982422,80.71098327636719,80.66264343261719
1771502409.9861073,-26.42440414428711,-2.293018341064453,4.264376640319824,75.17825317382812,80.80804443359375,80.47509002685547,81.00799560546875
1771502410.0208411,-26.4661865234375,-2.239455223083496,4.663241863250732,75.76212310791016,81.24885559082031,80.80587005615234,80.85084533691406
1771502410.0488408,-26.69432258605957,-2.234832286834717,5.002175331115723,75.78876495361328,81.5301742553711,81.09434509277344,80.42765045166016
1771502410.0798922,-26.893314361572266,-2.3942525386810303,5.335085868835449,75.37142944335938,81.55010986328125,81.83447265625,79.20442962646484
1771502410.1113908,-26.87091064453125,-2.2098212242126465,5.403092861175537,75.50328063964844,81.76426696777344,83.08514404296875,77.56394958496094
1771502410.144396,-26.407201766967773,-1.933658480644226,5.596625328063965,75.72688293457031,82.20984649658203,83.84264373779297,76.64797973632812
1771502410.178418,-25.807376861572266,-1.5776081085205078,5.621370315551758,75.17607116699219,82.1533203125,84.83411407470703,75.4104995727539
1771502410.209347,-25.34318733215332,-1.3629238605499268,5.512784004211426,74.67404174804688,81.89263916015625,86.03968811035156,73.72441101074219
1771502410.2383456,-24.712175369262695,-1.5448023080825806,5.661036491394043,73.44092559814453,81.65338134765625,86.35990905761719,71.29894256591797
1771502410.286922,-23.748369216918945,-1.9199832677841187,6.418912887573242,71.4528579711914,81.4423828125,86.09422302246094,68.97899627685547
1771502410.321936,-23.077932357788086,-2.1156773567199707,6.854247570037842,70.40619659423828,81.2157211303711,86.1475830078125,68.05477905273438
1771502410.35093,-22.165382385253906,-2.380788803100586,7.442267417907715,69.63495635986328,81.17786407470703,86.17007446289062,68.08659362792969
1771502410.386581,-21.633750915527344,-2.7867367267608643,8.065133094787598,68.58833312988281,80.88931274414062,86.082763671875,67.7539291381836
1771502410.414596,-20.94689178466797,-2.7917168140411377,8.298240661621094,69.06781768798828,81.06656646728516,86.37754821777344,68.21186828613281
1771502410.4475658,-21.173553466796875,-3.1176724433898926,8.42099380493164,69.07901000976562,80.85921478271484,86.44074249267578,68.21277618408203
1771502410.4796038,-21.036548614501953,-3.133340358734131,8.215553283691406,69.62198638916016,80.90984344482422,86.65755462646484,68.455078125
1771502410.5112908,-20.538110733032227,-2.8542706966400146,7.824877738952637,70.6410140991211,81.17777252197266,86.69859313964844,68.93934631347656
1771502410.54623,-19.2799015045166,-2.2202532291412354,7.2597503662109375,72.36815643310547,81.71014404296875,86.44353485107422,69.48724365234375
1771502410.5755587,-18.416318893432617,-1.6394250392913818,6.851855278015137,73.71708679199219,82.27185821533203,86.05673217773438,70.08831787109375
1771502410.6099896,-17.9613037109375,-1.3885730504989624,6.516965389251709,74.57740783691406,82.59844970703125,85.93268585205078,70.37956237792969
1771502410.6409936,-17.47926902770996,-1.0834230184555054,6.27219295501709,74.83785247802734,82.67091369628906,85.82059478759766,70.80584716796875
1771502410.6709821,-17.380136489868164,-1.0418729782104492,6.059113502502441,74.8440933227539,82.56718444824219,85.98069763183594,70.84977722167969
1771502410.7200143,-16.676185607910156,-0.585891842842102,5.860195159912109,75.03223419189453,83.00957489013672,85.36807250976562,71.94473266601562
1771502410.7522726,-16.195842742919922,-0.3134881556034088,5.671304702758789,75.27360534667969,83.31295013427734,84.85337829589844,72.78854370117188
1771502410.7828088,-15.988405227661133,-0.30625081062316895,5.643106460571289,75.30876159667969,83.41069030761719,84.73588562011719,73.1671142578125
1771502410.8176446,-16.383621215820312,-0.24798908829689026,5.399327278137207,75.27261352539062,83.39545440673828,84.73297882080078,73.39608001708984
1771502410.8486557,-16.46432113647461,-0.1429876983165741,5.220912933349609,75.28440856933594,83.36001586914062,84.63604736328125,73.58230590820312
1771502410.8806632,-16.639135360717773,-0.10100720822811127,5.052863597869873,75.3895034790039,83.38427734375,84.56554412841797,73.47549438476562
1771502410.9112864,-16.547632217407227,0.08614771068096161,5.056611061096191,75.67449951171875,83.70744323730469,84.09402465820312,73.9136734008789
1771502410.94328,-16.890188217163086,0.20017112791538239,4.8864545822143555,75.68409729003906,83.64987182617188,84.01171875,74.03299713134766
1771502410.9751666,-17.059406280517578,0.25404998660087585,4.736213684082031,75.388671875,83.45941925048828,84.05294036865234,74.17106628417969
1771502411.0114686,-17.169395446777344,0.20389771461486816,4.675284385681152,75.40265655517578,83.39907836914062,84.23468780517578,74.087890625
1771502411.0454752,-17.73284149169922,0.06579936295747757,4.390459060668945,75.31306457519531,83.07764434814453,84.60496520996094,73.74144744873047
1771502411.0774848,-18.13724136352539,0.07112984359264374,4.266828536987305,75.29949188232422,82.96824645996094,84.69305419921875,73.83699035644531
1771502411.1080136,-18.653921127319336,-0.009950853884220123,4.186776161193848,75.17416381835938,82.80076599121094,84.90141296386719,73.61355590820312
1771502411.152132,-18.66464614868164,-0.23783226311206818,4.187082767486572,75.40879821777344,82.97563934326172,84.92335510253906,73.42158508300781
1771502411.1856425,-18.953086853027344,-0.46375203132629395,4.14670467376709,75.34464263916016,82.9038314819336,85.1066665649414,73.2064437866211
1771502411.21866,-18.797548294067383,-0.5193142890930176,4.315025806427002,75.78362274169922,83.27830505371094,84.81979370117188,73.25105285644531
1771502411.2506545,-19.03665542602539,-0.5719316005706787,4.203983306884766,75.66873168945312,83.22552490234375,84.78006744384766,73.08344268798828
1771502411.279652,-19.347606658935547,-0.5161194205284119,3.99634051322937,75.53314208984375,83.04721069335938,84.8804931640625,72.89716339111328
1771502411.3111923,-19.301118850708008,-0.36843255162239075,3.929600238800049,75.53816223144531,83.08519744873047,84.74665832519531,73.06687927246094
1771502411.3442216,-18.991207122802734,-0.16744115948677063,3.950252056121826,75.62742614746094,83.33566284179688,84.54661560058594,73.07845306396484
1771502411.3762236,-18.857851028442383,-0.06822659820318222,4.023978233337402,75.7210464477539,83.47195434570312,84.3520736694336,73.1714096069336
1771502411.4077375,-19.009876251220703,0.04250304028391838,3.9826574325561523,75.74919128417969,83.44827270507812,84.30886840820312,73.08482360839844
1771502411.4397366,-19.107234954833984,0.08042854815721512,3.9850211143493652,75.82674407958984,83.46153259277344,84.25146484375,73.05219268798828
1771502411.4747696,-19.150672912597656,0.20265735685825348,3.9186623096466064,75.8946762084961,83.41051483154297,84.1915512084961,72.93055725097656
1771502411.5169382,-19.121761322021484,0.4063453674316406,3.983490228652954,76.12628936767578,83.64322662353516,84.01210021972656,72.94417572021484
1771502411.5469475,-19.401325225830078,0.3616466522216797,3.997478723526001,76.12895965576172,83.64344787597656,83.96700286865234,72.9751205444336
1771502411.5837498,-19.501848220825195,0.3154065012931824,4.039124965667725,76.0562515258789,83.5796127319336,84.03433227539062,72.9566650390625
1771502411.6182706,-19.79788589477539,0.30273592472076416,4.004531383514404,76.06429290771484,83.49200439453125,84.16461181640625,72.79556274414062
1771502411.648307,-19.93401527404785,0.30785509943962097,4.039587020874023,76.00188446044922,83.50875854492188,84.1381607055664,72.72456359863281
1771502411.682286,-20.373760223388672,0.20084384083747864,4.043430805206299,75.89752960205078,83.31194305419922,84.2965087890625,72.6229476928711
1771502411.7108252,-20.422340393066406,0.24507945775985718,4.047826290130615,75.94039916992188,83.32320404052734,84.20631408691406,72.73104858398438
1771502411.7428281,-20.507965087890625,0.1497693806886673,4.123329162597656,76.01652526855469,83.33821105957031,84.21635437011719,72.64753723144531
1771502411.7758644,-20.579561233520508,0.08269327133893967,4.10615348815918,75.90077209472656,83.19646453857422,84.34656524658203,72.46296691894531
1771502411.8073578,-20.81861114501953,0.0808381736278534,4.032409191131592,75.83029174804688,83.12506866455078,84.40943145751953,72.30716705322266
1771502411.8398757,-20.967313766479492,0.0355391800403595,3.9836854934692383,75.9891128540039,83.1825942993164,84.43980407714844,72.37907409667969
1771502411.8709207,-20.940406799316406,0.144059419631958,3.983579158782959,76.35490417480469,83.36782836914062,84.33734893798828,72.41891479492188
1771502411.90498,-21.006214141845703,0.14748185873031616,3.880678653717041,76.21340942382812,83.1925277709961,84.56934356689453,72.09162902832031
1771502411.9360125,-20.75037384033203,0.13370110094547272,3.9180500507354736,76.12190246582031,83.27186584472656,84.53125,72.20320129394531
1771502411.9679768,-20.478282928466797,0.11634980887174606,3.9778976440429688,76.13835906982422,83.36549377441406,84.43659973144531,72.32533264160156
1771502412.0161705,-20.340553283691406,-0.21668601036071777,4.111753463745117,75.9414291381836,83.25529479980469,84.68212127685547,72.1734848022461
1771502412.0491703,-19.733444213867188,-0.207184299826622,4.293323993682861,76.01786804199219,83.5298080444336,84.52368927001953,72.31590270996094
1771502412.0841744,-19.458410263061523,-0.2620687186717987,4.378812789916992,76.11521911621094,83.59513092041016,84.5147933959961,72.18118286132812
1771502412.1155376,-19.487215042114258,-0.33833539485931396,4.386830806732178,76.08435821533203,83.45915222167969,84.7072982788086,72.1000747680664
1771502412.1467452,-19.67056655883789,-0.38383206725120544,4.362885475158691,76.19744873046875,83.40388488769531,84.77801513671875,72.06835174560547
1771502412.1797426,-19.510337829589844,-0.2017502337694168,4.393372058868408,76.4226303100586,83.55829620361328,84.64400482177734,72.372314453125
1771502412.2122705,-19.269662857055664,-0.08417672663927078,4.423666954040527,76.45610046386719,83.60272979736328,84.61409759521484,72.64493560791016
1771502412.2412689,-19.111862182617188,0.06327499449253082,4.456559181213379,76.4156494140625,83.71009063720703,84.45924377441406,72.93852996826172
1771502412.2722757,-19.12012481689453,-0.03756270557641983,4.52312707901001,75.81509399414062,83.22631072998047,84.9290771484375,72.60733795166016
1771502412.3037846,-18.991649627685547,-0.001539621502161026,4.675955772399902,75.10850524902344,82.92196655273438,85.20680236816406,72.69606018066406
1771502412.339791,-18.71051788330078,0.18777383863925934,5.007460117340088,74.73812103271484,82.6430892944336,85.39252471923828,73.52969360351562
1771502412.3687818,-18.565736770629883,0.35219430923461914,5.126157760620117,74.5211181640625,82.61125946044922,85.37895202636719,73.94139862060547
1771502412.4003136,-18.208803176879883,0.6209306716918945,5.140273094177246,74.1324691772461,82.4557876586914,85.49146270751953,74.48298645019531
1771502412.447321,-17.327713012695312,1.2471632957458496,5.1162309646606445,74.28927612304688,82.68460845947266,84.91329956054688,75.75550842285156
1771502412.480334,-17.226726531982422,1.5006110668182373,5.056251049041748,73.70606231689453,81.96419525146484,85.58885192871094,75.46699523925781
1771502412.5129335,-17.19664192199707,1.6728103160858154,5.074171543121338,73.39995574951172,81.58731842041016,85.83526611328125,75.58480072021484
1771502412.5509355,-16.69483757019043,1.865736484527588,5.040114879608154,73.45655822753906,81.70703125,85.4424057006836,76.69298553466797
1771502412.5769393,-16.250213623046875,1.9145020246505737,5.0885009765625,73.45128631591797,81.68363189697266,85.27030944824219,77.25912475585938
1771502412.6092567,-15.938599586486816,1.969137191772461,5.0775532722473145,73.52227020263672,81.92544555664062,84.54813385009766,78.1865463256836
1771502412.6392565,-16.017154693603516,2.0041139125823975,5.100019454956055,73.5936508178711,81.99854278564453,84.33964538574219,78.29875946044922
1771502412.6722608,-15.380943298339844,2.1456146240234375,5.213369846343994,73.70476531982422,82.28096771240234,83.57670593261719,78.46920013427734
1771502412.7032971,-15.333795547485352,2.224804401397705,5.271328926086426,73.77928924560547,82.39610290527344,83.4166030883789,78.54963684082031
1771502412.7353015,-15.23818588256836,2.40647292137146,5.3099164962768555,73.85662078857422,82.45647430419922,83.28053283691406,78.52607727050781
1771502412.7713017,-15.135610580444336,2.4849202632904053,5.343940734863281,73.99349975585938,82.58999633789062,82.9079818725586,78.75284576416016
1771502412.804831,-14.69296932220459,2.729104995727539,5.472714900970459,74.03288269042969,82.65472412109375,82.26923370361328,78.98917388916016
1771502412.8684475,-14.760391235351562,2.8248109817504883,5.4843034744262695,74.3532485961914,82.87156677246094,82.2049789428711,79.07138061523438
1771502412.9010513,-14.89963150024414,2.7806406021118164,5.536376953125,74.34745788574219,82.8229751586914,82.29812622070312,78.97500610351562
1771502412.9316273,-15.189716339111328,2.7621350288391113,5.47163724899292,74.36122131347656,82.74793243408203,82.26878356933594,79.12928771972656
1771502412.9649048,-14.999176979064941,2.7837884426116943,5.56304407119751,74.28817749023438,82.76415252685547,81.90155029296875,79.36997985839844
1771502412.9941926,-15.09316635131836,2.776371717453003,5.589529514312744,74.47032928466797,82.93627166748047,81.7151107788086,79.39764404296875
1771502413.0254495,-15.152402877807617,2.6775381565093994,5.614614486694336,74.52098083496094,82.99449920654297,81.8993911743164,79.20216369628906
1771502413.0564408,-15.245879173278809,2.72585391998291,5.571065902709961,74.46322631835938,82.94367218017578,81.84861755371094,79.35328674316406
1771502413.0885038,-15.084209442138672,2.791074275970459,5.6189866065979,74.41166687011719,82.95819854736328,81.82443237304688,79.49713897705078
1771502413.117568,-15.102015495300293,2.820220708847046,5.559682846069336,74.46110534667969,82.9417495727539,81.69761657714844,79.63180541992188
1771502413.1495044,-14.938417434692383,2.856233835220337,5.603316783905029,74.39442443847656,82.97410583496094,81.5087661743164,79.6012191772461
1771502413.1805081,-14.77269458770752,2.897498607635498,5.574435234069824,74.46920013427734,83.0205078125,81.28236389160156,79.5716781616211
1771502413.2126284,-14.675638198852539,2.85477876663208,5.572053909301758,74.5987777709961,83.07213592529297,81.09109497070312,79.51619720458984
1771502413.2436268,-14.46137523651123,2.8163836002349854,5.629861354827881,74.63951110839844,83.12725067138672,80.99874877929688,79.57254028320312
1771502413.2747147,-14.460468292236328,2.781820297241211,5.573747634887695,74.59537506103516,83.09013366699219,81.00462341308594,79.6604232788086
1771502413.3118625,-14.734307289123535,2.7059249877929688,5.44403076171875,74.58976745605469,83.19221496582031,81.20268249511719,79.34501647949219
1771502413.3458781,-14.678638458251953,2.716304063796997,5.472173690795898,74.61312103271484,83.11448669433594,81.27974700927734,79.3209457397461
1771502413.3758593,-14.406126976013184,2.720747709274292,5.4698967933654785,74.7267837524414,83.10427856445312,80.97928619384766,79.51758575439453
1771502413.4119616,-14.11216926574707,2.812930107116699,5.495896816253662,74.61543273925781,83.02017974853516,80.9581527709961,79.46636199951172
1771502413.438958,-14.08832836151123,2.789437770843506,5.540125846862793,74.63127136230469,83.01795959472656,81.03092193603516,79.46926879882812
1771502413.4719512,-14.0944185256958,2.8547747135162354,5.56619119644165,74.6136245727539,82.93321990966797,81.08576965332031,79.54253387451172
1771502413.5040107,-14.08289623260498,2.8279078006744385,5.588259696960449,74.55936431884766,82.91145324707031,81.17329406738281,79.5671615600586
1771502413.5359905,-14.040578842163086,2.7682292461395264,5.554496765136719,74.49114990234375,82.80786895751953,81.20614624023438,79.64282989501953
1771502413.5679865,-13.944933891296387,2.7807626724243164,5.557519912719727,74.56843566894531,82.83419036865234,81.1985855102539,79.66195678710938
1771502413.600182,-14.057682037353516,2.8740248680114746,5.529416084289551,74.57068634033203,82.82756042480469,81.24711608886719,79.67273712158203
1771502413.6341934,-14.238179206848145,2.983091354370117,5.496972560882568,74.52372741699219,82.84367370605469,81.29888916015625,79.59595489501953
1771502413.6670616,-14.179913520812988,3.076961040496826,5.4344611167907715,74.43573760986328,82.78205108642578,81.11105346679688,79.75471496582031
1771502413.7046778,-14.535974502563477,2.943333625793457,5.337521076202393,74.36296081542969,82.71199035644531,81.43205261230469,79.62232971191406
1771502413.7446806,-14.671302795410156,2.917236328125,5.321832656860352,74.18824005126953,82.55136108398438,81.91778564453125,79.3564453125
1771502413.7786872,-14.927970886230469,2.429447650909424,5.380478858947754,74.04924011230469,82.53567504882812,83.14700317382812,78.63740539550781
1771502413.809231,-15.088579177856445,2.2007641792297363,5.343952655792236,73.94561767578125,82.5365219116211,83.38241577148438,78.60326385498047
1771502413.8432653,-14.972164154052734,2.1369590759277344,5.240042686462402,74.23267364501953,82.79593658447266,83.16034698486328,78.63421630859375
1771502413.8712337,-15.099069595336914,2.275247812271118,5.101725101470947,74.47624206542969,83.10881805419922,82.8391342163086,78.60445404052734
1771502413.903593,-14.851308822631836,2.3053274154663086,5.1666460037231445,74.86083984375,83.31737518310547,82.39985656738281,78.51416778564453
1771502413.9355931,-15.078035354614258,2.27618408203125,5.032276153564453,75.18743133544922,83.3927230834961,82.13104248046875,78.57086944580078
1771502413.9686043,-14.988700866699219,2.2830066680908203,5.098011016845703,75.17141723632812,83.38955688476562,81.83619689941406,78.61614227294922
1771502414.0009005,-15.005804061889648,2.3621788024902344,5.122921466827393,75.0830078125,83.44308471679688,81.74610137939453,78.53948974609375
1771502414.031459,-15.28848934173584,2.391972064971924,5.045351028442383,74.96269989013672,83.36135864257812,81.83961486816406,78.37792205810547
1771502414.067414,-15.418519020080566,2.375974416732788,4.969723701477051,75.01776123046875,83.373779296875,81.83592224121094,78.37385559082031
1771502414.0969203,-15.372661590576172,2.40331768989563,5.009307384490967,75.0096435546875,83.38919830322266,81.54060363769531,78.4892807006836
1771502414.177521,-15.506614685058594,2.461054801940918,4.90941047668457,75.06776428222656,83.43885803222656,81.59381103515625,78.31764221191406
1771502414.1976147,-15.563326835632324,2.4788596630096436,4.898458957672119,75.05357360839844,83.43107604980469,81.58454132080078,78.30695343017578
1771502414.2423406,-15.407795906066895,2.4454760551452637,5.002213478088379,75.02676391601562,83.48782348632812,81.47382354736328,78.3165512084961
1771502414.2743552,-15.387043952941895,2.4776527881622314,5.010146141052246,74.99808502197266,83.42068481445312,81.4139175415039,78.4244613647461
1771502414.30489,-15.354736328125,2.4902074337005615,5.031540870666504,75.09847259521484,83.4595947265625,81.39018249511719,78.37609100341797
1771502414.3368812,-15.366153717041016,2.515230655670166,5.0080671310424805,75.12515258789062,83.39542388916016,81.23855590820312,78.53644561767578
1771502414.3677628,-15.601593017578125,2.5652358531951904,4.912805557250977,75.00867462158203,83.2522201538086,81.40522003173828,78.47042846679688
1771502414.400352,-15.731547355651855,2.5989327430725098,4.902932643890381,75.04307556152344,83.18048095703125,81.54395294189453,78.52733612060547
1771502414.4313037,-15.794413566589355,2.594026565551758,4.936338424682617,75.05257415771484,83.08863830566406,81.68710327148438,78.46825408935547
1771502414.464305,-15.923322677612305,2.5361671447753906,4.919351100921631,75.10787963867188,83.0323257446289,81.85193634033203,78.50557708740234
1771502414.4958322,-16.047239303588867,2.5192408561706543,4.9310383796691895,74.99250030517578,82.89472961425781,82.06404113769531,78.46788787841797
1771502414.5258257,-16.234708786010742,2.343057632446289,4.88574743270874,74.94831848144531,82.87457275390625,82.41397094726562,78.3203353881836
1771502414.5778625,-16.22905731201172,2.291703701019287,5.06058406829834,75.11146545410156,82.9688491821289,82.12584686279297,78.42955780029297
1771502414.609894,-16.469863891601562,2.1117570400238037,5.039024829864502,74.97206115722656,82.89471435546875,82.30194854736328,78.28632354736328
1771502414.6348882,-16.59210205078125,2.024674892425537,5.012284278869629,74.91887664794922,82.8734130859375,82.3604507446289,78.25930786132812
1771502414.666889,-16.668916702270508,1.9786278009414673,5.009706020355225,74.89213562011719,82.84843444824219,82.15957641601562,78.38519287109375
1771502414.698403,-16.563385009765625,1.93938148021698,5.049736976623535,74.9273910522461,82.92179107666016,81.88680267333984,78.53706359863281
1771502414.7284024,-16.65900230407715,1.9478217363357544,5.07939338684082,74.83324432373047,82.83349609375,82.19353485107422,78.42369079589844
1771502414.7614093,-16.95372200012207,2.0005440711975098,5.015203952789307,74.80889892578125,82.75106811523438,82.31818389892578,78.41055297851562
1771502414.7919543,-17.090120315551758,2.0356690883636475,4.988332748413086,74.78092956542969,82.69618225097656,82.35905456542969,78.38639068603516
1771502414.8229477,-17.320537567138672,2.0035338401794434,4.8912763595581055,74.7050552368164,82.61224365234375,82.3294448852539,78.5079116821289
1771502414.8559484,-17.763975143432617,2.102229356765747,4.779040336608887,74.6209945678711,82.3210220336914,82.4209213256836,78.51566314697266
1771502414.887012,-17.71570587158203,2.172088146209717,4.733633041381836,74.74839782714844,82.40437316894531,82.01233673095703,78.90738677978516
1771502414.919237,-18.0772647857666,2.144685983657837,4.704956531524658,74.67323303222656,82.15028381347656,82.17491912841797,78.75305938720703
1771502414.9612362,-18.670406341552734,1.9281553030014038,4.623690128326416,74.4359359741211,81.72767639160156,82.68565368652344,78.22624206542969
1771502415.0109768,-18.893400192260742,1.7892513275146484,4.534765243530273,74.41773986816406,81.6683120727539,82.91320037841797,78.02400207519531
1771502415.0429761,-19.268630981445312,1.5726028680801392,4.546508312225342,74.342529296875,81.55488586425781,83.23650360107422,77.63632202148438
1771502415.0749888,-19.270401000976562,1.5713928937911987,4.519311428070068,74.41217041015625,81.60017395019531,83.14326477050781,77.6549301147461
1771502415.1065037,-19.65959930419922,1.4930593967437744,4.430086612701416,74.05597686767578,81.23628234863281,83.67477416992188,77.21487426757812
1771502415.1394417,-19.739572525024414,1.5445024967193604,4.364266395568848,73.87146759033203,80.99383544921875,83.6963119506836,77.33190155029297
1771502415.1686466,-19.37224006652832,1.505460262298584,4.378083229064941,74.038818359375,81.1775131225586,83.42459869384766,77.61558532714844
1771502415.1992326,-19.577545166015625,1.4921857118606567,4.287272930145264,73.90569305419922,80.98240661621094,83.38933563232422,77.69536590576172
1771502415.230786,-19.626785278320312,1.4193109273910522,4.3390889167785645,73.85836791992188,81.04231262207031,83.36274719238281,77.72486877441406
1771502415.2639256,-19.957786560058594,1.3953394889831543,4.3085198402404785,73.57334899902344,80.75178527832031,83.57354736328125,77.60993957519531
1771502415.2969608,-19.98517608642578,1.4271851778030396,4.302755355834961,73.6759262084961,80.82178497314453,83.44918060302734,77.81437683105469
1771502415.3279622,-20.051271438598633,1.40049409866333,4.276449203491211,73.69489288330078,80.74812316894531,83.47274017333984,77.76786804199219
1771502415.3629677,-19.687286376953125,1.427160382270813,4.302684783935547,73.80840301513672,80.9793930053711,83.05200958251953,78.083251953125
1771502415.3917632,-19.771936416625977,1.4362821578979492,4.201019287109375,73.83187866210938,80.97344970703125,82.96322631835938,78.17740631103516
1771502415.439767,-19.582239151000977,1.3984825611114502,4.159435749053955,73.80950927734375,81.01101684570312,82.73579406738281,78.53522491455078
1771502415.4728596,-19.582969665527344,1.403933048248291,4.060905456542969,73.84172821044922,81.05718231201172,82.60052490234375,78.60795593261719
1771502415.499089,-19.490503311157227,1.455402135848999,4.02376127243042,73.95368194580078,81.13845825195312,82.54928588867188,78.65203094482422
1771502415.517085,-19.421960830688477,1.5159648656845093,4.053078651428223,73.96498107910156,81.18624877929688,82.57823181152344,78.54560852050781
1771502415.544917,-19.17355728149414,1.5478168725967407,4.052811145782471,74.0143814086914,81.27748107910156,82.49005889892578,78.64424133300781
1771502415.592931,-19.150310516357422,1.5118001699447632,4.020497798919678,74.13858795166016,81.28568267822266,82.6005630493164,78.64302062988281
1771502415.6249292,-19.02324104309082,1.3692392110824585,4.104884624481201,74.1875228881836,81.40214538574219,82.60908508300781,78.57415008544922
1771502415.6559372,-19.070823669433594,1.3904887437820435,4.178632736206055,74.19261169433594,81.37613677978516,82.80319213867188,78.3766098022461
1771502415.6879363,-18.74174690246582,1.4807939529418945,4.209621429443359,74.45360565185547,81.55364227294922,82.5019302368164,78.50749969482422
1771502415.719556,-18.702043533325195,1.3786184787750244,4.289844036102295,74.54072570800781,81.60913848876953,82.69064331054688,78.36592864990234
1771502415.7595613,-18.726083755493164,1.3022911548614502,4.2701921463012695,74.45043182373047,81.5972900390625,82.70046997070312,78.4236068725586
1771502415.7950685,-18.687942504882812,1.1712998151779175,4.2174882888793945,74.35617065429688,81.54837799072266,82.74546813964844,78.43154907226562
1771502415.8240778,-18.754344940185547,1.0883227586746216,4.224660396575928,74.2838134765625,81.55923461914062,82.96907806396484,78.26560974121094
1771502415.8720715,-18.63092041015625,1.0089167356491089,4.305203437805176,74.16146850585938,81.61971282958984,83.17657470703125,78.08258056640625
1771502415.904599,-18.521089553833008,1.0581130981445312,4.266031742095947,74.0002670288086,81.71014404296875,83.41206359863281,77.95404052734375
1771502415.9245973,-18.57707405090332,1.0884760618209839,4.21298360824585,73.90618896484375,81.68328857421875,83.57813262939453,77.8967514038086
1771502415.9566207,-18.309329986572266,1.0629284381866455,4.3431501388549805,73.44915771484375,81.67082214355469,84.05763244628906,77.56686401367188
1771502415.987116,-18.458114624023438,0.8401266932487488,4.380279541015625,71.52763366699219,80.78707885742188,84.92694091796875,75.09382629394531
1771502416.0208156,-19.438610076904297,0.7066922187805176,3.60033917427063,70.32064056396484,80.2041015625,85.41818237304688,71.37025451660156
1771502416.0498278,-21.24994659423828,0.5730522871017456,2.7168121337890625,68.51810455322266,78.720458984375,84.97477722167969,67.06609344482422
1771502416.0818205,-22.86962890625,0.03113672137260437,1.9982411861419678,65.23275756835938,76.74259948730469,83.96129608154297,63.91459655761719
1771502416.1133587,-24.17074203491211,-0.14581936597824097,1.4430278539657593,63.12340545654297,74.96229553222656,82.35279846191406,61.93598175048828
1771502416.1597528,-25.33102035522461,-0.11884487420320511,0.9340339303016663,61.28668975830078,72.68968200683594,78.37873077392578,58.026641845703125
1771502416.1917996,-25.401264190673828,-0.14709091186523438,0.6909953951835632,59.18080139160156,71.09147644042969,75.66642761230469,56.172325134277344
1771502416.2267852,-25.88010025024414,-0.16190224885940552,0.5155556797981262,58.316139221191406,69.65492248535156,73.07060241699219,54.22418212890625
1771502416.2567847,-27.020519256591797,-0.21792200207710266,0.3884735405445099,55.4231071472168,67.32881164550781,69.00568389892578,49.796844482421875
1771502416.3043067,-29.412609100341797,-0.2568531334400177,0.265830934047699,49.3656005859375,62.6402702331543,61.633384704589844,39.156280517578125
1771502416.3408551,-29.675777435302734,-0.41140466928482056,0.1857508420944214,46.223388671875,58.41764831542969,54.51896667480469,28.048213958740234
1771502416.365381,-29.601028442382812,-0.4162241816520691,0.1622743159532547,45.378028869628906,57.69785690307617,53.161277770996094,26.746562957763672
1771502416.3960366,-29.71810531616211,-0.5016664266586304,0.1278068870306015,41.644775390625,54.31382751464844,48.283905029296875,21.53749656677246
1771502416.4270506,-30.137985229492188,-0.9467002153396606,0.10142674297094345,37.90956115722656,49.93748092651367,44.02442169189453,17.252532958984375
1771502416.4580266,-30.24602508544922,-1.199908971786499,0.21831199526786804,34.16973114013672,43.67292404174805,37.83000564575195,13.018152236938477
1771502416.4880285,-29.55227279663086,-0.6749647855758667,0.4011138379573822,31.15121841430664,35.00431442260742,30.206310272216797,9.312934875488281
1771502416.5205815,-27.98529815673828,0.5559573769569397,0.8971042037010193,28.554105758666992,31.577129364013672,28.076705932617188,9.205885887145996
1771502416.5599241,-22.22073745727539,2.101470947265625,1.977691650390625,29.73119354248047,33.03934097290039,29.624805450439453,9.650880813598633
1771502416.5915806,-16.79084587097168,3.3769643306732178,2.1688618659973145,30.81697654724121,34.67707443237305,29.942493438720703,9.258214950561523
1771502416.6245887,-12.853399276733398,4.876449108123779,2.01946759223938,31.63439178466797,35.38258743286133,29.54694175720215,8.26901626586914
1771502416.6575847,-10.611288070678711,5.527647495269775,1.8018510341644287,31.931015014648438,35.4495849609375,28.78567886352539,7.749452590942383
1771502416.6875968,-9.575936317443848,5.587624549865723,1.6265240907669067,31.45323371887207,34.70703125,27.425189971923828,7.004883766174316
1771502416.7357094,-8.255186080932617,5.8080668449401855,1.2195242643356323,30.536529541015625,33.923919677734375,26.41885757446289,6.256834030151367
1771502416.7687454,-7.476236343383789,5.93525505065918,0.9827139973640442,29.836681365966797,33.53723907470703,26.315868377685547,6.065771579742432
1771502416.7887187,-7.121252059936523,6.044536590576172,0.8669905066490173,29.486465454101562,33.37979507446289,26.30900764465332,5.995115756988525
1771502416.8202293,-6.998326778411865,6.2962493896484375,0.684844434261322,28.346996307373047,32.662872314453125,25.952877044677734,6.014647960662842
1771502416.852227,-6.581602096557617,6.9661712646484375,0.5399314165115356,27.208633422851562,31.964736938476562,25.584983825683594,6.0811848640441895
1771502416.8832407,-6.472789287567139,7.56631326675415,0.4259974956512451,25.683534622192383,31.099685668945312,25.13226318359375,5.975554466247559
1771502416.914873,-6.070702075958252,8.288907051086426,0.3347766101360321,24.084171295166016,30.783432006835938,25.13333511352539,5.999167442321777
1771502416.959462,-5.8859357833862305,8.91441535949707,0.24292504787445068,22.150630950927734,30.538516998291016,25.31551742553711,6.119277000427246
1771502416.9929738,-4.8935627937316895,9.769859313964844,0.19313989579677582,22.250244140625,30.931350708007812,25.866653442382812,6.50726318359375
1771502417.0249724,-4.3431854248046875,10.378621101379395,0.15516819059848785,21.840293884277344,30.897993087768555,25.97957992553711,6.459019660949707
1771502417.055972,-3.664217948913574,10.930190086364746,0.12516072392463684,21.758813858032227,30.983386993408203,26.128761291503906,6.5235276222229
1771502417.0914838,-3.2951388359069824,11.523529052734375,0.09260634332895279,21.458812713623047,30.829391479492188,26.145620346069336,6.364171028137207
1771502417.121025,-2.9024927616119385,11.859813690185547,0.08275915682315826,21.290515899658203,30.851900100708008,26.238595962524414,6.37709903717041
1771502417.1690335,-1.858851432800293,12.779056549072266,0.05731489509344101,20.95004653930664,31.160873413085938,26.70440101623535,6.31482458114624
1771502417.2015445,-1.4982300996780396,12.971933364868164,0.04702913016080856,20.89760971069336,31.33277130126953,27.035661697387695,6.22531795501709
1771502417.2275455,-1.4681313037872314,12.884089469909668,0.04228118807077408,20.63093376159668,31.31097984313965,27.077817916870117,6.296192169189453
1771502417.2565477,-1.266895055770874,12.957530975341797,0.03480732440948486,20.65183448791504,31.318593978881836,27.306608200073242,6.206650257110596
1771502417.2895563,-0.860214352607727,13.134443283081055,0.028555555269122124,20.61289405822754,31.45704460144043,27.611032485961914,6.275038242340088
1771502417.319075,-1.0487674474716187,12.961323738098145,0.023602472618222237,20.161693572998047,31.290271759033203,27.52212905883789,6.139957904815674
1771502417.3600926,-1.5720605850219727,12.528942108154297,0.01796734519302845,19.324676513671875,30.712352752685547,27.146713256835938,5.744696140289307
1771502417.391624,-1.8928848505020142,12.225269317626953,0.014907426200807095,18.52231788635254,30.264408111572266,26.858261108398438,5.722636699676514
1771502417.4236329,-1.955125093460083,11.9716157913208,0.012383044697344303,17.96184539794922,29.968420028686523,26.735647201538086,5.869754791259766
1771502417.455704,-2.2185001373291016,11.691200256347656,0.010296625085175037,17.664182662963867,29.751426696777344,26.56337547302246,5.946220397949219
1771502417.4877386,-2.5905323028564453,11.384565353393555,0.008523501455783844,17.46938133239746,29.451148986816406,26.27754020690918,5.933845520019531
1771502417.5222442,-2.762481927871704,11.220924377441406,0.007099360693246126,17.57392692565918,29.405376434326172,26.248552322387695,6.116632461547852
1771502417.5512455,-3.0182595252990723,10.994444847106934,0.005917132832109928,17.65188980102539,29.49276351928711,26.39611053466797,6.454126358032227
1771502417.600309,-3.2000327110290527,10.947072982788086,0.004546906799077988,17.83238410949707,29.643386840820312,26.512300491333008,6.541481018066406
1771502417.6323159,-3.0865511894226074,10.99975872039795,0.0037947548553347588,17.99032211303711,29.931838989257812,26.894664764404297,6.687938690185547
1771502417.6653085,-2.722536087036133,11.137499809265137,0.0031515557784587145,18.41395378112793,30.44384002685547,27.347715377807617,6.81118106842041
1771502417.6968348,-2.3721866607666016,11.175590515136719,0.00263222330249846,18.415987014770508,30.640972137451172,27.700912475585938,7.04902982711792
1771502417.7298386,-2.1644694805145264,11.073588371276855,0.00219912501052022,18.435583114624023,30.709993362426758,27.88219451904297,7.125558853149414
1771502417.7598355,-2.0645413398742676,11.092988967895508,0.0018377593951299787,18.158187866210938,30.640865325927734,27.861572265625,7.168392181396484
1771502417.7923799,-1.6774976253509521,11.086922645568848,0.0015280345687642694,18.314132690429688,30.935739517211914,28.2916316986084,7.396130561828613
1771502417.8233883,-1.741554617881775,10.899950981140137,0.001277477596886456,18.203279495239258,30.82286834716797,28.224868774414062,7.240500450134277
1771502417.855391,-1.8133615255355835,10.861839294433594,0.000984999118372798,18.496166229248047,30.98299789428711,28.30889892578125,7.063487529754639
1771502417.8884113,-1.7896699905395508,10.868611335754395,0.0008237879956141114,18.77747344970703,31.15242576599121,28.341712951660156,6.985141277313232
1771502417.9209292,-1.873224139213562,10.794114112854004,0.0006890380755066872,18.97171401977539,31.304080963134766,28.391067504882812,6.984775543212891
1771502417.9559376,-1.8057225942611694,10.87306022644043,0.0005763844237662852,19.24107551574707,31.589298248291016,28.596818923950195,7.050433158874512
1771502417.9845574,-1.723670244216919,10.903963088989258,0.0004796608700416982,19.522958755493164,31.84164810180664,28.91002655029297,7.152613639831543
1771502418.032352,-1.3445613384246826,11.397650718688965,0.0003701115201693028,19.90411376953125,32.2209358215332,29.214937210083008,7.090455532073975
1771502418.0663555,-1.3644344806671143,11.486021041870117,0.0003096747968811542,20.090120315551758,32.27122497558594,29.21656036376953,6.973123073577881
1771502418.0863585,-1.4229252338409424,11.450826644897461,0.0002829577715601772,20.121545791625977,32.168453216552734,29.07734489440918,6.867286205291748
1771502418.1176991,-1.3824090957641602,11.458791732788086,0.00023552830680273473,20.279251098632812,32.213645935058594,29.112215042114258,6.786598205566406
1771502418.1616995,-1.2171645164489746,11.536439895629883,0.00018178090977016836,20.672409057617188,32.48351287841797,29.61743927001953,6.988046169281006
1771502418.191267,-1.6197569370269775,11.334990501403809,0.0001521201920695603,20.429981231689453,32.16966247558594,29.24124526977539,6.811007022857666
1771502418.2237825,-1.8083484172821045,11.214434623718262,0.00012730233720503747,20.1593074798584,31.83783721923828,28.87530517578125,6.695870399475098
1771502418.2557774,-2.1390862464904785,11.039466857910156,0.00010653571371221915,19.87946128845215,31.517452239990234,28.504878997802734,6.552685737609863
1771502418.2889132,-2.3442635536193848,10.916840553283691,8.869172597769648e-05,19.608068466186523,31.16381072998047,28.183330535888672,6.384845733642578
1771502418.3204522,-2.7287228107452393,10.70086669921875,7.422613998642191e-05,19.236865997314453,30.705413818359375,27.751380920410156,6.251109600067139
1771502418.3514552,-3.02291202545166,10.530550003051758,6.212071457412094e-05,18.985322952270508,30.347366333007812,27.25434112548828,6.172922611236572
1771502418.3865933,-3.3787989616394043,10.323081970214844,4.795419590664096e-05,18.72293472290039,29.921546936035156,26.807588577270508,6.111034393310547
1771502418.4160616,-3.4757418632507324,10.225537300109863,4.3572348658926785e-05,18.62684440612793,29.83351707458496,26.750431060791016,6.122569561004639
1771502418.4641438,-3.8303911685943604,10.031959533691406,3.380050475243479e-05,18.26691436767578,29.418834686279297,26.353378295898438,5.992206573486328
1771502418.4966426,-4.326992034912109,9.92320442199707,2.6093295673490502e-05,17.832897186279297,28.931737899780273,25.933074951171875,5.771522045135498
1771502418.5271542,-4.596734523773193,9.872721672058105,2.1724545149481855e-05,17.69031524658203,28.741065979003906,25.737468719482422,5.665710926055908
1771502418.5592172,-4.778817176818848,9.873820304870605,1.818245800677687e-05,17.81624984741211,28.635663986206055,25.519954681396484,5.484216690063477
1771502418.5962641,-4.75449800491333,9.88517951965332,1.5217948202916887e-05,17.893930435180664,28.532459259033203,25.410398483276367,5.431466102600098
1771502418.6242654,-4.89595890045166,9.830280303955078,1.2736818462144583e-05,17.86554527282715,28.49563980102539,25.39776611328125,5.397915840148926
1771502418.6552656,-4.892480850219727,9.88016128540039,1.0604468116071075e-05,17.957674026489258,28.44713592529297,25.331222534179688,5.363341331481934
1771502418.688283,-4.833740711212158,9.938145637512207,8.875562343746424e-06,18.07526969909668,28.479520797729492,25.29899787902832,5.3025126457214355
1771502418.7198143,-4.807966709136963,9.916833877563477,7.428544449794572e-06,18.071001052856445,28.47422981262207,25.270729064941406,5.260599136352539
1771502418.7528198,-4.872265338897705,9.882311820983887,6.2174494814826176e-06,18.064481735229492,28.42585563659668,25.237873077392578,5.239578723907471
1771502418.7848182,-5.025356292724609,9.857428550720215,5.176586000743555e-06,18.01165771484375,28.294342041015625,25.107563018798828,5.223095417022705
1771502418.8191972,-4.976440906524658,9.855361938476562,4.332644948590314e-06,18.122833251953125,28.381357192993164,25.161888122558594,5.344300270080566
1771502418.8481982,-5.03739595413208,9.820778846740723,3.626295438152738e-06,18.135257720947266,28.400400161743164,25.124187469482422,5.416878700256348
1771502418.8977187,-5.09446907043457,9.818107604980469,2.799541562126251e-06,18.248435974121094,28.4561710357666,25.119712829589844,5.436343193054199
1771502418.9287088,-5.0654215812683105,9.82422924041748,2.343137794014183e-06,18.281631469726562,28.53297996520996,25.141666412353516,5.446722030639648
1771502418.9597096,-5.061466693878174,9.738740921020508,1.9611416064435616e-06,18.257349014282227,28.55919647216797,25.1268310546875,5.545055389404297
1771502418.9935644,-5.024156093597412,9.744508743286133,1.6328352785421885e-06,18.3195743560791,28.596704483032227,25.184185028076172,5.611534595489502
1771502419.0264268,-4.970212936401367,9.709156036376953,1.366639367006428e-06,18.345413208007812,28.647409439086914,25.23089599609375,5.576785087585449
1771502419.0594275,-4.628255844116211,9.848926544189453,1.0550651268204092e-06,18.50480079650879,28.857494354248047,25.43255615234375,5.662866592407227
1771502419.0904315,-4.6548967361450195,9.828658103942871,8.830618298816262e-07,18.42862319946289,28.823257446289062,25.44521713256836,5.649436950683594
1771502419.1212015,-4.6663007736206055,9.79077434539795,8.02395561549929e-07,18.39263916015625,28.81379508972168,25.467578887939453,5.656872749328613
1771502419.1528468,-4.6681718826293945,9.792304039001465,6.715843028359814e-07,18.366304397583008,28.79056167602539,25.48200035095215,5.614191055297852
1771502419.1848528,-4.543913841247559,9.820538520812988,5.184733140595199e-07,18.538227081298828,28.878170013427734,25.60814666748047,5.641020774841309
1771502419.2163827,-4.7351179122924805,9.696609497070312,4.339489123594831e-07,18.38747787475586,28.711442947387695,25.521507263183594,5.577885150909424
1771502419.2503757,-4.699758529663086,9.75094223022461,3.632041796208796e-07,18.37149429321289,28.725444793701172,25.52666473388672,5.512394905090332
1771502419.2793908,-4.77998685836792,9.783769607543945,3.024023840225709e-07,18.298425674438477,28.695554733276367,25.482601165771484,5.41319465637207
1771502419.3274899,-4.777984619140625,9.906925201416016,2.3459735132291826e-07,18.309425354003906,28.70691680908203,25.463211059570312,5.28123140335083
1771502419.3615177,-4.741751194000244,9.896647453308105,1.9532487272044818e-07,18.326045989990234,28.76069450378418,25.50527000427246,5.317189693450928
1771502419.3916924,-4.726741313934326,9.954628944396973,1.634819994933423e-07,18.28612518310547,28.76119613647461,25.44898223876953,5.292303562164307
1771502419.4237812,-4.7876458168029785,9.900863647460938,1.3683032307199028e-07,18.12595558166504,28.724397659301758,25.467355728149414,5.2920918464660645
1771502419.4577825,-4.732389450073242,9.965073585510254,1.1452353732011034e-07,18.194177627563477,28.80324935913086,25.563264846801758,5.402410984039307
1771502419.487823,-4.606353282928467,10.02824592590332,9.535187928122468e-08,18.252485275268555,28.906715393066406,25.65026092529297,5.487414360046387
1771502419.5204246,-4.711292743682861,10.022590637207031,7.98071297936076e-08,18.192344665527344,28.83571434020996,25.550426483154297,5.449994087219238
1771502419.551391,-4.646978855133057,10.027583122253418,6.67965665002157e-08,18.272403717041016,28.936742782592773,25.671934127807617,5.520756721496582
1771502419.5833967,-4.5201191902160645,10.089278221130371,5.590705498548232e-08,18.411508560180664,29.04360580444336,25.73200035095215,5.544152736663818
1771502419.6169186,-4.485205173492432,10.102962493896484,4.654801344372572e-08,18.394454956054688,29.090999603271484,25.778820037841797,5.576992034912109
1771502419.6481524,-4.441007137298584,10.131330490112305,3.8959523607218216e-08,18.40334701538086,29.116657257080078,25.866329193115234,5.619755744934082
1771502419.6863084,-4.220194339752197,10.286237716674805,3.0077377033421726e-08,18.551362991333008,29.269065856933594,26.054691314697266,5.664048671722412
1771502419.716886,-4.163638591766357,10.320423126220703,2.5174012208140084e-08,18.596622467041016,29.351825714111328,26.157394409179688,5.667348384857178
1771502419.7598848,-4.3005828857421875,10.220969200134277,2.107002039508643e-08,18.498075485229492,29.206239700317383,26.056169509887695,5.578914642333984
1771502419.7955298,-4.402510643005371,10.179882049560547,1.6266394453623434e-08,18.384986877441406,29.145919799804688,25.960172653198242,5.404437065124512
1771502419.830529,-4.410653114318848,10.20417594909668,1.3614566363173708e-08,18.34035301208496,29.124210357666016,25.95063018798828,5.394881248474121
1771502419.860532,-4.421270847320557,10.19890308380127,1.1335440142090647e-08,18.372732162475586,29.16061782836914,25.972938537597656,5.439795970916748
1771502419.8915346,-4.482424736022949,10.216920852661133,9.487480134851012e-09,18.351369857788086,29.15915298461914,25.966941833496094,5.438395977020264
1771502419.9211252,-4.58809757232666,10.195857048034668,7.940784030324721e-09,18.27591323852539,29.130355834960938,25.93768310546875,5.437833309173584
1771502419.9522007,-4.624072074890137,10.18846321105957,6.646238226437617e-09,18.210186004638672,29.113868713378906,25.942060470581055,5.46775484085083
1771502419.9842048,-4.707116603851318,10.15250015258789,5.533634439558455e-09,18.098705291748047,29.060134887695312,25.92116928100586,5.493521213531494
1771502420.0185084,-4.556230545043945,10.21710205078125,4.631513839115087e-09,18.198610305786133,29.159704208374023,25.989452362060547,5.581430435180664
1771502420.048491,-4.4675211906433105,10.196175575256348,3.876461374119344e-09,18.26848602294922,29.175701141357422,26.083248138427734,5.680551052093506
1771502420.0815024,-4.3633856773376465,10.268478393554688,3.2445013342652373e-09,18.201183319091797,29.198034286499023,26.17250633239746,5.678407669067383
1771502420.117293,-4.210050106048584,10.398664474487305,2.7013606906933774e-09,18.322765350341797,29.414587020874023,26.39722442626953,5.744856834411621
1771502420.1592915,-3.998298168182373,10.472528457641602,2.0854942217596317e-09,18.40749168395996,29.551326751708984,26.679040908813477,5.887767314910889
1771502420.1923048,-4.022342681884766,10.521951675415039,1.7455066281257814e-09,18.50040054321289,29.613059997558594,26.7520809173584,5.8952250480651855
1771502420.2278368,-4.099149703979492,10.527745246887207,1.46094547570641e-09,18.48520851135254,29.587421417236328,26.723403930664062,5.84027624130249
1771502420.2558491,-4.21466588973999,10.459317207336426,1.2227748813486983e-09,18.397113800048828,29.465858459472656,26.617355346679688,5.837711811065674
1771502420.2878523,-4.321796417236328,10.438390731811523,1.0180781773172498e-09,18.363821029663086,29.392982482910156,26.501388549804688,5.823513507843018
1771502420.322017,-4.387511253356934,10.420506477355957,8.521059968735756e-10,18.35133171081543,29.31620216369629,26.417503356933594,5.793500900268555
1771502420.3520246,-4.319225311279297,10.475019454956055,7.131914503410997e-10,18.47906494140625,29.341875076293945,26.42694854736328,5.804810523986816
1771502420.3840497,-4.334322452545166,10.501921653747559,5.969234551095326e-10,18.460857391357422,29.23822021484375,26.282367706298828,5.72921895980835
1771502420.41614,-4.297849178314209,10.458240509033203,4.969963884882134e-10,18.44753646850586,29.235563278198242,26.34554672241211,5.787872314453125
1771502420.4471416,-4.413877010345459,10.419692993164062,4.1597356115197215e-10,18.269941329956055,29.134723663330078,26.167448043823242,5.6908464431762695
1771502420.480656,-4.3712053298950195,10.391064643859863,3.4815947347333065e-10,18.27802848815918,29.160062789916992,26.208415985107422,5.737423419952393
1771502420.5122573,-4.267214298248291,10.426738739013672,2.9140079238487715e-10,18.301645278930664,29.21873664855957,26.233762741088867,5.787857532501221
1771502420.5462632,-4.2039408683776855,10.4360990524292,2.249661290587568e-10,18.309423446655273,29.25813865661621,26.338939666748047,5.838960647583008
1771502420.591314,-4.0859479904174805,10.455391883850098,1.7367748905705582e-10,18.324947357177734,29.262405395507812,26.272594451904297,5.825715065002441
1771502420.6253548,-4.030954360961914,10.456894874572754,1.45363721060221e-10,18.398113250732422,29.353992462158203,26.382495880126953,5.942923545837402
1771502420.6566029,-4.048031806945801,10.396528244018555,1.2102932545055012e-10,18.378299713134766,29.421794891357422,26.412405014038086,5.941551685333252
1771502420.6886055,-4.013936519622803,10.422353744506836,1.0129852512363868e-10,18.45651626586914,29.522354125976562,26.458538055419922,5.908632755279541
1771502420.7191186,-3.8778493404388428,10.421233177185059,8.47843392715042e-11,18.616191864013672,29.624799728393555,26.626575469970703,6.106600284576416
1771502420.75366,-4.003981590270996,10.372835159301758,7.096237486514667e-11,18.489898681640625,29.507295608520508,26.500709533691406,6.041058540344238
1771502420.7849853,-4.106289386749268,10.302299499511719,5.908303013502092e-11,18.421215057373047,29.461578369140625,26.501014709472656,6.016458988189697
1771502420.8156216,-4.156342506408691,10.310445785522461,4.945101966802312e-11,18.417797088623047,29.463964462280273,26.55169677734375,6.071988105773926
1771502420.848628,-4.344201564788818,10.270462989807129,4.1389270483138674e-11,18.312820434570312,29.386510848999023,26.467918395996094,5.978604793548584
1771502420.8796275,-4.342501640319824,10.363871574401855,3.4641785967570726e-11,18.32811737060547,29.43766975402832,26.396127700805664,5.904775142669678
1771502420.9107976,-4.226850509643555,10.352865219116211,2.88426314082324e-11,18.462841033935547,29.576797485351562,26.61031723022461,6.106678009033203
1771502420.9437976,-4.315467834472656,10.359901428222656,2.4140562812635658e-11,18.336334228515625,29.48386001586914,26.471778869628906,5.942592620849609
1771502420.978592,-4.225214958190918,10.359318733215332,2.0205047704391355e-11,18.44072914123535,29.59403419494629,26.664064407348633,6.041444778442383
1771502421.025139,-4.228878974914551,10.452310562133789,1.5598623087642594e-11,18.439191818237305,29.594593048095703,26.622478485107422,5.964863300323486
1771502421.0571399,-4.232698440551758,10.43587589263916,1.305565811710041e-11,18.441679000854492,29.640453338623047,26.754596710205078,6.0152716636657715
1771502421.0881472,-4.220277786254883,10.541373252868652,1.0927259964932379e-11,18.453989028930664,29.677783966064453,26.674842834472656,5.895872116088867
1771502421.1200385,-4.023815155029297,10.537590026855469,9.097999263685264e-12,18.58690643310547,29.862979888916016,26.92669677734375,6.185381889343262
1771502421.1520581,-4.107705593109131,10.5513916015625,7.614798548660762e-12,18.44057846069336,29.75278091430664,26.77404022216797,6.057539463043213
1771502421.1860445,-4.038327693939209,10.564434051513672,5.878747575543963e-12,18.505098342895508,29.847925186157227,26.958831787109375,6.147671699523926
1771502421.2165534,-4.163712501525879,10.553749084472656,4.920364896771057e-12,18.369857788085938,29.760459899902344,26.78402328491211,5.953954696655273
1771502421.247555,-4.114409446716309,10.526652336120605,4.118222689947215e-12,18.438095092773438,29.83928680419922,26.94832992553711,6.041244983673096
1771502421.280578,-4.110347747802734,10.611915588378906,3.4288179934227614e-12,18.427160263061523,29.77152442932129,26.842784881591797,5.981062889099121
1771502421.313098,-4.081157207489014,10.580901145935059,2.869835011992672e-12,18.449771881103516,29.867965698242188,26.976226806640625,6.079728126525879
1771502421.3420858,-4.235081195831299,10.53348445892334,2.4019803073621615e-12,18.3331241607666,29.724302291870117,26.862586975097656,6.052647113800049
1771502421.3760858,-4.307622909545898,10.465136528015137,2.0103974908425304e-12,18.231277465820312,29.61168098449707,26.813709259033203,6.065969467163086
1771502421.410125,-4.348064422607422,10.400943756103516,1.6738499692206532e-12,18.209550857543945,29.521669387817383,26.77737045288086,6.074824333190918
1771502421.4551206,-4.374911785125732,10.189916610717773,1.2985380999641638e-12,18.1229248046875,29.505638122558594,26.858930587768555,6.194357872009277
1771502421.4891286,-4.42665958404541,10.16901969909668,1.0811583833064686e-12,18.007675170898438,29.40427017211914,26.782690048217773,6.1198954582214355
1771502421.5227077,-4.37227201461792,10.141969680786133,9.049025634713659e-13,18.032011032104492,29.479145050048828,26.89624786376953,6.199849605560303
1771502421.552968,-4.365979194641113,10.223567008972168,7.573808659226688e-13,18.023836135864258,29.439517974853516,26.86808967590332,6.123028755187988
1771502421.5847292,-4.284440517425537,10.294478416442871,6.339088867539366e-13,18.108627319335938,29.57805061340332,26.98379135131836,6.256185054779053
1771502421.6175787,-4.214311599731445,10.453739166259766,5.277903222973557e-13,18.244611740112305,29.618928909301758,26.956666946411133,6.239283561706543
1771502421.66159,-4.349689483642578,10.516603469848633,4.07462664954103e-13,18.218555450439453,29.490764617919922,26.805198669433594,6.141847133636475
1771502421.6936781,-4.326619625091553,10.525930404663086,3.4103609151091285e-13,18.266223907470703,29.572975158691406,26.80712127685547,6.142078399658203
1771502421.7253993,-4.433333396911621,10.431281089782715,2.854386919968338e-13,18.114879608154297,29.471073150634766,26.728918075561523,6.1073431968688965
1771502421.7557008,-4.399043560028076,10.446301460266113,2.389050600144077e-13,18.125938415527344,29.470611572265625,26.700267791748047,6.087710380554199
1771502421.7867155,-4.40988302230835,10.423848152160645,1.9891152527179434e-13,18.071197509765625,29.45195770263672,26.612377166748047,6.052875995635986
1771502421.8172503,-4.435449600219727,10.393974304199219,1.6648398696965383e-13,18.062734603881836,29.42498016357422,26.633098602294922,6.016988277435303
1771502421.850305,-4.5042877197265625,10.380054473876953,1.393429371453897e-13,18.051023483276367,29.44724464416504,26.624441146850586,5.982479095458984
1771502421.8883567,-4.692028045654297,10.33747673034668,1.0757500033993506e-13,17.908418655395508,29.292104721069336,26.549734115600586,5.921778678894043
1771502421.9216855,-4.665646076202393,10.36771011352539,9.003758974284945e-14,17.934232711791992,29.32123374938965,26.584135055541992,5.9255757331848145
1771502421.951711,-4.719740867614746,10.312581062316895,7.535921349834454e-14,17.86072540283203,29.276596069335938,26.560640335083008,5.942342758178711
1771502421.983328,-4.867210388183594,10.330512046813965,6.274382326632716e-14,17.793615341186523,29.223093032836914,26.479759216308594,5.858518123626709
1771502422.01719,-4.887768745422363,10.301896095275879,5.251501273770276e-14,17.798826217651367,29.257850646972656,26.500633239746094,5.900795936584473
1771502422.0501776,-4.933849334716797,10.318177223205566,4.39537559723379e-14,17.727876663208008,29.18714714050293,26.429183959960938,5.785716533660889
1771502422.07919,-5.0200934410095215,10.30286693572998,3.678819605174542e-14,17.68031883239746,29.111289978027344,26.39215087890625,5.708469390869141
1771502422.11071,-5.036988735198975,10.323854446411133,3.0629724424120416e-14,17.628639221191406,29.070528030395508,26.30850601196289,5.633144378662109
1771502422.1476965,-4.890973091125488,10.353015899658203,2.5636314428191705e-14,17.772716522216797,29.19498062133789,26.46269989013672,5.740211486816406
1771502422.180704,-4.859062671661377,10.369564056396484,2.1456955610617105e-14,17.781940460205078,29.14910125732422,26.427898406982422,5.671751022338867
1771502422.213067,-4.815854549407959,10.416913986206055,1.795893654328671e-14,17.8450927734375,29.185453414916992,26.431936264038086,5.677633285522461
1771502422.2440863,-4.671302318572998,10.502768516540527,1.4952548951069865e-14,17.912979125976562,29.27065086364746,26.535980224609375,5.744091987609863
1771502422.2750885,-4.649778366088867,10.4751615524292,1.2514910101616393e-14,17.986696243286133,29.311641693115234,26.57288360595703,5.811728477478027
1771502422.3216143,-4.53794002532959,10.393609046936035,9.661712653075225e-15,18.025575637817383,29.38915252685547,26.717506408691406,5.973335266113281
1771502422.351612,-4.456051826477051,10.393523216247559,8.086612536008491e-15,18.0456485748291,29.49483299255371,26.782068252563477,6.0371246337890625
1771502422.414333,-4.524298667907715,10.263440132141113,5.7933631579087236e-15,17.96415901184082,29.42400360107422,26.75908660888672,6.09674596786499
1771502422.4463377,-4.569496154785156,10.26938247680664,4.848900245896497e-15,17.942445755004883,29.379924774169922,26.675479888916016,6.011359691619873
1771502422.4804015,-4.450551509857178,10.221567153930664,3.743429499621911e-15,17.98900604248047,29.404083251953125,26.75311851501465,6.163390636444092
1771502422.5117085,-4.384461402893066,10.230018615722656,3.1331570842017646e-15,18.06342887878418,29.441043853759766,26.766822814941406,6.188379287719727
1771502422.5427356,-4.388898849487305,10.224388122558594,2.8469503687969305e-15,18.07605743408203,29.459487915039062,26.778600692749023,6.206796169281006
1771502422.5745575,-4.317111968994141,10.248183250427246,2.2086049521641716e-15,18.119014739990234,29.507022857666016,26.771547317504883,6.184501647949219
1771502422.6040132,-4.342584133148193,10.249391555786133,2.0068539861059324e-15,18.135400772094727,29.479639053344727,26.761829376220703,6.161724090576172
1771502422.6360836,-4.3469672203063965,10.251370429992676,1.6796866631960117e-15,18.209793090820312,29.50440788269043,26.766164779663086,6.154170036315918
1771502422.6666136,-4.3491339683532715,10.263493537902832,1.3985012649816195e-15,18.306406021118164,29.53044891357422,26.779735565185547,6.197493553161621
1771502422.6992073,-4.3283586502075195,10.295782089233398,1.0849282914795382e-15,18.28168296813965,29.518863677978516,26.792892456054688,6.243115425109863
1771502422.7302265,-4.390252113342285,10.258767127990723,9.85822577914588e-16,18.20973014831543,29.47214126586914,26.735151290893555,6.228604793548584
1771502422.7612255,-4.431766986846924,10.1985445022583,8.251088758431621e-16,18.140623092651367,29.436904907226562,26.7888126373291,6.319068908691406
1771502422.7922297,-4.523482322692871,10.21336555480957,6.869827896179297e-16,18.064096450805664,29.34735870361328,26.655254364013672,6.178685665130615
1771502422.8227384,-4.485274791717529,10.213603973388672,5.749874580572556e-16,18.01987648010254,29.376794815063477,26.707239151000977,6.254527568817139
1771502422.8535905,-4.757946014404297,10.15050983428955,4.812501334328849e-16,17.750492095947266,29.19240951538086,26.51127815246582,6.037014484405518
1771502422.8856044,-4.879491806030273,10.08515739440918,4.0279434196816575e-16,17.679691314697266,29.10318374633789,26.38867950439453,5.981412410736084
1771502422.9166136,-4.939727306365967,10.048920631408691,3.353651724712439e-16,17.594614028930664,29.053722381591797,26.353294372558594,5.972030162811279
1771502422.9496484,-5.155247688293457,10.071517944335938,2.6016934612271055e-16,17.501676559448242,28.95663070678711,26.175867080688477,5.8192644119262695
1771502422.9814537,-5.051036357879639,10.035717964172363,2.166161031149765e-16,17.623687744140625,29.09389877319336,26.362743377685547,6.003868579864502
1771502423.0125196,-4.951493740081787,10.14109992980957,1.8130226722254026e-16,17.708663940429688,29.159133911132812,26.469688415527344,6.015992641448975
1771502423.0445204,-4.852822303771973,10.28472900390625,1.5174547604457508e-16,17.781009674072266,29.285930633544922,26.63355255126953,6.02122688293457
1771502423.07452,-4.539022922515869,10.512126922607422,1.270071773708538e-16,17.997848510742188,29.490446090698242,26.840641021728516,6.093429088592529
1771502423.106061,-4.433023929595947,10.61627197265625,1.1540536709231164e-16,18.098979949951172,29.60060691833496,26.96786117553711,6.146734714508057
1771502423.1383133,-4.115663051605225,10.89145565032959,8.909480983236386e-17,18.365520477294922,29.884077072143555,27.371931076049805,6.3161940574646
1771502423.1844852,-3.674314022064209,11.142871856689453,6.878263550240562e-17,18.76786994934082,30.232898712158203,27.72677230834961,6.582753658294678
1771502423.216995,-3.4361965656280518,11.27880573272705,5.756934864885717e-17,18.899917602539062,30.440616607666016,27.870193481445312,6.6642255783081055
1771502423.2480044,-3.492074966430664,11.225860595703125,4.8184107787993766e-17,18.840045928955078,30.434188842773438,27.830860137939453,6.672858238220215
1771502423.2809966,-3.433180332183838,11.20737075805664,4.011792221913192e-17,18.898422241210938,30.553918838500977,27.89002799987793,6.7484002113342285
1771502423.3115187,-3.443734645843506,11.098164558410645,3.35776995919732e-17,18.880624771118164,30.56676483154297,27.8651065826416,6.79534387588501
1771502423.3475223,-3.657876491546631,11.055315017700195,2.810369623078308e-17,18.778350830078125,30.439563751220703,27.68950080871582,6.660244941711426
1771502423.3765218,-3.564931869506836,11.068866729736328,2.352209171036212e-17,18.869041442871094,30.5556640625,27.777063369750977,6.691778659820557
1771502423.4080765,-3.6291518211364746,11.045075416564941,1.9584412555227964e-17,18.82314109802246,30.502655029296875,27.727930068969727,6.685998439788818
1771502423.4410748,-3.6908321380615234,11.059974670410156,1.6391664135618238e-17,18.767879486083984,30.430635452270508,27.641620635986328,6.59571647644043
1771502423.4720771,-3.6983659267425537,11.05975341796875,1.3719413326193216e-17,18.742345809936523,30.39097023010254,27.614601135253906,6.563205242156982
1771502423.503643,-3.7824652194976807,10.98078441619873,1.1482806285355985e-17,18.679738998413086,30.295948028564453,27.569990158081055,6.4940924644470215
1771502423.536639,-3.7625515460968018,10.993419647216797,9.560544420901156e-18,18.69627571105957,30.296836853027344,27.551403045654297,6.42923641204834
1771502423.5706508,-3.762899160385132,10.9939603805542,8.001936796323626e-18,18.71674156188965,30.310352325439453,27.58340072631836,6.43691873550415
1771502423.617168,-3.778024196624756,10.957754135131836,6.177624696923651e-18,18.687816619873047,30.233022689819336,27.53899383544922,6.275852203369141
1771502423.6531703,-3.50899338722229,11.027456283569336,4.769226040550545e-18,18.91683006286621,30.53460121154785,27.856531143188477,6.540433883666992
1771502423.685183,-3.4902610778808594,10.997830390930176,3.991723000455308e-18,18.91364288330078,30.572349548339844,27.898822784423828,6.531985282897949
1771502423.7157052,-3.341392993927002,11.076934814453125,3.340972567934328e-18,19.009979248046875,30.650936126708984,28.003768920898438,6.551478385925293
1771502423.778938,-3.5866951942443848,10.995939254760742,2.3935198943160902e-18,18.71384048461914,30.436065673828125,27.81096649169922,6.359523773193359
1771502423.81045,-3.685177803039551,10.944884300231934,2.003316465498288e-18,18.660953521728516,30.339599609375,27.75714111328125,6.316790580749512
1771502423.8424523,-3.6789486408233643,10.934465408325195,1.6767259141228047e-18,18.6718807220459,30.361637115478516,27.775630950927734,6.387422561645508
1771502423.8735104,-3.7141530513763428,10.881101608276367,1.403377773452486e-18,18.665306091308594,30.326580047607422,27.733415603637695,6.428020000457764
1771502423.906027,-3.71467661857605,10.913533210754395,1.1684475193443098e-18,18.619966506958008,30.259571075439453,27.6231632232666,6.383861064910889
1771502423.9370885,-3.7654802799224854,10.833921432495117,9.77961369355878e-19,18.608386993408203,30.230045318603516,27.63486099243164,6.458770751953125
1771502423.968338,-3.8462624549865723,10.829580307006836,8.185292339239121e-19,18.492956161499023,30.102397918701172,27.4995059967041,6.335185527801514
1771502424.002385,-4.003731727600098,10.711189270019531,6.850885609044343e-19,18.390897750854492,30.004409790039062,27.478816986083984,6.321592330932617
1771502424.033439,-3.954531192779541,10.787012100219727,5.704023471182181e-19,18.458168029785156,30.01601219177246,27.511812210083008,6.3301100730896
1771502424.0684981,-3.944014549255371,10.793618202209473,4.774125121125967e-19,18.411670684814453,30.034513473510742,27.572847366333008,6.286392688751221
1771502424.0990403,-3.977613925933838,10.829227447509766,3.995823644944463e-19,18.425304412841797,30.02031707763672,27.52351188659668,6.264139175415039
1771502424.1310446,-4.023211479187012,10.867574691772461,3.3444046953921755e-19,18.385189056396484,29.99637222290039,27.526256561279297,6.284811973571777
1771502424.1620457,-4.127326011657715,10.803860664367676,2.784539905494847e-19,18.305282592773438,29.922414779663086,27.47960090637207,6.3130927085876465
1771502424.194596,-4.430381774902344,10.709630966186523,2.3305904231561053e-19,18.00857162475586,29.650861740112305,27.17919921875,6.1598310470581055
1771502424.2236273,-4.511946678161621,10.586189270019531,1.9506459467891273e-19,17.845476150512695,29.601499557495117,27.140033721923828,6.231311798095703
1771502424.2556267,-4.864785671234131,10.394018173217773,1.6326419179128564e-19,17.5191650390625,29.338909149169922,26.89501190185547,6.208654403686523
1771502424.285648,-4.77382755279541,10.359171867370605,1.359332008496474e-19,17.54054832458496,29.50396156311035,27.056095123291016,6.356383323669434
1771502424.3171656,-4.950124740600586,10.346073150634766,1.1377269619722795e-19,17.374277114868164,29.400924682617188,26.90842056274414,6.2724175453186035
1771502424.3491633,-4.741802215576172,10.356146812438965,9.522490933248237e-20,17.532472610473633,29.59638786315918,27.153844833374023,6.461312294006348
1771502424.380165,-4.70635461807251,10.39775562286377,7.970087473457585e-20,17.55698013305664,29.591279983520508,27.13238525390625,6.396503925323486
1771502424.4106972,-4.776494026184082,10.325153350830078,6.635867117394572e-20,17.476320266723633,29.5650634765625,27.13393783569336,6.410853385925293
1771502424.442723,-4.789495944976807,10.291054725646973,5.554055109138434e-20,17.44424057006836,29.55030059814453,27.135560989379883,6.414295196533203
1771502424.4796906,-4.693454742431641,10.269959449768066,4.648605439179417e-20,17.452375411987305,29.577253341674805,27.136882781982422,6.437978744506836
1771502424.5128245,-4.481446266174316,10.292169570922852,3.588798697039177e-20,17.5987491607666,29.832317352294922,27.42864227294922,6.638235092163086
1771502424.5438251,-4.3502936363220215,10.363560676574707,3.0037348191327006e-20,17.698116302490234,29.968605041503906,27.554218292236328,6.728579521179199
1771502424.5758247,-4.277573108673096,10.449578285217285,2.5140510050846973e-20,17.859926223754883,30.06309700012207,27.600749969482422,6.704318046569824
1771502424.6081634,-3.901447296142578,10.63015365600586,2.09319023358824e-20,18.175745010375977,30.351009368896484,27.845396041870117,6.833481311798096
1771502424.6421936,-3.8463122844696045,10.663009643554688,1.7519480194307122e-20,18.203752517700195,30.34225845336914,27.9124755859375,6.825007438659668
1771502424.671201,-3.8572325706481934,10.727195739746094,1.46633677108293e-20,18.16089630126953,30.267335891723633,27.884084701538086,6.736151695251465
1771502424.7038155,-3.9349517822265625,10.689784049987793,1.2272873093894303e-20,18.053916931152344,30.249162673950195,27.889759063720703,6.71207857131958
1771502424.7358036,-4.126587867736816,10.640198707580566,1.0218351938355783e-20,17.955224990844727,30.123779296875,27.69763946533203,6.620616436004639
1771502424.7677965,-3.9227538108825684,10.740071296691895,8.552505504314885e-21,18.11313819885254,30.279136657714844,27.865337371826172,6.703983306884766
1771502424.8034346,-4.079221725463867,10.677080154418945,7.15823361292637e-21,18.04279136657715,30.225494384765625,27.781436920166016,6.625629901885986
1771502424.8354344,-4.039451599121094,10.692498207092285,5.991262714373044e-21,18.0975399017334,30.252552032470703,27.797088623046875,6.615128993988037
1771502424.8674045,-4.10894775390625,10.628811836242676,4.988304606065364e-21,18.087703704833984,30.22459602355957,27.817523956298828,6.6173095703125
1771502424.9110754,-4.10955286026001,10.771931648254395,3.851051625046426e-21,18.12503433227539,30.21198272705078,27.776512145996094,6.563297271728516
1771502424.9470377,-4.1875481605529785,10.73912525177002,3.2232340609189655e-21,18.093032836914062,30.090789794921875,27.697389602661133,6.515094757080078
1771502424.9800355,-4.273378849029541,10.767391204833984,2.6977663651043043e-21,18.058589935302734,30.0217342376709,27.602062225341797,6.411524772644043
1771502425.0078225,-4.136574745178223,10.788304328918457,2.2579631575803825e-21,18.1712646484375,30.175771713256836,27.758281707763672,6.5441203117370605
1771502425.0399694,-4.155713081359863,10.807583808898926,1.8799723137991928e-21,18.187179565429688,30.18161964416504,27.735538482666016,6.481557846069336
1771502425.0729692,-4.068881034851074,10.798364639282227,1.5734898809189877e-21,18.223127365112305,30.241744995117188,27.82880401611328,6.5700507164001465
1771502425.104579,-4.217713356018066,10.7269868850708,1.3169718025609173e-21,18.129024505615234,30.12709617614746,27.716323852539062,6.541574001312256
1771502425.136517,-4.2379584312438965,10.646005630493164,1.0167235165336204e-21,18.088111877441406,30.106781005859375,27.719310760498047,6.59560489654541
1771502425.1675107,-4.2497406005859375,10.613885879516602,9.238481579933388e-22,18.045574188232422,30.11036491394043,27.739181518554688,6.628322601318359
1771502425.1995654,-4.164189338684082,10.689577102661133,7.167022204986354e-22,18.093786239624023,30.196788787841797,27.811214447021484,6.709110260009766
1771502425.2313561,-3.9878242015838623,10.738816261291504,5.96723772200171e-22,18.172035217285156,30.269573211669922,27.91442108154297,6.789287090301514
1771502425.264803,-3.695627450942993,10.887283325195312,4.994429094941559e-22,18.315176010131836,30.449260711669922,28.07657241821289,6.892768383026123
1771502425.2968237,-3.6465396881103516,10.943297386169434,4.180212559396061e-22,18.327444076538086,30.490238189697266,28.119430541992188,6.880700588226318
1771502425.3438668,-3.463918924331665,11.044211387634277,3.2271915930647293e-22,18.288318634033203,30.542158126831055,28.204288482666016,6.875725746154785
1771502425.3768659,-3.5682995319366455,11.054546356201172,2.7010789245739594e-22,18.17833137512207,30.438396453857422,28.10674285888672,6.791754722595215
1771502425.4084108,-3.6832613945007324,10.98989200592041,2.248908902411069e-22,18.089689254760742,30.361682891845703,28.073923110961914,6.763191223144531
1771502425.4381664,-3.6843154430389404,10.927339553833008,1.882280558673193e-22,18.0441951751709,30.35126495361328,28.12052345275879,6.766479969024658
1771502425.4731693,-3.739663600921631,10.887606620788574,1.5754218706956336e-22,17.98973846435547,30.224084854125977,27.989978790283203,6.665322303771973
1771502425.5067596,-3.7717440128326416,10.854820251464844,1.318588828577101e-22,17.91218376159668,30.140531539916992,27.97194480895996,6.691519737243652
1771502425.537759,-3.9296658039093018,10.801883697509766,1.0978525468685439e-22,17.89499282836914,30.05099868774414,27.855802536010742,6.625225067138672
1771502425.568761,-3.797588348388672,10.797826766967773,9.188751536032765e-23,18.0112247467041,30.173656463623047,28.054912567138672,6.8336968421936035
1771502425.5999277,-3.8162903785705566,10.821541786193848,7.690755795204722e-23,18.00568389892578,30.07461166381836,27.917510986328125,6.702913284301758
1771502425.6329842,-3.67919921875,10.827007293701172,6.436970564705207e-23,18.07340431213379,30.180309295654297,28.050682067871094,6.810915470123291
1771502425.6649206,-3.764329433441162,10.823177337646484,5.359399189947788e-23,18.0150089263916,30.113100051879883,27.90308952331543,6.748531341552734
1771502425.695936,-3.704644203186035,10.831642150878906,4.485683357051411e-23,18.02870750427246,30.183786392211914,27.96582794189453,6.787003517150879
1771502425.780562,-3.5943403244018555,10.992376327514648,2.8200859127557495e-23,18.18596649169922,30.320890426635742,27.938302993774414,6.7697296142578125
1771502425.8033018,-3.5080342292785645,11.02828598022461,2.5771913801893118e-23,18.232255935668945,30.396286010742188,28.005435943603516,6.837429046630859
1771502425.8343415,-3.4416887760162354,11.038400650024414,2.157044850929506e-23,18.23365020751953,30.441829681396484,28.12656021118164,6.913839340209961
1771502425.866275,-3.3890113830566406,11.140381813049316,1.795948031413476e-23,18.25452423095703,30.47922134399414,28.144784927368164,6.8844475746154785
1771502425.8963668,-3.3403468132019043,11.166011810302734,1.503163726390327e-23,18.27817726135254,30.537790298461914,28.181861877441406,6.8991804122924805
1771502425.9303463,-3.2297587394714355,11.188813209533691,1.2581105548428425e-23,18.285930633544922,30.626251220703125,28.322290420532227,7.003253936767578
1771502425.9603486,-3.322984457015991,11.215252876281738,1.053007113915832e-23,18.282920837402344,30.597003936767578,28.2446231842041,6.939629554748535
1771502425.9921665,-3.106231212615967,11.286653518676758,8.767300704152267e-24,18.42767333984375,30.798654556274414,28.416484832763672,7.058249473571777
1771502426.024488,-3.0524864196777344,11.198234558105469,7.338011750497535e-24,18.439146041870117,30.8236026763916,28.445098876953125,7.1375412940979
1771502426.0544896,-3.2099225521087646,11.04395580291748,6.141732586722458e-24,18.36650848388672,30.706687927246094,28.345134735107422,7.093324661254883
1771502426.0854914,-3.305896043777466,11.026750564575195,5.140476799227478e-24,18.295360565185547,30.64371681213379,28.25118637084961,7.005947113037109
1771502426.1183555,-3.245969772338867,11.035544395446777,4.279943147601706e-24,18.351072311401367,30.66872215270996,28.29635238647461,7.043922424316406
1771502426.1775546,-3.4101104736328125,11.059940338134766,3.0800762444296844e-24,18.440433502197266,30.671817779541016,28.17351531982422,6.889123916625977
1771502426.2120743,-3.3369140625,10.96417236328125,2.5779469511643324e-24,18.429733276367188,30.752452850341797,28.373769760131836,7.021923542022705
1771502426.2426395,-3.5416488647460938,10.883350372314453,2.146389746125731e-24,18.250892639160156,30.54288101196289,28.133853912353516,6.875494956970215
1771502426.2746322,-3.449608325958252,10.897879600524902,1.796474714396847e-24,18.36124038696289,30.641935348510742,28.253459930419922,6.927455425262451
1771502426.3061197,-3.5482590198516846,10.829218864440918,1.5036044826995966e-24,18.271209716796875,30.579357147216797,28.193115234375,6.901869773864746
1771502426.3365014,-3.4813876152038574,10.856411933898926,1.258479465645169e-24,18.315486907958984,30.612709045410156,28.303810119628906,6.964478492736816
1771502426.3685286,-3.590571880340576,10.792255401611328,1.0478056806511668e-24,18.263898849487305,30.46388053894043,28.132492065429688,6.8131866455078125
1771502426.3985677,-3.63948392868042,10.795063972473145,8.769872193488062e-25,18.225156784057617,30.37024688720703,28.008079528808594,6.717674732208252
1771502426.4277215,-3.576105833053589,10.879094123840332,7.340164354692656e-25,18.30865478515625,30.40988540649414,27.989381790161133,6.653003692626953
1771502426.460298,-3.4646644592285156,10.924402236938477,6.143534345029983e-25,18.405559539794922,30.459692001342773,28.05543327331543,6.699214935302734
1771502426.508358,-3.396106719970703,10.946013450622559,4.74290786350555e-25,18.433591842651367,30.53369903564453,28.16796112060547,6.768026351928711
1771502426.538485,-3.289191961288452,10.987549781799316,3.9489287301238514e-25,18.49151611328125,30.564979553222656,28.19741439819336,6.805951118469238
1771502426.570484,-3.458683490753174,10.806525230407715,3.3051548760720552e-25,18.28146743774414,30.407060623168945,28.094802856445312,6.773439407348633
1771502426.61001,-3.5315446853637695,10.901629447937012,2.5516329672526817e-25,18.26666259765625,30.282909393310547,27.910324096679688,6.593979835510254
1771502426.668571,-3.1230480670928955,11.071844100952148,1.8362916797269723e-25,18.546052932739258,30.684951782226562,28.31714630126953,6.865385055541992
1771502426.6975772,-3.148393154144287,11.072212219238281,1.6685506387715887e-25,18.558263778686523,30.664276123046875,28.290565490722656,6.851733684539795
1771502426.7291927,-3.0790977478027344,11.114400863647461,1.39653525165473e-25,18.537139892578125,30.734546661376953,28.414852142333984,6.898593902587891
1771502426.760183,-2.9521725177764893,11.286935806274414,1.168865187286805e-25,18.626752853393555,30.844995498657227,28.496252059936523,6.94041633605957
1771502426.7911923,-2.802457571029663,11.398208618164062,9.731931084976323e-26,18.723543167114258,30.965545654296875,28.60748863220215,7.027312755584717
1771502426.8213522,-2.6798198223114014,11.433381080627441,8.145383276859557e-26,18.770652770996094,31.070425033569336,28.79360580444336,7.142648220062256
1771502426.8533497,-2.6976497173309326,11.325037956237793,6.817482621744549e-26,18.719039916992188,31.075939178466797,28.844106674194336,7.2504119873046875
1771502426.8863626,-2.8326568603515625,11.262819290161133,5.706062655354487e-26,18.613998413085938,30.936182022094727,28.700092315673828,7.162214279174805
1771502426.9179425,-2.934210777282715,11.111279487609863,4.405172474374729e-26,18.629961013793945,30.971824645996094,28.842714309692383,7.3125996589660645
1771502426.9484878,-2.9821815490722656,11.103219985961914,4.0027702125384157e-26,18.57782554626465,30.893417358398438,28.774877548217773,7.257246971130371
1771502426.9807045,-3.120713233947754,11.002584457397461,3.350218616912564e-26,18.43699073791504,30.749052047729492,28.67416763305664,7.241368770599365
1771502427.014275,-3.268019676208496,10.984960556030273,2.5864228425085763e-26,18.301307678222656,30.591745376586914,28.47724151611328,7.111412048339844
1771502427.0428004,-3.245577335357666,10.974924087524414,2.1647712960641012e-26,18.283374786376953,30.59158706665039,28.48067283630371,7.105450630187988
1771502427.0748017,-3.299833059310913,10.964131355285645,1.9670243590198018e-26,18.281591415405273,30.558801651000977,28.446964263916016,7.074573516845703
1771502427.106361,-3.367269515991211,10.92236328125,1.518574652957145e-26,18.351844787597656,30.605501174926758,28.479204177856445,7.139198303222656
1771502427.137361,-3.2450923919677734,10.98240852355957,1.2710090697437988e-26,18.407136917114258,30.71611976623535,28.548961639404297,7.16935920715332
1771502427.1683724,-3.413008213043213,10.865142822265625,1.0638028892590426e-26,18.205066680908203,30.570707321166992,28.372875213623047,7.068346977233887
1771502427.198331,-3.4546709060668945,10.840910911560059,8.903764414780697e-27,18.148818969726562,30.560579299926758,28.334789276123047,7.062592029571533
1771502427.2322438,-3.3661563396453857,10.875534057617188,7.413243319616683e-27,18.18564224243164,30.63880157470703,28.41512680053711,7.101305961608887
1771502427.2632453,-3.40570068359375,10.834274291992188,6.204699553540349e-27,18.096757888793945,30.606399536132812,28.384429931640625,7.0651140213012695
1771502427.2952664,-3.562762498855591,10.803765296936035,5.1931788059608175e-27,17.98348617553711,30.465810775756836,28.187530517578125,6.9544548988342285
1771502427.3257868,-3.4515762329101562,10.801003456115723,4.346561187637577e-27,18.061443328857422,30.558265686035156,28.308975219726562,7.072676658630371
1771502427.3602931,-3.678173065185547,10.72592830657959,3.6189317583244574e-27,17.91868782043457,30.399513244628906,28.07398796081543,6.921448230743408
1771502427.3903525,-3.6116933822631836,10.64809513092041,3.0289554754844934e-27,18.017127990722656,30.544374465942383,28.204626083374023,7.069011688232422
1771502427.424408,-3.6514711380004883,10.603862762451172,2.535160134067228e-27,17.93337059020996,30.475967407226562,28.21198272705078,7.050410270690918
1771502427.4759622,-3.7087082862854004,10.524778366088867,1.9571847058967297e-27,17.833175659179688,30.40380859375,28.187227249145508,7.040174961090088
1771502427.5064862,-3.741694688796997,10.518858909606934,1.6381147364521297e-27,17.77614402770996,30.35720443725586,28.156612396240234,7.029081344604492
1771502427.5334895,-3.6688756942749023,10.531412124633789,1.3638886976116254e-27,17.808992385864258,30.420272827148438,28.24286651611328,7.104452133178711
1771502427.5654871,-3.6116526126861572,10.551704406738281,1.1415407596075996e-27,17.880834579467773,30.51970672607422,28.321931838989258,7.143009662628174
1771502427.597491,-3.5828185081481934,10.538208961486816,9.554411342728748e-28,17.90709686279297,30.54723358154297,28.373701095581055,7.179316997528076
1771502427.6280012,-3.581766366958618,10.568264961242676,7.996803944625904e-28,17.96388816833496,30.525360107421875,28.362394332885742,7.160215377807617
1771502427.66001,-3.5991153717041016,10.604331970214844,6.658111225511725e-28,17.98744010925293,30.536781311035156,28.31439208984375,7.10474157333374
1771502427.6910143,-3.5952296257019043,10.586893081665039,5.57267299777712e-28,17.99985694885254,30.566524505615234,28.365863800048828,7.139480113983154
1771502427.7211723,-3.6386055946350098,10.624211311340332,4.664188250367842e-28,17.98195457458496,30.519073486328125,28.232011795043945,7.032415390014648
1771502427.7591636,-3.3564674854278564,10.787107467651367,3.903809200870644e-28,18.15220832824707,30.716270446777344,28.444095611572266,7.141529083251953
1771502427.7921875,-3.419735908508301,10.836286544799805,3.250298078057549e-28,18.12625503540039,30.651771545410156,28.308156967163086,7.00650691986084
1771502427.8243577,-3.2889273166656494,10.832279205322266,2.720418416905747e-28,18.202848434448242,30.716838836669922,28.41045379638672,7.068911552429199
1771502427.864039,-3.3565921783447266,10.882986068725586,2.100207104313594e-28,18.105541229248047,30.588573455810547,28.279932022094727,6.9614715576171875
1771502427.9055648,-3.4418439865112305,10.837503433227539,1.621393836749084e-28,17.936485290527344,30.416051864624023,28.151565551757812,6.879796028137207
1771502427.9375765,-3.375673294067383,10.8225736618042,1.3570662111542551e-28,17.92277717590332,30.460636138916016,28.24207305908203,6.919466972351074
1771502427.9575694,-3.3909695148468018,10.81154727935791,1.2401818839412584e-28,17.880695343017578,30.446521759033203,28.223154067993164,6.897480487823486
1771502427.9890878,-3.5235958099365234,10.698144912719727,1.0325710896493107e-28,17.77702522277832,30.372652053833008,28.116300582885742,6.891613006591797
1771502428.0176437,-3.4835104942321777,10.73387336730957,8.642362060104273e-29,17.858047485351562,30.385562896728516,28.114240646362305,6.860726356506348
1771502428.0500052,-3.5515494346618652,10.71806526184082,7.233441388903607e-29,17.837963104248047,30.32311248779297,28.03853988647461,6.791540145874023
1771502428.082015,-3.4600772857666016,10.8086576461792,6.054210132136101e-29,17.94213104248047,30.412015914916992,28.10040855407715,6.789956092834473
1771502428.1135147,-3.3604438304901123,10.844195365905762,5.040714475806284e-29,17.9976749420166,30.494598388671875,28.20867347717285,6.847178936004639
1771502428.1605551,-3.261524200439453,10.855613708496094,3.891512980770082e-29,17.992353439331055,30.48358917236328,28.190736770629883,6.822640419006348
1771502428.1916165,-3.28562593460083,10.867803573608398,3.2570993191002203e-29,18.003414154052734,30.47250747680664,28.22134017944336,6.836169242858887
1771502428.2238548,-3.201294422149658,10.896604537963867,2.7261108037829374e-29,18.083538055419922,30.542572021484375,28.309648513793945,6.927822113037109
1771502428.2558541,-3.3899853229522705,10.95350170135498,2.2816866704715077e-29,17.972606658935547,30.400522232055664,28.134750366210938,6.795787811279297
1771502428.2878904,-3.530506134033203,10.912334442138672,1.8997243573017556e-29,17.946287155151367,30.3409423828125,28.09193992614746,6.760489463806152
1771502428.3380399,-3.4414801597595215,10.915474891662598,1.4737667324281845e-29,17.965675354003906,30.380931854248047,28.178373336791992,6.872094631195068
1771502428.370035,-3.3730335235595703,10.973812103271484,1.2270530752979413e-29,18.025590896606445,30.489091873168945,28.280105590820312,6.900665283203125
1771502428.3951435,-3.3372280597686768,11.017362594604492,1.0270128257371538e-29,18.086929321289062,30.58873748779297,28.36295509338379,6.953680038452148
1771502428.4244356,-3.3734469413757324,10.918916702270508,8.595840620444492e-30,17.99650764465332,30.532548904418945,28.32033348083496,6.918292999267578
1771502428.4564047,-3.528085708618164,10.871919631958008,7.194503900252958e-30,17.87713623046875,30.329164505004883,28.089292526245117,6.747532844543457
1771502428.488441,-3.399611473083496,10.87669563293457,5.990119095632093e-30,17.909679412841797,30.477313995361328,28.235891342163086,6.875726699829102
1771502428.5194883,-3.629801034927368,10.775975227355957,5.013580078912468e-30,17.714086532592773,30.26287841796875,27.962501525878906,6.680053234100342
1771502428.5605586,-3.791517496109009,10.537280082702637,3.870564731042948e-30,17.631807327270508,30.265283584594727,28.090452194213867,6.803046703338623
1771502428.5910773,-3.9230706691741943,10.555737495422363,3.239566134369005e-30,17.515090942382812,30.057981491088867,27.763626098632812,6.582864761352539
1771502428.624589,-3.8228111267089844,10.582254409790039,2.7114358946914528e-30,17.6182861328125,30.123260498046875,27.858388900756836,6.673741817474365
1771502428.6555824,-3.7326242923736572,10.571087837219238,2.2575321987768e-30,17.69569969177246,30.189393997192383,27.96562957763672,6.779376983642578
1771502428.6885939,-3.8287293910980225,10.585075378417969,1.889498083071071e-30,17.64678192138672,30.051021575927734,27.78021240234375,6.652077674865723
1771502428.720115,-3.724705457687378,10.643388748168945,1.5814627036640805e-30,17.76221466064453,30.120317459106445,27.89905548095703,6.731839179992676
1771502428.770115,-3.7753820419311523,10.695686340332031,1.2209147942612242e-30,17.706554412841797,30.049903869628906,27.71230697631836,6.557511329650879
1771502428.8016195,-3.594839334487915,10.773555755615234,1.0218752007234951e-30,17.84787368774414,30.191204071044922,27.942543029785156,6.704662322998047
1771502428.8306885,-3.5436253547668457,10.862287521362305,8.552840472854124e-31,17.84557342529297,30.190673828125,27.89190673828125,6.634295463562012
1771502428.861654,-3.5249156951904297,10.865360260009766,7.121065313863302e-31,17.822195053100586,30.17103385925293,27.97916030883789,6.672572135925293
1771502428.8946502,-3.550203323364258,10.844289779663086,5.960154145957316e-31,17.750757217407227,30.105857849121094,27.905197143554688,6.599642276763916
1771502428.9261587,-3.3822619915008545,10.907576560974121,4.98850038972016e-31,17.88384246826172,30.246816635131836,28.083974838256836,6.734416961669922
1771502428.9661582,-3.3674068450927734,10.82972240447998,3.851203022531232e-31,17.858718872070312,30.21063804626465,28.064674377441406,6.7860307693481445
1771502428.9917974,-3.3799824714660645,10.791548728942871,3.4994045997001905e-31,17.88044548034668,30.22300910949707,28.059133529663086,6.796126365661621
1771502429.0236628,-3.422032356262207,10.82612133026123,2.9289143866557284e-31,17.853473663330078,30.24261474609375,27.969589233398438,6.725595951080322
1771502429.055663,-3.374443531036377,10.770289421081543,2.451428346252845e-31,17.934188842773438,30.296836853027344,28.103961944580078,6.857767105102539
1771502429.087667,-3.235077381134033,10.878826141357422,2.051784247058024e-31,18.115264892578125,30.370380401611328,28.100492477416992,6.90108585357666
1771502429.1208515,-3.248757839202881,10.846233367919922,1.7083084417802392e-31,18.077177047729492,30.379898071289062,28.181583404541016,6.978914737701416
1771502429.1518507,-3.2559375762939453,10.852933883666992,1.4298114956777737e-31,18.07139778137207,30.387832641601562,28.174510955810547,7.0027360916137695
1771502429.2022533,-3.384054660797119,10.876985549926758,1.0289688624428543e-31,17.9622859954834,30.29368019104004,28.007328033447266,6.812853813171387
1771502429.2383595,-3.270146369934082,10.982891082763672,8.567159169541491e-32,18.089946746826172,30.414522171020508,28.169607162475586,6.878537178039551
1771502429.2713585,-3.3099517822265625,11.018362998962402,7.170498495347867e-32,18.051599502563477,30.374862670898438,28.11046600341797,6.840333938598633
1771502429.3020744,-3.3381850719451904,11.054930686950684,6.001528138172643e-32,18.044170379638672,30.306995391845703,28.060426712036133,6.747185707092285
1771502429.3351355,-3.2212281227111816,11.097742080688477,5.023129512899904e-32,18.12584686279297,30.429784774780273,28.192533493041992,6.8324127197265625
1771502429.3653553,-3.3490705490112305,11.047826766967773,4.182240216786356e-32,18.004213333129883,30.327362060546875,28.0092716217041,6.757835865020752
1771502429.3953729,-3.4298853874206543,10.970059394836426,3.500430571169588e-32,18.003150939941406,30.29322624206543,27.972562789916992,6.749108791351318
1771502429.4274647,-3.3998241424560547,11.023913383483887,2.9297730265042865e-32,18.06380271911621,30.31006622314453,27.92451286315918,6.7413740158081055
1771502429.4594636,-3.2554922103881836,11.052391052246094,2.452146896562144e-32,18.256357192993164,30.50819206237793,28.086557388305664,6.825471878051758
1771502429.4924686,-3.249882221221924,11.054692268371582,2.0416489878284404e-32,18.274303436279297,30.51125144958496,28.054149627685547,6.814443588256836
1771502429.5227463,-3.289994716644287,11.04541015625,1.7088092317610483e-32,18.284143447875977,30.497928619384766,28.053050994873047,6.8576459884643555
1771502429.5547621,-3.242121696472168,11.131508827209473,1.4302307357379944e-32,18.38698959350586,30.51848030090332,28.036293029785156,6.827245235443115
1771502429.5877683,-3.2275710105895996,11.088777542114258,1.1970673904905628e-32,18.39792251586914,30.560083389282227,28.106765747070312,6.886867046356201
1771502429.6373124,-3.440030097961426,11.12968921661377,8.575959361062128e-33,18.38240623474121,30.38425064086914,27.832962036132812,6.6060309410095215
1771502429.666614,-3.378535270690918,11.151411056518555,7.79256510995203e-33,18.419692993164062,30.419784545898438,27.8861083984375,6.657310485839844
1771502429.6952069,-3.3317837715148926,11.27772331237793,6.52218265107946e-33,18.453838348388672,30.432390213012695,27.902069091796875,6.603135108947754
1771502429.7267954,-3.3024630546569824,11.243982315063477,5.458903929722545e-33,18.45209503173828,30.471546173095703,28.015106201171875,6.701333999633789
1771502429.7607923,-3.369788408279419,11.20763111114502,4.568966176731777e-33,18.394472122192383,30.474834442138672,28.03911590576172,6.6988677978515625
1771502429.792821,-3.3591628074645996,11.155062675476074,3.804105430772316e-33,18.38686180114746,30.4728946685791,28.03386688232422,6.723575592041016
1771502429.8293326,-3.478696823120117,11.015081405639648,2.9511459749935328e-33,18.257606506347656,30.39216423034668,27.936872482299805,6.694801330566406
1771502429.8553355,-3.5340168476104736,11.0191650390625,2.457113984675742e-33,18.25766372680664,30.4105224609375,27.885351181030273,6.688928604125977
1771502429.887348,-3.4179306030273438,11.018976211547852,2.056543162468931e-33,18.38357162475586,30.570476531982422,28.04201889038086,6.841653347015381
1771502429.9188826,-3.394106149673462,11.049837112426758,1.7212752758831217e-33,18.409170150756836,30.630321502685547,28.120487213134766,6.847418308258057
1771502429.9518828,-3.4230411052703857,10.997861862182617,1.4406644786971908e-33,18.317501068115234,30.576534271240234,28.086816787719727,6.791623592376709
1771502429.9838967,-3.4043028354644775,11.036393165588379,1.1994922516653168e-33,18.301347732543945,30.58538246154785,28.12235450744629,6.73728084564209
1771502430.0178654,-3.4721240997314453,10.970324516296387,1.003945092986183e-33,18.280654907226562,30.58611488342285,28.13521957397461,6.764461517333984
1771502430.0648644,-3.5739269256591797,10.850558280944824,7.750618328726906e-34,18.10445785522461,30.408292770385742,28.07444953918457,6.677826404571533
1771502430.0968697,-3.5037729740142822,10.918292999267578,6.48707394089826e-34,18.16720962524414,30.425296783447266,28.116382598876953,6.714813232421875
1771502430.1183965,-3.4538938999176025,10.960428237915039,5.894494840856764e-34,18.19902992248535,30.459840774536133,28.161151885986328,6.767281532287598
1771502430.1593962,-3.2475368976593018,11.107213973999023,4.550645362590243e-34,18.386571884155273,30.59185028076172,28.28078842163086,6.842794418334961
1771502430.1919668,-3.1341307163238525,11.101933479309082,3.8087766432843925e-34,18.464141845703125,30.674962997436523,28.341310501098633,6.974377155303955
1771502430.2254448,-3.029078483581543,11.214317321777344,3.1878509102325493e-34,18.541112899780273,30.730091094970703,28.309030532836914,6.940412521362305
1771502430.2574422,-3.0560851097106934,11.163972854614258,2.668151541587073e-34,18.547927856445312,30.787641525268555,28.292266845703125,6.954705715179443
1771502430.2884536,-3.0762710571289062,11.195440292358398,2.2214937643995956e-34,18.549869537353516,30.811080932617188,28.256526947021484,6.88039493560791
1771502430.3198204,-2.830150604248047,11.351052284240723,1.8593348603764175e-34,18.700716018676758,31.016063690185547,28.412303924560547,6.912935256958008
1771502430.3508193,-2.8511102199554443,11.334453582763672,1.5562168820388419e-34,18.7144718170166,31.05490493774414,28.451786041259766,6.9292707443237305
1771502430.383819,-2.713473320007324,11.412212371826172,1.3025146658289197e-34,18.805269241333008,31.21963119506836,28.600975036621094,7.022314548492432
1771502430.4144764,-2.732241630554199,11.418533325195312,1.0844691881235204e-34,18.810102462768555,31.243505477905273,28.598365783691406,7.019495010375977
1771502430.447483,-2.70501971244812,11.419794082641602,9.076736324189613e-35,18.788068771362305,31.225780487060547,28.584238052368164,6.9511260986328125
1771502430.4974766,-2.409909725189209,11.637859344482422,6.532105591233701e-35,19.05759048461914,31.535480499267578,28.828105926513672,7.064979553222656
1771502430.529618,-2.1777608394622803,11.69713020324707,5.438608285071629e-35,19.280988693237305,31.697458267211914,29.046045303344727,7.199252605438232
1771502430.559488,-2.2583255767822266,11.748004913330078,4.5519793305691226e-35,19.22372055053711,31.668277740478516,29.014759063720703,7.199450492858887
1771502430.6022427,-2.3337016105651855,11.764902114868164,3.8098931333289333e-35,19.135587692260742,31.614416122436523,28.95917510986328,7.182098388671875
1771502430.6347876,-2.405223846435547,11.767844200134277,3.188785565994697e-35,19.048425674438477,31.54779624938965,28.893417358398438,7.143998622894287
1771502430.6657798,-2.4848504066467285,11.734260559082031,2.654971942547514e-35,18.945667266845703,31.511215209960938,28.88304901123047,7.1497392654418945
1771502430.696794,-2.4968395233154297,11.711475372314453,2.2221452224504663e-35,18.84237289428711,31.487655639648438,28.880338668823242,7.151830673217773
1771502430.7270675,-2.5767016410827637,11.654675483703613,1.8598800188404854e-35,18.779069900512695,31.434749603271484,28.863170623779297,7.157542705535889
1771502430.7591317,-2.441925048828125,11.70431137084961,1.5566732183589694e-35,18.83933448791504,31.50830841064453,28.925622940063477,7.2418904304504395
1771502430.7896502,-2.39462947845459,11.657937049865723,1.2960806709680908e-35,18.867578506469727,31.55646514892578,29.0023250579834,7.311280250549316
1771502430.8211823,-2.252506732940674,11.646466255187988,1.0847871398303749e-35,18.941856384277344,31.652828216552734,29.17299461364746,7.395499229431152
1771502430.85219,-2.167759895324707,11.684958457946777,9.079397401183753e-36,19.033632278442383,31.749757766723633,29.25620460510254,7.497786521911621
1771502430.8842027,-2.194898843765259,11.591606140136719,7.599228747349937e-36,18.9730167388916,31.750598907470703,29.295459747314453,7.549652099609375
1771502430.929711,-2.334282398223877,11.547754287719727,5.8667273597933594e-36,18.83967399597168,31.55678939819336,29.068811416625977,7.371976852416992
1771502430.966712,-2.341085433959961,11.567655563354492,4.5292082888178604e-36,18.85337257385254,31.694381713867188,29.139442443847656,7.411805629730225
1771502430.991646,-2.327195405960083,11.562605857849121,4.115475388062242e-36,18.848222732543945,31.707050323486328,29.13175392150879,7.383611679077148
1771502431.0233564,-2.31877064704895,11.568037033081055,3.444550005668032e-36,18.84311866760254,31.714065551757812,29.097196578979492,7.376325607299805
1771502431.0553691,-2.3278648853302,11.507745742797852,2.8830023134938207e-36,18.80600357055664,31.72878074645996,29.074901580810547,7.3240461349487305
1771502431.0873563,-2.2725539207458496,11.511787414550781,2.4130009791576654e-36,18.7625675201416,31.7030086517334,28.99884796142578,7.273959159851074
1771502431.1248744,-2.2641358375549316,11.449875831604004,1.862875685550511e-36,18.75354766845703,31.7440185546875,29.09259796142578,7.313990116119385
1771502431.1538715,-2.2534067630767822,11.465463638305664,1.5510238645423848e-36,18.71596336364746,31.744125366210938,29.056507110595703,7.324305534362793
1771502431.1848748,-2.098703145980835,11.547961235046387,1.2981682783366135e-36,18.854358673095703,31.85199737548828,29.114761352539062,7.392655849456787
1771502431.2149215,-2.14705491065979,11.496979713439941,1.0865344536377434e-36,18.81955337524414,31.78580093383789,29.061697006225586,7.346078872680664
1771502431.2471101,-2.086517095565796,11.47565746307373,9.09402256267932e-37,18.829389572143555,31.800928115844727,29.00689697265625,7.338472843170166
1771502431.2800982,-2.174675941467285,11.431570053100586,7.571651911036839e-37,18.683048248291016,31.70273208618164,28.95751190185547,7.364166259765625
1771502431.31062,-2.016613245010376,11.56039047241211,6.33728374284604e-37,18.832990646362305,31.82547378540039,29.06338119506836,7.473132610321045
1771502431.360655,-1.9735097885131836,11.665224075317383,4.892485386864512e-37,18.95366668701172,31.939117431640625,29.22152328491211,7.531536102294922
1771502431.392649,-1.8876914978027344,11.642006874084473,4.0948882733307465e-37,19.0538272857666,32.06208038330078,29.363651275634766,7.652785301208496
1771502431.4241574,-2.0496768951416016,11.652755737304688,3.4273193258598382e-37,19.039260864257812,31.9610595703125,29.198524475097656,7.536656379699707
1771502431.4551558,-1.869888186454773,11.716381072998047,2.8685808223222525e-37,19.24141502380371,32.19316101074219,29.511798858642578,7.761259078979492
1771502431.4871545,-1.9711133241653442,11.66879940032959,2.3883704121021667e-37,19.147159576416016,32.08515930175781,29.48710823059082,7.705691814422607
1771502431.521426,-2.089857339859009,11.59758472442627,1.99900651763589e-37,19.090171813964844,32.05583953857422,29.471466064453125,7.720212936401367
1771502431.552426,-2.2480592727661133,11.499063491821289,1.6731185289027221e-37,19.024499893188477,31.978822708129883,29.396907806396484,7.747730731964111
1771502431.584423,-2.3637726306915283,11.431923866271973,1.400358473314948e-37,18.979511260986328,31.9276180267334,29.336519241333008,7.692079067230225
1771502431.6169357,-2.526078939437866,11.424980163574219,1.1659335716598921e-37,18.860570907592773,31.811092376708984,29.165237426757812,7.61746072769165
1771502431.647936,-2.542820692062378,11.402873992919922,9.758573001154196e-38,18.80449104309082,31.778505325317383,29.13652229309082,7.621526718139648
1771502431.6789434,-2.46990966796875,11.394830703735352,8.167682217722545e-38,18.824289321899414,31.818267822265625,29.2200927734375,7.709494590759277
1771502431.7124531,-2.410493850708008,11.392958641052246,6.836145996145675e-38,18.78533935546875,31.81591033935547,29.257240295410156,7.745706558227539
1771502431.7596438,-2.1968400478363037,11.432790756225586,5.277615117890984e-38,18.983461380004883,31.956832885742188,29.489343643188477,7.984453201293945
1771502431.7956564,-2.272956132888794,11.290278434753418,4.0744042044831235e-38,18.842056274414062,31.845178604125977,29.459381103515625,7.998368740081787
1771502431.8266146,-2.0962343215942383,11.270312309265137,3.410174719408517e-38,19.04189109802246,32.03585433959961,29.690528869628906,8.172525405883789
1771502431.856698,-2.084882974624634,11.232589721679688,2.83929973802723e-38,19.0706787109375,32.08390426635742,29.819669723510742,8.209040641784668
1771502431.8876603,-1.8471065759658813,11.30521297454834,2.376423109551149e-38,19.38026237487793,32.350250244140625,30.199626922607422,8.432795524597168
1771502431.921081,-1.9450401067733765,11.212268829345703,1.989006823768499e-38,19.18796730041504,32.184112548828125,30.086246490478516,8.360743522644043
1771502431.9664536,-1.6881471872329712,11.27169418334961,1.5355453795443703e-38,19.453269958496094,32.400108337402344,30.328502655029297,8.533390998840332
1771502431.997458,-1.7247345447540283,11.295269012451172,1.285213217981992e-38,19.435232162475586,32.40072250366211,30.36394500732422,8.52898120880127
1771502432.0269675,-1.6293185949325562,11.338075637817383,1.1678120122513196e-38,19.57343292236328,32.47315979003906,30.4472713470459,8.601968765258789
1771502432.0599775,-1.5001556873321533,11.557241439819336,9.015697881846902e-39,19.61932373046875,32.501564025878906,30.44384002685547,8.581747055053711
1771502432.089967,-1.4393188953399658,11.614273071289062,7.545913757675138e-39,19.75105094909668,32.57974624633789,30.55142593383789,8.62923526763916
1771502432.12166,-1.4149426221847534,11.662779808044434,6.315741861813667e-39,19.743318557739258,32.54971694946289,30.502479553222656,8.583318710327148
1771502432.1526628,-1.6000243425369263,11.580401420593262,5.2584649730775215e-39,19.608125686645508,32.43925476074219,30.43702507019043,8.515843391418457
1771502432.1916628,-1.6697276830673218,11.597290992736816,4.401203821945243e-39,19.598005294799805,32.45847702026367,30.397872924804688,8.466959953308105
1771502432.228196,-1.757072925567627,11.550895690917969,3.683698370555471e-39,19.522247314453125,32.390235900878906,30.372465133666992,8.427451133728027
1771502432.260552,-1.681506633758545,11.568916320800781,3.083163505878285e-39,19.573087692260742,32.46107482910156,30.427444458007812,8.429476737976074
1771502432.2925594,-1.8884531259536743,11.492704391479492,2.5670316503043108e-39,19.38756561279297,32.275474548339844,30.229856491088867,8.242046356201172
1771502432.3241012,-1.8868587017059326,11.424077987670898,1.9914497073813565e-39,19.401500701904297,32.36201095581055,30.243709564208984,8.301918029785156
1771502432.3551126,-1.934016466140747,11.402125358581543,1.8095359433396374e-39,19.38849449157715,32.3670654296875,30.257518768310547,8.300416946411133
1771502432.3871212,-2.178554058074951,11.346109390258789,1.3969908728454826e-39,19.264650344848633,32.23137664794922,30.166154861450195,8.201567649841309
1771502432.419637,-2.1912481784820557,11.36604118347168,1.169246241229556e-39,19.3066349029541,32.22755813598633,30.13058853149414,8.166090965270996
1771502432.451064,-2.154664993286133,11.429609298706055,9.786304137243798e-40,19.34935188293457,32.2685546875,30.13332176208496,8.178919792175293
1771502432.4820569,-2.066812515258789,11.578123092651367,8.148046102601654e-40,19.42586898803711,32.32087326049805,30.16094398498535,8.189666748046875
1771502432.5135908,-1.970008134841919,11.65685749053955,6.8197132493142305e-40,19.522422790527344,32.41188049316406,30.218534469604492,8.244263648986816
1771502432.5445933,-1.8768818378448486,11.721123695373535,5.707923047718921e-40,19.619937896728516,32.51427459716797,30.280324935913086,8.285650253295898
1771502432.5755932,-1.907210350036621,11.693856239318848,4.777390802484026e-40,19.559968948364258,32.47806930541992,30.254703521728516,8.25329875946045
1771502432.6251173,-1.8671821355819702,11.673182487487793,3.6882175581029185e-40,19.629623413085938,32.549869537353516,30.238630294799805,8.25390338897705
1771502432.6571157,-1.8605399131774902,11.571913719177246,3.070791441736761e-40,19.64779281616211,32.48126983642578,30.193334579467773,8.281333923339844
1771502432.6871183,-1.7690297365188599,11.545312881469727,2.57017756535672e-40,19.645936965942383,32.53783416748047,30.250253677368164,8.296394348144531
1771502432.719648,-1.8579280376434326,11.43980598449707,2.1511753115389564e-40,19.567331314086914,32.50157165527344,30.244081497192383,8.245731353759766
1771502432.7516415,-1.7495418787002563,11.445055961608887,1.8004863578570277e-40,19.587785720825195,32.6123161315918,30.359472274780273,8.2708158493042
1771502432.7836413,-1.6588196754455566,11.430932998657227,1.4990810711654028e-40,19.55984878540039,32.67537307739258,30.474369049072266,8.269926071166992
1771502432.8161888,-1.4590684175491333,11.518139839172363,1.2546946189871547e-40,19.780988693237305,32.94891357421875,30.66202163696289,8.357160568237305
1771502432.8471808,-1.405693769454956,11.523573875427246,1.0501470821496612e-40,19.83197784423828,32.972137451171875,30.72998046875,8.38652229309082
1771502432.8811882,-1.3666068315505981,11.54885482788086,8.789504487630983e-41,19.830089569091797,32.98841094970703,30.73491668701172,8.387198448181152
1771502432.9117002,-1.3500441312789917,11.620058059692383,7.318141100089925e-41,19.883819580078125,33.003231048583984,30.754276275634766,8.39124870300293
1771502432.9427238,-1.4348673820495605,11.588045120239258,6.125075587563775e-41,19.80206298828125,32.920440673828125,30.700410842895508,8.301133155822754
1771502432.9752436,-1.2372236251831055,11.603029251098633,5.126510301885911e-41,19.966957092285156,33.065635681152344,30.96160125732422,8.510713577270508
1771502433.0092056,-1.2161964178085327,11.622319221496582,4.29077589776259e-41,19.97797393798828,33.09737777709961,31.003849029541016,8.491861343383789
1771502433.0554144,-1.3610574007034302,11.556861877441406,3.312529439817435e-41,19.945907592773438,33.02482604980469,30.940948486328125,8.507702827453613
1771502433.0904245,-1.367952823638916,11.48049545288086,2.557369697392791e-41,19.91257095336914,33.05975341796875,30.988187789916992,8.557376861572266
1771502433.124762,-1.2824976444244385,11.546844482421875,2.140483404256158e-41,19.927162170410156,33.12086868286133,31.101871490478516,8.61958122253418
1771502433.1563048,-1.1335397958755493,11.703295707702637,1.7821713869283024e-41,19.965896606445312,33.18669128417969,31.168542861938477,8.619260787963867
1771502433.1873028,-1.0696521997451782,11.750649452209473,1.4916822152737678e-41,19.95706558227539,33.22642135620117,31.217609405517578,8.712326049804688
1771502433.2188163,-1.136642575263977,11.777911186218262,1.248556931713412e-41,19.86347770690918,33.135765075683594,31.18919563293457,8.658586502075195
1771502433.2498136,-1.0360338687896729,11.775094032287598,1.0449482648470161e-41,19.829862594604492,33.16817092895508,31.300113677978516,8.699575424194336
1771502433.2829027,-0.9967300891876221,11.79556655883789,8.700662164992789e-42,19.829099655151367,33.16736602783203,31.280515670776367,8.748416900634766
1771502433.3283157,-0.9656187295913696,11.74703598022461,6.750054702652644e-42,19.764850616455078,33.1386833190918,31.22884750366211,8.775678634643555
1771502433.3603184,-0.9676691889762878,11.766592025756836,5.620608140406841e-42,19.787273406982422,33.14527893066406,31.157285690307617,8.70465087890625
1771502433.3903072,-0.851972758769989,11.814164161682129,4.704158944738411e-42,19.77652359008789,33.12689971923828,31.17828941345215,8.65053939819336
1771502433.4223292,-0.7367088198661804,11.900056838989258,3.937648684752736e-42,19.810829162597656,33.150970458984375,31.18081283569336,8.636295318603516
1771502433.454408,-0.7732833027839661,11.866405487060547,3.29585398809197e-42,19.757505416870117,33.090843200683594,31.12890625,8.562870025634766
1771502433.487461,-0.7766504287719727,11.845337867736816,2.7437423931479918e-42,19.781982421875,33.04591369628906,31.05827522277832,8.543079376220703
1771502433.5249226,-0.8006707429885864,11.796979904174805,2.2967281830283752e-42,19.752172470092773,33.03977584838867,31.07400894165039,8.543642044067383
1771502433.5519223,-0.8174973726272583,11.794608116149902,1.922581493053649e-42,19.736074447631836,32.92443084716797,30.945112228393555,8.428887367248535
1771502433.5829225,-0.7239630222320557,11.76170539855957,1.60869063704489e-42,19.782228469848633,32.92550277709961,30.9594669342041,8.463371276855469
1771502433.6164305,-0.6338043212890625,11.770354270935059,1.3396413318945251e-42,19.71254539489746,32.93996810913086,30.969985961914062,8.474137306213379
1771502433.6474316,-0.6649031639099121,11.772512435913086,1.1210387714598537e-42,19.582748413085938,32.862884521484375,30.90035629272461,8.444273948669434
1771502433.6794322,-0.626776397228241,11.750312805175781,9.388699710976274e-43,19.49836540222168,32.845130920410156,30.925569534301758,8.494824409484863
1771502433.7119408,-0.6143337488174438,11.757030487060547,7.861284384862224e-43,19.492551803588867,32.816802978515625,30.87261962890625,8.449501037597656
1771502433.7449439,-0.6633849143981934,11.811212539672852,6.544063828396896e-43,19.512420654296875,32.79371643066406,30.779380798339844,8.37681770324707
1771502433.775944,-0.6528136730194092,11.75394344329834,5.479076995510035e-43,19.464452743530273,32.831199645996094,30.808914184570312,8.459128379821777
1771502433.8075387,-0.7762235403060913,11.771554946899414,4.582245978342152e-43,19.39541244506836,32.714515686035156,30.699691772460938,8.413670539855957
1771502433.839579,-0.8702103495597839,11.786239624023438,3.839557792249999e-43,19.397869110107422,32.683021545410156,30.624011993408203,8.375799179077148
1771502433.8715634,-1.2444474697113037,11.775362014770508,2.970752744368612e-43,18.975269317626953,32.32918930053711,30.307022094726562,8.17790412902832
1771502433.920091,-1.4173510074615479,11.782408714294434,2.2981294814927e-43,18.906967163085938,32.245880126953125,30.204315185546875,8.07101058959961
1771502433.9540904,-1.36369788646698,11.87426471710205,1.9197788961249994e-43,18.935653686523438,32.31388473510742,30.247880935668945,8.094325065612793
1771502433.9870906,-1.4971435070037842,11.914690017700195,1.5974802493302915e-43,18.779951095581055,32.3238410949707,30.265548706054688,8.040858268737793
1771502434.019579,-1.5614304542541504,11.90699577331543,1.3312335411085762e-43,18.64234733581543,32.29680252075195,30.266427993774414,8.09501838684082
1771502434.0505993,-1.6669597625732422,11.927762985229492,1.1210387714598537e-43,18.46210479736328,32.23554611206055,30.223777770996094,8.092399597167969
1771502434.080953,-1.6527106761932373,11.919639587402344,9.388699710976274e-44,18.481552124023438,32.32136154174805,30.32088279724121,8.174246788024902
1771502434.1124742,-1.6116204261779785,11.906850814819336,7.847271400218976e-44,18.470388412475586,32.35700988769531,30.384552001953125,8.282196044921875
1771502434.1444848,-1.5942984819412231,11.998194694519043,6.58610278232664e-44,18.456483840942383,32.36028289794922,30.404075622558594,8.279539108276367
1771502434.1804867,-1.4811007976531982,12.115157127380371,5.465064010866787e-44,18.5303955078125,32.472354888916016,30.536964416503906,8.314126968383789
1771502434.207759,-1.6081256866455078,12.078842163085938,4.624284932271896e-44,18.254899978637695,32.31283187866211,30.4154052734375,8.245869636535645
1771502434.2399995,-1.6368290185928345,12.146490097045898,3.783505853677006e-44,18.20785140991211,32.278228759765625,30.339927673339844,8.184638023376465
1771502434.2729926,-1.734879493713379,12.175111770629883,3.2229864679470793e-44,18.115676879882812,32.212135314941406,30.336936950683594,8.138609886169434
1771502434.304,-1.7360259294509888,12.318501472473145,2.6624670822171524e-44,18.102521896362305,32.1942024230957,30.25082778930664,8.012323379516602
1771502434.35151,-1.8193621635437012,12.325040817260742,2.1019476964872256e-44,18.10100746154785,32.11284255981445,30.150785446166992,8.010076522827148
1771502434.3885128,-1.916135549545288,12.330780029296875,1.6815581571897805e-44,17.895601272583008,32.004638671875,30.05628776550293,7.85134220123291
1771502434.4230475,-1.994588017463684,12.297551155090332,1.401298464324817e-44,17.89441680908203,31.941221237182617,29.93729591369629,7.7720417976379395
1771502434.4530532,-1.9420186281204224,12.360857009887695,1.1210387714598537e-44,17.889650344848633,31.890430450439453,29.87548065185547,7.694056510925293
1771502434.4860475,-1.883971095085144,12.411136627197266,9.80908925027372e-45,17.947507858276367,31.92670440673828,29.87258529663086,7.720511436462402
1771502434.5175807,-1.8422610759735107,12.490443229675293,8.407790785948902e-45,17.922454833984375,31.85256576538086,29.827653884887695,7.699488639831543
1771502434.548579,-1.8025680780410767,12.537961959838867,7.006492321624085e-45,17.95903968811035,31.884159088134766,29.823007583618164,7.668452739715576
1771502434.5795777,-1.8122467994689941,12.612184524536133,5.605193857299268e-45,17.974788665771484,31.85370635986328,29.722854614257812,7.582276821136475
1771502434.611137,-1.8876466751098633,12.525679588317871,4.203895392974451e-45,17.90287208557129,31.786022186279297,29.638927459716797,7.497824668884277
1771502434.641692,-2.1162405014038086,12.478351593017578,4.203895392974451e-45,17.72450065612793,31.505226135253906,29.26606559753418,7.262551307678223
1771502434.6894996,-2.1419456005096436,12.555892944335938,2.802596928649634e-45,17.738962173461914,31.541481018066406,29.241365432739258,7.183263778686523
1771502434.7209957,-2.1807544231414795,12.615937232971191,2.802596928649634e-45,17.700090408325195,31.47038459777832,29.105884552001953,7.08731746673584
1771502434.7509906,-2.1241793632507324,12.654061317443848,2.802596928649634e-45,17.79257583618164,31.55724334716797,29.234601974487305,7.186869144439697
1771502434.7861,-2.1359622478485107,12.65943717956543,2.802596928649634e-45,17.700002670288086,31.46988296508789,29.134479522705078,7.105653762817383
1771502434.822617,-2.1143314838409424,12.623441696166992,2.802596928649634e-45,17.751590728759766,31.55561065673828,29.208911895751953,7.178570747375488
1771502434.8476236,-2.1345245838165283,12.57227611541748,2.802596928649634e-45,17.7598876953125,31.542903900146484,29.198734283447266,7.243855953216553
1771502434.879624,-2.0840821266174316,12.498627662658691,2.802596928649634e-45,17.77413558959961,31.535903930664062,29.164310455322266,7.362915515899658
1771502434.9119608,-2.0384230613708496,12.50136661529541,2.802596928649634e-45,17.845155715942383,31.56683921813965,29.191509246826172,7.497516632080078
1771502434.943955,-2.0145204067230225,12.517066955566406,2.802596928649634e-45,17.925817489624023,31.645061492919922,29.28797721862793,7.604684829711914
1771502434.9759555,-2.021871566772461,12.524810791015625,2.802596928649634e-45,17.978668212890625,31.688579559326172,29.339698791503906,7.640880107879639
1771502435.0119226,-1.8701025247573853,12.700502395629883,2.802596928649634e-45,18.084396362304688,31.766647338867188,29.353607177734375,7.648374080657959
1771502435.0399292,-1.7836575508117676,12.752805709838867,2.802596928649634e-45,18.127010345458984,31.863988876342773,29.496868133544922,7.7045207023620605
1771502435.071929,-1.698487639427185,12.887598991394043,2.802596928649634e-45,18.19476318359375,31.92365074157715,29.556062698364258,7.731471061706543
1771502435.1065435,-1.632162094116211,13.048773765563965,2.802596928649634e-45,18.196392059326172,31.825908660888672,29.509403228759766,7.689655303955078
1771502435.1407812,-1.6477915048599243,13.08967113494873,2.802596928649634e-45,18.163366317749023,31.735631942749023,29.459625244140625,7.653491020202637
1771502435.1711848,-1.7949743270874023,13.077138900756836,2.802596928649634e-45,18.04848861694336,31.608253479003906,29.349123001098633,7.556267261505127
1771502435.21583,-1.686326265335083,13.121842384338379,2.802596928649634e-45,18.098241806030273,31.563329696655273,29.240413665771484,7.489771842956543
1771502435.2517965,-1.6580541133880615,13.04670524597168,2.802596928649634e-45,18.104860305786133,31.509746551513672,29.251792907714844,7.537857532501221
1771502435.2790859,-1.8491286039352417,12.873176574707031,2.802596928649634e-45,17.986175537109375,31.244104385375977,28.94559097290039,7.3953752517700195
1771502435.3109725,-1.7711894512176514,12.891645431518555,2.802596928649634e-45,18.045692443847656,31.34145164489746,29.040393829345703,7.457035064697266
1771502435.3439336,-1.8536113500595093,12.949180603027344,2.802596928649634e-45,18.037445068359375,31.274188995361328,28.949756622314453,7.338543891906738
1771502435.3759036,-1.9036855697631836,12.997623443603516,2.802596928649634e-45,17.998655319213867,31.28479766845703,28.898073196411133,7.2774128913879395
1771502435.4079454,-2.0540900230407715,12.939437866210938,2.802596928649634e-45,17.92758560180664,31.224802017211914,28.833187103271484,7.18037748336792
1771502435.4394956,-1.9823250770568848,13.055071830749512,2.802596928649634e-45,17.979684829711914,31.345951080322266,28.929580688476562,7.209468841552734
1771502435.4724848,-1.9685226678848267,13.07343864440918,2.802596928649634e-45,18.00261688232422,31.38898468017578,28.952329635620117,7.202134132385254
1771502435.5035596,-1.7801053524017334,13.223093032836914,2.802596928649634e-45,18.09476661682129,31.532472610473633,29.03293228149414,7.228630065917969
1771502435.536132,-1.6030524969100952,13.368038177490234,2.802596928649634e-45,18.1966495513916,31.697891235351562,29.154802322387695,7.284519195556641
1771502435.5661297,-1.4681121110916138,13.403511047363281,2.802596928649634e-45,18.28070068359375,31.849712371826172,29.257055282592773,7.374509811401367
1771502435.59917,-1.358497977256775,13.52374267578125,2.802596928649634e-45,18.332876205444336,31.903635025024414,29.316730499267578,7.424175262451172
1771502435.6477153,-1.3009642362594604,13.600528717041016,2.802596928649634e-45,18.298175811767578,31.973983764648438,29.312679290771484,7.4187726974487305
1771502435.6817286,-1.4127466678619385,13.609066009521484,2.802596928649634e-45,18.18632698059082,31.86264419555664,29.180477142333984,7.276019096374512
1771502435.7113159,-1.4127781391143799,13.645943641662598,2.802596928649634e-45,18.143943786621094,31.809608459472656,29.099998474121094,7.229242324829102
1771502435.743351,-1.3899213075637817,13.609621047973633,2.802596928649634e-45,18.155345916748047,31.80134391784668,29.08751678466797,7.216195583343506
1771502435.776316,-1.3631818294525146,13.61353874206543,2.802596928649634e-45,18.123598098754883,31.732866287231445,29.01285743713379,7.1969194412231445
1771502435.8073404,-1.165298581123352,13.754772186279297,2.802596928649634e-45,18.218463897705078,31.78031349182129,29.021907806396484,7.266485214233398
1771502435.8399463,-1.2797945737838745,13.782246589660645,2.802596928649634e-45,18.069072723388672,31.593120574951172,28.838058471679688,7.16880464553833
1771502435.8730063,-1.2605410814285278,13.837066650390625,2.802596928649634e-45,17.995933532714844,31.582962036132812,28.732955932617188,7.098902702331543
1771502435.9059746,-1.241403579711914,13.876184463500977,2.802596928649634e-45,18.008989334106445,31.682464599609375,28.817968368530273,7.134304046630859
1771502435.93569,-1.3464895486831665,13.81915283203125,2.802596928649634e-45,17.88611602783203,31.59903335571289,28.67864227294922,7.056331634521484
1771502435.9687023,-1.5346550941467285,13.772378921508789,2.802596928649634e-45,17.779573440551758,31.512327194213867,28.603342056274414,6.981168746948242
1771502436.0006125,-1.4455664157867432,13.893985748291016,2.802596928649634e-45,17.877256393432617,31.5213623046875,28.56829261779785,6.981517791748047
1771502436.0449915,-1.3877946138381958,13.982342720031738,2.802596928649634e-45,17.96467399597168,31.471237182617188,28.60822105407715,7.01862907409668
1771502436.0799913,-1.271720051765442,14.093698501586914,2.802596928649634e-45,18.05019760131836,31.5090389251709,28.637521743774414,7.110984802246094
1771502436.1145172,-1.1635912656784058,14.18061637878418,2.802596928649634e-45,18.113903045654297,31.5804386138916,28.68657684326172,7.149484634399414
1771502436.145918,-1.2111773490905762,14.146060943603516,2.802596928649634e-45,18.045799255371094,31.571796417236328,28.63890266418457,7.073006629943848
1771502436.1759157,-1.2274805307388306,14.088577270507812,2.802596928649634e-45,18.152191162109375,31.620319366455078,28.64448356628418,7.132484436035156
1771502436.207923,-1.3813095092773438,14.009485244750977,2.802596928649634e-45,17.985816955566406,31.4849853515625,28.497411727905273,7.039177894592285
1771502436.2394452,-1.4184792041778564,14.033798217773438,2.802596928649634e-45,18.00273895263672,31.542686462402344,28.537500381469727,6.963746547698975
1771502436.2714515,-1.440030574798584,14.121556282043457,2.802596928649634e-45,17.929407119750977,31.447580337524414,28.382619857788086,6.85155725479126
1771502436.3029642,-1.508971095085144,14.125082015991211,2.802596928649634e-45,17.909637451171875,31.409345626831055,28.238964080810547,6.715663909912109
1771502436.338715,-1.4570921659469604,14.161733627319336,2.802596928649634e-45,17.925861358642578,31.464632034301758,28.248231887817383,6.654170989990234
1771502436.3672278,-1.4046177864074707,14.228423118591309,2.802596928649634e-45,17.957843780517578,31.533903121948242,28.214916229248047,6.518936634063721
1771502436.3991995,-1.645403265953064,14.097095489501953,2.802596928649634e-45,17.76974105834961,31.376249313354492,28.05575942993164,6.338815689086914
1771502436.4317338,-1.6717169284820557,14.075355529785156,2.802596928649634e-45,17.71678924560547,31.3525447845459,27.951799392700195,6.281219959259033
1771502436.465729,-1.8691658973693848,14.002351760864258,2.802596928649634e-45,17.62545394897461,31.17098045349121,27.702125549316406,6.140348434448242
1771502436.5142884,-2.1447927951812744,13.905107498168945,2.802596928649634e-45,17.39850616455078,30.985023498535156,27.45873260498047,5.869547367095947
1771502436.5472968,-2.241260290145874,13.871243476867676,2.802596928649634e-45,17.271326065063477,30.793296813964844,27.304576873779297,5.755190849304199
1771502436.5783336,-2.202265739440918,13.953069686889648,2.802596928649634e-45,17.29591941833496,30.691619873046875,27.13788414001465,5.708135604858398
1771502436.6110227,-2.1991970539093018,13.998351097106934,2.802596928649634e-45,17.323158264160156,30.699111938476562,27.1021728515625,5.655670642852783
1771502436.6410315,-2.146083354949951,14.131691932678223,2.802596928649634e-45,17.33951759338379,30.705034255981445,26.982099533081055,5.527143955230713
1771502436.6720726,-2.164630889892578,14.121622085571289,2.802596928649634e-45,17.29861831665039,30.704090118408203,26.94998550415039,5.474044322967529
1771502436.7040687,-2.065453052520752,14.19745922088623,2.802596928649634e-45,17.37504005432129,30.823205947875977,27.079368591308594,5.554781913757324
1771502436.735719,-2.1317532062530518,14.211851119995117,2.802596928649634e-45,17.22709846496582,30.68611717224121,26.937650680541992,5.443958759307861
1771502436.7696822,-2.1672401428222656,14.243844032287598,2.802596928649634e-45,17.188045501708984,30.674806594848633,26.923336029052734,5.329089641571045
1771502436.7997277,-2.2453627586364746,14.184383392333984,2.802596928649634e-45,17.14349365234375,30.659067153930664,26.916988372802734,5.235640525817871
1771502436.8312476,-2.1766796112060547,14.27419662475586,2.802596928649634e-45,17.201229095458984,30.77339744567871,27.006418228149414,5.254467487335205
1771502436.8632486,-2.042849540710449,14.42546558380127,2.802596928649634e-45,17.264930725097656,30.857826232910156,27.055435180664062,5.271941661834717
1771502436.895286,-2.101172685623169,14.398246765136719,2.802596928649634e-45,17.205358505249023,30.872663497924805,27.093908309936523,5.223483085632324
1771502436.9449158,-1.9197018146514893,14.478849411010742,2.802596928649634e-45,17.36604881286621,31.111108779907227,27.327051162719727,5.355844020843506
1771502436.9769135,-1.8606282472610474,14.452288627624512,2.802596928649634e-45,17.425643920898438,31.19154167175293,27.408660888671875,5.392831802368164
1771502437.007538,-1.9230082035064697,14.432404518127441,2.802596928649634e-45,17.407264709472656,31.138538360595703,27.354652404785156,5.320000171661377
1771502437.0394058,-1.9364533424377441,14.413320541381836,2.802596928649634e-45,17.479684829711914,31.18826675415039,27.380050659179688,5.377044200897217
1771502437.0714393,-1.9608609676361084,14.371016502380371,2.802596928649634e-45,17.501161575317383,31.268735885620117,27.457630157470703,5.406529426574707
1771502437.1034188,-1.845884084701538,14.452249526977539,2.802596928649634e-45,17.62119483947754,31.423425674438477,27.53402328491211,5.496917724609375
1771502437.1367092,-1.8710088729858398,14.474393844604492,2.802596928649634e-45,17.54891014099121,31.415010452270508,27.509521484375,5.469331741333008
1771502437.1677017,-1.9309102296829224,14.442305564880371,2.802596928649634e-45,17.516721725463867,31.336641311645508,27.446144104003906,5.45490837097168
1771502437.2027178,-1.8241891860961914,14.471636772155762,2.802596928649634e-45,17.560665130615234,31.385574340820312,27.464111328125,5.525505542755127
1771502437.2352486,-1.9004921913146973,14.442024230957031,2.802596928649634e-45,17.547637939453125,31.303281784057617,27.379650115966797,5.501460075378418
1771502437.2672882,-1.7833331823349,14.51500415802002,2.802596928649634e-45,17.6219482421875,31.41497802734375,27.44988441467285,5.556664943695068
1771502437.2993176,-1.776062250137329,14.538252830505371,2.802596928649634e-45,17.635059356689453,31.37210464477539,27.393775939941406,5.512369155883789
1771502437.3769512,-2.1837291717529297,14.430100440979004,1.401298464324817e-45,17.277780532836914,30.99242401123047,27.063735961914062,5.209375381469727
1771502437.4117782,-2.3118984699249268,14.376363754272461,1.401298464324817e-45,17.16623878479004,30.8714656829834,26.97545623779297,5.133155822753906
1771502437.4420373,-2.2776694297790527,14.385322570800781,1.401298464324817e-45,17.189502716064453,30.90936851501465,27.04130744934082,5.17072868347168
1771502437.4726095,-2.154000759124756,14.46597671508789,1.401298464324817e-45,17.256202697753906,30.937990188598633,27.029644012451172,5.171773910522461
1771502437.504618,-2.1332366466522217,14.45839786529541,1.401298464324817e-45,17.216327667236328,30.903888702392578,26.989477157592773,5.134761810302734
1771502437.5348504,-2.2365100383758545,14.348249435424805,1.401298464324817e-45,17.156251907348633,30.76477813720703,26.874378204345703,5.0963215827941895
1771502437.5655863,-2.344273567199707,14.271815299987793,1.401298464324817e-45,17.054494857788086,30.645004272460938,26.822072982788086,5.072850227355957
1771502437.5977051,-2.495670795440674,14.173433303833008,1.401298464324817e-45,16.97637939453125,30.538406372070312,26.827068328857422,5.129916191101074
1771502437.6284266,-2.608339786529541,14.109918594360352,1.401298464324817e-45,16.991979598999023,30.47348403930664,26.96914291381836,5.22112512588501
1771502437.6593196,-2.888524293899536,13.966273307800293,1.401298464324817e-45,16.95572853088379,30.23116111755371,26.99175262451172,5.40998649597168
1771502437.6903198,-3.053839683532715,13.838096618652344,1.401298464324817e-45,17.0941104888916,30.215927124023438,27.20711898803711,5.862314224243164
1771502437.72031,-3.4727725982666016,13.653495788574219,1.401298464324817e-45,17.03732681274414,29.883798599243164,27.21384048461914,6.240074634552002
1771502437.7793906,-3.8818509578704834,13.299514770507812,1.401298464324817e-45,16.890607833862305,29.71261978149414,27.652559280395508,7.322175025939941
1771502437.809765,-4.179139137268066,13.10584831237793,1.401298464324817e-45,16.748779296875,29.528121948242188,27.74903106689453,7.813409805297852
1771502437.8307118,-4.312690734863281,13.029622077941895,1.401298464324817e-45,16.68994903564453,29.446956634521484,27.7862491607666,7.997214317321777
1771502437.8588905,-4.835240364074707,12.751127243041992,1.401298464324817e-45,16.410531997680664,29.115638732910156,27.73532485961914,8.121305465698242
1771502437.8912833,-4.9927263259887695,12.474418640136719,1.401298464324817e-45,16.422060012817383,29.2064151763916,28.027923583984375,8.473882675170898
1771502437.9226768,-5.410097599029541,12.273165702819824,1.401298464324817e-45,16.270305633544922,28.974512100219727,27.93952751159668,8.415593147277832
1771502437.9536486,-5.288734436035156,12.21624755859375,1.401298464324817e-45,16.43520736694336,29.11958122253418,28.123157501220703,8.536972999572754
1771502437.9854205,-5.303313255310059,12.11638069152832,1.401298464324817e-45,16.54550552368164,29.203367233276367,28.312889099121094,8.64494800567627
1771502438.0165565,-5.384092807769775,11.956412315368652,1.401298464324817e-45,16.684009552001953,29.25524139404297,28.451215744018555,8.58073616027832
1771502438.047566,-5.354914665222168,11.758930206298828,1.401298464324817e-45,16.844112396240234,29.391145706176758,28.75989532470703,8.692646980285645
1771502438.0795553,-5.2996826171875,11.664999008178711,1.401298464324817e-45,17.15782356262207,29.690156936645508,29.257457733154297,8.773669242858887
1771502438.1105633,-5.350971221923828,11.342576026916504,1.401298464324817e-45,17.38137435913086,29.871524810791016,29.503692626953125,8.639808654785156
1771502438.16243,-5.762025356292725,10.469398498535156,1.401298464324817e-45,17.368206024169922,30.508987426757812,30.07813262939453,8.342039108276367
1771502438.2093883,-5.979931354522705,9.787981986999512,1.401298464324817e-45,17.67043685913086,31.35938262939453,30.854595184326172,8.405472755432129
1771502438.2412632,-5.962759017944336,9.419148445129395,1.401298464324817e-45,18.0252742767334,31.99557113647461,31.58270263671875,8.584176063537598
1771502438.2683823,-5.9315361976623535,9.167165756225586,1.401298464324817e-45,18.332815170288086,32.502777099609375,32.11497497558594,8.728633880615234
1771502438.2991073,-5.961618900299072,8.76354694366455,1.401298464324817e-45,18.64529037475586,32.83789825439453,32.6312370300293,8.829809188842773
1771502438.331526,-5.9102301597595215,8.437067031860352,1.401298464324817e-45,19.43572235107422,33.26931381225586,33.35486602783203,9.03866195678711
1771502438.3621662,-5.767214775085449,8.14725112915039,1.401298464324817e-45,20.3433895111084,33.80223846435547,34.192848205566406,9.373268127441406
1771502438.3915634,-5.874997615814209,8.015955924987793,1.401298464324817e-45,20.585487365722656,33.89448165893555,34.397117614746094,9.447125434875488
1771502438.4255204,-6.113331317901611,7.680130958557129,1.401298464324817e-45,20.19048500061035,34.24032974243164,34.91328430175781,9.584671974182129
1771502438.4541886,-6.014083385467529,7.70676326751709,1.401298464324817e-45,20.33525848388672,35.23151779174805,35.84709167480469,10.051970481872559
1771502438.4858108,-6.058757781982422,7.678625106811523,1.401298464324817e-45,20.427196502685547,36.18400192260742,36.94464111328125,10.751575469970703
1771502438.5188847,-6.326230049133301,7.800808906555176,1.401298464324817e-45,20.295127868652344,36.551475524902344,37.36481475830078,11.350683212280273
1771502438.5622442,-6.49336051940918,7.906947612762451,1.401298464324817e-45,20.161151885986328,37.154632568359375,38.05957794189453,12.476780891418457
1771502438.595243,-6.532933712005615,8.186981201171875,0.220483660697937,20.142822265625,37.342411041259766,38.49115753173828,13.20361614227295
1771502438.6401694,-6.833263874053955,8.284034729003906,0.40671631693840027,19.95663070678711,37.3665885925293,38.651371002197266,13.743873596191406
1771502438.6751719,-7.094695091247559,8.314032554626465,0.5834429264068604,19.82910919189453,37.313934326171875,38.734283447265625,14.044694900512695
1771502438.7041717,-7.262826442718506,8.317954063415527,0.5891856551170349,19.69089126586914,37.30265426635742,38.82415771484375,14.254019737243652
1771502438.734493,-7.267501354217529,8.476624488830566,0.5791394710540771,19.72386932373047,37.31568908691406,38.95983123779297,14.387076377868652
1771502438.767069,-7.494417667388916,8.494452476501465,0.54451984167099,19.80391502380371,37.245384216308594,38.963035583496094,14.28207778930664
1771502438.7991636,-7.933253288269043,8.518393516540527,0.5930871367454529,19.785898208618164,36.96430587768555,38.746360778808594,14.008294105529785
1771502438.8316991,-8.568022727966309,8.412872314453125,0.7718591094017029,19.654558181762695,36.623538970947266,38.50065231323242,13.87574577331543
1771502438.8616672,-9.030838012695312,8.276641845703125,1.1981828212738037,19.420564651489258,36.400901794433594,38.30668640136719,14.121192932128906
1771502438.8941865,-9.919883728027344,8.05349349975586,1.5327801704406738,18.93863296508789,35.86037063598633,37.88588333129883,14.00241470336914
1771502438.928973,-10.660894393920898,7.906140327453613,1.7362313270568848,18.68564224243164,35.414424896240234,37.524417877197266,13.894652366638184
1771502438.96289,-11.213005065917969,7.753650188446045,1.8255820274353027,18.421566009521484,35.00170135498047,37.35511779785156,14.419368743896484
1771502438.994274,-12.524877548217773,7.644110202789307,2.1613738536834717,17.775848388671875,33.8946533203125,36.73247146606445,14.835582733154297
1771502439.025088,-13.604400634765625,7.782735824584961,2.5270259380340576,17.250539779663086,32.895931243896484,36.02814865112305,15.300167083740234
1771502439.0741196,-15.220416069030762,7.661096572875977,3.415351152420044,16.296768188476562,31.03604507446289,34.60077667236328,15.849464416503906
1771502439.1091394,-15.980308532714844,7.501227378845215,3.4558215141296387,15.603821754455566,29.957557678222656,33.99334716796875,16.036954879760742
1771502439.1385891,-16.518924713134766,7.393420219421387,3.6682982444763184,14.740798950195312,29.06564712524414,33.486663818359375,16.129438400268555
1771502439.170741,-16.70252227783203,7.177443027496338,3.899343490600586,14.174495697021484,28.264089584350586,33.256736755371094,16.357622146606445
1771502439.2017198,-16.954702377319336,6.91346549987793,4.199459075927734,13.488292694091797,27.59747314453125,33.13002395629883,16.551406860351562
1771502439.2312732,-17.102388381958008,6.742523193359375,4.511402130126953,13.192070960998535,27.425174713134766,33.24763488769531,16.797191619873047
1771502439.263342,-17.199045181274414,6.4658002853393555,4.873500823974609,12.931488037109375,27.49502944946289,33.42980194091797,16.794418334960938
1771502439.2953427,-17.127613067626953,6.186462879180908,5.151774883270264,12.77537727355957,27.787460327148438,33.73221206665039,17.022552490234375
1771502439.326417,-16.981704711914062,6.0061140060424805,5.4095988273620605,12.933990478515625,28.12764549255371,34.0462646484375,17.12226676940918
1771502439.3626952,-16.71023941040039,6.009490013122559,5.562643527984619,13.086206436157227,28.582069396972656,34.70257568359375,17.402029037475586
1771502439.3915732,-16.632457733154297,5.909829139709473,5.852919578552246,13.316020965576172,28.835206985473633,34.95675277709961,17.457805633544922
1771502439.4242482,-16.60126304626465,5.767129898071289,6.107793807983398,13.42587661743164,29.180673599243164,35.348655700683594,17.511138916015625
1771502439.4562838,-16.883516311645508,5.6602702140808105,6.484639644622803,13.43437385559082,29.22064208984375,35.39065170288086,17.407917022705078
1771502439.5042975,-17.49622344970703,5.7466840744018555,7.281993865966797,13.415629386901855,29.171459197998047,35.234806060791016,17.131776809692383
1771502439.5383732,-17.87721824645996,5.643925666809082,7.643227577209473,13.28284740447998,29.275047302246094,35.276222229003906,17.05820655822754
1771502439.5608814,-18.269533157348633,5.518826007843018,8.015396118164062,13.165409088134766,29.254592895507812,35.15116882324219,16.79212760925293
1771502439.5909195,-18.656143188476562,5.463622570037842,8.27841854095459,13.101659774780273,29.23451805114746,35.0272216796875,16.450023651123047
1771502439.6214485,-18.87104034423828,5.558978080749512,8.488704681396484,13.046857833862305,29.240936279296875,34.949642181396484,16.260265350341797
1771502439.6524518,-19.186647415161133,5.517622947692871,8.67159652709961,12.971963882446289,29.28954315185547,34.93952178955078,16.094694137573242
1771502439.6849942,-19.824783325195312,5.335763931274414,8.766082763671875,12.597890853881836,29.029266357421875,34.68931579589844,15.55734634399414
1771502439.7160668,-19.935302734375,5.3150129318237305,8.822388648986816,12.528146743774414,29.060808181762695,34.68400573730469,15.429750442504883
1771502439.7601757,-20.051820755004883,5.253111839294434,8.848014831542969,12.466143608093262,29.102365493774414,34.74394607543945,15.354995727539062
1771502439.7941682,-20.11151123046875,5.170179843902588,8.792901039123535,12.56499195098877,29.142498016357422,34.77873229980469,15.129932403564453
1771502439.8252916,-20.50157356262207,4.9050421714782715,8.758855819702148,12.50616455078125,29.152170181274414,34.81640625,14.875946998596191
1771502439.856299,-20.809301376342773,4.8816046714782715,8.807280540466309,12.615933418273926,29.20051383972168,34.79328536987305,14.50820541381836
1771502439.8902922,-20.793729782104492,4.993431091308594,8.901165008544922,12.921843528747559,29.841243743896484,35.11787033081055,14.550382614135742
1771502439.937806,-21.154558181762695,4.820528507232666,8.823196411132812,13.454273223876953,30.775352478027344,35.34056854248047,14.260403633117676
1771502439.9688017,-21.57601547241211,4.792991638183594,8.875232696533203,13.68001937866211,31.201290130615234,35.344417572021484,13.80882453918457
1771502439.998094,-21.919109344482422,4.749535083770752,8.871081352233887,13.858528137207031,31.518217086791992,35.38047409057617,13.439347267150879
1771502440.0319383,-21.994348526000977,5.005590438842773,9.084860801696777,14.337791442871094,31.96841049194336,35.44633102416992,13.327765464782715
1771502440.0609412,-22.494945526123047,5.1065568923950195,9.183265686035156,14.741592407226562,32.10740661621094,35.33591842651367,13.022684097290039
1771502440.0909398,-22.91908836364746,5.149879455566406,9.08849048614502,15.394762992858887,32.46511459350586,35.33399963378906,12.682014465332031
1771502440.1224508,-23.295543670654297,5.224249839782715,9.003668785095215,16.1645450592041,32.91487503051758,35.440460205078125,12.510942459106445
1771502440.1594508,-22.75643539428711,5.544281482696533,8.843022346496582,17.580358505249023,34.48829650878906,36.73725891113281,13.051776885986328
1771502440.1954603,-22.209156036376953,5.999236106872559,8.748245239257812,18.74502944946289,36.24787139892578,38.69538879394531,13.927351951599121
1771502440.226981,-21.770898818969727,5.858222484588623,8.451187133789062,19.794376373291016,38.378787994384766,40.9614372253418,15.905508995056152
1771502440.2579749,-21.11956787109375,5.770544052124023,8.098445892333984,20.60373306274414,40.166385650634766,43.02988815307617,17.86327362060547
1771502440.2879674,-20.513429641723633,5.579474925994873,7.430314064025879,21.218772888183594,41.985511779785156,45.204986572265625,19.970840454101562
1771502440.3194852,-20.323162078857422,5.339401721954346,6.712547302246094,21.773170471191406,43.28578186035156,46.63739013671875,21.41108512878418
1771502440.3676257,-20.258499145507812,4.763285160064697,5.669891834259033,22.56744384765625,44.58746337890625,48.141632080078125,23.140552520751953
1771502440.4016285,-20.512802124023438,3.890637159347534,4.864504337310791,22.98408317565918,45.59526824951172,49.24150085449219,24.49795150756836
1771502440.434138,-20.87242889404297,2.693253517150879,4.088935375213623,23.42761993408203,46.21012878417969,49.95484924316406,25.54142951965332
1771502440.4631388,-21.092199325561523,2.0828609466552734,3.5213961601257324,23.83242416381836,46.562828063964844,50.309608459472656,26.15478515625
1771502440.4941356,-21.99996566772461,0.7840063571929932,2.428313732147217,24.794775009155273,47.311012268066406,51.04309844970703,27.39769744873047
1771502440.5247777,-22.683483123779297,-0.11047863960266113,1.7024800777435303,25.344722747802734,48.12208557128906,51.890480041503906,28.895366668701172
1771502440.55944,-24.00240707397461,-1.0076191425323486,1.0196194648742676,26.508071899414062,49.52904510498047,52.93827438354492,30.83208465576172
1771502440.5915406,-24.373714447021484,-1.3450653553009033,0.7168506383895874,27.62729263305664,51.027008056640625,54.24779510498047,32.517845153808594
1771502440.6260846,-24.839569091796875,-1.4485564231872559,0.5120566487312317,29.263351440429688,52.64292907714844,55.552024841308594,34.14463806152344
1771502440.6570866,-25.271652221679688,-1.3323602676391602,0.4508991837501526,31.006797790527344,54.00315856933594,56.575992584228516,34.88939666748047
1771502440.688085,-25.665491104125977,-1.4054007530212402,0.44990837574005127,32.00209045410156,55.00811767578125,57.40235900878906,35.55498123168945
1771502440.7196407,-25.880943298339844,-1.1913639307022095,0.6117587089538574,34.15319061279297,56.1594352722168,58.50731658935547,36.3153076171875
1771502440.7516406,-26.19255256652832,-1.1472877264022827,0.6649627685546875,35.789878845214844,57.12165832519531,59.459842681884766,37.16404342651367
1771502440.7996402,-26.142642974853516,-1.04778254032135,0.6947870254516602,38.20622634887695,58.831905364990234,61.002349853515625,38.651832580566406
1771502440.835197,-25.91221809387207,-1.0016813278198242,0.6623937487602234,39.65253448486328,60.08721923828125,62.03558349609375,39.8614387512207
1771502440.8671718,-25.67970085144043,-0.7789731621742249,0.5767524242401123,40.231563568115234,60.849456787109375,62.772979736328125,40.44252395629883
1771502440.8991716,-25.500904083251953,-0.7154433727264404,0.4663539528846741,40.18900680541992,61.262760162353516,63.05970764160156,40.741310119628906
1771502440.929716,-25.36135482788086,-0.6091644167900085,0.434687077999115,40.39897918701172,61.597747802734375,63.273292541503906,40.76166534423828
1771502440.961709,-25.31026268005371,-0.6990402936935425,0.41252321004867554,40.72563171386719,62.03118133544922,63.559967041015625,40.911537170410156
1771502440.992218,-25.340862274169922,-0.6135616302490234,0.5183674693107605,41.47791290283203,62.46812438964844,63.90941619873047,41.07678985595703
1771502441.0278752,-25.368350982666016,-0.5281615257263184,0.714552640914917,41.76435089111328,62.952232360839844,64.31033325195312,41.18937683105469
1771502441.0568786,-25.419801712036133,-0.570621907711029,0.8026977181434631,42.117515563964844,63.092750549316406,64.42469787597656,41.26206970214844
1771502441.0898762,-25.451019287109375,-0.6621642112731934,0.8430905342102051,42.453208923339844,63.507503509521484,64.86859130859375,41.684234619140625
1771502441.1224062,-25.475221633911133,-0.5240525007247925,0.9651384949684143,43.154109954833984,64.06873321533203,65.4380111694336,42.252376556396484
1771502441.1538494,-25.328195571899414,-0.20746028423309326,1.0224683284759521,43.22846984863281,64.63482666015625,65.94039916992188,42.71609878540039
1771502441.1848495,-25.349952697753906,-0.27463600039482117,0.9784926772117615,43.608741760253906,65.0203628540039,66.29300689697266,43.354286193847656
1771502441.2334836,-25.30702781677246,-0.2792339622974396,0.8294144868850708,43.643856048583984,65.49539184570312,66.57510375976562,43.84690856933594
1771502441.2664917,-24.908126831054688,0.14614363014698029,0.6856953501701355,44.031166076660156,66.43084716796875,67.37875366210938,44.98286056518555
1771502441.2899497,-24.701190948486328,0.33214259147644043,0.6147797703742981,44.297569274902344,67.02946472167969,67.843017578125,45.63337707519531
1771502441.321451,-24.21712303161621,0.7424584627151489,0.4992500841617584,45.14978790283203,68.07137298583984,68.7198257446289,46.674808502197266
1771502441.3595297,-23.95684814453125,1.3048887252807617,0.36913546919822693,45.38326644897461,68.89195251464844,69.46342468261719,47.07670593261719
1771502441.3914719,-24.203861236572266,1.1797218322753906,0.3799959123134613,45.09828186035156,68.62278747558594,69.29593658447266,46.708465576171875
1771502441.423132,-24.377521514892578,1.1227525472640991,0.5827363729476929,44.67102813720703,68.19719696044922,68.88792419433594,46.234745025634766
1771502441.4563234,-24.591442108154297,0.8791882395744324,0.9521891474723816,44.40492248535156,67.88504791259766,68.5886001586914,45.96588134765625
1771502441.4932625,-24.998764038085938,0.7128733992576599,1.4870972633361816,43.98418426513672,67.31243896484375,68.02033233642578,45.48131561279297
1771502441.524923,-25.48813247680664,0.3975372314453125,2.0513758659362793,43.4150276184082,66.60733032226562,67.24130249023438,44.65313720703125
1771502441.5559013,-25.79407501220703,0.18637715280056,2.5402393341064453,42.916770935058594,65.98030090332031,66.42240905761719,43.81888961791992
1771502441.587876,-25.972734451293945,0.12628507614135742,3.0226640701293945,42.652130126953125,65.54398345947266,65.88536071777344,43.11996841430664
1771502441.6183324,-26.148365020751953,0.006785854697227478,3.369907855987549,42.34457778930664,65.25338745117188,65.52877044677734,42.79982376098633
1771502441.663005,-26.399253845214844,-0.06215188279747963,3.746720314025879,42.54163360595703,65.22554016113281,65.34843444824219,42.58482360839844
1771502441.697243,-26.762645721435547,-0.12584778666496277,3.9236769676208496,42.497406005859375,65.13065338134766,65.1239013671875,42.203453063964844
1771502441.7303915,-27.223316192626953,-0.3194130063056946,4.070409774780273,42.47633743286133,64.96666717529297,64.85697937011719,41.79719543457031
1771502441.7598364,-27.310998916625977,-0.22582301497459412,4.077113628387451,42.772491455078125,65.01652526855469,64.94091796875,41.84308624267578
1771502441.7918725,-27.414588928222656,-0.05923786759376526,3.9940805435180664,43.25776290893555,64.92942810058594,64.73629760742188,41.573463439941406
1771502441.8241186,-27.73755645751953,0.13843591511249542,3.9614245891571045,43.668025970458984,65.04637145996094,64.93031311035156,41.780120849609375
1771502441.8581219,-27.8701229095459,0.3480267822742462,3.909836769104004,44.68818283081055,65.35074615478516,65.20616149902344,42.21970748901367
1771502441.8881445,-27.99617576599121,0.4675409495830536,3.9341490268707275,46.380760192871094,66.02767181396484,65.66604614257812,43.06760025024414
1771502441.9227848,-27.80927276611328,0.7427617311477661,3.907702922821045,47.6713752746582,66.91436767578125,66.4406967163086,44.21718215942383
1771502441.9546683,-27.62674331665039,0.9078645706176758,3.9039604663848877,48.45872116088867,67.93312072753906,67.26109313964844,45.46780014038086
1771502441.9836683,-27.37178611755371,1.2480674982070923,3.8246684074401855,49.5198974609375,68.91494750976562,68.08319091796875,46.52421569824219
1771502442.0167124,-27.144107818603516,1.684317946434021,3.820115089416504,50.09141159057617,69.53739929199219,68.69990539550781,47.002506256103516
1771502442.0481381,-27.000036239624023,2.006500244140625,3.9097537994384766,50.49961853027344,70.13802337646484,69.20484924316406,47.536861419677734
1771502442.096211,-26.7967529296875,1.9776850938796997,3.94228196144104,51.07835006713867,70.80692291259766,69.79376983642578,48.006046295166016
1771502442.1313004,-26.651039123535156,2.0132627487182617,3.9351630210876465,51.04971694946289,71.00080871582031,69.99288177490234,48.32875442504883
1771502442.1622982,-26.502765655517578,2.138143539428711,3.9255290031433105,50.538841247558594,70.8763427734375,69.88307189941406,48.26566696166992
1771502442.191344,-26.256996154785156,2.158094882965088,3.8979616165161133,50.33546829223633,70.91864776611328,69.94664764404297,48.33944320678711
1771502442.2238135,-26.19118881225586,2.099303722381592,3.880101203918457,50.14760208129883,70.92391204833984,69.78524780273438,48.20674133300781
1771502442.2572777,-26.038484573364258,2.089763641357422,3.889309883117676,50.15361022949219,71.09703063964844,69.86747741699219,48.35218048095703
1771502442.290259,-25.855113983154297,2.058151960372925,3.876450538635254,50.15834426879883,71.24699401855469,69.89234924316406,48.52348327636719
1771502442.3207433,-25.66705322265625,2.0331170558929443,3.8849565982818604,50.22366714477539,71.36143493652344,69.93965148925781,48.621055603027344
1771502442.3518,-25.51308822631836,1.9704283475875854,3.9472899436950684,50.21867752075195,71.34892272949219,69.99491882324219,48.853187561035156
1771502442.3870444,-25.225088119506836,1.8640706539154053,3.9964308738708496,50.383216857910156,71.64382934570312,70.21074676513672,49.2672233581543
1771502442.4185534,-25.187946319580078,1.8845863342285156,4.101875305175781,50.21208190917969,71.53964233398438,70.13032531738281,49.279754638671875
1771502442.4475572,-25.053972244262695,1.847164511680603,4.1787285804748535,50.30974578857422,71.66722869873047,70.25581359863281,49.476566314697266
1771502442.479559,-24.984895706176758,1.8438365459442139,4.276696681976318,50.2373046875,71.52442169189453,70.2364501953125,49.43965148925781
1771502442.5290856,-25.016056060791016,1.616620421409607,4.402773857116699,50.033836364746094,71.33415222167969,70.10604858398438,49.22983932495117
1771502442.5630734,-25.008323669433594,1.4657173156738281,4.5084381103515625,49.868133544921875,71.20394897460938,70.0190200805664,49.185142517089844
1771502442.5950735,-24.963478088378906,1.2907418012619019,4.4898786544799805,49.899436950683594,71.20675659179688,70.05026245117188,49.322410583496094
1771502442.6251502,-24.94622230529785,1.1335747241973877,4.555238723754883,50.06801223754883,71.2163314819336,70.17858123779297,49.50764465332031
1771502442.656143,-24.883819580078125,1.0003938674926758,4.62915563583374,50.067867279052734,71.2125244140625,70.28854370117188,49.62024688720703
1771502442.6881788,-24.870309829711914,0.9422807097434998,4.704767227172852,50.15126037597656,71.23394775390625,70.3788070678711,49.721435546875
1771502442.7216885,-24.726194381713867,0.9949126839637756,4.792259693145752,50.05778884887695,71.22398376464844,70.50032806396484,49.82842254638672
1771502442.7522855,-24.662981033325195,1.0158339738845825,4.859438896179199,50.120361328125,71.25897216796875,70.60223388671875,49.91259002685547
1771502442.784278,-24.655296325683594,0.966010570526123,4.909277439117432,50.084712982177734,71.21397399902344,70.55642700195312,49.78105545043945
1771502442.8190374,-24.79824447631836,0.8591693639755249,4.966023921966553,49.936614990234375,71.08141326904297,70.39089965820312,49.573089599609375
1771502442.8706415,-25.033227920532227,0.845695436000824,4.998687744140625,49.98723602294922,70.91134643554688,70.12510681152344,49.230712890625
1771502442.9031577,-25.239734649658203,0.8780995607376099,5.007538795471191,50.13365936279297,70.77112579345703,70.01375579833984,48.998043060302734
1771502442.9326744,-25.184120178222656,0.9028805494308472,5.03456449508667,50.34444808959961,70.7857666015625,70.06309509277344,49.0479621887207
1771502442.9646811,-25.103116989135742,0.9542952179908752,5.088130474090576,50.83911895751953,70.77078247070312,70.16268920898438,49.07200622558594
1771502442.9958205,-25.092647552490234,0.9890381097793579,5.149603366851807,51.080047607421875,70.75877380371094,70.21016693115234,49.06582260131836
1771502443.0283191,-25.265222549438477,0.9569387435913086,5.355079650878906,51.34840774536133,70.49678039550781,70.09709930419922,48.75010681152344
1771502443.059319,-25.28141212463379,1.0546636581420898,5.481447219848633,51.38735580444336,70.34725189208984,70.0390396118164,48.559085845947266
1771502443.0903213,-25.315032958984375,1.1274700164794922,5.521399021148682,51.379188537597656,70.26201629638672,70.01634979248047,48.377037048339844
1771502443.1218362,-25.328502655029297,1.1577715873718262,5.590444087982178,51.428504943847656,70.2567138671875,70.01644134521484,48.38092041015625
1771502443.1538842,-25.378318786621094,1.1742773056030273,5.648475646972656,51.483314514160156,70.08783721923828,69.88078308105469,48.197689056396484
1771502443.184883,-25.44706916809082,1.1746875047683716,5.742565155029297,51.646976470947266,70.06487274169922,69.9456787109375,48.274749755859375
1771502443.2160869,-25.50670623779297,1.1756138801574707,5.84044885635376,51.575138092041016,69.93353271484375,69.9029541015625,48.19597625732422
1771502443.2505815,-25.579957962036133,1.058866024017334,5.846231937408447,51.68680953979492,69.98438262939453,69.97368621826172,48.320518493652344
1771502443.279577,-25.562480926513672,1.1805989742279053,5.862788677215576,51.85807800292969,70.07952880859375,70.05628204345703,48.3411865234375
1771502443.3116486,-25.641719818115234,1.145819902420044,5.896340370178223,52.25727462768555,70.08224487304688,70.09732818603516,48.304847717285156
1771502443.347224,-25.593643188476562,1.1827269792556763,5.9677734375,52.21376037597656,70.04367065429688,70.16716766357422,48.30654525756836
1771502443.3932085,-25.723812103271484,1.1404591798782349,5.985057830810547,51.806270599365234,69.73670959472656,69.98271179199219,47.987457275390625
1771502443.423771,-25.85331916809082,1.140737533569336,6.031365394592285,51.69804763793945,69.55974578857422,69.7532958984375,47.6622428894043
1771502443.459774,-26.084468841552734,1.0471304655075073,6.063911437988281,51.805641174316406,69.47466278076172,69.5983657836914,47.49057388305664
1771502443.4887855,-26.142940521240234,0.8940703272819519,6.20485782623291,52.25737380981445,69.5718002319336,69.68402862548828,47.638671875
1771502443.519654,-26.239593505859375,0.8454837799072266,6.209604740142822,52.407073974609375,69.50745391845703,69.67695617675781,47.64665222167969
1771502443.5531628,-26.316879272460938,0.8615947961807251,6.277846813201904,52.28597640991211,69.39671325683594,69.53153991699219,47.46406936645508
1771502443.5841632,-26.26721954345703,0.889466404914856,6.278322696685791,52.01622009277344,69.31358337402344,69.45994567871094,47.40493392944336
1771502443.616753,-26.137691497802734,0.86822509765625,6.307380676269531,52.02696990966797,69.42642974853516,69.62165832519531,47.60570526123047
1771502443.6478813,-26.11762809753418,0.8172680735588074,6.296136856079102,51.75452423095703,69.39749145507812,69.5870361328125,47.640689849853516
1771502443.6829062,-25.986820220947266,0.6924225091934204,6.240670680999756,50.80666732788086,69.28250122070312,69.48876190185547,47.611663818359375
1771502443.7119224,-26.325096130371094,0.6894458532333374,6.195379257202148,50.20994567871094,68.89728546142578,69.01846313476562,47.33920669555664
1771502443.74343,-26.430330276489258,0.6716465950012207,6.156647205352783,50.448158264160156,68.9949722290039,69.05633544921875,47.43980407714844
1771502443.7915537,-26.2594051361084,0.7203686237335205,6.149909019470215,50.37336730957031,69.08331298828125,69.13459014892578,47.50862121582031
1771502443.8250647,-26.318269729614258,0.5989826917648315,6.1100077629089355,50.20400619506836,69.0857925415039,69.04875183105469,47.539085388183594
1771502443.855586,-26.32171058654785,0.49361395835876465,6.102232933044434,50.10237503051758,69.18634033203125,69.16908264160156,47.698204040527344
1771502443.8907406,-26.40800666809082,0.40998953580856323,6.095703125,49.721439361572266,69.1542739868164,69.06607818603516,47.642799377441406
1771502443.924423,-26.448102951049805,0.3847387135028839,6.099081516265869,49.51924514770508,69.0624771118164,68.87532806396484,47.47394943237305
1771502443.9554229,-26.44468879699707,0.28987693786621094,6.094633102416992,49.43754959106445,69.02467346191406,68.75326538085938,47.366249084472656
1771502443.9864304,-26.501384735107422,0.2759751081466675,6.039046287536621,49.38355255126953,68.94149017333984,68.57123565673828,47.1923828125
1771502444.0180097,-26.69829559326172,0.2509700655937195,6.062150955200195,49.47051239013672,68.80599975585938,68.43097686767578,47.047149658203125
1771502444.049111,-26.95909309387207,0.1262231171131134,6.056668281555176,49.26324462890625,68.52947998046875,68.17288208007812,46.81805419921875
1771502444.0801091,-27.40632438659668,0.12845104932785034,6.025406837463379,49.146484375,68.12480926513672,67.79916381835938,46.405391693115234
1771502444.1131153,-27.6015682220459,0.024882346391677856,5.917820453643799,49.06327438354492,67.94100952148438,67.52439880371094,46.053672790527344
1771502444.1436427,-28.132183074951172,-0.17266708612442017,5.81126070022583,48.85953140258789,67.53956604003906,67.05176544189453,45.53650665283203
1771502444.1786559,-28.350616455078125,-0.4120035469532013,5.757598400115967,48.34657287597656,67.06460571289062,66.6159439086914,45.04045486450195
1771502444.2241607,-28.687641143798828,-1.0350641012191772,5.659916400909424,47.21123504638672,66.45667266845703,65.86290740966797,44.32394027709961
1771502444.2611625,-28.84814453125,-1.2958256006240845,5.540297508239746,46.984031677246094,66.1998062133789,65.54182434082031,43.96879577636719
1771502444.28822,-28.904098510742188,-1.5148777961730957,5.495378017425537,46.43479537963867,65.83872985839844,65.0886459350586,43.50531005859375
1771502444.3237343,-28.9266414642334,-1.3599157333374023,5.449580192565918,46.664878845214844,65.69345092773438,64.88581848144531,43.01674270629883
1771502444.3517365,-29.235570907592773,-1.2779501676559448,5.402202606201172,46.559974670410156,65.04228973388672,64.23318481445312,42.45301818847656
1771502444.383735,-29.504316329956055,-1.3295190334320068,5.470900058746338,45.895301818847656,64.3198471069336,63.37591552734375,41.506561279296875
1771502444.4156103,-29.733070373535156,-1.4161226749420166,5.542126178741455,45.55424499511719,64.05055236816406,62.929588317871094,40.999755859375
1771502444.4481807,-30.013233184814453,-1.48349928855896,5.593961715698242,45.4873161315918,63.64848327636719,62.45063018798828,40.564022064208984
1771502444.4801793,-30.182588577270508,-1.5928714275360107,5.614742279052734,44.91315460205078,63.10857391357422,61.889766693115234,39.75658416748047
1771502444.5111935,-30.405118942260742,-1.5407156944274902,5.536231994628906,44.537986755371094,62.548545837402344,61.26361083984375,38.628665924072266
1771502444.5447407,-30.752822875976562,-1.5319108963012695,5.58316707611084,44.26376724243164,62.03462219238281,60.709983825683594,37.911102294921875
1771502444.5767722,-30.741682052612305,-1.5702548027038574,5.501341819763184,44.31866455078125,61.870121002197266,60.548980712890625,37.697303771972656
1771502444.6077468,-30.718082427978516,-1.5703437328338623,5.488453388214111,43.97753143310547,61.488304138183594,60.20310592651367,37.365577697753906
1771502444.655225,-31.0103702545166,-1.6200854778289795,5.429502010345459,43.534950256347656,60.753597259521484,59.594078063964844,36.452274322509766
1771502444.68925,-31.249160766601562,-1.5174978971481323,5.399776935577393,43.25437545776367,60.191741943359375,59.01517105102539,35.713287353515625
1771502444.7207808,-31.477657318115234,-1.3687173128128052,5.347291946411133,43.159549713134766,59.51250457763672,58.453147888183594,35.197792053222656
1771502444.7547898,-31.577381134033203,-1.1689274311065674,5.193206787109375,41.49091720581055,58.59870529174805,57.69841003417969,34.16103744506836
1771502444.7857978,-32.066795349121094,-1.0795103311538696,5.094465732574463,38.652191162109375,57.15203857421875,56.19478225708008,32.27663040161133
1771502444.816009,-32.55995178222656,-1.3302384614944458,4.987442970275879,36.67512512207031,55.920677185058594,54.8365592956543,31.294937133789062
1771502444.8475873,-32.814544677734375,-1.7481210231781006,4.577370643615723,33.969627380371094,54.23322296142578,53.04486083984375,29.846235275268555
1771502444.880587,-32.981834411621094,-2.1861348152160645,4.079870223999023,30.810672760009766,51.61631774902344,50.52578353881836,27.06554412841797
1771502444.9115925,-32.89574432373047,-2.346755266189575,3.660208225250244,28.905433654785156,49.610252380371094,48.34735107421875,24.667461395263672
1771502444.9446847,-32.80396270751953,-2.7461984157562256,3.1726245880126953,27.927186965942383,48.03107452392578,46.822322845458984,23.03075408935547
1771502444.9788213,-32.695213317871094,-3.11981201171875,2.837787389755249,26.71007537841797,46.42179870605469,45.05375289916992,21.228761672973633
1771502445.0073717,-32.542232513427734,-3.275330066680908,2.7160303592681885,25.66872787475586,45.39497375488281,43.81950378417969,19.757482528686523
1771502445.04012,-32.39689636230469,-3.4411821365356445,2.4729084968566895,25.128692626953125,44.48462677001953,42.96815872192383,18.641315460205078
1771502445.0901215,-32.1068115234375,-3.2481656074523926,2.24887752532959,25.172889709472656,43.78955078125,42.4305534362793,17.70852279663086
1771502445.123635,-31.859710693359375,-3.232301712036133,2.0526342391967773,25.057518005371094,43.250999450683594,42.19157409667969,17.285888671875
1771502445.1566346,-31.48099708557129,-3.292726993560791,1.9301677942276,24.529878616333008,42.526039123535156,41.75621795654297,16.679370880126953
1771502445.1876364,-31.123106002807617,-3.4546403884887695,1.738831639289856,24.283796310424805,42.08032989501953,41.4781608581543,16.487567901611328
1771502445.219111,-30.986238479614258,-3.472886323928833,1.7050518989562988,23.576004028320312,41.45036315917969,40.979801177978516,16.14670753479004
1771502445.2506833,-31.16805076599121,-3.0836195945739746,1.989790678024292,21.899612426757812,38.60004425048828,38.44029235839844,13.75003719329834
1771502445.2807412,-31.210803985595703,-1.8778311014175415,2.5211477279663086,21.07716178894043,36.010498046875,35.407527923583984,11.082582473754883
1771502445.312496,-31.473312377929688,-0.8592835664749146,3.219942092895508,20.483808517456055,33.47052001953125,32.444786071777344,8.588144302368164
1771502445.3436565,-31.74686050415039,0.4560133218765259,3.8944976329803467,19.675722122192383,31.021427154541016,29.427616119384766,6.130914688110352
1771502445.375647,-31.811279296875,1.4048779010772705,4.677975654602051,19.484901428222656,29.878849029541016,27.668014526367188,4.569136619567871
1771502445.410653,-31.94188690185547,2.1778550148010254,5.377087593078613,19.12665367126465,28.702335357666016,26.315757751464844,3.6451523303985596
1771502445.4399412,-32.077816009521484,2.6791419982910156,6.050318241119385,18.902313232421875,28.224773406982422,25.690460205078125,3.192213535308838
1771502445.4729488,-32.23324966430664,3.0337424278259277,6.499721050262451,18.858352661132812,28.165237426757812,25.446210861206055,2.986767530441284
1771502445.519955,-32.4828987121582,2.6029436588287354,6.523881912231445,18.781845092773438,28.27130699157715,25.527687072753906,2.6957411766052246
1771502445.551273,-32.557193756103516,2.437221050262451,6.55381965637207,18.968181610107422,28.399953842163086,25.76573944091797,2.5088329315185547
1771502445.591072,-32.501930236816406,2.2870757579803467,6.522317886352539,19.16921615600586,28.655221939086914,25.8501033782959,2.1687350273132324
1771502445.6225948,-32.69216537475586,2.262835741043091,6.932773590087891,19.172897338867188,28.623056411743164,25.554855346679688,1.6963038444519043
1771502445.653603,-32.78403854370117,2.3711867332458496,7.327067852020264,18.95500946044922,28.43779754638672,25.21600914001465,1.3992631435394287
1771502445.6838853,-32.76616668701172,2.5672292709350586,7.649977684020996,18.769641876220703,28.31085205078125,25.125732421875,1.4236160516738892
1771502445.7158923,-32.816829681396484,2.7698330879211426,7.924169540405273,18.576509475708008,28.13135528564453,24.795698165893555,1.241715431213379
1771502445.7455783,-32.825653076171875,2.9334442615509033,8.03785514831543,18.38764190673828,27.954845428466797,24.559551239013672,1.0465083122253418
1771502445.7775786,-32.686859130859375,3.378305673599243,8.440878868103027,17.910537719726562,27.628644943237305,24.213645935058594,0.9016342759132385
1771502445.8095841,-32.47010040283203,3.6132705211639404,8.68083667755127,17.98102378845215,27.68090057373047,24.191417694091797,0.8530344367027283
1771502445.843105,-32.31715393066406,3.8048300743103027,8.821044921875,17.908855438232422,27.540740966796875,24.025699615478516,0.805537760257721
1771502445.8720932,-32.16196823120117,4.102126598358154,9.049674034118652,17.78980255126953,27.370586395263672,23.94969367980957,0.7726152539253235
1771502445.9050908,-32.087467193603516,4.233227252960205,9.14785099029541,17.811838150024414,27.2381534576416,23.875747680664062,0.6941922903060913
1771502445.9544108,-32.082672119140625,4.29603910446167,9.269442558288574,17.871124267578125,26.911579132080078,23.6781063079834,0.49483639001846313
1771502445.9874363,-32.076560974121094,4.244504451751709,9.324481010437012,17.90487289428711,26.717086791992188,23.53742027282715,0.38737449049949646
1771502446.0187984,-31.91280174255371,4.345829963684082,9.49829387664795,18.006113052368164,26.633193969726562,23.44525146484375,0.34089261293411255
1771502446.051889,-31.772714614868164,4.594590187072754,9.788360595703125,18.029157638549805,26.371341705322266,23.235977172851562,0.4375537037849426
1771502446.0824444,-31.646697998046875,4.539764404296875,9.940085411071777,18.0518798828125,26.169414520263672,23.165708541870117,0.7307205200195312
1771502446.1144516,-31.28820037841797,4.5711212158203125,9.708921432495117,18.182941436767578,26.023595809936523,23.16809844970703,1.221055030822754
1771502446.145956,-30.67473602294922,4.705325603485107,9.724239349365234,18.328720092773438,25.913772583007812,23.19743537902832,2.0624961853027344
1771502446.1769648,-29.972009658813477,4.81926155090332,9.813343048095703,18.28352928161621,25.593387603759766,23.318214416503906,2.7235164642333984
1771502446.2079768,-29.05386734008789,4.922832489013672,9.834528923034668,18.450328826904297,25.448471069335938,23.507659912109375,3.3088479042053223
1771502446.2395105,-28.3637638092041,4.9306721687316895,9.826926231384277,18.458293914794922,24.871599197387695,23.561389923095703,3.347153902053833
1771502446.2755227,-27.984893798828125,5.21049690246582,9.922600746154785,18.063003540039062,24.24962615966797,23.41566276550293,2.977269172668457
1771502446.303516,-27.163299560546875,5.2120771408081055,9.85023021697998,17.536561965942383,24.081558227539062,23.576622009277344,3.065631151199341
1771502446.3360395,-26.245006561279297,5.166908264160156,9.594247817993164,17.00108528137207,24.160497665405273,23.728858947753906,3.001674175262451
1771502446.3840604,-24.810943603515625,5.25620174407959,9.020660400390625,16.656171798706055,24.6070613861084,24.37041664123535,2.8258957862854004
1771502446.4190593,-23.82803726196289,5.37637996673584,8.674820899963379,16.340648651123047,24.806884765625,24.68260955810547,2.6450083255767822
1771502446.4525723,-23.21686363220215,5.541069507598877,8.401801109313965,16.31089973449707,25.014509201049805,24.986278533935547,2.4693782329559326
1771502446.484567,-22.721166610717773,5.468764781951904,8.06014347076416,16.287792205810547,25.079877853393555,25.0526180267334,2.3636391162872314
1771502446.5155866,-22.320920944213867,5.536772727966309,7.76175594329834,16.337343215942383,25.22760009765625,25.144075393676758,2.242522716522217
1771502446.5466046,-22.051910400390625,5.591159343719482,7.438217639923096,16.301897048950195,25.301862716674805,25.206035614013672,2.161924362182617
1771502446.5786037,-22.06351089477539,5.53582763671875,7.150744438171387,16.158916473388672,25.24663543701172,25.10841178894043,1.9429538249969482
1771502446.6106067,-21.735445022583008,5.506076812744141,6.966973781585693,16.142436981201172,25.37563705444336,25.185060501098633,1.90263831615448
1771502446.6411138,-21.693246841430664,5.4910359382629395,6.804512977600098,16.047574996948242,25.354965209960938,25.157264709472656,1.8012257814407349
1771502446.6731296,-21.436256408691406,5.482785224914551,6.530917167663574,16.008472442626953,25.524044036865234,25.180437088012695,1.725638508796692
1771502446.7071152,-21.252208709716797,5.280582427978516,6.074324131011963,15.959500312805176,25.747726440429688,25.253704071044922,1.7437819242477417
1771502446.736633,-20.854393005371094,5.094685077667236,5.584637641906738,15.917739868164062,26.161623001098633,25.43499755859375,1.755882740020752
1771502446.7676325,-20.505998611450195,5.0250678062438965,5.338220596313477,16.0317440032959,26.64686393737793,25.6351318359375,1.7188841104507446
1771502446.8157701,-19.504331588745117,4.919374942779541,4.666077136993408,16.665283203125,27.866233825683594,26.28430938720703,1.8254821300506592
1771502446.8508034,-19.079919815063477,4.8659162521362305,4.069742679595947,16.792301177978516,28.308717727661133,26.36164093017578,1.7537763118743896
1771502446.8798172,-17.873218536376953,4.910198211669922,3.0905885696411133,17.592378616333008,29.546173095703125,26.854150772094727,1.9153695106506348
1771502446.9167237,-15.340815544128418,5.001777648925781,2.133366584777832,18.887014389038086,31.41925811767578,27.86949920654297,2.3887104988098145
1771502446.9548237,-13.33578109741211,4.995915412902832,1.3126078844070435,19.816059112548828,32.75535202026367,28.53891944885254,2.7683615684509277
1771502446.9858146,-12.64030933380127,5.020664215087891,0.9221398830413818,20.149341583251953,33.24978256225586,28.687358856201172,2.8639211654663086
1771502447.0178206,-12.33334732055664,5.076122283935547,0.6615177989006042,20.269508361816406,33.332130432128906,28.548633575439453,2.8537118434906006
1771502447.0483377,-11.749104499816895,5.193166732788086,0.48108503222465515,20.372961044311523,33.41565704345703,28.537912368774414,2.8939390182495117
1771502447.0793498,-10.555000305175781,5.526418685913086,0.3549080491065979,20.925594329833984,34.16670227050781,28.770336151123047,3.1169629096984863
1771502447.1113417,-9.45163345336914,5.986069679260254,0.26354336738586426,21.164012908935547,34.64353561401367,29.00149154663086,3.3721418380737305
1771502447.1421962,-9.34122371673584,6.252221584320068,0.1999197006225586,20.93519401550293,34.47727966308594,28.74518394470215,3.209887981414795
1771502447.1731982,-9.334989547729492,6.3915863037109375,0.15352298319339752,20.597227096557617,34.286865234375,28.547239303588867,3.130976676940918
1771502447.204198,-9.379293441772461,6.454028129577637,0.11920929700136185,20.364547729492188,34.11521530151367,28.422523498535156,3.061387538909912
1771502447.2497215,-9.151228904724121,6.605587482452393,0.08468641340732574,20.166067123413086,34.05457305908203,28.208946228027344,3.018052101135254
1771502447.2827227,-9.044121742248535,6.796108722686768,0.06686493754386902,19.950576782226562,33.87080383300781,27.890228271484375,2.8978049755096436
1771502447.314725,-9.170676231384277,6.931656360626221,0.05352488160133362,19.550968170166016,33.49689483642578,27.346256256103516,2.6040940284729004
1771502447.3462665,-9.184274673461914,7.053671836853027,0.0431147962808609,19.220149993896484,33.21098709106445,26.808204650878906,2.3643336296081543
1771502447.3794158,-9.129228591918945,7.1924052238464355,0.034918542951345444,19.012651443481445,33.03596878051758,26.426837921142578,2.0857510566711426
1771502447.412027,-9.014201164245605,7.389683723449707,0.028248310089111328,18.85306167602539,32.92316818237305,26.294260025024414,1.9850172996520996
1771502447.4435902,-8.956331253051758,7.4154558181762695,0.023082643747329712,18.735376358032227,32.874698638916016,26.063833236694336,1.7785017490386963
1771502447.4756193,-8.779008865356445,7.535419464111328,0.01892743818461895,18.345706939697266,32.6796760559082,25.684595108032227,1.5525225400924683
1771502447.507589,-8.682306289672852,7.640285968780518,0.015566793270409107,17.856462478637695,32.1941032409668,24.93339729309082,1.2682567834854126
1771502447.5391634,-8.169821739196777,8.058671951293945,0.012764587067067623,17.437599182128906,31.832300186157227,24.34879493713379,1.2713260650634766
1771502447.5711303,-8.005206108093262,8.325624465942383,0.010549120604991913,16.848073959350586,31.358474731445312,23.742904663085938,1.136922836303711
1771502447.6001372,-7.802681922912598,8.6183500289917,0.008734547533094883,16.541460037231445,30.987592697143555,23.201385498046875,1.0132325887680054
1771502447.6316571,-7.4794816970825195,8.979301452636719,0.007243709173053503,16.286834716796875,30.736101150512695,22.843242645263672,0.9749606251716614
1771502447.6796584,-6.874749660491943,9.700713157653809,0.005536180920898914,16.30731964111328,30.346954345703125,22.2835693359375,0.8367769718170166
1771502447.7126648,-6.268243789672852,10.172952651977539,0.004605288151651621,16.347434997558594,30.345073699951172,22.14466094970703,0.808514416217804
1771502447.7437599,-6.180560111999512,10.40225601196289,0.0038139610551297665,16.12676429748535,30.02064323425293,21.79322052001953,0.7053147554397583
1771502447.7778263,-5.652945518493652,11.082714080810547,0.0029277391731739044,16.139095306396484,29.86423110961914,21.508106231689453,0.5164722204208374
1771502447.8077776,-5.612477779388428,11.229634284973145,0.002670236397534609,16.118404388427734,29.691850662231445,21.302024841308594,0.4590855836868286
1771502447.8400126,-5.3457536697387695,11.733341217041016,0.00205296091735363,16.14627456665039,29.23861312866211,20.748680114746094,0.3319835960865021
1771502447.8713298,-5.479193687438965,11.939523696899414,0.0017139671836048365,16.027854919433594,28.622488021850586,20.112077713012695,0.2656060457229614
1771502447.9033234,-5.782961845397949,12.011772155761719,0.0014239391312003136,15.811734199523926,27.783891677856445,19.31546974182129,0.2118016630411148
1771502447.9351208,-6.032408237457275,12.063297271728516,0.0011896587675437331,15.509997367858887,26.87708854675293,18.559326171875,0.17052355408668518
1771502447.967883,-6.2554144859313965,12.228494644165039,0.0009941955795511603,15.175762176513672,26.081432342529297,17.796039581298828,0.13775771856307983
1771502448.0032594,-6.932858467102051,12.117307662963867,0.0008310399716719985,14.604631423950195,25.126750946044922,16.986774444580078,0.11166664958000183
1771502448.0317602,-7.445704460144043,12.13404369354248,0.0006911451346240938,14.179988861083984,24.440895080566406,16.44894790649414,0.09028526395559311
1771502448.063761,-7.937030792236328,12.008686065673828,0.0005779355997219682,13.923704147338867,24.078828811645508,16.169578552246094,0.07366485893726349
1771502448.1117659,-8.280555725097656,12.05417251586914,0.00044572391198016703,13.801026344299316,23.84583282470703,16.11966896057129,0.05524085462093353
1771502448.1473024,-8.427760124206543,11.986600875854492,0.00037283083656802773,13.870481491088867,23.695762634277344,16.03009033203125,0.045390814542770386
1771502448.179758,-8.386040687561035,11.976839065551758,0.00031188782304525375,14.076101303100586,23.74176597595215,16.145790100097656,0.037379875779151917
1771502448.211769,-8.27163314819336,11.984892845153809,0.00026092727784998715,14.279092788696289,23.77676010131836,16.336782455444336,0.030844205990433693
1771502448.2412877,-8.17103385925293,11.944353103637695,0.00021716428454965353,14.372627258300781,23.831790924072266,16.562267303466797,0.02535654790699482
1771502448.2747204,-8.20374870300293,11.844823837280273,0.00018170390103477985,14.39501953125,23.823871612548828,16.653305053710938,0.02099485509097576
1771502448.3215322,-8.553403854370117,11.475077629089355,0.00014023012772668153,14.24268913269043,23.631187438964844,16.686325073242188,0.01601322926580906
1771502448.3505633,-8.532943725585938,11.413983345031738,0.00011734469444490969,14.282790184020996,23.64706802368164,16.816387176513672,0.013302004896104336
1771502448.3815854,-8.486306190490723,11.367986679077148,9.819726983550936e-05,14.318278312683105,23.61275291442871,16.907014846801758,0.011060862801969051
1771502448.4135964,-8.326679229736328,11.309158325195312,8.174624963430688e-05,14.352452278137207,23.674427032470703,17.22907066345215,0.009156093001365662
1771502448.4429042,-8.165192604064941,11.290128707885742,6.841098365839571e-05,14.406597137451172,23.678447723388672,17.44487190246582,0.007626145612448454
1771502448.474706,-7.580794334411621,11.48440170288086,5.7252200349466875e-05,14.63496208190918,23.93828010559082,17.9648494720459,0.030231114476919174
1771502448.505733,-6.88132381439209,11.659951210021973,4.791435276274569e-05,14.679290771484375,24.277864456176758,18.705677032470703,0.21304912865161896
1771502448.5779233,-4.5203351974487305,12.175487518310547,3.215141623513773e-05,15.242809295654297,26.174461364746094,21.659448623657227,1.4341797828674316
1771502448.5979273,-4.159659385681152,12.310006141662598,2.921354098361917e-05,15.334810256958008,26.50095558166504,22.185222625732422,1.6043896675109863
1771502448.6314356,-3.6267659664154053,12.581707000732422,2.444984420435503e-05,15.562078475952148,27.14719581604004,22.96800994873047,1.8262765407562256
1771502448.660445,-3.0089337825775146,12.916525840759277,2.035602301475592e-05,15.637321472167969,27.715103149414062,23.76678466796875,2.332547664642334
1771502448.691787,-2.3706276416778564,13.352152824401855,1.7036909412126988e-05,15.992483139038086,28.279359817504883,24.775379180908203,2.9165444374084473
1771502448.7227855,-1.9048852920532227,13.694875717163086,1.4259060662880074e-05,16.46333122253418,28.836185455322266,25.621397018432617,3.30120849609375
1771502448.753211,-1.7596914768218994,13.80756950378418,1.1934190297324676e-05,16.625858306884766,29.05377769470215,25.730384826660156,3.5801706314086914
1771502448.7831395,-1.4750020503997803,13.944541931152344,9.936158676282503e-06,16.82231903076172,29.30992889404297,25.909610748291016,3.7494893074035645
1771502448.814152,-1.2551004886627197,14.174568176269531,8.316173989442177e-06,17.043508529663086,29.51751136779785,26.133255004882812,3.9790024757385254
1771502448.845656,-1.315120816230774,14.203742980957031,6.960329301364254e-06,17.118377685546875,29.468122482299805,26.051353454589844,3.9367356300354004
1771502448.877657,-1.330432415008545,14.251713752746582,5.825550488225417e-06,17.116880416870117,29.466896057128906,25.98516082763672,3.8842902183532715
1771502448.9086576,-1.5564818382263184,14.245954513549805,4.850281584367622e-06,16.995895385742188,29.3109188079834,25.698749542236328,3.6510732173919678
1771502448.977192,-1.5651644468307495,14.389427185058594,3.4904776384792058e-06,17.206666946411133,29.511859893798828,25.74488067626953,3.6664857864379883
1771502449.0041924,-1.6559257507324219,14.392711639404297,2.9214240839792183e-06,17.204235076904297,29.50075912475586,25.66724967956543,3.599552631378174
1771502449.0379908,-1.680976390838623,14.474207878112793,2.432354449410923e-06,17.24919891357422,29.485485076904297,25.613752365112305,3.515636920928955
1771502449.069363,-1.65232515335083,14.60819149017334,2.0358108940854436e-06,17.34043312072754,29.442018508911133,25.505050659179688,3.373412609100342
1771502449.0993567,-1.6453018188476562,14.615230560302734,1.7039164958987385e-06,17.310810089111328,29.3931827545166,25.397613525390625,3.3614795207977295
1771502449.129873,-1.6616642475128174,14.606884956359863,1.4261310070651234e-06,17.30453872680664,29.40137481689453,25.332061767578125,3.319681406021118
1771502449.1608791,-1.9291660785675049,14.413040161132812,1.1873884204760543e-06,17.134925842285156,29.328563690185547,25.145479202270508,3.3057782649993896
1771502449.192873,-1.8202109336853027,14.570676803588867,9.938122502717306e-07,17.221452713012695,29.42495346069336,25.152807235717773,3.294827461242676
1771502449.2223895,-2.0063631534576416,14.47407054901123,8.317944661939691e-07,17.188541412353516,29.39594268798828,25.05837059020996,3.1896510124206543
1771502449.2549074,-1.9476581811904907,14.607226371765137,6.961901135582593e-07,17.289907455444336,29.47200584411621,25.074647903442383,3.127014398574829
1771502449.2868981,-2.2094430923461914,14.466647148132324,5.796446771455521e-07,17.180797576904297,29.48937225341797,24.96817398071289,3.0210745334625244
1771502449.3169034,-2.225390672683716,14.43900203704834,4.851475523537374e-07,17.198482513427734,29.51383399963379,24.94278335571289,3.010758638381958
1771502449.3753576,-2.058471441268921,14.707878112792969,3.491376787678746e-07,17.406131744384766,29.64098358154297,24.90955924987793,2.8925328254699707
1771502449.4103293,-2.071706533432007,14.733869552612305,2.906906217958749e-07,17.40737533569336,29.624801635742188,24.81940460205078,2.8489089012145996
1771502449.4394362,-1.8310000896453857,14.977985382080078,2.433006613955513e-07,17.525436401367188,29.700775146484375,24.84111785888672,2.8654251098632812
1771502449.470439,-1.5680313110351562,15.23005199432373,2.0363647479371139e-07,17.62404441833496,29.764461517333984,24.897560119628906,2.879991054534912
1771502449.503627,-1.4705044031143188,15.369601249694824,1.7043856814780156e-07,17.626842498779297,29.727113723754883,24.891386032104492,2.851231813430786
1771502449.5326583,-1.2715297937393188,15.591947555541992,1.41906511430534e-07,17.673490524291992,29.714990615844727,24.942110061645508,2.8466243743896484
1771502449.5628304,-1.2645353078842163,15.513294219970703,1.18772170765169e-07,17.647171020507812,29.654970169067383,24.97385025024414,2.796905279159546
1771502449.5938804,-1.1657249927520752,15.54993724822998,9.940931988694501e-08,17.6894588470459,29.69765853881836,25.011417388916016,2.7828457355499268
1771502449.6248088,-1.1760923862457275,15.627769470214844,8.320310485032678e-08,17.711042404174805,29.740802764892578,24.907852172851562,2.6384003162384033
1771502449.6707664,-1.3023722171783447,15.709207534790039,6.423412202138934e-08,17.6226806640625,29.786418914794922,24.609088897705078,2.2913920879364014
1771502449.7009733,-1.336287021636963,15.797054290771484,5.376234923915035e-08,17.492759704589844,29.74665069580078,24.514041900634766,2.205296516418457
1771502449.7335088,-1.5336836576461792,15.84488296508789,4.476233783634598e-08,17.244964599609375,29.44420623779297,24.152339935302734,1.8896522521972656
1771502449.763511,-1.834298014640808,15.886190414428711,3.7464957358679385e-08,16.83301544189453,29.005556106567383,23.55804443359375,1.5622870922088623
1771502449.8095393,-2.129845142364502,15.908206939697266,2.8923548001102972e-08,16.21817398071289,28.586536407470703,23.124372482299805,1.2810404300689697
1771502449.84174,-2.376718521118164,15.904975891113281,2.42082851542591e-08,15.98583984375,28.227102279663086,22.812950134277344,1.0683048963546753
1771502449.8725984,-2.431583881378174,15.955343246459961,2.0261728295167813e-08,15.910940170288086,28.123455047607422,22.763797760009766,1.0656641721725464
1771502449.904652,-2.721179962158203,15.909223556518555,1.6869844188249772e-08,15.800439834594727,27.804550170898438,22.46798324584961,0.8962640762329102
1771502449.9371555,-2.9758200645446777,15.926214218139648,1.4119638791498801e-08,15.643831253051758,27.470579147338867,22.09735679626465,0.7001259922981262
1771502449.9681566,-3.1593236923217773,15.897003173828125,1.1817784972834033e-08,15.556524276733398,27.281600952148438,21.84654998779297,0.6127383708953857
1771502449.9991586,-3.4421567916870117,15.837554931640625,9.891190977384667e-09,15.379179954528809,27.02113151550293,21.4615478515625,0.48092222213745117
1771502450.028671,-3.8122034072875977,15.739442825317383,8.23537060767876e-09,15.200523376464844,26.717472076416016,21.139183044433594,0.37591323256492615
1771502450.0609064,-3.933534622192383,15.794159889221191,6.892799664370841e-09,15.151805877685547,26.450393676757812,20.699031829833984,0.2969411015510559
1771502450.0929084,-3.9452004432678223,15.825788497924805,5.769101196761994e-09,15.240906715393066,26.323593139648438,20.385540008544922,0.2355867177248001
1771502450.122911,-4.172972679138184,15.852209091186523,4.828593525019187e-09,14.959146499633789,25.886337280273438,19.948713302612305,0.18778502941131592
1771502450.1632395,-4.677407264709473,15.687252044677734,4.02026989476667e-09,14.669519424438477,25.21267318725586,19.496192932128906,0.14946424961090088
1771502450.1922405,-5.3471760749816895,15.463485717773438,3.364865497346159e-09,13.807514190673828,24.454673767089844,19.060611724853516,0.12027381360530853
1771502450.2413275,-6.315340995788574,14.99219036102295,2.597730475173421e-09,12.651652336120605,23.519306182861328,18.44895362854004,0.08877304941415787
1771502450.2743373,-6.677868366241455,14.735516548156738,2.174235458340945e-09,12.30900764465332,23.226919174194336,18.17494010925293,0.07220466434955597
1771502450.2963262,-6.83665132522583,14.523008346557617,1.8197807705178093e-09,12.10145378112793,23.068416595458984,18.074581146240234,0.05892868712544441
1771502450.3265371,-7.353105068206787,14.252371788024902,1.523111081702666e-09,11.850400924682617,22.780677795410156,17.865478515625,0.04824201390147209
1771502450.359545,-8.007004737854004,13.851609230041504,0.031021568924188614,11.485793113708496,22.324785232543945,17.469547271728516,0.03937925770878792
1771502450.3888068,-8.359515190124512,13.523136138916016,0.02591058239340782,11.314048767089844,22.143720626831055,17.08973503112793,0.03240971267223358
1771502450.4218335,-8.882843017578125,13.074113845825195,0.07767017185688019,10.935784339904785,21.90896987915039,16.600011825561523,0.02673175558447838
1771502450.4524453,-9.292838096618652,12.634442329406738,0.10793818533420563,10.697341918945312,21.788249969482422,16.315425872802734,0.022090917453169823
1771502450.482951,-9.419733047485352,12.423548698425293,0.17350737750530243,10.638072967529297,21.776500701904297,16.34883689880371,0.018186666071414948
1771502450.513622,-9.804349899291992,12.042211532592773,0.24242153763771057,10.406856536865234,21.686851501464844,16.110260009765625,0.015077774412930012
1771502450.5591233,-10.179689407348633,11.699104309082031,0.3998624086380005,10.193928718566895,21.696359634399414,15.909944534301758,0.011517676524817944
1771502450.5961134,-10.538270950317383,11.412776947021484,0.47669917345046997,9.964914321899414,21.66839599609375,15.825111389160156,0.009577099233865738
1771502450.625702,-10.523324966430664,11.337535858154297,0.4083063304424286,10.018760681152344,21.882850646972656,16.024425506591797,0.007970662787556648
1771502450.6707313,-10.59276294708252,11.286250114440918,0.48616665601730347,10.061668395996094,21.968786239624023,16.22361183166504,0.006115021649748087
1771502450.7072444,-10.700922012329102,11.13511848449707,0.6462503671646118,10.10540771484375,22.068187713623047,16.357337951660156,0.005098395515233278
1771502450.7317855,-10.706463813781738,11.074413299560547,0.8466731309890747,10.144002914428711,22.188323974609375,16.5039119720459,0.004230535123497248
1771502450.763786,-10.723352432250977,10.907624244689941,0.9959230422973633,10.265192031860352,22.370201110839844,16.762014389038086,0.0035308196675032377
1771502450.7947912,-10.71069622039795,10.826220512390137,1.2496047019958496,10.358823776245117,22.481433868408203,16.862001419067383,0.002948018489405513
1771502450.8247952,-11.10552978515625,10.36760139465332,1.501164436340332,10.338647842407227,22.421432495117188,16.7950439453125,0.0024622674100100994
1771502450.8563032,-11.149896621704102,10.268383026123047,1.5576046705245972,10.340662956237793,22.446565628051758,16.910051345825195,0.0020463275723159313
1771502450.8883357,-11.315032005310059,10.143967628479004,1.6604864597320557,10.419807434082031,22.466800689697266,17.032184600830078,0.0017101122066378593
1771502450.919317,-11.612406730651855,9.933566093444824,1.7845940589904785,10.382189750671387,22.44611358642578,17.185718536376953,0.001429451280273497
1771502450.9598448,-11.908679962158203,9.607337951660156,1.8989448547363281,10.349466323852539,22.628511428833008,17.505672454833984,0.0011950773186981678
1771502450.991808,-12.523160934448242,9.076556205749512,2.135511636734009,10.175579071044922,22.642127990722656,17.851526260375977,0.0009940450545400381
1771502451.0440729,-13.488895416259766,8.364435195922852,2.4976861476898193,9.94406509399414,22.57315444946289,18.008949279785156,0.0007145079434849322
1771502451.0760746,-13.891291618347168,8.191141128540039,2.545799970626831,9.767266273498535,22.602537155151367,18.400728225708008,0.0005976678221486509
1771502451.1240788,-14.698450088500977,7.770861625671387,2.712618350982666,9.525875091552734,22.664854049682617,19.210079193115234,0.0004611053445842117
1771502451.155585,-15.364795684814453,7.495951175689697,2.9215428829193115,9.273723602294922,22.627573013305664,19.69414520263672,0.0003837569965980947
1771502451.1875873,-15.942680358886719,7.217376708984375,3.0937798023223877,9.035544395446777,22.554658889770508,20.026668548583984,0.000321085361065343
1771502451.2196248,-16.29522705078125,7.043909072875977,3.2147932052612305,9.049942016601562,22.662721633911133,20.6213321685791,0.21956540644168854
1771502451.2478895,-16.947803497314453,6.734866619110107,3.494997501373291,8.96834945678711,22.652671813964844,21.049560546875,0.48127156496047974
1771502451.2797987,-17.232681274414062,6.497653961181641,3.695918083190918,9.056406021118164,22.80787467956543,21.746362686157227,0.981301486492157
1771502451.3097994,-17.661975860595703,6.2358503341674805,3.9214653968811035,9.07238483428955,22.879249572753906,22.375131607055664,1.6206098794937134
1771502451.3418617,-17.853586196899414,6.045523166656494,4.009032726287842,9.135782241821289,23.127727508544922,23.203956604003906,2.285006523132324
1771502451.3758624,-18.71331024169922,5.768283843994141,4.588809013366699,9.006421089172363,23.04444694519043,23.719829559326172,3.1062233448028564
1771502451.4048603,-19.76320457458496,5.592690467834473,4.894939422607422,8.745826721191406,22.865726470947266,24.071897506713867,4.066893577575684
1771502451.4338653,-20.431848526000977,5.431704521179199,5.332082748413086,8.576504707336426,22.72342300415039,24.68512725830078,5.153921127319336
1771502451.4658284,-20.908775329589844,5.3708295822143555,5.632424831390381,8.706076622009277,22.71845817565918,25.202598571777344,6.407426834106445
1771502451.496832,-21.6898193359375,5.393343448638916,6.012542724609375,8.483890533447266,22.503583908081055,25.35671615600586,7.558720588684082
1771502451.537177,-22.099206924438477,5.406113147735596,6.185781478881836,8.444278717041016,22.32546615600586,25.545047760009766,8.595370292663574
1771502451.570195,-22.498966217041016,5.426987648010254,6.414659023284912,8.415447235107422,22.113258361816406,25.55322265625,9.493132591247559
1771502451.5899801,-22.673385620117188,5.4434099197387695,6.482690334320068,8.402331352233887,21.995670318603516,25.536218643188477,9.858925819396973
1771502451.6228218,-23.27151107788086,5.2941155433654785,6.496413707733154,8.123163223266602,21.627906799316406,25.38279914855957,10.353395462036133
1771502451.6520755,-23.237804412841797,5.184819221496582,6.376499652862549,8.155875205993652,21.729633331298828,25.56528663635254,10.849388122558594
1771502451.683747,-23.009355545043945,5.105032920837402,6.410513401031494,8.195754051208496,21.813884735107422,25.73564910888672,11.507340431213379
1771502451.7142384,-22.943254470825195,4.992034912109375,6.2260518074035645,8.071943283081055,21.917537689208984,26.006147384643555,12.180634498596191
1771502451.7622187,-22.593334197998047,5.016204833984375,6.067032337188721,8.196032524108887,22.071317672729492,26.262474060058594,12.964675903320312
1771502451.7924893,-22.3222713470459,5.187615394592285,5.974782943725586,8.452746391296387,22.097606658935547,26.483545303344727,13.293601036071777
1771502451.8244958,-22.213001251220703,5.209451198577881,6.060257434844971,8.526337623596191,21.913423538208008,26.689971923828125,13.699853897094727
1771502451.8560286,-21.95287322998047,5.2479424476623535,6.230750560760498,8.810906410217285,21.791086196899414,27.150436401367188,14.234498977661133
1771502451.8910615,-21.8829345703125,5.256946086883545,6.331143379211426,8.836516380310059,21.633373260498047,27.370718002319336,14.48779010772705
1771502451.9210525,-21.882291793823242,5.276403427124023,6.445729732513428,8.78304672241211,21.501285552978516,27.619352340698242,14.684286117553711
1771502451.9675517,-21.84442138671875,5.163754463195801,6.508382320404053,8.683815002441406,21.407207489013672,28.145099639892578,14.90188217163086
1771502452.0005631,-21.790695190429688,5.176142692565918,6.6133575439453125,8.757706642150879,21.370203018188477,28.487640380859375,15.222623825073242
1771502452.0266693,-21.730520248413086,5.170765399932861,6.658832550048828,8.803565979003906,21.370405197143555,28.65414810180664,15.421487808227539
1771502452.0567138,-21.88799476623535,5.291397571563721,6.783362865447998,8.714364051818848,21.101787567138672,28.61079978942871,15.313689231872559
1771502452.0897455,-22.191177368164062,5.563881874084473,7.057480812072754,8.440592765808105,20.58441734313965,28.51211929321289,15.259651184082031
1771502452.1197183,-22.36823272705078,5.680002689361572,7.1756134033203125,8.344430923461914,20.32069206237793,28.406869888305664,15.177591323852539
1771502452.1602578,-22.88812255859375,5.855432510375977,7.204004287719727,8.057722091674805,19.640811920166016,28.45266342163086,15.384428024291992
1771502452.1925218,-22.972246170043945,6.332169532775879,7.2711710929870605,8.014505386352539,19.401050567626953,28.539382934570312,15.566146850585938
1771502452.2245386,-23.11565399169922,6.6889238357543945,7.457904815673828,7.928495407104492,19.224658966064453,28.57604217529297,15.901296615600586
1771502452.2570422,-22.85107421875,7.3477349281311035,7.657623291015625,8.14340591430664,19.497648239135742,28.97658920288086,16.274145126342773
1771502452.2880425,-22.73512840270996,7.573151588439941,7.807431697845459,8.269793510437012,19.569616317749023,29.279253005981445,16.636030197143555
1771502452.3210468,-22.560253143310547,7.8078203201293945,7.944812774658203,8.522764205932617,19.759761810302734,29.58617401123047,16.99225616455078
1771502452.3519013,-22.564504623413086,7.674989700317383,8.018206596374512,8.64035415649414,19.984960556030273,29.92434310913086,17.35715103149414
1771502452.4002717,-22.613065719604492,7.414231300354004,7.901004791259766,9.204054832458496,20.227279663085938,30.20043182373047,17.493946075439453
1771502452.4328232,-22.54637336730957,7.337059497833252,7.88707160949707,9.611211776733398,20.6246337890625,30.622753143310547,17.783798217773438
1771502452.460852,-22.502965927124023,7.233502388000488,7.878493785858154,10.107931137084961,20.822616577148438,30.908241271972656,17.925214767456055
1771502452.4908397,-22.514705657958984,7.050784587860107,7.904064178466797,10.425941467285156,21.289459228515625,31.349132537841797,18.346527099609375
1771502452.523826,-22.497509002685547,6.804118633270264,7.927090644836426,10.81436538696289,21.593059539794922,31.606800079345703,18.55748748779297
1771502452.561366,-22.454505920410156,6.409010887145996,7.977053165435791,11.295154571533203,21.99810218811035,31.94103240966797,18.890506744384766
1771502452.5918505,-22.280344009399414,5.899588584899902,7.849919319152832,11.69105052947998,22.287076950073242,32.510765075683594,19.24076271057129
1771502452.624313,-22.382183074951172,5.493949890136719,7.71876335144043,11.90034294128418,22.38019371032715,32.698516845703125,19.26007080078125
1771502452.6558082,-22.589536666870117,5.207239151000977,7.663578987121582,11.789970397949219,22.408864974975586,32.757816314697266,19.146448135375977
1771502452.6878147,-22.92443084716797,4.9266533851623535,7.744169235229492,11.836411476135254,22.925785064697266,33.40464782714844,19.24949073791504
1771502452.7195287,-23.182598114013672,4.670440673828125,7.838070869445801,11.787544250488281,23.41889762878418,33.97884750366211,19.521514892578125
1771502452.7536216,-23.297725677490234,4.436123371124268,7.83548641204834,11.889384269714355,24.089387893676758,34.624229431152344,19.734235763549805
1771502452.7836204,-23.44341468811035,4.380527019500732,7.835128307342529,11.960748672485352,24.86117935180664,35.283260345458984,19.83730697631836
1771502452.8312924,-23.674419403076172,4.39916467666626,7.931819915771484,12.0030517578125,25.860397338867188,35.9148063659668,19.7858943939209
1771502452.8658588,-23.72591781616211,4.401729106903076,8.085393905639648,12.123268127441406,26.854351043701172,36.43680191040039,19.927776336669922
1771502452.8988593,-23.729904174804688,4.385056018829346,8.238973617553711,12.247652053833008,27.582046508789062,36.900726318359375,20.083232879638672
1771502452.9314008,-23.97555923461914,4.009193420410156,8.241097450256348,12.243304252624512,28.267099380493164,37.44690704345703,20.417455673217773
1771502452.9624853,-24.099559783935547,3.7487587928771973,8.260226249694824,12.455519676208496,29.160259246826172,38.25845718383789,21.28804588317871
1771502452.992836,-24.180301666259766,3.551802635192871,8.323114395141602,12.758942604064941,30.03069496154785,39.4138069152832,22.223865509033203
1771502453.0236228,-24.460983276367188,3.048673152923584,8.113382339477539,13.267967224121094,31.194103240966797,40.43995666503906,22.990711212158203
1771502453.0562556,-24.737031936645508,2.5615742206573486,7.912278652191162,13.80642318725586,32.41090393066406,41.431182861328125,24.158496856689453
1771502453.0882566,-24.914608001708984,2.387758731842041,7.626745223999023,14.302033424377441,33.8504524230957,42.308204650878906,25.234725952148438
1771502453.122272,-25.165311813354492,2.2454380989074707,7.322539329528809,14.908661842346191,35.220863342285156,43.11030578613281,26.526596069335938
1771502453.1522925,-25.211145401000977,2.1934261322021484,7.193546295166016,15.239809036254883,35.322078704833984,43.201290130615234,26.76011848449707
1771502453.1868365,-25.47914695739746,1.746311902999878,6.693461894989014,16.15607261657715,36.16421127319336,43.9592399597168,28.031389236450195
1771502453.2158446,-25.67329978942871,1.6119424104690552,6.458794593811035,16.81673240661621,36.818939208984375,44.786827087402344,29.14815902709961
1771502453.264263,-25.89096450805664,1.1903021335601807,6.087184429168701,17.749507904052734,37.388587951660156,45.460548400878906,30.13412857055664
1771502453.2982726,-26.08745002746582,1.0149424076080322,5.910290241241455,18.241483688354492,37.52821731567383,45.93526077270508,30.901390075683594
1771502453.322267,-26.160602569580078,0.8762056231498718,5.841792583465576,18.440662384033203,37.50951385498047,46.13102722167969,31.245912551879883
1771502453.361797,-26.29288673400879,0.6742210388183594,5.969696521759033,18.928466796875,37.615989685058594,46.73699188232422,31.872182846069336
1771502453.3948052,-26.320884704589844,0.5948407053947449,6.052796363830566,19.144699096679688,37.822357177734375,47.0794792175293,32.079612731933594
1771502453.4258046,-26.272655487060547,0.22025591135025024,5.996393203735352,19.297130584716797,38.00986862182617,47.53492736816406,32.09021759033203
1771502453.455844,-26.193300247192383,-0.007229313254356384,5.944258689880371,19.6529541015625,38.19363021850586,47.955928802490234,32.09613037109375
1771502453.4873078,-26.315013885498047,-0.3558289408683777,5.833279132843018,19.737213134765625,38.08196258544922,48.022315979003906,31.820539474487305
1771502453.5202909,-26.197282791137695,-0.4061759114265442,5.88466215133667,20.146942138671875,38.21004867553711,48.470218658447266,32.00923156738281
1771502453.5526927,-26.326534271240234,-0.5880947113037109,5.870123863220215,20.287118911743164,38.08253479003906,48.55387878417969,31.881988525390625
1771502453.5836852,-26.4630126953125,-0.7161628007888794,5.832248210906982,20.356929779052734,38.125125885009766,48.57881164550781,31.768295288085938
1771502453.6179981,-26.610294342041016,-0.9311832189559937,5.7048444747924805,20.338407516479492,38.165504455566406,48.57408142089844,31.633445739746094
1771502453.6476982,-26.793119430541992,-1.1727659702301025,5.546308994293213,20.58025550842285,38.248199462890625,48.436336517333984,31.578195571899414
1771502453.6958342,-27.170679092407227,-1.555276870727539,5.30635929107666,20.592697143554688,38.30976867675781,48.198848724365234,31.361011505126953
1771502453.7293875,-27.20583152770996,-1.9315779209136963,5.008894920349121,20.722200393676758,38.7845458984375,48.3214225769043,31.3255615234375
1771502453.762405,-27.03127098083496,-2.2870936393737793,4.436375617980957,21.282184600830078,40.42955017089844,49.21732711791992,31.564945220947266
1771502453.7944016,-26.989131927490234,-2.801173210144043,3.850708246231079,21.520631790161133,41.47685241699219,49.69586181640625,31.68999481201172
1771502453.8248832,-27.00159454345703,-3.316950798034668,3.2432732582092285,21.858400344848633,42.942848205566406,50.27910614013672,31.793853759765625
1771502453.8553927,-27.181983947753906,-3.8787968158721924,2.505364179611206,22.433021545410156,44.07224655151367,50.61292266845703,31.721435546875
1771502453.8901079,-27.429309844970703,-4.377738952636719,1.915540337562561,22.823362350463867,44.85212326049805,50.856407165527344,31.557212829589844
1771502453.9200594,-27.93865203857422,-4.867555618286133,1.424025297164917,23.412073135375977,45.314048767089844,51.08344268798828,31.26557159423828
1771502453.952224,-28.153791427612305,-4.911376953125,1.1004670858383179,24.103544235229492,45.96934509277344,51.3536262512207,31.084922790527344
1771502453.9832299,-28.355287551879883,-4.976815700531006,0.9950889348983765,24.807270050048828,46.62702941894531,51.747596740722656,31.139692306518555
1771502454.0166175,-28.3342342376709,-5.024650573730469,0.8579800128936768,25.269712448120117,47.10124969482422,52.044189453125,31.267791748046875
1771502454.05087,-28.371368408203125,-5.085906982421875,0.9294242858886719,26.11486053466797,47.76800537109375,52.43965148925781,31.57188606262207
1771502454.08187,-28.628131866455078,-5.201611042022705,0.9046174883842468,26.84951400756836,48.35869216918945,52.7000846862793,31.711803436279297
1771502454.1278727,-28.7901611328125,-5.011096954345703,0.9236581325531006,27.535186767578125,49.305145263671875,53.31683349609375,31.911895751953125
1771502454.1604724,-29.104042053222656,-4.888079643249512,1.0239678621292114,28.003067016601562,49.8131103515625,53.51063919067383,32.06718444824219
1771502454.1914577,-29.29012680053711,-4.730879783630371,1.1721161603927612,28.320768356323242,50.248382568359375,53.78591537475586,32.536468505859375
1771502454.2244613,-29.470592498779297,-4.605299472808838,1.2245582342147827,28.6876220703125,50.61928939819336,54.01490783691406,32.87600326538086
1771502454.2569816,-29.58918571472168,-4.4739766120910645,1.3241171836853027,29.218677520751953,51.06150817871094,54.345245361328125,33.54258728027344
1771502454.2879705,-29.969820022583008,-4.202560901641846,1.4568350315093994,29.96186065673828,51.665855407714844,54.686317443847656,33.94053268432617
1771502454.3199773,-30.527889251708984,-4.026644229888916,1.665860652923584,30.572538375854492,52.062583923339844,54.97978210449219,34.469051361083984
1771502454.3524876,-31.038511276245117,-3.7064895629882812,1.916518211364746,31.562877655029297,52.501747131347656,55.394683837890625,34.91687774658203
1771502454.3834872,-31.618675231933594,-3.5114738941192627,2.1045548915863037,32.28154754638672,52.786766052246094,55.547637939453125,35.44435119628906
1771502454.415487,-31.922466278076172,-3.1906087398529053,2.227787733078003,32.66399002075195,53.36827087402344,55.97801208496094,36.349220275878906
1771502454.4477248,-32.38179016113281,-2.899042844772339,2.37026309967041,33.052791595458984,53.75308609008789,56.22474670410156,36.88166427612305
1771502454.4837084,-32.7949104309082,-2.615995407104492,2.50524640083313,33.61825180053711,54.453453063964844,56.69156265258789,37.916099548339844
1771502454.5137103,-32.92401885986328,-2.277472972869873,2.5845088958740234,34.006187438964844,54.840904235839844,56.9101448059082,38.26166915893555
1771502454.5602276,-32.99999237060547,-1.9692187309265137,2.8182036876678467,34.35198974609375,55.42890167236328,57.454376220703125,39.02694320678711
1771502454.593674,-33.02706527709961,-1.9060726165771484,2.810239315032959,34.63748550415039,55.682716369628906,57.61296081542969,39.38059997558594
1771502454.6236925,-33.21895217895508,-1.8748669624328613,3.017592668533325,34.714508056640625,55.913543701171875,57.933956146240234,39.706336975097656
1771502454.6558268,-33.29503631591797,-1.7213807106018066,2.9439735412597656,35.09211730957031,56.265872955322266,58.13249206542969,40.06549072265625
1771502454.690837,-33.4588623046875,-1.653224229812622,3.080625295639038,35.113243103027344,56.676448822021484,58.512054443359375,40.48881530761719
1771502454.7198317,-33.45860290527344,-1.5279492139816284,3.1205978393554688,35.68761444091797,57.2215690612793,58.88125228881836,40.759429931640625
1771502454.751346,-33.519798278808594,-1.427374243736267,3.232201337814331,36.028743743896484,57.72948455810547,59.36378479003906,41.088382720947266
1771502454.7833369,-33.42958450317383,-1.3054261207580566,3.286952018737793,36.54990005493164,58.210296630859375,59.798179626464844,41.146541595458984
1771502454.8153462,-33.55613327026367,-0.9975752234458923,3.3975744247436523,37.362327575683594,58.68468475341797,60.25163269042969,41.25431823730469
1771502454.8478801,-33.61697769165039,-0.6622401475906372,3.3670551776885986,38.356170654296875,59.359466552734375,60.86286544799805,41.513153076171875
1771502454.8798783,-33.64895248413086,-0.302068293094635,3.2109110355377197,39.46751403808594,60.15225601196289,61.50714874267578,41.85708999633789
1771502454.914882,-33.6682243347168,-0.23986828327178955,3.056490659713745,40.587398529052734,61.1453971862793,62.527000427246094,42.52964782714844
1771502454.947394,-33.71501541137695,-0.02125769853591919,2.9667153358459473,41.366539001464844,61.88689422607422,63.1416015625,42.68207931518555
1771502454.9920957,-33.602500915527344,0.11343147605657578,2.8469700813293457,42.63755416870117,63.088279724121094,64.19681549072266,43.1718635559082
1771502455.0246634,-33.58483123779297,0.1689673662185669,2.7940406799316406,43.55585479736328,63.824832916259766,64.88436889648438,43.450828552246094
1771502455.0557609,-33.556392669677734,0.103701651096344,2.7086684703826904,44.100341796875,64.15403747558594,65.19757080078125,43.537113189697266
1771502455.0897636,-33.51264572143555,0.16899895668029785,2.5866103172302246,45.048648834228516,64.41901397705078,65.45477294921875,43.62031173706055
1771502455.1247718,-33.54121780395508,0.33523064851760864,2.5211899280548096,45.68592834472656,64.84024047851562,65.74357604980469,43.57147979736328
1771502455.1513147,-33.50303649902344,0.43376731872558594,2.4674863815307617,45.80992889404297,65.04568481445312,65.9363021850586,43.648536682128906
1771502455.1833057,-33.454769134521484,0.7046709060668945,2.436922550201416,46.28277587890625,65.54730224609375,66.31654357910156,43.8671760559082
1771502455.21586,-33.534122467041016,0.9410897493362427,2.4557480812072754,47.238258361816406,65.8531494140625,66.62861633300781,43.88237380981445
1771502455.2473683,-33.69342041015625,1.1298130750656128,2.422490119934082,47.91533279418945,65.88742065429688,66.6063232421875,43.767635345458984
1771502455.279369,-33.80755615234375,1.4924695491790771,2.311474561691284,48.97913360595703,66.11800384521484,66.62202453613281,43.63492202758789
1771502455.3113678,-34.01808547973633,1.5555442571640015,2.162360668182373,49.802406311035156,66.27027893066406,66.55876159667969,43.661617279052734
1771502455.3448894,-33.88440704345703,1.6217423677444458,2.043523073196411,51.135345458984375,66.94532012939453,67.12901306152344,44.04187774658203
1771502455.3928978,-33.77330017089844,1.611653208732605,1.9551080465316772,52.9168701171875,67.93977355957031,67.89967346191406,44.664207458496094
1771502455.4259026,-33.62892150878906,1.424208164215088,2.0139169692993164,53.31641387939453,68.46144104003906,68.44661712646484,45.0604362487793
1771502455.4570196,-33.54207992553711,1.2343499660491943,2.087754011154175,54.033836364746094,69.00092315673828,69.25788879394531,45.82807159423828
1771502455.4880183,-32.96132278442383,1.250937819480896,2.2292912006378174,54.815948486328125,69.93738555908203,70.5975112915039,47.13856506347656
1771502455.5200245,-31.89127540588379,1.3873486518859863,2.5214152336120605,55.78139877319336,71.1091079711914,72.19570922851562,48.99214172363281
1771502455.555294,-30.605388641357422,1.5194709300994873,2.838390588760376,57.05266571044922,72.60445404052734,73.91889953613281,51.06189727783203
1771502455.5841024,-28.995128631591797,1.6290802955627441,3.1066222190856934,58.46775436401367,74.30008697509766,75.72282409667969,53.300384521484375
1771502455.6171136,-27.5124568939209,1.7546420097351074,3.2886478900909424,59.59128952026367,75.5988998413086,77.13917541503906,55.13026809692383
1771502455.6482506,-26.443008422851562,1.9850268363952637,3.4024882316589355,60.79273223876953,76.557373046875,78.6500473022461,56.76289749145508
1771502455.6802652,-25.89983367919922,2.194491386413574,3.4339609146118164,61.368751525878906,77.03787231445312,79.12374877929688,57.257652282714844
1771502455.7132626,-25.67281723022461,2.4196372032165527,3.450617551803589,61.61383819580078,77.28932189941406,79.43504333496094,57.44367980957031
1771502455.7435887,-25.575225830078125,2.534649133682251,3.4608888626098633,61.85677719116211,77.58649444580078,79.66273498535156,57.45927429199219
1771502455.7783158,-24.97260093688965,2.8210058212280273,3.486588954925537,62.22395706176758,78.04161834716797,79.88345336914062,57.57981872558594
1771502455.824317,-24.42316436767578,2.983719825744629,3.2877650260925293,62.11491394042969,78.51837921142578,80.07298278808594,57.813087463378906
1771502455.8558688,-24.25726890563965,3.038288116455078,3.079366445541382,62.95185852050781,78.98081970214844,80.73829650878906,58.303131103515625
1771502455.888868,-23.572006225585938,3.168050527572632,2.954697608947754,64.76199340820312,79.67192077636719,81.59901428222656,59.05010223388672
1771502455.9198937,-23.655506134033203,3.0543177127838135,2.650092124938965,65.99638366699219,79.70272064208984,81.73560333251953,58.91786193847656
1771502455.95162,-23.18122100830078,3.0637569427490234,2.3100149631500244,67.228759765625,80.10892486572266,82.20112609863281,59.107200622558594
1771502455.9863808,-22.936100006103516,3.145994186401367,1.937589168548584,67.87999725341797,80.28556823730469,82.39474487304688,58.92521667480469
1771502456.0155501,-22.9267578125,3.1163926124572754,1.542192816734314,68.59213256835938,80.32400512695312,82.52685546875,58.77623748779297
1771502456.0488958,-23.038986206054688,2.9472296237945557,1.1663295030593872,68.83086395263672,80.28025817871094,82.3210678100586,58.575706481933594
1771502456.0819,-23.012006759643555,2.52679181098938,0.9502907395362854,69.01900482177734,80.40631103515625,82.16499328613281,58.289772033691406
1771502456.112533,-22.94357681274414,2.10201358795166,0.9425156116485596,69.2039794921875,80.59522247314453,82.22068786621094,58.25678253173828
1771502456.144848,-23.014728546142578,1.6561996936798096,1.038303256034851,69.19175720214844,80.5484848022461,82.00180053710938,57.936004638671875
1771502456.1758695,-22.930017471313477,1.4106884002685547,1.1438409090042114,69.11930847167969,80.73460388183594,82.06294250488281,58.071754455566406
1771502456.2098587,-23.205780029296875,1.0900022983551025,1.1615298986434937,69.17436981201172,80.61419677734375,81.83448791503906,57.79138946533203
1771502456.2554142,-23.548255920410156,0.9641337394714355,1.175061583518982,68.9303970336914,80.47312927246094,81.61617279052734,57.588314056396484
1771502456.2924132,-23.96552276611328,0.7289221882820129,1.192230463027954,68.72238159179688,80.35649108886719,81.483154296875,57.43255615234375
1771502456.3271594,-24.204917907714844,0.6592303514480591,1.2287871837615967,68.17393493652344,80.3104248046875,81.48555755615234,57.41331481933594
1771502456.3551726,-24.138816833496094,0.6541497111320496,1.2370108366012573,68.0990982055664,80.35122680664062,81.55575561523438,57.354278564453125
1771502456.3874469,-23.851869583129883,0.44074660539627075,1.253206729888916,67.68023681640625,80.40397644042969,81.60950469970703,57.56113052368164
1771502456.4186263,-23.721311569213867,0.3597891330718994,1.1880754232406616,67.76025390625,80.36054229736328,81.8031997680664,57.57699966430664
1771502456.4511347,-23.246416091918945,0.166111558675766,1.2226653099060059,67.9842529296875,80.40348815917969,81.82596588134766,57.569366455078125
1771502456.4831345,-22.433673858642578,0.022910669445991516,1.3143119812011719,68.5115737915039,80.57793426513672,82.01954650878906,57.7494010925293
1771502456.5141363,-22.22431755065918,-0.2485046088695526,1.4506651163101196,69.14896392822266,80.30215454101562,82.12973022460938,58.002418518066406
1771502456.5467055,-21.549962997436523,-0.2580653727054596,1.6022531986236572,70.05142211914062,80.34439849853516,82.4919662475586,58.30479049682617
1771502456.5757394,-21.4372501373291,-0.27399125695228577,1.655274748802185,70.5821304321289,80.22240447998047,82.79969024658203,58.314002990722656
1771502456.607719,-21.032123565673828,-0.2425684779882431,1.6852691173553467,71.17698669433594,80.28114318847656,83.37940979003906,58.59446716308594
1771502456.645253,-20.872962951660156,-0.257823646068573,1.7126880884170532,71.53722381591797,80.32579040527344,83.88175964355469,58.89094543457031
1771502456.6882544,-20.57263946533203,-0.29467400908470154,1.797001600265503,72.20899963378906,80.62750244140625,84.33013916015625,58.985450744628906
1771502456.720774,-20.68609619140625,-0.3981720507144928,1.8523144721984863,72.45082092285156,80.67332458496094,84.40985870361328,58.841304779052734
1771502456.75128,-20.97231674194336,-0.46140244603157043,1.8648746013641357,72.58568572998047,80.54277038574219,84.5050048828125,58.77393341064453
1771502456.7832947,-21.218585968017578,-0.5995962619781494,1.851751446723938,73.12887573242188,80.51454162597656,84.71528625488281,58.770904541015625
1771502456.8153355,-21.504287719726562,-0.6169214248657227,1.7206511497497559,73.69341278076172,80.48804473876953,84.86553192138672,58.969688415527344
1771502456.8499305,-21.842674255371094,-0.757240891456604,1.6444638967514038,74.01854705810547,80.37207794189453,85.10587310791016,59.37312316894531
1771502456.8829036,-22.522598266601562,-0.9100576043128967,1.5446803569793701,74.06272888183594,80.10176086425781,85.3374252319336,59.70896911621094
1771502456.9129004,-23.242687225341797,-1.06761634349823,1.4145368337631226,74.37879943847656,79.92853546142578,85.50005340576172,59.60883331298828
1771502456.9444404,-23.86478042602539,-1.1480262279510498,1.3483586311340332,74.4113540649414,79.78800201416016,85.61152648925781,59.583560943603516
1771502456.9755187,-24.61760711669922,-1.358109474182129,1.3295718431472778,74.36105346679688,79.478515625,85.51744842529297,59.3638801574707
1771502457.007435,-25.211313247680664,-1.5055135488510132,1.2534815073013306,74.34312438964844,79.2389144897461,85.5736083984375,59.20288848876953
1771502457.0395026,-25.71564483642578,-1.5259380340576172,1.1942654848098755,74.21670532226562,79.04838562011719,85.66413879394531,59.078269958496094
1771502457.072503,-26.09735679626465,-1.6126829385757446,1.127496600151062,74.05982971191406,78.82952880859375,85.67926025390625,59.140750885009766
1771502457.1195376,-26.383358001708984,-1.6038920879364014,1.0218297243118286,74.06781005859375,78.774658203125,86.0006332397461,59.23155975341797
1771502457.153883,-26.446422576904297,-1.6095911264419556,0.921654224395752,74.13751983642578,78.7122802734375,86.01995849609375,59.231101989746094
1771502457.1884708,-26.43970489501953,-1.605259656906128,0.8391684293746948,74.2174072265625,78.77098846435547,86.06016540527344,59.22466278076172
1771502457.2173157,-26.532455444335938,-1.5705935955047607,0.7930210828781128,74.19093322753906,78.79015350341797,86.13255310058594,59.276283264160156
1771502457.2470071,-26.65150260925293,-1.579216480255127,0.6980268955230713,74.13951873779297,78.70172882080078,86.1230697631836,59.3896484375
1771502457.2840369,-26.74702262878418,-1.6387293338775635,0.6104745864868164,74.23078918457031,78.7112808227539,86.185302734375,59.6458740234375
1771502457.3122885,-26.88511085510254,-1.7188129425048828,0.5814396142959595,74.37120056152344,78.73824310302734,86.1773910522461,59.52714920043945
1771502457.343828,-26.938350677490234,-1.763709545135498,0.5321195721626282,74.45198822021484,78.86827087402344,86.27140808105469,59.646270751953125
1771502457.3758283,-26.874364852905273,-1.7169848680496216,0.4299579858779907,74.95982360839844,79.10001373291016,86.28657531738281,59.60201644897461
1771502457.4078448,-26.85980224609375,-1.6755316257476807,0.3898311257362366,75.0638427734375,79.29962921142578,86.3846435546875,59.802459716796875
1771502457.440482,-26.882503509521484,-1.7422089576721191,0.34808623790740967,75.0188217163086,79.27505493164062,86.51713562011719,60.04468536376953
1771502457.4708796,-27.031417846679688,-1.7371562719345093,0.28216636180877686,75.14962768554688,79.291015625,86.60983276367188,60.03446960449219
1771502457.5066519,-27.057750701904297,-1.679053783416748,0.2555338740348816,75.24595642089844,79.39312744140625,86.7041015625,60.28411865234375
1771502457.5518594,-27.107269287109375,-1.5665290355682373,0.19011591374874115,75.16946411132812,79.42000579833984,86.89451599121094,60.282936096191406
1771502457.5848603,-27.235246658325195,-1.5831925868988037,0.15512001514434814,75.2249526977539,79.45053100585938,86.9908447265625,60.40488815307617
1771502457.615863,-27.410049438476562,-1.6811392307281494,0.12602989375591278,75.2859115600586,79.37788391113281,87.05036926269531,60.48248291015625
1771502457.6469545,-27.400733947753906,-1.6818172931671143,0.15732359886169434,75.4511489868164,79.46951293945312,87.03461456298828,60.36922073364258
1771502457.6799517,-27.634279251098633,-1.7359178066253662,0.16086359322071075,75.26692199707031,79.30392456054688,87.01861572265625,60.24134063720703
1771502457.7129507,-27.74690818786621,-1.7317460775375366,0.13271547853946686,75.31491088867188,79.23914337158203,86.99114227294922,60.17948913574219
1771502457.744548,-27.780527114868164,-1.7078872919082642,0.10889607667922974,75.2754135131836,79.16206359863281,86.91851043701172,60.01183319091797
1771502457.776754,-27.83527946472168,-1.6958743333816528,0.11868859082460403,75.25003814697266,79.1176528930664,86.8274154663086,59.94405746459961
1771502457.8077755,-27.896821975708008,-1.6675933599472046,0.1355143040418625,75.2972183227539,79.1155014038086,86.79153442382812,60.012367248535156
1771502457.860225,-27.76129913330078,-1.6496796607971191,0.11891227960586548,75.17424011230469,79.17435455322266,86.8179931640625,60.13612747192383
1771502457.8912287,-27.794292449951172,-1.6327712535858154,0.11000297963619232,75.12370300292969,79.04679870605469,86.72836303710938,60.00170135498047
1771502457.9232302,-27.760971069335938,-1.622253179550171,0.12014976143836975,75.07850646972656,79.00005340576172,86.63724517822266,59.896629333496094
1771502457.9537704,-27.653186798095703,-1.6806519031524658,0.16707029938697815,75.10213470458984,78.98193359375,86.55364227294922,59.88793182373047
1771502457.9858394,-27.489490509033203,-1.6786531209945679,0.2008482664823532,75.03006744384766,78.95179748535156,86.33976745605469,59.8964958190918
1771502458.0168374,-27.32652473449707,-1.6572794914245605,0.22957070171833038,74.99871826171875,78.84313201904297,86.10842895507812,60.0130615234375
1771502458.0483348,-26.757492065429688,-1.7028535604476929,0.28337836265563965,74.90760040283203,78.85594177246094,85.76587677001953,60.018638610839844
1771502458.081502,-26.363706588745117,-1.7190189361572266,0.32442808151245117,74.66938781738281,78.58381652832031,85.1635513305664,59.78776550292969
1771502458.112494,-25.112457275390625,-1.6391568183898926,0.5218009948730469,74.41178131103516,78.57445526123047,85.15038299560547,59.68836975097656
1771502458.1450088,-23.686037063598633,-1.4350265264511108,0.7519022226333618,74.29443359375,78.46646881103516,84.86674499511719,59.40201187133789
1771502458.1760156,-22.140621185302734,-0.9786840677261353,1.0939314365386963,74.18900299072266,78.66300201416016,85.03247833251953,59.636512756347656
1771502458.2080157,-21.539058685302734,-0.828275740146637,1.2256848812103271,73.83714294433594,78.73529052734375,84.49868774414062,59.47133255004883
1771502458.2405257,-21.71601676940918,-0.6810304522514343,1.2417614459991455,73.72602844238281,78.94154357910156,84.04483032226562,59.45240783691406
1771502458.272535,-22.46241569519043,-0.6802419424057007,1.1460071802139282,73.48282623291016,78.69807434082031,83.46442413330078,59.105613708496094
1771502458.3040168,-22.985572814941406,-0.7336602210998535,1.052901268005371,73.07142639160156,78.51151275634766,83.00442504882812,58.86802291870117
1771502458.3367097,-23.232685089111328,-0.7563716173171997,1.0791904926300049,72.82588958740234,78.62645721435547,82.84833526611328,58.82328414916992
1771502458.3706763,-23.415109634399414,-0.5845701694488525,1.0599122047424316,72.13038635253906,78.82904052734375,82.50458526611328,58.94145965576172
1771502458.4167576,-23.695098876953125,-0.013694673776626587,0.9727758169174194,71.30891418457031,79.07273864746094,82.09123229980469,58.86869430541992
1771502458.447302,-23.609355926513672,0.34269481897354126,0.9757728576660156,71.14680480957031,79.42427825927734,81.91891479492188,59.08081817626953
1771502458.4793038,-23.45571517944336,0.7271878719329834,0.8376204371452332,71.55189514160156,79.98085021972656,82.10215759277344,59.33073806762695
1771502458.5128267,-23.139854431152344,1.212585687637329,0.6288172602653503,71.68272399902344,80.49486541748047,82.26716613769531,59.60429382324219
1771502458.5443683,-23.1110782623291,1.3944730758666992,0.5349605083465576,71.32670593261719,80.37648010253906,82.12416076660156,59.60107421875
1771502458.5783696,-23.767574310302734,1.386962652206421,0.4344106614589691,69.39734649658203,79.40066528320312,80.99800109863281,58.35243225097656
1771502458.6123772,-24.190244674682617,1.5587868690490723,0.43692997097969055,68.28003692626953,78.678955078125,80.45580291748047,57.6425895690918
1771502458.6438928,-24.613067626953125,1.5352015495300293,0.35549768805503845,67.90411376953125,78.13169860839844,80.14408874511719,56.86835479736328
1771502458.6747653,-25.568157196044922,1.5794975757598877,0.3603406846523285,66.7403564453125,76.64311981201172,79.1005859375,55.190311431884766
1771502458.7057734,-27.067913055419922,1.5112369060516357,0.34368181228637695,64.00129699707031,74.18852233886719,77.1483383178711,52.33757781982422
1771502458.7382956,-28.508337020874023,1.3903332948684692,0.3355672359466553,60.386009216308594,71.60018920898438,75.10890197753906,49.991539001464844
1771502458.7692957,-29.775959014892578,1.3133717775344849,0.46974170207977295,55.896087646484375,68.14285278320312,72.63532257080078,47.59339141845703
1771502458.8002954,-30.404300689697266,1.2815724611282349,0.9864673614501953,51.22393798828125,65.21685791015625,70.76050567626953,46.46861267089844
1771502458.847336,-31.484302520751953,1.1519262790679932,1.754070520401001,47.17236328125,62.035400390625,68.7642822265625,45.18157958984375
1771502458.8813372,-31.405519485473633,1.115777611732483,2.2989163398742676,43.14102554321289,60.17884063720703,67.16679382324219,44.848697662353516
1771502458.9113696,-31.12094497680664,1.1119201183319092,2.670821189880371,38.67686462402344,58.053001403808594,65.49888610839844,43.95439529418945
1771502458.9438448,-31.1197509765625,1.0910024642944336,3.166297435760498,35.361488342285156,56.17424011230469,63.94719696044922,42.24169921875
1771502458.975847,-31.298080444335938,0.8557402491569519,3.441035270690918,32.60298538208008,54.351741790771484,61.98158264160156,40.06757354736328
1771502459.0088553,-31.71710777282715,0.4837741255760193,3.3436739444732666,30.85826873779297,52.02123260498047,59.340824127197266,37.852378845214844
1771502459.0409544,-31.948646545410156,0.4252113699913025,3.3570055961608887,30.22386932373047,50.54738235473633,57.544708251953125,36.23271942138672
1771502459.073038,-31.8282413482666,0.3873582184314728,3.4391071796417236,30.46549415588379,50.38899230957031,57.060821533203125,36.011844635009766
1771502459.1040387,-31.952919006347656,0.2998146116733551,3.363739013671875,29.960660934448242,49.94348907470703,55.76863479614258,34.77806091308594
1771502459.1405528,-32.20570755004883,0.4949917793273926,3.4047086238861084,29.44070053100586,49.31783676147461,53.49134826660156,32.689178466796875
1771502459.1732223,-32.4230842590332,0.6279739737510681,3.2883059978485107,28.968852996826172,48.651123046875,51.67767333984375,31.251327514648438
1771502459.2032228,-32.63462829589844,0.692337691783905,3.0856008529663086,28.36471939086914,47.913204193115234,50.29100036621094,30.042139053344727
1771502459.23476,-32.6744384765625,0.5690951347351074,2.987513780593872,27.832416534423828,47.324954986572266,49.13410568237305,29.114404678344727
1771502459.2798254,-32.55159378051758,0.6832031011581421,2.8055171966552734,26.56727409362793,46.35518264770508,48.188323974609375,27.663589477539062
1771502459.313824,-32.3380126953125,0.6033241152763367,2.491180181503296,26.14278793334961,45.83665466308594,47.78453063964844,27.159137725830078
1771502459.3444016,-31.923376083374023,0.564264714717865,2.275458812713623,25.539043426513672,45.23417663574219,47.46807861328125,27.10810089111328
1771502459.3758056,-31.343494415283203,0.5174602270126343,2.1541948318481445,24.893911361694336,44.25068664550781,46.928367614746094,26.411914825439453
1771502459.4084177,-30.76009750366211,0.6174538135528564,2.103806972503662,24.33277130126953,43.00543212890625,46.17394256591797,25.37531852722168
1771502459.4419475,-30.763946533203125,0.6432226300239563,2.23042631149292,23.111236572265625,40.92900466918945,44.499000549316406,23.46153450012207
1771502459.471973,-30.89595603942871,0.6929155588150024,2.4395456314086914,21.2546443939209,38.850032806396484,42.81316375732422,21.233003616333008
1771502459.5060127,-30.944190979003906,0.7182255983352661,2.637063980102539,19.562942504882812,37.42076873779297,41.63338088989258,19.46561050415039
1771502459.535055,-31.011417388916016,0.7951978445053101,3.067056655883789,18.146697998046875,35.09983825683594,39.715721130371094,16.98638916015625
1771502459.5670657,-30.97779083251953,1.1742489337921143,3.7937073707580566,16.681344985961914,33.19465255737305,38.03453063964844,14.970863342285156
1771502459.6000707,-30.930246353149414,1.783034086227417,4.585479736328125,15.483856201171875,31.39556884765625,36.152191162109375,12.995519638061523
1771502459.6335962,-30.872486114501953,2.2441554069519043,5.285081386566162,15.016375541687012,30.413124084472656,35.03629684448242,12.331120491027832
1771502459.6656353,-30.748199462890625,2.5798773765563965,5.818864822387695,14.871627807617188,29.69276237487793,33.78141403198242,11.758085250854492
1771502459.7116454,-30.778392791748047,2.8515353202819824,6.114457607269287,14.780756950378418,28.596603393554688,31.96247100830078,10.573029518127441
1771502459.7471611,-30.885169982910156,2.8741464614868164,6.328823089599609,14.73828411102295,27.977474212646484,30.447406768798828,9.242349624633789
1771502459.779215,-31.02517318725586,3.0216801166534424,6.539309978485107,14.826154708862305,27.808866500854492,29.47802734375,8.191404342651367
1771502459.8112159,-31.257015228271484,3.1579251289367676,6.720773696899414,14.878019332885742,27.178752899169922,28.170093536376953,7.212065696716309
1771502459.8417797,-31.271217346191406,3.4388914108276367,7.051269054412842,15.041521072387695,26.805164337158203,27.268131256103516,6.909477233886719
1771502459.8767781,-31.17498207092285,3.597409963607788,7.28867244720459,14.911458969116211,26.346637725830078,26.777137756347656,6.871033668518066
1771502459.9041665,-30.937156677246094,3.701202869415283,7.2816877365112305,14.555672645568848,25.25052833557129,25.770675659179688,6.631060600280762
1771502459.9366202,-29.800132751464844,4.132158279418945,7.4036359786987305,14.52656364440918,24.372215270996094,25.800945281982422,7.239940643310547
1771502459.9676232,-28.607601165771484,4.425368309020996,7.453032493591309,14.488251686096191,23.6362361907959,26.054370880126953,7.7781758308410645
1771502460.0006223,-27.132474899291992,4.570775032043457,7.573726654052734,14.69635009765625,23.712879180908203,26.642099380493164,8.305813789367676
1771502460.032383,-25.811887741088867,4.66366720199585,7.6337199211120605,14.869661331176758,23.680286407470703,27.008987426757812,9.089310646057129
1771502460.0657773,-24.61952781677246,4.587447643280029,7.613375186920166,14.928702354431152,23.91876983642578,27.456159591674805,10.22226333618164
1771502460.0977783,-24.033676147460938,4.522011756896973,7.570253372192383,14.856815338134766,23.959335327148438,27.73076629638672,10.957735061645508
1771502460.1773162,-23.081104278564453,4.561363220214844,7.2336320877075195,14.790440559387207,24.27927017211914,28.217506408691406,12.31365966796875
1771502460.203316,-22.792211532592773,4.680109024047852,7.149214267730713,14.807836532592773,24.421279907226562,28.192461013793945,12.324846267700195
1771502460.2358668,-22.619199752807617,4.860448837280273,7.04108190536499,14.720746040344238,24.521583557128906,28.224138259887695,12.317695617675781
1771502460.266868,-22.85013771057129,4.965442657470703,7.136106491088867,14.405491828918457,24.300127029418945,27.78225326538086,12.100435256958008
1771502460.298875,-22.74789047241211,4.94419527053833,7.079532146453857,14.48764705657959,24.35777473449707,27.542438507080078,11.760945320129395
1771502460.3288789,-22.158262252807617,4.784543991088867,6.838818550109863,14.704207420349121,24.493484497070312,27.451539993286133,11.521049499511719
1771502460.3613997,-21.415889739990234,4.511358261108398,6.308838844299316,15.267949104309082,25.01348304748535,27.522993087768555,11.209737777709961
1771502460.393399,-19.910537719726562,4.316446781158447,5.221318244934082,16.446876525878906,26.205001831054688,27.69412612915039,10.622762680053711
1771502460.4254024,-17.974809646606445,4.417137145996094,4.006106853485107,18.327404022216797,28.133832931518555,28.07194709777832,10.126562118530273
1771502460.4552305,-15.781965255737305,4.665787220001221,2.824345588684082,20.47361946105957,30.528953552246094,28.48894500732422,9.627625465393066
1771502460.4871824,-13.057716369628906,5.1531195640563965,1.908837080001831,22.52269172668457,32.62862777709961,28.949804306030273,9.312314987182617
1771502460.5179358,-11.907754898071289,5.511456489562988,1.3109241724014282,23.12700653076172,33.148048400878906,28.717449188232422,8.58285140991211
1771502460.579758,-9.700243949890137,6.175372123718262,0.7215515971183777,24.239665985107422,34.08265686035156,28.65097427368164,7.950998306274414
1771502460.611347,-9.0006685256958,6.634853839874268,0.5154513120651245,24.430919647216797,34.27690124511719,28.479305267333984,7.488937854766846
1771502460.645459,-8.230982780456543,6.859621524810791,0.3772013485431671,24.430545806884766,34.668426513671875,28.418075561523438,7.45682430267334
1771502460.6774604,-7.711804389953613,7.22947359085083,0.280187726020813,23.951765060424805,34.49293899536133,28.138397216796875,7.185725212097168
1771502460.707608,-7.187532424926758,7.996540069580078,0.21109721064567566,23.393857955932617,33.857666015625,27.194154739379883,6.696112632751465
1771502460.7402244,-6.899566650390625,8.55185317993164,0.15999580919742584,22.89425277709961,33.32194137573242,26.091083526611328,6.0501708984375
1771502460.771203,-6.517827033996582,9.25949478149414,0.12364427745342255,22.402517318725586,32.70187759399414,24.760967254638672,5.299274444580078
1771502460.8022246,-6.714931488037109,9.597284317016602,0.09657005965709686,21.277034759521484,31.322040557861328,23.085182189941406,4.49954891204834
1771502460.8332245,-6.748575687408447,9.992874145507812,0.07613623142242432,19.994226455688477,29.78629493713379,21.582199096679688,3.722454309463501
1771502460.8637335,-6.971440315246582,10.249813079833984,0.060142774134874344,18.484092712402344,28.334671020507812,20.26991844177246,2.79023814201355
1771502460.8947325,-7.070243835449219,10.418682098388672,0.04816805571317673,17.47149658203125,27.513824462890625,19.528026580810547,2.191937208175659
1771502460.9267595,-7.253847122192383,10.608402252197266,0.03881969302892685,16.484647750854492,26.494352340698242,18.64328384399414,1.568541169166565
1771502460.9638333,-7.348819732666016,10.79649829864502,0.031455736607313156,15.97494888305664,26.077665328979492,18.23434066772461,1.0885246992111206
1771502461.0107768,-7.751720428466797,10.768806457519531,0.023435227572917938,15.050145149230957,25.226152420043945,17.335304260253906,0.6741482615470886
1771502461.0418396,-7.8791913986206055,10.796446800231934,0.019081583246588707,14.650869369506836,24.928424835205078,17.151540756225586,0.48281773924827576
1771502461.0686476,-7.942286491394043,11.0090970993042,0.015677383169531822,14.492609977722168,24.66342544555664,16.814306259155273,0.3542431592941284
1771502461.099652,-7.942933082580566,11.151679992675781,0.012915777042508125,14.253747940063477,24.367496490478516,16.500905990600586,0.2638101577758789
1771502461.1296506,-8.311843872070312,10.98607349395752,0.010665579698979855,13.700803756713867,23.720176696777344,15.921648979187012,0.19924189150333405
1771502461.1611807,-8.79964828491211,10.9382905960083,0.008776750415563583,13.075252532958984,23.150859832763672,15.171371459960938,0.15135669708251953
1771502461.1931875,-9.034923553466797,11.03078842163086,0.00727498484775424,12.68275260925293,22.654644012451172,14.527483940124512,0.11720575392246246
1771502461.2221832,-9.310303688049316,11.071672439575195,0.006038942839950323,12.332242012023926,22.183738708496094,14.003292083740234,0.09170818328857422
1771502461.2537124,-9.193851470947266,11.325660705566406,0.005019116681069136,12.29194164276123,22.066741943359375,13.842297554016113,0.07242009788751602
1771502461.2847126,-9.154886245727539,11.510995864868164,0.004153538960963488,12.269613265991211,21.81859588623047,13.52440071105957,0.05729049816727638
1771502461.3147187,-8.97957992553711,11.74526309967041,0.003458948340266943,12.30968189239502,21.697185516357422,13.365978240966797,0.04594069719314575
1771502461.360287,-9.028136253356934,11.913593292236328,0.002655687974765897,12.267358779907227,21.237003326416016,13.179276466369629,0.03383435681462288
1771502461.4112883,-8.763535499572754,12.334945678710938,0.002041404601186514,12.470248222351074,21.101112365722656,13.09144401550293,0.025164414197206497
1771502461.4413335,-8.929028511047363,12.286459922790527,0.001704133814200759,12.433966636657715,20.770017623901367,12.884093284606934,0.020584939047694206
1771502461.470481,-9.029430389404297,12.286460876464844,0.0014231508830562234,12.401973724365234,20.611238479614258,12.80856704711914,0.01689540594816208
1771502461.5021808,-9.206811904907227,12.184353828430176,0.0011888985754922032,12.364663124084473,20.470407485961914,12.868524551391602,0.013907121494412422
1771502461.535196,-9.359363555908203,12.103492736816406,0.0009882580488920212,12.408090591430664,20.39973258972168,12.960516929626465,0.011412134394049644
1771502461.5654883,-9.500312805175781,11.979385375976562,0.0008260332397185266,12.422242164611816,20.29811668395996,13.15053939819336,0.009437337517738342
1771502461.5964956,-9.472862243652344,11.871683120727539,0.0006905798800289631,12.54931640625,20.33982276916504,13.418817520141602,0.007818273268640041
1771502461.6284978,-9.612285614013672,11.610251426696777,0.0005774388555437326,12.5541353225708,20.333759307861328,13.68208122253418,0.006486897356808186
1771502461.658025,-9.5878324508667,11.383110046386719,0.00048037097440101206,12.604220390319824,20.523319244384766,14.075277328491211,0.005360230337828398
1771502461.6920722,-9.51388168334961,11.183953285217285,0.0004017807368654758,12.632343292236328,20.679113388061523,14.389952659606934,0.004458351526409388
1771502461.7251072,-9.425222396850586,10.96197509765625,0.0003360836417414248,12.715250015258789,20.87230110168457,14.7489652633667,0.003711715107783675
1771502461.7596395,-9.736990928649902,10.379465103149414,0.0002811542071867734,12.515674591064453,20.79132652282715,14.832383155822754,0.0030925986357033253
1771502461.7916331,-9.949776649475098,9.928444862365723,0.00023398766643367708,12.362771987915039,20.842172622680664,14.985797882080078,0.0025648113805800676
1771502461.844007,-10.18133544921875,9.283971786499023,0.0001683020673226565,11.979334831237793,20.73539924621582,15.063079833984375,0.0018369591562077403
1771502461.873871,-9.972070693969727,9.235967636108398,0.00014082838606555015,12.134603500366211,21.042186737060547,15.587495803833008,0.0015338575467467308
1771502461.897526,-9.932373046875,9.218483924865723,0.00012794708891306072,12.166234970092773,21.099462509155273,15.647109985351562,0.001392042962834239
1771502461.943821,-9.68281078338623,9.169893264770508,9.875173418549821e-05,12.191916465759277,21.388320922851562,16.060943603515625,0.0010721235303208232
1771502461.9748223,-9.638436317443848,9.093029975891113,8.263983181677759e-05,12.127391815185547,21.432348251342773,16.171709060668945,0.0008960455888882279
1771502462.0058198,-9.62974739074707,9.110602378845215,6.915834092069417e-05,12.05361557006836,21.432064056396484,16.160900115966797,0.0007490501739084721
1771502462.0366597,-9.57948112487793,9.0349702835083,5.7574419770389795e-05,12.119823455810547,21.583040237426758,16.368427276611328,0.0006229958962649107
1771502462.0676613,-9.572789192199707,9.025199890136719,4.8183817852986977e-05,12.15019702911377,21.662830352783203,16.430294036865234,0.0005209761438891292
1771502462.100662,-9.5894136428833,9.104304313659668,4.032544529763982e-05,12.09957218170166,21.605606079101562,16.391189575195312,0.00043572101276367903
1771502462.1316624,-9.900074005126953,9.04670238494873,3.374911830178462e-05,11.785215377807617,21.35848045349121,16.103893280029297,0.00036445874138735235
1771502462.1626868,-9.991194725036621,9.021322250366211,2.8097765607526526e-05,11.66218090057373,21.270376205444336,16.04541778564453,0.0003032823442481458
1771502462.1936872,-10.048541069030762,8.952186584472656,2.3516004148405045e-05,11.618485450744629,21.27364158630371,16.061931610107422,0.00025372608797624707
1771502462.2246895,-10.180900573730469,8.934159278869629,1.968151264009066e-05,11.46579360961914,21.22047233581543,16.00514793395996,0.0002122818841598928
1771502462.2730849,-10.231857299804688,9.059383392333984,1.5193774743238464e-05,11.502542495727539,21.216556549072266,15.877532005310059,0.00016381718160118908
1771502462.3050778,-10.20168685913086,9.1224946975708,1.271647124667652e-05,11.552600860595703,21.278059005737305,15.910244941711426,0.00013707653852179646
1771502462.3330903,-10.219308853149414,9.106060981750488,1.064312982634874e-05,11.569549560546875,21.328311920166016,15.98997688293457,0.00011470530444057658
1771502462.3651717,-10.211230278015137,9.090518951416016,8.861260539561044e-06,11.469461441040039,21.292753219604492,16.037010192871094,9.54857241595164e-05
1771502462.39617,-10.00753402709961,9.236449241638184,7.416535027005011e-06,11.580732345581055,21.367597579956055,16.110986709594727,7.99070912762545e-05
1771502462.4261832,-9.968039512634277,9.263130187988281,6.207370915944921e-06,11.628129959106445,21.3946533203125,16.185043334960938,6.687168934149668e-05
1771502462.458692,-9.970952987670898,9.220795631408691,5.195355242904043e-06,11.650127410888672,21.39591407775879,16.200912475585938,5.596387927653268e-05
1771502462.4896977,-9.879457473754883,9.214360237121582,4.325592271925416e-06,11.635367393493652,21.44280433654785,16.266942977905273,4.659097612602636e-05
1771502462.5207207,-9.84256362915039,9.223596572875977,3.620383722591214e-06,11.602640151977539,21.443561553955078,16.30572509765625,3.89924825867638e-05
1771502462.5605943,-9.696537017822266,9.224006652832031,2.7949699870077893e-06,11.68100643157959,21.558290481567383,16.3055362701416,3.0100298317847773e-05
1771502462.5916002,-9.660772323608398,9.2640380859375,2.3393076844513416e-06,11.673648834228516,21.5828857421875,16.36483383178711,2.51919191214256e-05
1771502462.624614,-9.603724479675293,9.29025936126709,1.9579333638830576e-06,11.572187423706055,21.573902130126953,16.501070022583008,2.1084102627355605e-05
1771502462.6561396,-9.419174194335938,9.310184478759766,1.63016215992684e-06,11.54641056060791,21.639616012573242,16.694873809814453,1.7553900761413388e-05
1771502462.7062092,-9.24642276763916,9.394119262695312,1.2646407867578091e-06,11.513895988464355,21.645980834960938,16.648841857910156,1.3617421245726291e-05
1771502462.737683,-9.223091125488281,9.42977237701416,1.0529328164921026e-06,11.47386646270752,21.713573455810547,16.66260528564453,1.1337539945088793e-05
1771502462.768195,-9.183326721191406,9.440200805664062,8.812766623123025e-07,11.474824905395508,21.757465362548828,16.816368103027344,9.489047442912124e-06
1771502462.7990036,-9.010696411132812,9.651739120483398,7.376052622021234e-07,11.664705276489258,21.8620548248291,16.945175170898438,7.941960575408302e-06
1771502462.8311868,-9.104278564453125,9.708221435546875,6.173562496769591e-07,11.631635665893555,21.800596237182617,16.90326499938965,6.647127520409413e-06
1771502462.8623884,-8.659591674804688,10.115317344665527,5.14008036134328e-07,11.830023765563965,21.977506637573242,17.019227981567383,5.5343066378554795e-06
1771502462.8964,-8.261567115783691,10.451915740966797,4.302114291476755e-07,12.000195503234863,22.09781265258789,17.046749114990234,4.63202923128847e-06
1771502462.9243946,-7.927568435668945,10.72373104095459,3.6007591575071274e-07,12.146646499633789,22.139925003051758,17.09385108947754,3.876859409501776e-06
1771502462.9597342,-7.715747356414795,11.027721405029297,3.0137434237076377e-07,12.19310188293457,22.14153480529785,17.04025650024414,3.2448110687255394e-06
1771502462.9917378,-7.5924882888793945,11.287535667419434,2.509230512259819e-07,12.198404312133789,22.164464950561523,16.92559051513672,2.701601488297456e-06
1771502463.0238178,-7.45806884765625,11.5094575881958,2.100162248552806e-07,12.257946014404297,22.17418098449707,16.8585205078125,2.2611611711909063e-06
1771502463.0583305,-7.551383972167969,11.591193199157715,1.7577826838532928e-07,12.19992733001709,22.063182830810547,16.739084243774414,1.892527279778733e-06
1771502463.0873306,-7.634798049926758,11.643302917480469,1.4712196616528672e-07,12.096257209777832,22.031320571899414,16.571685791015625,1.5839923435123637e-06
1771502463.139855,-7.608641624450684,11.913339614868164,1.0540019701466008e-07,12.049474716186523,21.889057159423828,16.292970657348633,1.1347892723279074e-06
1771502463.172843,-7.395931243896484,12.148053169250488,8.821731256603016e-08,12.175960540771484,21.97467613220215,16.372711181640625,9.497882160758309e-07
1771502463.204844,-7.288267135620117,12.316492080688477,7.383567179886086e-08,12.147392272949219,21.926021575927734,16.30118179321289,7.94947482063435e-07
1771502463.2348826,-7.400383949279785,12.275446891784668,6.147531905753567e-08,12.070805549621582,21.773324966430664,16.150043487548828,6.618694214921561e-07
1771502463.2713046,-7.364584445953369,12.286650657653809,5.1453298510750756e-08,12.078075408935547,21.846996307373047,16.280221939086914,5.539674248211668e-07
1771502463.3127074,-7.613644599914551,12.184627532958984,3.972277085040332e-08,11.876527786254883,21.566158294677734,16.10247039794922,4.2767115360220487e-07
1771502463.3452234,-7.3670244216918945,12.40050983428955,3.324696606910038e-08,12.02267837524414,21.69422721862793,16.258533477783203,3.579497729333525e-07
1771502463.3762217,-7.430515766143799,12.298248291015625,2.782687857916244e-08,11.973939895629883,21.624073028564453,16.22743797302246,2.995948022999073e-07
1771502463.4072282,-7.325026512145996,12.388703346252441,2.3168560403519223e-08,12.075211524963379,21.7292537689209,16.364948272705078,2.4944142751337495e-07
1771502463.4362347,-7.318717956542969,12.471900939941406,1.9391505290400346e-08,12.018122673034668,21.664321899414062,16.288497924804688,2.0877614304026793e-07
1771502463.4683936,-7.172956466674805,12.581597328186035,1.6230206512091172e-08,12.098084449768066,21.750438690185547,16.381404876708984,1.7474035018949508e-07
1771502463.5003953,-7.134829998016357,12.735910415649414,1.3584277702705094e-08,12.08511734008789,21.727602005004883,16.279918670654297,1.4625325661654642e-07
1771502463.5323935,-7.109989166259766,12.894046783447266,1.1310222092220101e-08,12.129605293273926,21.68265724182129,16.22530746459961,1.2176991504020407e-07
1771502463.5709279,-7.03529167175293,13.047511100769043,9.466373462885258e-09,12.172245025634766,21.67841911315918,16.152565002441406,1.0191835286832429e-07
1771502463.6009328,-6.86675500869751,13.290468215942383,7.923118161556886e-09,12.20789909362793,21.6668701171875,16.097043991088867,8.530309969501104e-08
1771502463.6249475,-6.684478759765625,13.578827857971191,6.6314522761956596e-09,12.247814178466797,21.662866592407227,15.976237297058105,7.139654911725302e-08
1771502463.6574678,-6.512613296508789,13.80447769165039,5.521323842572201e-09,12.262627601623535,21.720815658569336,15.954082489013672,5.944450975903237e-08
1771502463.6884935,-6.274053573608398,13.969805717468262,4.6212100812681456e-09,12.2983980178833,21.894424438476562,16.04892921447754,4.9753563047261196e-08
1771502463.7201025,-5.7563157081604,14.41189956665039,3.867837605753266e-09,12.590704917907715,22.138736724853516,16.102041244506836,4.164248679217053e-08
1771502463.762736,-5.434535026550293,14.700542449951172,2.9860331984821187e-09,12.716241836547852,22.31011390686035,16.132875442504883,3.214866950429496e-08
1771502463.7927682,-5.367036819458008,14.764713287353516,2.7132660562756428e-09,12.770920753479004,22.4137020111084,16.250030517578125,2.9211960850261676e-08
1771502463.8237407,-5.546466827392578,14.563161849975586,2.2709358837857962e-09,12.695877075195312,22.391708374023438,16.38959503173828,2.444967961423572e-08
1771502463.8555727,-5.530566215515137,14.549111366271973,1.7531992524411066e-09,12.808772087097168,22.475582122802734,16.63835906982422,1.887554468282815e-08
1771502463.8886633,-5.607409954071045,14.524728775024414,1.4673839920931186e-09,12.830673217773438,22.38064956665039,16.744020462036133,1.5798359953578256e-08
1771502463.9197545,-5.747223854064941,14.435296058654785,1.2281637928879263e-09,12.888047218322754,22.286474227905273,16.961515426635742,1.3222832606629709e-08
1771502463.9514475,-5.933907508850098,14.339946746826172,1.0279423978687419e-09,12.82948112487793,22.116348266601562,17.0624942779541,1.1067180949453359e-08
1771502464.0034487,-6.243650913238525,13.9917631149292,7.935881396470279e-10,12.737783432006836,22.05122947692871,17.452438354492188,8.544042806590824e-09
1771502464.0351663,-6.3776702880859375,13.875326156616211,6.607387414980792e-10,12.786900520324707,21.987558364868164,17.81851577758789,7.113739819430975e-09
1771502464.0638113,-6.529211521148682,13.743818283081055,5.530218505356288e-10,12.836024284362793,21.931554794311523,18.072423934936523,5.9540226082788195e-09
1771502464.0959098,-6.707533836364746,13.683478355407715,4.6286549593155257e-10,12.826787948608398,21.832841873168945,18.28925323486328,4.9833683846145505e-09
1771502464.126915,-7.096686363220215,13.492977142333984,0.21050554513931274,12.78102970123291,21.84351348876953,18.69744873046875,4.170955136828525e-09
1771502464.1624403,-8.582731246948242,11.942103385925293,0.5637328028678894,12.19176959991455,22.27216339111328,20.69619369506836,0.6086466312408447
1771502464.193441,-10.415641784667969,10.342462539672852,0.8397303819656372,11.93571949005127,23.871191024780273,23.97201919555664,1.754294753074646
1771502464.2264464,-12.074409484863281,9.306059837341309,1.2244852781295776,12.166474342346191,25.531612396240234,27.7335205078125,4.594489574432373
1771502464.2569082,-13.350736618041992,8.181025505065918,1.531890630722046,12.423755645751953,27.17621612548828,30.74728012084961,8.879354476928711
1771502464.289095,-13.867300033569336,7.366393089294434,1.9883615970611572,12.606705665588379,27.930593490600586,32.311363220214844,12.869451522827148
1771502464.3200948,-13.768546104431152,6.921649932861328,2.4855833053588867,13.139039993286133,29.90447235107422,36.26268005371094,16.429805755615234
1771502464.3523567,-17.918779373168945,4.853316307067871,2.6179628372192383,13.044953346252441,33.13008117675781,38.226722717285156,15.87760066986084
1771502464.3835564,-21.459877014160156,4.232743263244629,2.6128897666931152,14.624781608581543,36.899330139160156,39.698158264160156,15.96168041229248
1771502464.4345078,-24.84374237060547,3.727065086364746,2.8701696395874023,16.425281524658203,42.692386627197266,43.772056579589844,19.7960205078125
1771502464.4650617,-27.066608428955078,3.105574369430542,2.8715555667877197,20.389667510986328,46.761199951171875,48.45155334472656,24.04135513305664
1771502464.4860618,-28.285884857177734,2.764033317565918,2.911208152770996,22.502525329589844,48.0520133972168,49.80988311767578,25.53221893310547
1771502464.5170624,-29.218074798583984,2.04581356048584,2.9508237838745117,32.113765716552734,52.82979202270508,54.73432159423828,30.500192642211914
1771502464.5597725,-27.27086639404297,3.1495118141174316,3.0075998306274414,51.06773376464844,63.662925720214844,66.35183715820312,42.07285690307617
1771502464.5927882,-26.262847900390625,3.7251577377319336,2.8334226608276367,58.577728271484375,67.82553100585938,71.03553771972656,46.61412048339844
1771502464.626882,-24.466262817382812,4.118170261383057,2.846285104751587,64.4192886352539,73.39250183105469,77.8639907836914,53.51482009887695
1771502464.6742969,-20.45588493347168,4.220476150512695,2.8338770866394043,68.19302368164062,78.64736938476562,83.41461181640625,60.306556701660156
1771502464.7062993,-16.833446502685547,4.437562942504883,3.2055141925811768,69.3553695678711,81.202880859375,85.5280532836914,63.35733413696289
1771502464.7373004,-12.878954887390137,4.326017379760742,3.6708545684814453,71.20849609375,83.00178527832031,86.57441711425781,66.01329040527344
1771502464.7673187,-11.481019973754883,3.9711544513702393,4.407869338989258,71.89469146728516,83.29367065429688,87.72960662841797,68.0753173828125
1771502464.7993193,-10.572525024414062,3.781790256500244,4.562960147857666,71.5820083618164,82.57003021240234,86.40980529785156,71.2225341796875
1771502464.831342,-11.678426742553711,3.119959831237793,4.316701889038086,72.00941467285156,82.5035171508789,86.07931518554688,71.33058166503906
1771502464.8668418,-12.612886428833008,2.5664472579956055,4.03807258605957,71.92557525634766,82.4041748046875,86.27745819091797,71.4287109375
1771502464.8968415,-13.546333312988281,1.5618705749511719,3.6966497898101807,73.02815246582031,82.65839385986328,86.36910247802734,71.78274536132812
1771502464.9237595,-14.359949111938477,1.2908893823623657,3.174933671951294,72.79051971435547,82.19642639160156,86.32600402832031,72.00147247314453
1771502464.961968,-14.991543769836426,0.7885620594024658,2.9027669429779053,72.80776977539062,82.16384887695312,86.30805969238281,72.58937072753906
1771502464.9920814,-15.920873641967773,0.16456815600395203,2.5851311683654785,73.411376953125,82.42634582519531,86.12554931640625,73.11720275878906
1771502465.0235934,-16.73760414123535,-0.19974130392074585,2.359949827194214,73.48341369628906,82.46414947509766,86.12429809570312,73.19727325439453
1771502465.0566819,-17.078067779541016,-0.5289386510848999,2.2733395099639893,74.00141143798828,82.70793914794922,85.98776245117188,73.35987091064453
1771502465.0882149,-17.372190475463867,-0.772162914276123,2.075972318649292,74.37366485595703,82.90422058105469,85.91006469726562,73.53173065185547
1771502465.120213,-17.217662811279297,-0.9457507133483887,2.1252784729003906,74.85585021972656,83.17886352539062,85.58529663085938,74.10774230957031
1771502465.151746,-17.309059143066406,-1.068166971206665,2.1756815910339355,74.80335235595703,83.21070098876953,85.46109008789062,74.42977905273438
1771502465.1847427,-16.82033920288086,-1.0095199346542358,2.451629161834717,75.04649353027344,83.20264434814453,85.05300903320312,74.7979736328125
1771502465.2157884,-16.53452491760254,-0.9374844431877136,2.678673267364502,75.20358276367188,83.20722961425781,84.69769287109375,74.98338317871094
1771502465.2502923,-16.370262145996094,-0.8453289270401001,2.7326786518096924,75.17739868164062,83.1236801147461,84.50465393066406,74.90234375
1771502465.2983077,-16.09847640991211,-0.382266104221344,2.657376289367676,75.0060043334961,82.94284057617188,84.60818481445312,74.57867431640625
1771502465.3313293,-16.036399841308594,0.4824537932872772,2.5860018730163574,74.28507995605469,82.71443939208984,85.56143188476562,72.8980484008789
1771502465.3599148,-15.614717483520508,1.0930243730545044,2.8359014987945557,72.84679412841797,82.09754180908203,85.51441955566406,70.43766784667969
1771502465.393029,-17.163372039794922,0.7645296454429626,2.436516284942627,68.920166015625,79.9841079711914,83.28024291992188,64.64212036132812
1771502465.4250684,-22.531875610351562,0.3457942605018616,1.9244576692581177,61.43472671508789,71.34344482421875,71.61524963378906,46.730430603027344
1771502465.456042,-26.14264488220215,0.3156440854072571,1.6248804330825806,50.685813903808594,59.901039123535156,56.11909866333008,29.852304458618164
1771502465.4910743,-27.603992462158203,-0.27262261509895325,1.239902377128601,38.19939422607422,50.247215270996094,46.08771896362305,21.77338409423828
1771502465.520077,-25.530508041381836,0.893970251083374,1.8995722532272339,27.37800407409668,38.12126159667969,34.66936492919922,15.391168594360352
1771502465.552599,-23.785926818847656,1.8554060459136963,2.780578136444092,24.762266159057617,34.29933166503906,32.77121353149414,12.427751541137695
1771502465.583431,-20.718477249145508,2.8610644340515137,2.8906710147857666,25.203083038330078,33.811805725097656,31.22785186767578,9.818161010742188
1771502465.6164362,-16.151527404785156,4.318624496459961,2.4899210929870605,24.60637664794922,33.662879943847656,29.96082305908203,8.262418746948242
1771502465.6479368,-12.013851165771484,6.513690948486328,2.0217628479003906,23.943239212036133,33.167293548583984,27.32499122619629,6.190581321716309
1771502465.679939,-8.511117935180664,9.19091510772705,1.5957317352294922,23.0640869140625,32.31127166748047,25.169483184814453,4.584252834320068
1771502465.7319498,-4.704225063323975,13.143044471740723,1.0243299007415771,21.921531677246094,30.823169708251953,22.800586700439453,2.9813101291656494
1771502465.7631798,-4.197323799133301,14.360227584838867,0.7987115979194641,20.225250244140625,29.274791717529297,21.160869598388672,1.6477769613265991
1771502465.7962804,-4.015571117401123,14.771636962890625,0.62178635597229,19.299497604370117,28.505952835083008,21.04684829711914,1.3578276634216309
1771502465.8275347,-3.913196325302124,15.159967422485352,0.4847678542137146,18.758403778076172,27.941482543945312,20.75510025024414,0.8155490159988403
1771502465.858723,-3.217973232269287,15.443696975708008,0.37672966718673706,18.654949188232422,27.946929931640625,21.178218841552734,0.502715528011322
1771502465.8906837,-2.4912471771240234,15.389533996582031,0.2961716651916504,18.71497344970703,28.21495819091797,21.780168533325195,0.7626556158065796
1771502465.9237123,-2.309457540512085,15.214876174926758,0.23403963446617126,18.789880752563477,28.218286514282227,21.950088500976562,0.8148430585861206
1771502465.9533238,-2.2845492362976074,14.901907920837402,0.18593084812164307,18.559234619140625,28.118953704833984,22.00364875793457,0.8086805939674377
1771502465.9851377,-2.5075554847717285,14.580642700195312,0.14757002890110016,18.22580337524414,27.833984375,21.753490447998047,0.7592496871948242
1771502466.0333405,-3.072202205657959,14.176302909851074,0.10800621658563614,17.766109466552734,27.07937240600586,21.206787109375,0.492568701505661
1771502466.064315,-3.10501766204834,14.080907821655273,0.08737044036388397,17.80951690673828,27.0391845703125,21.17740249633789,0.3673889935016632
1771502466.0964012,-3.2473509311676025,13.938517570495605,0.07096212357282639,17.653799057006836,26.92877769470215,21.079559326171875,0.33857449889183044
1771502466.1259146,-3.410090684890747,13.73369312286377,0.057846177369356155,17.497140884399414,26.71140480041504,20.997825622558594,0.25924593210220337
1771502466.1624606,-3.5892066955566406,13.542333602905273,0.047039102762937546,17.0226993560791,26.390159606933594,20.80459213256836,0.1990978866815567
1771502466.1924536,-3.6072065830230713,13.506928443908691,0.038588255643844604,16.80340003967285,26.317745208740234,20.681621551513672,0.15545007586479187
1771502466.2264655,-3.4708855152130127,13.484682083129883,0.031737878918647766,16.748153686523438,26.392629623413086,20.681556701660156,0.18860840797424316
1771502466.2574801,-3.525075674057007,13.320235252380371,0.02616351842880249,16.55996322631836,26.317028045654297,20.668596267700195,0.1982569396495819
1771502466.2874782,-3.522493600845337,13.242655754089355,0.021492665633559227,16.401357650756836,26.30360984802246,20.705598831176758,0.3277812898159027
1771502466.3193634,-3.4961819648742676,13.315321922302246,0.017785994336009026,16.463876724243164,26.27242088317871,20.619298934936523,0.2666412889957428
1771502466.3534935,-3.236541748046875,13.471639633178711,0.014741236343979836,16.635427474975586,26.38661766052246,20.75820541381836,0.3481408953666687
1771502466.3834815,-3.1404075622558594,13.64549446105957,0.0122340964153409,16.57069969177246,26.16681480407715,20.530790328979492,0.3421285152435303
1771502466.4154487,-3.237128973007202,13.78972053527832,0.010110453702509403,16.50800323486328,25.917299270629883,19.965450286865234,0.2797820568084717
1771502466.4479883,-3.1810388565063477,14.050338745117188,0.008409477770328522,16.19276237487793,25.76706314086914,19.44206428527832,0.30721044540405273
1771502466.4799855,-3.633955955505371,13.905838012695312,0.007000780198723078,15.545074462890625,25.446369171142578,19.280654907226562,0.2935378849506378
1771502466.5130708,-5.308209419250488,12.909467697143555,0.005372611805796623,14.371866226196289,25.506752014160156,20.246734619140625,1.0709855556488037
1771502466.543563,-7.243151664733887,11.497361183166504,0.4141204357147217,13.220685958862305,25.782756805419922,22.312286376953125,1.9929612874984741
1771502466.593576,-8.713842391967773,9.935919761657715,1.5820097923278809,13.674070358276367,27.41815185546875,28.60723304748535,6.920698165893555
1771502466.6286342,-9.96592903137207,8.886672973632812,2.241927146911621,14.080415725708008,28.80902862548828,32.13349914550781,12.200485229492188
1771502466.6590905,-11.270297050476074,9.072294235229492,3.0651512145996094,14.480179786682129,28.799110412597656,34.59357833862305,14.51689338684082
1771502466.6900938,-15.508031845092773,7.017701148986816,3.631229877471924,14.928251266479492,29.436988830566406,37.07978057861328,15.13692855834961
1771502466.7210915,-20.20200538635254,4.818933010101318,4.074740409851074,17.082387924194336,33.964622497558594,40.3299560546875,16.870494842529297
1771502466.7526474,-22.120563507080078,4.120497703552246,4.322470664978027,18.171995162963867,37.999874114990234,43.90707015991211,20.409523010253906
1771502466.7836459,-23.73959732055664,2.6590023040771484,4.070598125457764,20.909221649169922,42.855064392089844,47.93178176879883,25.365774154663086
1771502466.8166487,-25.508466720581055,0.8827202320098877,3.406916618347168,25.044227600097656,48.01844787597656,52.687801361083984,29.61041259765625
1771502466.8482327,-26.261497497558594,-0.10919994115829468,2.86922025680542,28.70232582092285,52.879398345947266,56.235591888427734,33.8006477355957
1771502466.8792021,-26.841066360473633,-0.6914704442024231,2.5905065536499023,31.751243591308594,55.821083068847656,58.35063552856445,36.15252685546875
1771502466.913206,-26.9199161529541,-0.35985708236694336,2.603814125061035,37.12398147583008,59.36931228637695,61.55679702758789,39.02325439453125
1771502466.9447098,-26.045398712158203,0.9234802722930908,2.5793118476867676,48.10947799682617,66.76944732666016,67.63838958740234,44.35089874267578
1771502466.9927418,-24.169239044189453,2.0930256843566895,2.4801979064941406,57.323204040527344,73.44277954101562,74.39682006835938,51.72557830810547
1771502467.0317802,-22.644546508789062,3.234910488128662,2.05637526512146,65.17646026611328,77.56070709228516,79.40296173095703,56.30519485473633
1771502467.0556486,-21.427288055419922,3.6789917945861816,1.8004405498504639,69.14501190185547,79.36847686767578,82.6471176147461,60.145015716552734
1771502467.0893412,-15.65470027923584,4.46862268447876,1.724259614944458,72.148681640625,80.24220275878906,81.72322845458984,69.97465515136719
1771502467.121336,-12.375972747802734,4.895676612854004,1.8229615688323975,72.95050811767578,81.34130859375,81.9400634765625,72.79331970214844
1771502467.1514187,-12.357537269592285,4.788549900054932,1.5931580066680908,72.96548461914062,81.9234848022461,82.69551086425781,72.68714141845703
1771502467.1854742,-13.541362762451172,4.285713195800781,1.0960643291473389,73.26284790039062,82.66299438476562,84.71365356445312,71.26002502441406
1771502467.216758,-14.34272289276123,3.873004913330078,0.8671871423721313,73.9451675415039,83.2890625,85.42019653320312,70.63795471191406
1771502467.2489882,-15.083467483520508,3.642575740814209,0.665759265422821,74.06578063964844,83.55301666259766,86.16056823730469,69.59379577636719
1771502467.279983,-15.383527755737305,3.5039520263671875,0.5091090202331543,74.07585144042969,83.50918579101562,86.31210327148438,69.74687194824219
1771502467.3109818,-15.88873291015625,3.366971015930176,0.3941483497619629,74.0955810546875,83.3979263305664,86.54508972167969,69.41000366210938
1771502467.3441777,-16.25963592529297,3.2186553478240967,0.30698162317276,74.23290252685547,83.3849105834961,86.71519470214844,69.26045227050781
1771502467.3963494,-16.534053802490234,2.9968857765197754,0.21795323491096497,74.4339370727539,83.40618133544922,86.61101531982422,69.4642105102539
1771502467.427353,-16.804279327392578,2.819658041000366,0.17274346947669983,74.48831176757812,83.4181900024414,86.72516632080078,69.28453826904297
1771502467.4593663,-16.945402145385742,2.708296775817871,0.13771633803844452,74.5945816040039,83.54039764404297,86.76490783691406,69.03592681884766
1771502467.4903657,-17.009130477905273,2.7342729568481445,0.10972088575363159,74.75504302978516,83.56336212158203,86.66210174560547,69.0800552368164
1771502467.5217252,-17.10297966003418,2.5835232734680176,0.08842159062623978,74.73419189453125,83.59400177001953,86.6958236694336,69.0162582397461
1771502467.553257,-17.196657180786133,2.5079050064086914,0.07158607989549637,74.621826171875,83.53321075439453,86.84233093261719,68.86752319335938
1771502467.583263,-17.281829833984375,2.4281013011932373,0.058197278529405594,74.5702896118164,83.48162841796875,86.86703491210938,68.8996353149414
1771502467.6152585,-17.256799697875977,2.473280429840088,0.047214753925800323,74.48731994628906,83.40189361572266,87.00881958007812,68.8802261352539
1771502467.649797,-17.269412994384766,2.4893670082092285,0.038658659905195236,74.54277801513672,83.43041229248047,86.99424743652344,68.8692855834961
1771502467.6827927,-17.151756286621094,2.5246763229370117,0.03174496814608574,74.57940673828125,83.45226287841797,86.96461486816406,68.76709747314453
1771502467.7127998,-17.01536750793457,2.525104522705078,0.09445513784885406,74.5639877319336,83.58065795898438,86.892578125,68.71821594238281
1771502467.7443278,-17.330093383789062,2.4257445335388184,0.09255190193653107,72.83909606933594,82.86936950683594,85.99781799316406,66.7525634765625
1771502467.7761908,-17.02509117126465,3.1343119144439697,0.07680327445268631,72.60283660888672,82.6496810913086,86.12747192382812,65.85586547851562
1771502467.8120472,-20.905899047851562,1.9839726686477661,0.05864931270480156,63.31953048706055,71.62429809570312,71.08973693847656,46.480709075927734
1771502467.8555555,-24.201597213745117,1.5541226863861084,0.548798680305481,45.69581604003906,57.480621337890625,53.39778137207031,29.650035858154297
1771502467.891558,-24.211990356445312,1.3789846897125244,1.5141547918319702,23.87015724182129,37.49906539916992,36.17201232910156,18.99422836303711
1771502467.9205813,-22.449460983276367,2.421889305114746,3.224271774291992,23.464527130126953,33.27546310424805,31.621089935302734,15.766168594360352
1771502467.9521437,-17.94475555419922,4.346482276916504,2.792539596557617,22.647886276245117,31.86901092529297,29.700260162353516,12.524885177612305
1771502467.9841452,-11.589409828186035,8.018662452697754,2.2073814868927,23.884111404418945,32.31001281738281,28.327104568481445,9.70580768585205
1771502468.01614,-6.576719760894775,11.126955032348633,1.837227702140808,23.85653305053711,32.3596076965332,27.448780059814453,7.762182712554932
1771502468.0496686,-4.234736919403076,13.42814826965332,1.4975614547729492,22.204158782958984,31.17731285095215,25.649402618408203,5.419463634490967
1771502468.0830252,-2.6279988288879395,15.353658676147461,1.1958773136138916,21.62908172607422,30.553953170776367,24.667917251586914,3.9725587368011475
1771502468.115026,-2.0589938163757324,16.31818389892578,0.9374796152114868,20.802165985107422,29.70220947265625,23.893571853637695,2.628532648086548
1771502468.147546,-1.9590057134628296,16.383222579956055,0.7355979084968567,19.99936294555664,29.119613647460938,23.17323112487793,1.7912925481796265
1771502468.1785483,-2.3670730590820312,16.387611389160156,0.5762490630149841,19.455158233642578,28.14337921142578,21.757781982421875,1.0161302089691162
1771502468.210576,-2.879957914352417,15.870988845825195,0.4519580006599426,18.77593231201172,27.384037017822266,21.045394897460938,0.6008824110031128
1771502468.243096,-3.2486472129821777,15.540834426879883,0.35322433710098267,18.606056213378906,27.20181655883789,20.621322631835938,0.36633893847465515
1771502468.2866757,-3.9945123195648193,15.114847183227539,0.2533174455165863,18.111705780029297,26.291868209838867,19.55569839477539,0.20309463143348694
1771502468.3224454,-4.645733833312988,14.617449760437012,0.20190005004405975,17.56521224975586,25.418561935424805,18.504947662353516,0.1372593492269516
1771502468.3510935,-4.785279273986816,14.445074081420898,0.16164414584636688,17.622455596923828,25.438892364501953,18.686119079589844,0.09558358788490295
1771502468.3849525,-4.954998970031738,14.401105880737305,0.12999066710472107,17.395179748535156,25.30331039428711,18.593936920166016,0.06834015995264053
1771502468.4163222,-4.789467811584473,14.711149215698242,0.10435357689857483,17.515811920166016,25.429752349853516,18.802431106567383,0.049604061990976334
1771502468.4495237,-5.032255172729492,14.48603630065918,0.07777604460716248,17.088871002197266,25.209308624267578,18.551746368408203,0.03334901109337807
1771502468.4805155,-5.1297831535339355,14.42813491821289,0.06956231594085693,16.89615249633789,25.085824966430664,18.433238983154297,0.028659773990511894
1771502468.5125349,-5.125702857971191,14.371225357055664,0.05202499404549599,16.771419525146484,25.03757095336914,18.5301456451416,0.01991371437907219
1771502468.5450602,-5.149913787841797,14.30692195892334,0.04268151521682739,16.71430015563965,25.05047035217285,18.555280685424805,0.015623257495462894
1771502468.5760627,-5.020832061767578,14.276845932006836,0.035104211419820786,16.83742904663086,25.2664737701416,18.80478286743164,0.01238050777465105
1771502468.608054,-4.935725212097168,14.290997505187988,0.028776027262210846,16.922897338867188,25.299531936645508,18.855430603027344,0.009833365678787231
1771502468.6400576,-4.847283840179443,14.336705207824707,0.023769032210111618,17.026939392089844,25.508150100708008,19.089637756347656,0.007917476817965508
1771502468.671567,-4.828545093536377,14.333782196044922,0.019667377695441246,16.9969425201416,25.546707153320312,19.1660213470459,0.006413773633539677
1771502468.7195914,-4.656004428863525,14.46458625793457,0.014990454539656639,17.060741424560547,25.709163665771484,19.326356887817383,0.00477952603250742
1771502468.7583406,-4.417501449584961,14.58525276184082,0.012447482906281948,17.18608283996582,25.926658630371094,19.521169662475586,0.003915681969374418
1771502468.7873425,-4.33226203918457,14.652539253234863,0.010291398502886295,17.12889289855957,25.93168830871582,19.482349395751953,0.003200795967131853
1771502468.8193398,-4.1337971687316895,14.81051254272461,0.008563077077269554,17.1462345123291,26.0842342376709,19.6202335357666,0.002638933015987277
1771502468.8508654,-3.1939144134521484,15.61286735534668,0.007130790967494249,17.449790954589844,26.49977684020996,20.068008422851562,0.09505128115415573
1771502468.8818765,-2.321946382522583,16.578275680541992,0.005942255724221468,17.758819580078125,26.927753448486328,20.294551849365234,0.08475272357463837
1771502468.9128902,-2.004244089126587,16.934383392333984,0.004928524140268564,17.63509178161621,27.112905502319336,20.450515747070312,0.07023902237415314
1771502468.9434073,-1.9147896766662598,16.675987243652344,0.004111799877136946,17.473142623901367,28.071332931518555,21.591724395751953,0.46941089630126953
1771502468.9764082,-1.4803054332733154,16.16847038269043,0.0034319742117077112,17.80719566345215,30.520721435546875,25.250701904296875,2.4445183277130127
1771502469.0074024,-0.563959002494812,15.516105651855469,0.002865669084712863,18.325454711914062,33.86727523803711,31.3519287109375,7.196485996246338
1771502469.0394037,-0.6470556259155273,15.50291633605957,0.4509507417678833,21.109098434448242,37.2227897644043,37.92097473144531,14.288853645324707
1771502469.0711944,-1.004870891571045,15.839178085327148,0.5170723795890808,25.155113220214844,38.507537841796875,41.198272705078125,18.48145294189453
1771502469.1041937,-1.7983201742172241,16.516864776611328,0.7404429912567139,26.59466552734375,38.365177154541016,43.07232666015625,19.454734802246094
1771502469.1527243,-8.020326614379883,16.38312530517578,0.5086734294891357,26.982624053955078,41.75041961669922,46.73619842529297,21.293888092041016
1771502469.1882367,-10.47530746459961,15.974372863769531,0.42214545607566833,27.1054744720459,44.38263702392578,49.152931213378906,24.673147201538086
1771502469.2162383,-13.38145637512207,14.572857856750488,0.3523266911506653,28.2764892578125,48.25690841674805,52.811622619628906,28.63357162475586
1771502469.2477558,-16.77153778076172,12.811517715454102,0.2938106060028076,29.013450622558594,50.689964294433594,55.05029296875,31.67259979248047
1771502469.2797568,-18.98946189880371,11.000284194946289,0.24261610209941864,30.310779571533203,52.83050537109375,57.355186462402344,34.30354309082031
1771502469.3117561,-21.05739974975586,9.332839965820312,0.20087184011936188,33.52972412109375,55.33386993408203,59.59723663330078,35.84965515136719
1771502469.3442678,-21.32435417175293,8.16494369506836,0.16603651642799377,38.28411865234375,59.10845947265625,62.9837532043457,38.76476287841797
1771502469.3762648,-22.248245239257812,7.416996955871582,0.1864287555217743,41.385154724121094,61.62451934814453,64.61343383789062,39.71385955810547
1771502469.4072664,-23.676959991455078,6.900607109069824,0.15360598266124725,49.03721618652344,66.04743957519531,66.9752197265625,41.82103729248047
1771502469.4402723,-24.332958221435547,7.484638214111328,0.12714065611362457,54.69853591918945,69.70903015136719,70.18243408203125,45.325439453125
1771502469.4713326,-23.201644897460938,8.117729187011719,0.10519825667142868,61.99853515625,73.77409362792969,75.09548950195312,49.806053161621094
1771502469.5041442,-21.69606590270996,8.540374755859375,0.08704960346221924,66.38937377929688,76.91350555419922,79.36212921142578,53.87677001953125
1771502469.5351567,-19.976741790771484,8.698363304138184,0.07166498154401779,68.74461364746094,79.7628173828125,82.56745910644531,58.16922378540039
1771502469.5836844,-15.822855949401855,8.87153148651123,0.11598247289657593,71.84093475341797,82.20294952392578,84.6911392211914,64.8100814819336
1771502469.6196837,-12.73729133605957,8.905864715576172,0.2674761712551117,73.08830261230469,82.69738006591797,83.99121856689453,68.54075622558594
1771502469.6502256,-10.350451469421387,8.95826244354248,0.713806688785553,73.70829010009766,83.36944580078125,83.4674301147461,70.11000061035156
1771502469.6822267,-9.784058570861816,8.820699691772461,1.204385757446289,73.81483459472656,84.18058776855469,83.45249938964844,69.5408935546875
1771502469.712481,-8.583134651184082,8.732461929321289,2.0864269733428955,74.21932983398438,84.45811462402344,82.94863891601562,69.36510467529297
1771502469.744968,-7.711709022521973,8.353370666503906,3.500251293182373,74.3696517944336,84.72067260742188,82.62852478027344,69.54234313964844
1771502469.7759693,-7.068037509918213,7.87173318862915,4.367502212524414,74.6092529296875,84.74795532226562,82.3848876953125,69.55084228515625
1771502469.807967,-6.373325347900391,7.653405666351318,5.152958869934082,75.09850311279297,84.11529541015625,81.6173324584961,70.99945831298828
1771502469.8431678,-7.190028190612793,7.376172065734863,5.124821662902832,74.89915466308594,83.43132781982422,80.62771606445312,72.74323272705078
1771502469.8711421,-7.754125595092773,7.195077896118164,5.054925441741943,75.17544555664062,83.24007415771484,80.10444641113281,72.88536071777344
1771502469.9031427,-8.692425727844238,6.870303153991699,4.639694690704346,75.09294128417969,83.17478942871094,80.09053039550781,72.97457885742188
1771502469.9351556,-10.099017143249512,6.582550048828125,4.232024192810059,75.23124694824219,83.10245513916016,80.20487976074219,72.87564849853516
1771502469.9687486,-10.808444023132324,6.4404802322387695,4.036102294921875,75.41319274902344,83.07064819335938,80.14461517333984,72.95327758789062
1771502470.0156646,-12.263659477233887,6.144736289978027,3.635624647140503,75.7749252319336,83.26744842529297,80.43273162841797,72.75534057617188
1771502470.0516577,-12.637075424194336,6.026861667633057,3.3493103981018066,75.93385314941406,83.2576904296875,80.50626373291016,72.70931243896484
1771502470.0805728,-13.020923614501953,5.976413249969482,3.0952060222625732,75.97425842285156,83.18219757080078,80.6139907836914,72.75763702392578
1771502470.1115725,-13.563981056213379,5.806064605712891,2.890146493911743,75.95446014404297,83.30664825439453,80.89418029785156,72.60083770751953
1771502470.146006,-13.589404106140137,5.7207183837890625,2.780123233795166,76.0671615600586,83.38223266601562,81.02271270751953,72.42103576660156
1771502470.1770222,-13.748720169067383,5.704261779785156,2.672971487045288,76.06166076660156,83.40855407714844,81.21702575683594,72.33049011230469
1771502470.208003,-13.600020408630371,5.629822731018066,2.7093024253845215,76.10824584960938,83.47970581054688,81.14521789550781,72.24170684814453
1771502470.239008,-13.823580741882324,5.552750110626221,2.509542226791382,76.15204620361328,83.5843505859375,81.32625579833984,72.14693450927734
1771502470.2727067,-13.566938400268555,5.490144729614258,2.6171395778656006,76.36932373046875,83.66165161132812,81.35424041748047,72.09810638427734
1771502470.3037102,-13.032439231872559,5.460822582244873,2.8965840339660645,76.30072784423828,84.10670471191406,81.55233001708984,71.49431610107422
1771502470.3357203,-12.94043254852295,5.894306182861328,2.9339241981506348,75.61067199707031,84.09784698486328,82.05038452148438,68.98780822753906
1771502470.367249,-16.284238815307617,5.5786285400390625,2.327561855316162,71.7629165649414,79.78873443603516,79.43144989013672,58.229331970214844
1771502470.3993802,-21.08448600769043,4.311373710632324,2.0899605751037598,58.09666061401367,66.49529266357422,64.1624526977539,37.945831298828125
1771502470.447805,-25.625873565673828,4.523881912231445,2.677316904067993,42.494537353515625,52.56218338012695,48.5753173828125,25.537918090820312
1771502470.482823,-24.619808197021484,4.454502105712891,2.946993350982666,29.03276824951172,38.1499137878418,37.199989318847656,17.921833038330078
1771502470.5158038,-22.472633361816406,6.172467231750488,3.971904754638672,27.431659698486328,34.96501922607422,34.165992736816406,16.518068313598633
1771502470.5473857,-19.635906219482422,7.191740989685059,4.935976028442383,27.23863983154297,34.10703659057617,34.32750701904297,16.445405960083008
1771502470.5780423,-14.450933456420898,8.747976303100586,4.1996965408325195,28.72039031982422,35.32478713989258,33.707420349121094,14.570310592651367
1771502470.608059,-7.993564605712891,10.750438690185547,3.3968820571899414,29.351703643798828,36.79163360595703,33.45008850097656,13.258530616760254
1771502470.6400738,-2.8860042095184326,13.564813613891602,2.627190351486206,29.011640548706055,37.02310562133789,32.565887451171875,10.845401763916016
1771502470.671228,-0.29222357273101807,16.003070831298828,1.974165916442871,27.957584381103516,35.97304153442383,30.59311294555664,8.16843318939209
1771502470.7072651,0.19735103845596313,17.021690368652344,1.4633684158325195,26.365474700927734,34.5006103515625,28.558025360107422,6.0743560791015625
1771502470.7362363,0.08918371796607971,17.34246063232422,1.0725044012069702,24.648624420166016,32.980072021484375,26.685565948486328,4.143542766571045
1771502470.7672179,-0.46499598026275635,17.197023391723633,0.794906497001648,22.742706298828125,31.432830810546875,25.053836822509766,2.5772340297698975
1771502470.8003016,-1.7134275436401367,16.59788703918457,0.5930687785148621,20.2229061126709,29.331829071044922,23.171001434326172,1.4546655416488647
1771502470.8313987,-2.44700026512146,16.171789169311523,0.4463360905647278,18.837644577026367,28.269596099853516,22.31007194519043,0.851952075958252
1771502470.8794107,-2.806565761566162,15.66077995300293,0.3046857714653015,19.01179313659668,28.12176513671875,22.15219497680664,0.4437742829322815
1771502470.9134119,-2.698425054550171,15.576905250549316,0.23372437059879303,19.30964469909668,28.354896545410156,22.44881820678711,0.49121931195259094
1771502470.9434142,-2.788007974624634,15.472606658935547,0.1822105199098587,19.037918090820312,28.234928131103516,22.298675537109375,0.38115185499191284
1771502470.9765377,-2.717165946960449,15.491189002990723,0.14323455095291138,18.955427169799805,28.36425018310547,22.536727905273438,0.5791545510292053
1771502471.0075397,-2.860414981842041,15.385562896728516,0.11345851421356201,18.716758728027344,28.29535484313965,22.5629940032959,0.5482758283615112
1771502471.03941,-3.032827854156494,15.228982925415039,0.08993221074342728,18.6400089263916,28.268047332763672,22.619117736816406,0.5539665222167969
1771502471.071823,-2.7776763439178467,15.356104850769043,0.07219371944665909,18.897172927856445,28.572967529296875,22.93976593017578,0.6239377856254578
1771502471.103822,-2.523845911026001,15.498662948608398,0.05827322229743004,19.135509490966797,28.852113723754883,23.263498306274414,0.8477668166160583
1771502471.1378496,-2.3076171875,15.71187973022461,0.04321008175611496,19.22113037109375,29.0714111328125,23.515243530273438,0.9838122725486755
1771502471.1701908,-2.340158224105835,15.65971851348877,0.035271115601062775,19.131572723388672,29.099159240722656,23.613706588745117,0.8997164368629456
1771502471.200226,-2.4384138584136963,15.564397811889648,0.02889023907482624,18.868642807006836,29.01911735534668,23.67255973815918,0.8496314883232117
1771502471.2332866,-2.5859322547912598,15.381668090820312,0.023601388558745384,18.58560562133789,28.912033081054688,23.681407928466797,0.807813286781311
1771502471.2649117,-2.650198459625244,15.436185836791992,0.019442062824964523,18.276334762573242,28.709375381469727,23.56951141357422,0.6836574077606201
1771502471.3119087,-2.4420652389526367,15.73363971710205,0.014747964218258858,18.357946395874023,28.665857315063477,23.59581184387207,0.8578003644943237
1771502471.3474517,-2.400408983230591,15.797406196594238,0.012210946530103683,18.298206329345703,28.76325798034668,23.779109954833984,1.031919002532959
1771502471.3764358,-2.2271952629089355,16.13469123840332,0.01012601237744093,18.279266357421875,28.80415916442871,23.94601058959961,1.2394717931747437
1771502471.4079163,-2.124905586242676,16.357898712158203,0.008362853899598122,18.236955642700195,28.771896362304688,23.996051788330078,1.4569426774978638
1771502471.4398832,-2.3133060932159424,16.211166381835938,0.006952405441552401,17.991607666015625,28.51555061340332,23.945701599121094,1.6537175178527832
1771502471.484303,-2.57871413230896,16.281333923339844,0.0053275879472494125,17.633886337280273,28.072065353393555,23.852327346801758,1.9114105701446533
1771502471.517321,-2.7828757762908936,16.340303421020508,0.004438815638422966,17.232332229614258,27.722240447998047,23.77057456970215,2.1310911178588867
1771502471.5483181,-2.9281044006347656,16.367870330810547,0.0037007706705480814,16.68657684326172,27.353233337402344,23.657596588134766,2.476306676864624
1771502471.5793579,-2.9596571922302246,16.64159393310547,0.003087197430431843,16.230384826660156,27.135013580322266,23.501548767089844,2.7048420906066895
1771502471.6097956,-2.6419806480407715,16.78179168701172,0.0025629724841564894,16.36255645751953,27.505706787109375,23.703838348388672,3.3815436363220215
1771502471.6386743,-2.3835370540618896,16.463420867919922,0.0021400018595159054,16.06513214111328,28.06940269470215,24.23993492126465,4.120474815368652
1771502471.6713004,-2.0876598358154297,15.887298583984375,0.0017874677432700992,16.044572830200195,29.956018447875977,26.815168380737305,6.428028106689453
1771502471.7029848,-1.3721815347671509,13.478723526000977,0.001493460382334888,16.195415496826172,33.14071273803711,33.80616760253906,15.570266723632812
1771502471.7796829,-3.1669435501098633,12.574792861938477,0.0009956510039046407,20.079288482666016,36.97254180908203,45.6118278503418,27.545886993408203
1771502471.8116815,-1.913987159729004,12.334248542785645,0.0008324942318722606,22.132888793945312,39.95356750488281,51.82625198364258,31.911293029785156
1771502471.8446887,-4.643340110778809,10.150215148925781,0.0006961784092709422,22.879920959472656,47.781036376953125,57.1049919128418,37.78802490234375
1771502471.875278,-10.04471492767334,8.46646499633789,0.0005822581006214023,25.45138931274414,53.25331115722656,61.14289855957031,43.064598083496094
1771502471.905764,-15.181497573852539,7.504606246948242,0.00048447816516272724,30.911975860595703,58.032257080078125,64.74786376953125,46.81169509887695
1771502471.9377692,-20.232215881347656,7.099160671234131,0.00040528280078433454,37.943302154541016,62.4884033203125,68.69383239746094,50.27116394042969
1771502471.9692829,-21.415733337402344,7.750794410705566,0.0003390598576515913,43.54966354370117,67.47540283203125,73.29006958007812,54.77509307861328
1771502472.0002751,-19.52664566040039,8.540494918823242,0.00028367675258778036,52.24651336669922,74.90165710449219,78.97303009033203,59.522159576416016
1771502472.029395,-17.227046966552734,9.074089050292969,0.00023611033975612372,57.23644256591797,80.23007202148438,82.04249572753906,63.304161071777344
1771502472.0624177,-16.453750610351562,9.605865478515625,0.00019756448455154896,62.91023635864258,82.87937927246094,83.50396728515625,65.66337585449219
1771502472.0932577,-15.727611541748047,10.127388000488281,0.00016531818255316466,68.0352783203125,83.20823669433594,83.94390106201172,68.20539855957031
1771502472.1242583,-14.516647338867188,10.015206336975098,0.0001383399503538385,73.69754791259766,83.35369110107422,82.74788665771484,70.46014404296875
1771502472.1767664,-11.625288009643555,10.439600944519043,0.00010677763930289075,76.64430236816406,81.3800048828125,80.27838134765625,75.1150894165039
1771502472.2107666,-10.1273832321167,10.380615234375,8.935851656133309e-05,76.44134521484375,80.52854919433594,79.33796691894531,76.65880584716797
1771502472.233123,-9.15028190612793,10.316999435424805,7.439114415319636e-05,76.55572509765625,80.14568328857422,78.86963653564453,77.08130645751953
1771502472.2636292,-8.349349975585938,10.318161010742188,0.014621267095208168,76.68037414550781,80.00762939453125,78.57217407226562,77.65428161621094
1771502472.2956307,-8.465158462524414,10.053470611572266,0.07789202779531479,76.97818756103516,80.41314697265625,78.60418701171875,76.90497589111328
1771502472.3266363,-8.17928695678711,9.739399909973145,0.1791011095046997,77.20231628417969,80.4463119506836,78.434814453125,76.60246276855469
1771502472.3581905,-8.324710845947266,9.179922103881836,0.16695967316627502,77.51702880859375,80.98365020751953,78.62944030761719,76.0328369140625
1771502472.3891797,-8.346725463867188,8.650348663330078,0.13870741426944733,77.7572021484375,81.15071105957031,78.71271514892578,75.57392120361328
1771502472.4231837,-8.351573944091797,8.099493026733398,0.11564836651086807,78.2872314453125,81.36814880371094,78.68599700927734,75.39861297607422
1771502472.4537163,-8.305936813354492,7.605563163757324,0.09667425602674484,78.50508880615234,81.37557220458984,78.6552505493164,75.24735260009766
1771502472.4847202,-8.176453590393066,7.360969543457031,0.08044019341468811,78.86123657226562,81.45061492919922,78.69085693359375,75.0297622680664
1771502472.5177166,-8.485579490661621,7.066679000854492,0.06719939410686493,78.8580322265625,81.66668701171875,78.85612487792969,74.95263671875
1771502472.5598958,-8.460474014282227,7.272634029388428,0.16756108403205872,79.18331909179688,81.66913604736328,78.78240966796875,74.78968048095703
1771502472.6088977,-8.530024528503418,6.911805152893066,0.5767029523849487,79.16813659667969,81.95543670654297,78.7525863647461,74.18278503417969
1771502472.639942,-8.53507137298584,6.776811122894287,0.7549018859863281,79.13611602783203,82.0830307006836,78.74644470214844,73.76927947998047
1771502472.6695313,-8.455349922180176,6.721383571624756,1.0246080160140991,79.00859069824219,82.01612854003906,78.66754150390625,73.11300659179688
1771502472.7014961,-8.0440092086792,6.60933780670166,1.709656000137329,78.8913345336914,81.98005676269531,78.57289123535156,72.62454223632812
1771502472.733043,-7.032841682434082,6.646306037902832,2.478280544281006,78.74783325195312,81.52003479003906,78.03641510009766,72.20980072021484
1771502472.7646503,-6.207587242126465,6.587693691253662,3.3778014183044434,78.49874114990234,81.21650695800781,77.64166259765625,71.91497039794922
1771502472.79347,-4.7480292320251465,6.657822608947754,4.257235527038574,78.0188980102539,80.52182006835938,76.87791442871094,72.05134582519531
1771502472.8415055,-1.5917435884475708,6.867044925689697,6.120564937591553,77.03216552734375,78.70333862304688,74.93062591552734,72.66368865966797
1771502472.8720217,-0.7706441879272461,6.94866943359375,7.157649040222168,76.15283203125,78.10436248779297,74.39208221435547,73.14335632324219
1771502472.904015,-0.07776647806167603,6.9595770835876465,7.836376667022705,75.26475524902344,77.57096862792969,73.64070129394531,73.55072021484375
1771502472.9370215,-0.1910119503736496,6.959969520568848,8.196402549743652,74.3759765625,77.49971008300781,73.68125915527344,74.10447692871094
1771502472.9680872,-0.32964378595352173,6.902811527252197,8.242570877075195,73.97824096679688,77.57730102539062,73.85757446289062,74.2220458984375
1771502473.0081084,-0.6317094564437866,6.945115089416504,8.04644775390625,73.80492401123047,77.76849365234375,74.09072875976562,74.372802734375
1771502473.0394313,-0.9395633935928345,6.974497318267822,7.842512130737305,73.66709899902344,77.97599792480469,74.3944091796875,74.5535888671875
1771502473.064162,-1.058837652206421,6.991753578186035,7.729796409606934,73.58078002929688,78.08765411376953,74.5896224975586,74.63359069824219
1771502473.0961607,-0.8649524450302124,7.08231782913208,7.740283966064453,73.74128723144531,78.02982330322266,74.41825103759766,74.62167358398438
1771502473.1271605,-2.040616273880005,7.139403343200684,7.088004112243652,74.1629867553711,79.60722351074219,76.03520965576172,74.21115112304688
1771502473.1596847,-3.3750691413879395,7.517367362976074,5.723321437835693,74.72000122070312,80.3546142578125,76.89783477783203,74.01425170898438
1771502473.190689,-10.676741600036621,7.312159061431885,4.044748306274414,72.05607604980469,79.38655090332031,76.66952514648438,65.32090759277344
1771502473.2212262,-17.34610939025879,6.955842971801758,2.919541835784912,66.60081481933594,73.00472259521484,69.28700256347656,45.9344367980957
1771502473.252771,-20.087139129638672,6.700168609619141,3.030510902404785,46.7979736328125,60.2231330871582,57.782066345214844,32.865169525146484
1771502473.2847714,-16.039630889892578,8.25106143951416,3.6636903285980225,33.988311767578125,47.52613830566406,46.680259704589844,26.140682220458984
1771502473.3157706,-13.618429183959961,10.410070419311523,2.6722729206085205,32.605987548828125,43.62508773803711,41.86835479736328,20.15402603149414
1771502473.3602948,-8.84389591217041,12.023290634155273,1.6933130025863647,26.35397720336914,37.37931442260742,32.24236297607422,9.44537353515625
1771502473.3943012,-7.053465843200684,12.920307159423828,1.222078800201416,22.561643600463867,32.37532043457031,26.73720359802246,4.343110084533691
1771502473.4395838,-4.316651344299316,14.6932373046875,0.7865737676620483,21.507421493530273,30.97389030456543,24.187923431396484,1.9205721616744995
1771502473.4741054,-3.2694554328918457,15.13593864440918,0.5811312198638916,20.547523498535156,29.793476104736328,22.779422760009766,1.2596192359924316
1771502473.5041068,-2.470733642578125,15.622901916503906,0.43382635712623596,20.277294158935547,29.485191345214844,22.400386810302734,1.0027185678482056
1771502473.5341094,-1.692831039428711,15.940963745117188,0.32505834102630615,20.059162139892578,29.31485366821289,22.347854614257812,1.1555328369140625
1771502473.5647278,-1.8132553100585938,15.777480125427246,0.2481888234615326,19.28826332092285,28.711200714111328,21.777360916137695,0.9354503154754639
1771502473.5975628,-1.8932653665542603,15.715790748596191,0.1914936900138855,18.8799991607666,28.20256805419922,21.522418975830078,0.8887114524841309
1771502473.6286662,-1.9539082050323486,15.576746940612793,0.14919902384281158,18.83761215209961,27.96088409423828,21.51807975769043,0.9563502669334412
1771502473.6599698,-2.400827169418335,15.232977867126465,0.11652226001024246,18.248065948486328,27.361156463623047,21.156494140625,0.7001002430915833
1771502473.6910484,-2.5352730751037598,15.06340217590332,0.09236641228199005,18.01201820373535,27.173763275146484,21.039857864379883,0.6605370044708252
1771502473.7230492,-2.484276533126831,15.010966300964355,0.07374367117881775,17.977359771728516,27.239704132080078,21.185489654541016,0.8398289680480957
1771502473.7607217,-2.5564684867858887,15.090309143066406,0.05924953520298004,17.934661865234375,27.00263023376465,20.953855514526367,0.6896130442619324
1771502473.7925467,-2.4717047214508057,15.339837074279785,0.0475841723382473,18.022539138793945,26.961254119873047,20.98533058166504,0.627230703830719
1771502473.825821,-2.546274185180664,15.539331436157227,0.03552287817001343,18.17975425720215,27.134035110473633,20.972606658935547,0.6926857233047485
1771502473.8719532,-3.210987091064453,15.299128532409668,0.026585612446069717,17.466659545898438,26.582128524780273,20.016653060913086,0.47341158986091614
1771502473.9043806,-2.8812384605407715,15.18248176574707,0.02170637808740139,18.23097801208496,27.664222717285156,21.120906829833984,1.9025100469589233
1771502473.9263809,-2.582711696624756,15.221837997436523,0.019650103524327278,18.85824203491211,28.89693832397461,22.4688720703125,3.561199426651001
1771502473.9571857,-3.1056323051452637,15.594697952270508,2.000908851623535,20.287235260009766,32.64729690551758,29.81521987915039,11.138875961303711
1771502473.9871647,-4.816330909729004,16.222564697265625,5.086785316467285,21.283884048461914,32.89444351196289,34.04020690917969,15.911879539489746
1771502474.0190578,-11.215465545654297,15.868537902832031,6.700016021728516,22.16175651550293,35.813106536865234,39.602962493896484,18.34905242919922
1771502474.0500658,-13.697921752929688,15.560429573059082,6.454087257385254,26.255159378051758,46.42766571044922,51.05585479736328,27.68926429748535
1771502474.0801377,-14.999838829040527,15.305810928344727,6.47776985168457,33.04725646972656,52.78358459472656,60.089561462402344,37.12685012817383
1771502474.111136,-18.31815528869629,14.923368453979492,6.905895709991455,45.953773498535156,60.84954071044922,66.38510131835938,43.25376510620117
1771502474.1626647,-13.059572219848633,13.644763946533203,7.792476654052734,65.92139434814453,78.25042724609375,78.84626770019531,60.28845977783203
1771502474.1916635,-10.320891380310059,12.17816162109375,8.419515609741211,70.28988647460938,81.10414123535156,82.62797546386719,64.10397338867188
1771502474.2236629,-6.6655354499816895,11.377237319946289,8.18056583404541,72.646484375,80.13409423828125,82.05049133300781,67.57697296142578
1771502474.2562513,-4.916391849517822,10.204426765441895,7.93094539642334,74.42460632324219,80.87873077392578,82.31746673583984,68.18846130371094
1771502474.3042743,-4.390958786010742,8.67603874206543,7.238249778747559,76.25762939453125,81.4659194946289,81.49783325195312,68.59159851074219
1771502474.336275,-4.436012268066406,7.51547908782959,6.820952892303467,77.00165557861328,81.83502960205078,81.26338195800781,68.74095153808594
1771502474.3637369,-4.772515773773193,6.532242774963379,6.4262847900390625,77.64387512207031,82.71790313720703,81.57091522216797,68.49757385253906
1771502474.3945847,-5.352839469909668,5.839321613311768,5.778878688812256,77.46087646484375,82.90775299072266,81.83012390136719,68.6409912109375
1771502474.423669,-5.1355156898498535,5.760510444641113,5.300623893737793,77.35531616210938,82.63763427734375,81.56785583496094,68.68789672851562
1771502474.4568074,-5.605032444000244,5.490274429321289,4.566072940826416,77.37039184570312,83.07231140136719,81.86177825927734,68.37239074707031
1771502474.4867952,-5.762628555297852,5.30129861831665,4.139483451843262,77.26200866699219,83.02496337890625,81.93789672851562,68.40925598144531
1771502474.519735,-6.087501525878906,5.013833045959473,3.9800453186035156,77.2979965209961,83.20413208007812,82.05259704589844,68.25642395019531
1771502474.5617638,-6.605495452880859,4.902417182922363,3.4800262451171875,77.02494812011719,83.14472961425781,82.26858520507812,68.23281860351562
1771502474.5937629,-6.637420177459717,4.9996514320373535,3.2960541248321533,77.02420043945312,83.04421997070312,82.28780364990234,68.33721160888672
1771502474.6247842,-6.589715957641602,5.0486907958984375,3.2233948707580566,76.979736328125,83.04058837890625,82.35015106201172,68.48312377929688
1771502474.6562977,-6.547908306121826,5.18603515625,3.5248918533325195,76.94700622558594,83.29904174804688,83.20991516113281,68.2082748413086
1771502474.6887014,-9.367904663085938,5.7054548263549805,3.1910409927368164,75.67902374267578,82.44934844970703,82.41200256347656,65.09373474121094
1771502474.7357,-16.666683197021484,5.659124851226807,3.3143668174743652,54.417449951171875,65.71209716796875,63.24541473388672,42.647010803222656
1771502474.7714186,-18.331037521362305,5.407983779907227,3.745466709136963,31.667387008666992,45.232261657714844,44.494140625,27.65068817138672
1771502474.801439,-19.703506469726562,5.563416957855225,4.537731170654297,25.11026382446289,39.04069137573242,38.40557098388672,21.46167755126953
1771502474.831381,-16.847639083862305,7.496845245361328,4.525949954986572,25.747840881347656,36.718162536621094,34.726318359375,17.652193069458008
1771502474.8629444,-12.792430877685547,9.454733848571777,3.6453263759613037,26.6643009185791,36.67261505126953,32.92570114135742,13.042021751403809
1771502474.8929174,-8.771280288696289,11.900209426879883,2.799128293991089,24.672189712524414,34.24234390258789,28.650070190429688,7.588692665100098
1771502474.9244714,-5.389842987060547,13.827105522155762,2.085599422454834,22.467308044433594,31.855331420898438,25.494319915771484,4.0247883796691895
1771502474.9601536,-3.541287422180176,14.100776672363281,1.5325965881347656,20.76290512084961,30.60750961303711,24.222434997558594,3.2228121757507324
1771502474.992807,-2.5993075370788574,14.248605728149414,1.1137946844100952,19.8979434967041,29.54296112060547,23.18716049194336,2.3628082275390625
1771502475.0267706,-1.9682340621948242,14.540628433227539,0.8192976713180542,19.78188705444336,28.884557723999023,22.72455406188965,2.0409228801727295
1771502475.0557952,-1.8708274364471436,14.622833251953125,0.607161819934845,19.69231605529785,28.45022201538086,22.15669059753418,1.459712266921997
1771502475.0876417,-1.9863204956054688,14.501152038574219,0.4542507827281952,19.280927658081055,27.83513641357422,21.641246795654297,1.0052109956741333
1771502475.1196394,-2.346405029296875,14.168256759643555,0.340894490480423,18.912578582763672,27.633541107177734,21.287864685058594,0.8890419006347656
1771502475.168159,-2.82710337638855,13.889368057250977,0.21509289741516113,18.537492752075195,27.16407012939453,20.955942153930664,0.9074891805648804
1771502475.2001555,-2.741974353790283,13.96386432647705,0.16792042553424835,18.74386978149414,27.446439743041992,21.118061065673828,0.9562795162200928
1771502475.2262523,-2.731793165206909,13.9942045211792,0.1469302773475647,18.84947395324707,27.547222137451172,21.170717239379883,0.9648528695106506
1771502475.2557747,-2.6738951206207275,14.041421890258789,0.11601945757865906,19.02583122253418,27.660568237304688,21.30828094482422,1.0417025089263916
1771502475.2887757,-2.822005271911621,13.92561149597168,0.09170905500650406,19.024343490600586,27.641765594482422,21.241222381591797,1.0690922737121582
1771502475.3187819,-2.672281265258789,14.086198806762695,0.07345151156187057,19.1103515625,27.66033935546875,21.215192794799805,0.9768617749214172
1771502475.3603468,-2.5493812561035156,14.621204376220703,0.053993742913007736,19.10944366455078,28.211275100708008,21.615928649902344,1.1628649234771729
1771502475.392378,-0.3724011182785034,14.591472625732422,0.2149198353290558,21.25023078918457,36.47568130493164,30.633081436157227,10.53761100769043
1771502475.4233782,-2.178544521331787,17.597644805908203,0.8557502031326294,23.39297866821289,39.54047775268555,36.77900695800781,16.554019927978516
1771502475.4560905,-4.364474773406982,17.704620361328125,0.8793236613273621,30.481103897094727,49.33391571044922,51.19032287597656,29.148996353149414
1771502475.4871693,-8.57421588897705,16.674978256225586,1.0398000478744507,40.330081939697266,58.24658966064453,61.3613166809082,37.881736755371094
1771502475.5190868,-11.495268821716309,16.21451187133789,1.0269606113433838,52.935646057128906,67.5274887084961,70.87362670898438,47.24156951904297
1771502475.5538225,-11.59604263305664,15.751171112060547,1.1844496726989746,63.35698699951172,76.3348159790039,79.45475769042969,58.505035400390625
1771502475.6019223,-9.039749145507812,15.397906303405762,2.7384748458862305,70.74510192871094,80.92518615722656,81.47213745117188,67.96365356445312
1771502475.6359754,-7.506899356842041,14.662616729736328,4.356223106384277,73.24118041992188,82.000244140625,80.9525146484375,70.53805541992188
1771502475.6635778,-6.298191547393799,13.90412712097168,4.939976215362549,74.66192626953125,83.11882019042969,80.6806411743164,71.2545166015625
1771502475.6956089,-2.8069803714752197,13.014318466186523,6.395199298858643,75.09228515625,81.53109741210938,78.09144592285156,72.00344848632812
1771502475.7255955,-2.569291114807129,11.846796035766602,6.225106716156006,75.37738037109375,82.30979919433594,78.77609252929688,71.87960052490234
1771502475.7601657,-2.2984189987182617,10.728331565856934,6.080389976501465,75.00985717773438,81.5721664428711,77.75222778320312,72.66207885742188
1771502475.7931433,-3.3333048820495605,9.111701011657715,5.762866973876953,75.7198257446289,82.70707702636719,78.42085266113281,71.66993713378906
1771502475.8231337,-3.442047357559204,8.690366744995117,5.707072734832764,75.81094360351562,82.56488800048828,78.16854858398438,71.76466369628906
1771502475.8548274,-3.7333383560180664,8.197955131530762,5.5234785079956055,75.81623840332031,82.29924011230469,77.90858459472656,71.87410736083984
1771502475.8888342,-4.161122798919678,7.662431240081787,5.252200603485107,75.60940551757812,82.14073944091797,78.04090881347656,71.97502899169922
1771502475.9198308,-4.445331573486328,7.435880661010742,5.135317325592041,75.67523956298828,81.95498657226562,77.81986999511719,72.25621032714844
1771502475.952446,-5.020913600921631,7.253342151641846,4.916909694671631,75.6619873046875,82.15546417236328,78.06116485595703,72.22565460205078
1771502475.98346,-5.32564640045166,7.253184795379639,4.775564193725586,75.58075714111328,82.08406066894531,78.02593231201172,72.1934814453125
1771502476.0321326,-4.827516555786133,7.310111045837402,4.773576736450195,75.58856964111328,81.68538665771484,77.56791687011719,72.00936126708984
1771502476.0635355,-4.664187908172607,7.332161903381348,4.800174713134766,75.53104400634766,81.50558471679688,77.37232971191406,72.055419921875
1771502476.0874848,-4.727292060852051,7.312869548797607,4.770047187805176,75.46800231933594,81.51288604736328,77.37985229492188,72.04631042480469
1771502476.118484,-4.87919807434082,7.349267482757568,4.781189441680908,75.35023498535156,81.70792388916016,77.77027893066406,71.99072265625
1771502476.159999,-10.959259986877441,7.825128078460693,4.151769638061523,69.5615234375,76.12308502197266,73.84500122070312,61.25355529785156
1771502476.192999,-13.663132667541504,7.314208030700684,4.2449116706848145,46.49469757080078,59.6612548828125,60.322776794433594,42.88170623779297
1771502476.2239988,-12.189715385437012,8.58627700805664,3.994760751724243,34.3901481628418,45.07302474975586,44.60923767089844,29.20584487915039
1771502476.2560432,-10.508580207824707,10.516175270080566,3.017333984375,30.515838623046875,40.618080139160156,36.93974304199219,18.39454460144043
1771502476.2880611,-8.19581127166748,12.086347579956055,2.1935601234436035,25.313743591308594,36.584041595458984,31.30750274658203,10.129899024963379
1771502476.3230424,-5.630398750305176,13.953513145446777,1.5881685018539429,23.004432678222656,34.187835693359375,27.524879455566406,5.443086624145508
1771502476.3545866,-3.7210195064544678,14.946569442749023,1.1480722427368164,21.215652465820312,32.071998596191406,24.84246063232422,2.639585256576538
1771502476.3865788,-2.224292278289795,15.431376457214355,0.7412170171737671,20.48528480529785,30.86908721923828,23.553939819335938,1.7011582851409912
1771502476.4176085,-1.973470687866211,15.339730262756348,0.6241918802261353,20.31668472290039,30.33111572265625,23.377948760986328,1.6700377464294434
1771502476.463257,-1.1908491849899292,15.904563903808594,0.415975958108902,20.841602325439453,30.06936264038086,23.380441665649414,1.588135004043579
1771502476.4972963,-0.6588783860206604,15.839059829711914,0.2821945250034332,21.044185638427734,30.14291763305664,24.079299926757812,2.3909575939178467
1771502476.5272436,-0.10778126120567322,15.983379364013672,0.21568965911865234,21.282268524169922,30.465065002441406,24.512605667114258,2.7321557998657227
1771502476.559882,0.19890907406806946,16.104270935058594,0.1676982343196869,21.304685592651367,30.351987838745117,24.559524536132812,2.9064364433288574
1771502476.5919626,0.43499067425727844,16.193286895751953,0.13155768811702728,21.37763214111328,30.297054290771484,24.628314971923828,3.0237815380096436
1771502476.6249118,0.4944263696670532,16.16219711303711,0.10404945909976959,21.602094650268555,30.36380386352539,24.575183868408203,3.126573085784912
1771502476.6565726,0.425810307264328,16.120193481445312,0.08237842470407486,21.655210494995117,30.445404052734375,24.614879608154297,3.1958842277526855
1771502476.687572,0.15042683482170105,15.991342544555664,0.06607500463724136,21.439903259277344,30.20684814453125,24.400367736816406,2.987978935241699
1771502476.7195702,0.13544844090938568,15.926068305969238,0.053302474319934845,21.433208465576172,30.2070255279541,24.350025177001953,3.0333290100097656
1771502476.7541065,0.06489625573158264,15.95074462890625,0.04321572184562683,21.2666072845459,30.059301376342773,24.24201011657715,2.9137346744537354
1771502476.783548,-0.10667786747217178,15.756797790527344,0.03498771786689758,20.927379608154297,29.865806579589844,24.17693519592285,3.101506233215332
1771502476.8155477,-0.13571274280548096,15.762275695800781,0.02860460989177227,20.625577926635742,29.729135513305664,24.12213897705078,3.1329450607299805
1771502476.8485532,0.06110090762376785,16.11418914794922,0.023463508114218712,20.46469497680664,30.014177322387695,24.287681579589844,3.3109354972839355
1771502476.8955672,0.6939073801040649,16.412090301513672,0.01771550439298153,21.288227081298828,31.994157791137695,26.436738967895508,5.1197333335876465
1771502476.9485846,1.6525115966796875,16.157655715942383,0.013437909074127674,23.51266098022461,37.48539733886719,35.1478157043457,13.028654098510742
1771502476.9790964,2.4771742820739746,17.628501892089844,0.011126321740448475,27.21963119506836,41.49658203125,41.1135368347168,20.017240524291992
1771502477.011095,1.4221433401107788,19.242111206054688,0.28876620531082153,29.094823837280273,43.52168273925781,43.14012145996094,23.110580444335938
1771502477.0422337,-0.27161169052124023,20.96910285949707,0.6775314807891846,32.11163330078125,47.02972412109375,47.79324722290039,27.408649444580078
1771502477.0737581,-4.207642555236816,19.591562271118164,0.5517895817756653,36.2857780456543,53.08393859863281,54.969058990478516,31.688987731933594
1771502477.1047614,-7.843140125274658,17.928970336914062,0.45558032393455505,42.636260986328125,62.11982727050781,62.9237174987793,38.40332794189453
1771502477.135798,-10.271604537963867,15.697057723999023,0.37991219758987427,49.662994384765625,68.47465515136719,68.5278091430664,43.04345703125
1771502477.167471,-11.741280555725098,14.932818412780762,0.31520721316337585,58.188140869140625,74.87434387207031,76.40703582763672,51.919395446777344
1771502477.19898,-12.18957233428955,13.881671905517578,0.26165780425071716,65.39482879638672,79.96089172363281,82.60375213623047,59.6226806640625
1771502477.228982,-9.473011016845703,14.254720687866211,0.4380114674568176,70.78547668457031,80.73335266113281,81.02141571044922,69.44264221191406
1771502477.2613928,-6.005332946777344,14.488797187805176,0.9480096697807312,73.77032470703125,79.28567504882812,77.71269226074219,74.01616668701172
1771502477.292387,-2.6673173904418945,14.089876174926758,1.8531700372695923,75.93110656738281,78.30825805664062,75.634521484375,75.61532592773438
1771502477.3274493,-0.4850766658782959,13.345718383789062,3.19191312789917,74.88223266601562,76.94855499267578,73.66146850585938,75.36634063720703
1771502477.3610315,0.04499751329421997,12.767179489135742,3.8148679733276367,74.8301010131836,76.42281341552734,72.94570922851562,74.90823364257812
1771502477.3950074,-0.3056841492652893,11.55787181854248,4.313345909118652,76.18123626708984,77.3442153930664,73.13783264160156,74.087646484375
1771502477.4231086,-0.5383622646331787,10.337175369262695,4.58656120300293,76.61247253417969,78.54399108886719,73.47549438476562,73.46834564208984
1771502477.4556415,-0.7424384355545044,9.391766548156738,4.745512962341309,76.46466064453125,78.62122344970703,73.30455780029297,73.06442260742188
1771502477.4886682,-1.0973296165466309,8.778239250183105,4.682803630828857,76.52891540527344,78.80144500732422,73.3636245727539,72.66880798339844
1771502477.5196679,-1.4332506656646729,8.474027633666992,4.696538925170898,76.71092224121094,78.9110336303711,73.43888092041016,72.48140716552734
1771502477.553174,-2.118626832962036,8.15044116973877,4.506826877593994,76.67681121826172,79.04061889648438,73.7397232055664,72.30097961425781
1771502477.583174,-2.647423505783081,8.023098945617676,4.3548150062561035,76.626953125,79.2082748413086,74.0067367553711,72.24506378173828
1771502477.6171834,-2.9030957221984863,7.979796409606934,4.282786846160889,76.56021118164062,79.10050964355469,74.0372085571289,72.19189453125
1771502477.6471777,-3.3738276958465576,7.874215126037598,4.1464056968688965,76.48942565917969,79.12445068359375,74.12078857421875,72.19965362548828
1771502477.679683,-3.9164035320281982,7.873307228088379,4.081439971923828,76.41878509521484,79.1716537475586,74.24896240234375,72.2708740234375
1771502477.7126863,-4.081432819366455,7.950690746307373,3.9875540733337402,76.36621856689453,79.09379577636719,74.22525787353516,72.2774658203125
1771502477.760082,-4.6810126304626465,7.982107162475586,3.7516443729400635,76.25650787353516,79.10896301269531,74.32392883300781,72.28753662109375
1771502477.7931418,-4.541886329650879,7.964378833770752,3.8206474781036377,76.3241195678711,78.91087341308594,74.07156372070312,72.26854705810547
1771502477.8281078,-4.800169944763184,7.883486747741699,3.8008644580841064,76.49431610107422,78.91216278076172,73.97579193115234,72.18839263916016
1771502477.8556376,-4.804809093475342,7.840302467346191,3.793332099914551,76.4764404296875,78.94839477539062,74.00904083251953,72.1938247680664
1771502477.8886354,-4.566512107849121,7.903217315673828,3.855461597442627,76.5510025024414,78.92518615722656,73.86263275146484,72.27124786376953
1771502477.9196568,-4.633598327636719,7.871922016143799,3.848784923553467,76.62739562988281,78.96317291259766,73.80628204345703,72.21489715576172
1771502477.9511976,-4.722078323364258,7.88679838180542,3.8363900184631348,76.70500946044922,78.97258758544922,73.7266845703125,72.28986358642578
1771502477.984198,-4.842926025390625,7.824124813079834,3.7616829872131348,76.71260833740234,79.07671356201172,73.80233001708984,72.39285278320312
1771502478.0161974,-4.9734296798706055,7.850008964538574,3.6698765754699707,76.74146270751953,79.15118408203125,73.84274291992188,72.43331909179688
1771502478.0502627,-5.0308356285095215,7.887886047363281,3.611140727996826,76.69989776611328,79.12267303466797,73.94514465332031,72.50320434570312
1771502478.0801885,-5.275940418243408,7.867143154144287,3.5129003524780273,76.78817749023438,79.23707580566406,74.10299682617188,72.50428009033203
1771502478.1121888,-5.463733673095703,7.811700820922852,3.4195077419281006,76.78629302978516,79.37844848632812,74.26321411132812,72.53594207763672
1771502478.1432045,-5.374575614929199,7.833911895751953,3.4143567085266113,76.74740600585938,79.27244567871094,74.22037506103516,72.50216674804688
1771502478.19171,-5.392939567565918,7.7846479415893555,3.550692081451416,76.77751159667969,79.31847381591797,74.2496109008789,72.53749084472656
1771502478.2252376,-5.32831335067749,7.692300796508789,3.6763699054718018,76.78237915039062,79.37456512451172,74.29436492919922,72.48876190185547
1771502478.2589858,-5.493683815002441,7.611574172973633,3.8390119075775146,76.7436294555664,79.65154266357422,74.66401672363281,72.39594268798828
1771502478.3082917,-5.539660453796387,7.871747016906738,4.037139415740967,77.100341796875,80.88883209228516,76.54253387451172,71.91357421875
1771502478.339303,-5.105294227600098,8.618432998657227,3.9902806282043457,76.61080932617188,80.61186218261719,77.62654876708984,72.37126922607422
1771502478.37082,-6.733097076416016,8.556560516357422,3.1502203941345215,75.39226531982422,81.58212280273438,80.04890441894531,69.75131225585938
1771502478.40282,-11.056529998779297,8.276687622070312,2.400151252746582,72.61336517333984,80.69957733154297,78.39193725585938,61.23371124267578
1771502478.4328187,-14.490543365478516,8.317083358764648,1.7878403663635254,69.34547424316406,78.45771789550781,76.1900634765625,51.90238571166992
1771502478.4624157,-16.432113647460938,8.527491569519043,1.6196738481521606,66.23455047607422,74.23824310302734,69.90865325927734,43.49504089355469
1771502478.4935052,-16.64832305908203,9.550203323364258,2.303274631500244,58.999412536621094,66.75025177001953,61.654964447021484,37.04704284667969
1771502478.526378,-17.989418029785156,9.819576263427734,2.4394431114196777,52.69247817993164,60.46123123168945,56.367530822753906,31.263553619384766
1771502478.5579166,-16.559539794921875,10.508244514465332,2.6643786430358887,48.30958557128906,52.91485595703125,48.415428161621094,27.178890228271484
1771502478.5888872,-14.848700523376465,12.405614852905273,3.6610827445983887,43.62379455566406,46.19129180908203,42.5504264831543,26.11858367919922
1771502478.624885,-10.45771598815918,13.838767051696777,4.773440361022949,40.66840362548828,42.14863204956055,40.712982177734375,26.884380340576172
1771502478.6604097,-6.084628105163574,14.692948341369629,4.2064971923828125,41.035926818847656,42.82914733886719,40.868324279785156,24.88230323791504
1771502478.691411,-4.2567925453186035,14.856616973876953,3.705850839614868,37.96393585205078,41.2201042175293,38.20380401611328,20.779224395751953
1771502478.7194185,-2.4006667137145996,15.00778579711914,2.896684169769287,35.862789154052734,40.73112869262695,36.41883850097656,17.753597259521484
1771502478.751919,-0.3574235439300537,15.76169204711914,2.1863434314727783,33.41190719604492,40.20361328125,35.08513641357422,15.357803344726562
1771502478.7839205,-0.0535292774438858,16.245098114013672,1.6089216470718384,29.941213607788086,38.17060852050781,32.18235778808594,11.644914627075195
1771502478.8161495,0.8722105622291565,17.07686996459961,1.1867762804031372,28.302642822265625,36.87438201904297,30.56325912475586,9.409872055053711
1771502478.8470018,0.8351795673370361,17.166473388671875,0.8766359090805054,26.358020782470703,35.2381706237793,28.984130859375,7.578807830810547
1771502478.880506,0.6356920003890991,17.320968627929688,0.6513758301734924,24.65612030029297,33.6042366027832,27.737516403198242,6.259815692901611
1771502478.912504,0.00950390100479126,17.16172218322754,0.48444581031799316,22.71493148803711,31.900562286376953,26.560184478759766,5.028120517730713
1771502478.9435067,-0.3460734188556671,16.985105514526367,0.3667071461677551,21.480701446533203,30.85525131225586,25.777021408081055,4.122637748718262
1771502478.977017,-0.2397269308567047,16.824832916259766,0.2803584635257721,20.930282592773438,30.70516586303711,26.016700744628906,4.066244125366211
1771502479.0240178,-0.3771153688430786,16.436525344848633,0.1952551007270813,20.085304260253906,30.19342803955078,25.866024017333984,3.8352653980255127
1771502479.0587113,-0.1556566208600998,16.318906784057617,0.15297715365886688,20.1612491607666,30.405752182006836,26.250667572021484,4.070745944976807
1771502479.092488,-0.34723690152168274,15.779857635498047,0.10964607447385788,19.28904914855957,30.10350799560547,26.319242477416992,4.192812919616699
1771502479.12249,-0.4755525588989258,15.316160202026367,0.08756528049707413,18.88935661315918,29.860824584960938,26.243698120117188,4.245699882507324
1771502479.155,-0.8261961936950684,14.68372631072998,0.06992781162261963,18.264545440673828,29.355560302734375,25.86195945739746,4.011908531188965
1771502479.183418,-0.993693470954895,14.43040657043457,0.06260764598846436,17.977510452270508,29.064483642578125,25.673831939697266,3.869054079055786
1771502479.2165344,-1.3543367385864258,13.898550033569336,0.04630914330482483,17.738733291625977,28.724262237548828,25.453575134277344,3.662931442260742
1771502479.2485428,-1.4160070419311523,13.517960548400879,0.037741899490356445,17.519956588745117,28.698280334472656,25.585512161254883,3.8608345985412598
1771502479.2809675,-1.5327553749084473,13.304073333740234,0.030695829540491104,17.435894012451172,28.730955123901367,25.669845581054688,3.9537887573242188
1771502479.3125882,-1.7290151119232178,13.11226749420166,0.025191446766257286,17.344924926757812,28.628135681152344,25.558395385742188,3.870422840118408
1771502479.3443756,-1.9877557754516602,12.933873176574707,0.020731130614876747,17.12710952758789,28.536209106445312,25.340049743652344,3.7446908950805664
1771502479.3761313,-2.2717878818511963,12.835923194885254,0.017101304605603218,17.097412109375,28.445695877075195,25.12616729736328,3.6273138523101807
1771502479.4081392,-2.490126848220825,12.948929786682129,0.014058473519980907,17.167930603027344,28.41147232055664,24.945329666137695,3.433046817779541
1771502479.4558558,-2.697591781616211,12.893702507019043,0.010759805329144001,17.240550994873047,28.25341796875,24.737489700317383,3.2695817947387695
1771502479.488898,-2.6596570014953613,12.967083930969238,0.008881748653948307,17.370637893676758,28.324108123779297,24.81294822692871,3.3351402282714844
1771502479.5218558,-2.6363775730133057,13.064537048339844,0.007380640134215355,17.478687286376953,28.357803344726562,24.86338996887207,3.263126850128174
1771502479.5535157,-2.5908126831054688,13.186941146850586,0.006139621138572693,17.526765823364258,28.41244888305664,24.813068389892578,3.2158515453338623
1771502479.5835252,-2.6982924938201904,13.203536033630371,0.005111836828291416,17.578369140625,28.518878936767578,24.839479446411133,3.1312646865844727
1771502479.61635,-2.549764394760132,13.358814239501953,0.004236676264554262,17.67533302307129,28.70575523376465,24.91151237487793,3.1888716220855713
1771502479.650322,-2.57222843170166,13.312800407409668,0.0035325370263308287,17.58172607421875,28.726125717163086,24.972209930419922,3.298492431640625
1771502479.6835861,-2.564654588699341,13.279838562011719,0.0027157950680702925,17.59882354736328,28.70291519165039,25.098960876464844,3.359457015991211
1771502479.714621,-2.630662679672241,13.264068603515625,0.002267260802909732,17.565311431884766,28.5961971282959,25.112882614135742,3.2760400772094727
1771502479.7465072,-2.6006033420562744,13.29922866821289,0.0018935184925794601,17.669551849365234,28.611047744750977,25.233217239379883,3.408003091812134
1771502479.7780173,-2.7709827423095703,13.331003189086914,0.0015735559863969684,17.675247192382812,28.516891479492188,25.1197509765625,3.3133323192596436
1771502479.8110168,-2.6823325157165527,13.406641006469727,0.0013149611186236143,17.798294067382812,28.63319206237793,25.20498275756836,3.3716881275177
1771502479.8410182,-2.655484914779663,13.451038360595703,0.0010991195449605584,17.847660064697266,28.71894073486328,25.16647720336914,3.3155176639556885
1771502479.887524,-2.84189510345459,13.390098571777344,0.000847293995320797,17.827686309814453,28.67571449279785,24.980579376220703,3.1129980087280273
1771502479.9215508,-2.925870895385742,13.37332534790039,0.0007085310062393546,17.853111267089844,28.673179626464844,24.940757751464844,2.975738048553467
